<?xml version="1.0"  encoding="UTF-8"?><e><r><c><![CDATA[PHP]]></c><c><![CDATA[ROBU]]></c><c><![CDATA[PHP_BY_REF_ERROR]]></c><c><![CDATA[1]]></c><c/><c/></r><r><c><![CDATA[PHP]]></c><c><![CDATA[ROBU]]></c><c><![CDATA[PHP_ECHO]]></c><c><![CDATA[1]]></c><c/><c/></r><r><c><![CDATA[PHP]]></c><c><![CDATA[ROBU]]></c><c><![CDATA[PHP_OBJECT_ASSIGNATION]]></c><c><![CDATA[1]]></c><c/><c/></r><r><c><![CDATA[PHP]]></c><c><![CDATA[EVOL]]></c><c><![CDATA[PHP_DEFINE_SCOPE]]></c><c><![CDATA[1]]></c><c/><c/></r><r><c><![CDATA[PHP]]></c><c><![CDATA[EVOL]]></c><c><![CDATA[PHP_DESTRUCTURATION]]></c><c><![CDATA[1]]></c><c/><c/></r><r><c><![CDATA[PHP]]></c><c><![CDATA[EVOL]]></c><c><![CDATA[PHP_FORBIDDEN_FUNCTION]]></c><c><![CDATA[1]]></c><c/><c/></r><r><c><![CDATA[PHP]]></c><c><![CDATA[EVOL]]></c><c><![CDATA[PHP_NESTING_FUNCTION]]></c><c><![CDATA[1]]></c><c/><c/></r><r><c><![CDATA[PHP]]></c><c><![CDATA[EVOL]]></c><c><![CDATA[PHP_NO_GLOBAL]]></c><c><![CDATA[1]]></c><c/><c/></r><r><c><![CDATA[PHP]]></c><c><![CDATA[EVOL]]></c><c><![CDATA[PHP_VALID_LOGICAL_OPERATOR]]></c><c><![CDATA[1]]></c><c/><c/></r><r><c><![CDATA[PHP]]></c><c><![CDATA[FIAB]]></c><c><![CDATA[PHP_CLASS_DECLARATION]]></c><c><![CDATA[1]]></c><c/><c/></r><r><c><![CDATA[PHP]]></c><c><![CDATA[FIAB]]></c><c><![CDATA[PHP_DESTRUCTURATION]]></c><c><![CDATA[1]]></c><c/><c/></r><r><c><![CDATA[PHP]]></c><c><![CDATA[FIAB]]></c><c><![CDATA[PHP_DOUBLE_QUOTE_USE]]></c><c><![CDATA[1]]></c><c/><c/></r><r><c><![CDATA[PHP]]></c><c><![CDATA[FIAB]]></c><c><![CDATA[PHP_DUPLICATE_ARGUMENTS]]></c><c><![CDATA[1]]></c><c/><c/></r><r><c><![CDATA[PHP]]></c><c><![CDATA[FIAB]]></c><c><![CDATA[PHP_EMPTY_CATCH]]></c><c><![CDATA[1]]></c><c/><c/></r><r><c><![CDATA[PHP]]></c><c><![CDATA[FIAB]]></c><c><![CDATA[PHP_EVAL_USE]]></c><c><![CDATA[1]]></c><c/><c/></r><r><c><![CDATA[PHP]]></c><c><![CDATA[FIAB]]></c><c><![CDATA[PHP_INCLUDE_RULES]]></c><c><![CDATA[1]]></c><c/><c/></r><r><c><![CDATA[PHP]]></c><c><![CDATA[FIAB]]></c><c><![CDATA[PHP_NAMING_RULES]]></c><c><![CDATA[1]]></c><c/><c/></r><r><c><![CDATA[PHP]]></c><c><![CDATA[FIAB]]></c><c><![CDATA[PHP_NO_HEREDOC]]></c><c><![CDATA[1]]></c><c/><c/></r><r><c><![CDATA[PHP]]></c><c><![CDATA[FIAB]]></c><c><![CDATA[PHP_NO_THIS_IN_STATIC]]></c><c><![CDATA[1]]></c><c/><c/></r><r><c><![CDATA[PHP]]></c><c><![CDATA[FIAB]]></c><c><![CDATA[PHP_RETURN_REFERENCE]]></c><c><![CDATA[1]]></c><c/><c/></r><r><c><![CDATA[PHP]]></c><c><![CDATA[FIAB]]></c><c><![CDATA[PHP_THROWS_TAG]]></c><c><![CDATA[1]]></c><c/><c/></r><r><c><![CDATA[PHP]]></c><c><![CDATA[MAIN]]></c><c><![CDATA[PHP_CLASS_DECLARATION]]></c><c><![CDATA[2]]></c><c/><c/></r><r><c><![CDATA[PHP]]></c><c><![CDATA[MAIN]]></c><c><![CDATA[PHP_CLASS_DEC_INHERITANCE]]></c><c><![CDATA[1]]></c><c/><c/></r><r><c><![CDATA[PHP]]></c><c><![CDATA[MAIN]]></c><c><![CDATA[PHP_COMMENTED_CODE]]></c><c><![CDATA[1]]></c><c/><c/></r><r><c><![CDATA[PHP]]></c><c><![CDATA[MAIN]]></c><c><![CDATA[PHP_DEFAULT_PARAM_VALUE]]></c><c><![CDATA[1]]></c><c/><c/></r><r><c><![CDATA[PHP]]></c><c><![CDATA[MAIN]]></c><c><![CDATA[PHP_DEFINE_SCOPE]]></c><c><![CDATA[1]]></c><c/><c/></r><r><c><![CDATA[PHP]]></c><c><![CDATA[MAIN]]></c><c><![CDATA[PHP_EMPTY_CATCH]]></c><c><![CDATA[4]]></c><c/><c/></r><r><c><![CDATA[PHP]]></c><c><![CDATA[MAIN]]></c><c><![CDATA[PHP_EVAL_USE]]></c><c><![CDATA[4]]></c><c/><c/></r><r><c><![CDATA[PHP]]></c><c><![CDATA[MAIN]]></c><c><![CDATA[PHP_INDENTATION]]></c><c><![CDATA[1]]></c><c/><c/></r><r><c><![CDATA[PHP]]></c><c><![CDATA[MAIN]]></c><c><![CDATA[PHP_LINES_OF_CODE]]></c><c><![CDATA[4]]></c><c/><c/></r><r><c><![CDATA[PHP]]></c><c><![CDATA[MAIN]]></c><c><![CDATA[PHP_LINE_LENGTH]]></c><c><![CDATA[2]]></c><c/><c/></r><r><c><![CDATA[PHP]]></c><c><![CDATA[MAIN]]></c><c><![CDATA[PHP_NAMING_RULES]]></c><c><![CDATA[4]]></c><c/><c/></r><r><c><![CDATA[PHP]]></c><c><![CDATA[MAIN]]></c><c><![CDATA[PHP_NO_DEAD_CODE]]></c><c><![CDATA[5]]></c><c/><c/></r><r><c><![CDATA[PHP]]></c><c><![CDATA[MAIN]]></c><c><![CDATA[PHP_NO_ELSEIF]]></c><c><![CDATA[3]]></c><c/><c/></r><r><c><![CDATA[PHP]]></c><c><![CDATA[MAIN]]></c><c><![CDATA[PHP_NO_INLINE]]></c><c><![CDATA[2]]></c><c/><c/></r><r><c><![CDATA[PHP]]></c><c><![CDATA[MAIN]]></c><c><![CDATA[PHP_ONE_ASSIGNMENT]]></c><c><![CDATA[3]]></c><c/><c/></r><r><c><![CDATA[PHP]]></c><c><![CDATA[MAIN]]></c><c><![CDATA[PHP_RETURN_VALUES_DIRECTLY]]></c><c><![CDATA[2]]></c><c/><c/></r><r><c><![CDATA[PHP]]></c><c><![CDATA[MAIN]]></c><c><![CDATA[PHP_SHORTHAND_OPERATOR]]></c><c><![CDATA[1]]></c><c/><c/></r><r><c><![CDATA[PHP]]></c><c><![CDATA[MAIN]]></c><c><![CDATA[PHP_SWITCH_RULES]]></c><c><![CDATA[1]]></c><c/><c/></r><r><c><![CDATA[PHP]]></c><c><![CDATA[MAIN]]></c><c><![CDATA[PHP_THROWS_TAG]]></c><c><![CDATA[3]]></c><c/><c/></r><r><c><![CDATA[PHP]]></c><c><![CDATA[PERT]]></c><c><![CDATA[PHP_CYCLOMATIC]]></c><c><![CDATA[1]]></c><c/><c/></r><r><c><![CDATA[PHP]]></c><c><![CDATA[PERT]]></c><c><![CDATA[PHP_FUNCTION_DECLARATION_RULES]]></c><c><![CDATA[1]]></c><c/><c/></r><r><c><![CDATA[PHP]]></c><c><![CDATA[PORTABILITY]]></c><c><![CDATA[PHP_CLASS_DEC_INHERITANCE]]></c><c><![CDATA[1]]></c><c/><c/></r><r><c><![CDATA[PHP]]></c><c><![CDATA[PORTABILITY]]></c><c><![CDATA[PHP_CORRECT_EOL]]></c><c><![CDATA[1]]></c><c/><c/></r><r><c><![CDATA[PHP]]></c><c><![CDATA[PORTABILITY]]></c><c><![CDATA[PHP_INCLUDE_RULES]]></c><c><![CDATA[1]]></c><c/><c/></r><r><c><![CDATA[PHP]]></c><c><![CDATA[PORTABILITY]]></c><c><![CDATA[PHP_SHORTHAND_TAG]]></c><c><![CDATA[1]]></c><c/><c/></r><r><c><![CDATA[PHP]]></c><c><![CDATA[PORTABILITY]]></c><c><![CDATA[PHP_VALID_LOGICAL_OPERATOR]]></c><c><![CDATA[1]]></c><c/><c/></r><r><c><![CDATA[PHP]]></c><c><![CDATA[REUT]]></c><c><![CDATA[PHP_FORBIDDEN_FUNCTION]]></c><c><![CDATA[2]]></c><c/><c/></r><r><c><![CDATA[PHP]]></c><c><![CDATA[REUT]]></c><c><![CDATA[PHP_RETURN_VALUES_DIRECTLY]]></c><c><![CDATA[2]]></c><c/><c/></r><r><c><![CDATA[PHP]]></c><c><![CDATA[ROBU]]></c><c><![CDATA[PHP_SELF_REFERENCE]]></c><c><![CDATA[1]]></c><c/><c/></r><r><c><![CDATA[PHP]]></c><c><![CDATA[MAIN]]></c><c><![CDATA[PHP_DOC_CLASS]]></c><c><![CDATA[1]]></c><c/><c/></r><r><c><![CDATA[PHP]]></c><c><![CDATA[REUT]]></c><c><![CDATA[ANTI_COPIER_COLLER]]></c><c><![CDATA[1]]></c><c/><c/></r><r><c><![CDATA[PHP]]></c><c><![CDATA[MAIN]]></c><c><![CDATA[PHP_DOC_FILE]]></c><c><![CDATA[1]]></c><c/><c/></r><r><c><![CDATA[PHP]]></c><c><![CDATA[MAIN]]></c><c><![CDATA[PHP_DOC_FUNCTION]]></c><c><![CDATA[1]]></c><c/><c/></r><r><c><![CDATA[PHP]]></c><c><![CDATA[MAIN]]></c><c><![CDATA[PHP_ECHO]]></c><c><![CDATA[1]]></c><c/><c/></r><r><c><![CDATA[PHP]]></c><c><![CDATA[MAIN]]></c><c><![CDATA[PHP_NO_HEREDOC]]></c><c><![CDATA[1]]></c><c/><c/></r><r><c><![CDATA[PHP]]></c><c><![CDATA[MAIN]]></c><c><![CDATA[PLOG]]></c><c><![CDATA[3]]></c><c/><c/></r><r><c><![CDATA[PHP]]></c><c><![CDATA[PERT]]></c><c><![CDATA[PHP_DEFINE_SCOPE]]></c><c><![CDATA[1]]></c><c/><c/></r><r><c><![CDATA[PHP]]></c><c><![CDATA[REUT]]></c><c><![CDATA[PHP_DEFAULT_PARAM_VALUE]]></c><c><![CDATA[1]]></c><c/><c/></r><r><c><![CDATA[PHP]]></c><c><![CDATA[REUT]]></c><c><![CDATA[PHP_DOC_CLASS]]></c><c><![CDATA[1]]></c><c/><c/></r><r><c><![CDATA[PHP]]></c><c><![CDATA[REUT]]></c><c><![CDATA[PHP_DOC_FILE]]></c><c><![CDATA[1]]></c><c/><c/></r><r><c><![CDATA[PHP]]></c><c><![CDATA[REUT]]></c><c><![CDATA[PHP_DOC_FUNCTION]]></c><c><![CDATA[1]]></c><c/><c/></r><r><c><![CDATA[PHP]]></c><c><![CDATA[ROBU]]></c><c><![CDATA[PHP_DOUBLE_QUOTE_USE]]></c><c><![CDATA[1]]></c><c/><c/></r><r><c><![CDATA[PHP]]></c><c><![CDATA[ROBU]]></c><c><![CDATA[PHP_EMPTY_CATCH]]></c><c><![CDATA[1]]></c><c/><c/></r><r><c><![CDATA[PHP]]></c><c><![CDATA[MAIN]]></c><c><![CDATA[PHP_COMPREHENSION]]></c><c><![CDATA[4]]></c><c/><c/></r></e>