<?xml version="1.0"  encoding="UTF-8"?><e><r><c><![CDATA[critere]]></c><c><![CDATA[compl]]></c><c><![CDATA[ANTI_COPIER_COLLER]]></c><c><![CDATA[en]]></c><c><![CDATA[Copy/Paste antipattern]]></c></r><r><c><![CDATA[critere]]></c><c><![CDATA[compl]]></c><c><![CDATA[ANTI_COPIER_COLLER]]></c><c><![CDATA[es]]></c><c><![CDATA[Copy/Paste antipattern]]></c></r><r><c><![CDATA[critere]]></c><c><![CDATA[compl]]></c><c><![CDATA[ANTI_COPIER_COLLER]]></c><c><![CDATA[fr]]></c><c><![CDATA[Mauvaise pratique copier/coller]]></c></r><r><c><![CDATA[critere]]></c><c><![CDATA[compl]]></c><c><![CDATA[PLOG]]></c><c><![CDATA[fr]]></c><c><![CDATA[Un élément avec un poids logique élevé sera plus complexe à maintenir et à tester. Il est conseillé de diviser cet élément en plusieurs sous-éléments plus facilement maintenables.]]></c></r><r><c><![CDATA[critere]]></c><c><![CDATA[desc]]></c><c><![CDATA[ANTI_COPIER_COLLER]]></c><c><![CDATA[en]]></c><c><![CDATA[Copy and paste decrease the maintenability and fiability of an application.]]></c></r><r><c><![CDATA[critere]]></c><c><![CDATA[desc]]></c><c><![CDATA[ANTI_COPIER_COLLER]]></c><c><![CDATA[es]]></c><c><![CDATA[ANTI_COPIER_COLLER]]></c></r><r><c><![CDATA[critere]]></c><c><![CDATA[desc]]></c><c><![CDATA[PLOG]]></c><c><![CDATA[en]]></c><c><![CDATA[Based on the cyclomatic complexity and the essential complexity on a method.]]></c></r><r><c><![CDATA[critere]]></c><c><![CDATA[desc]]></c><c><![CDATA[PLOG]]></c><c><![CDATA[es]]></c><c><![CDATA[PLOG]]></c></r><r><c><![CDATA[critere]]></c><c><![CDATA[desc]]></c><c><![CDATA[ANTI_COPIER_COLLER]]></c><c><![CDATA[fr]]></c><c><![CDATA[Copier-coller pénalise la fiabilité de l'application. La probabilité pour que certains duplicata soient oubliés est élevée.]]></c></r><r><c><![CDATA[critere]]></c><c><![CDATA[lib]]></c><c><![CDATA[PHP_DOC_FILE]]></c><c><![CDATA[en]]></c><c><![CDATA[File documentation syntax]]></c></r><r><c><![CDATA[critere]]></c><c><![CDATA[lib]]></c><c><![CDATA[PHP_DOC_FILE]]></c><c><![CDATA[fr]]></c><c><![CDATA[Syntaxe de la documentation des fichiers]]></c></r><r><c><![CDATA[critere]]></c><c><![CDATA[desc]]></c><c><![CDATA[PHP_DOC_FUNCTION]]></c><c><![CDATA[en]]></c><c><![CDATA[Check:<BR />- A comment exists, compliant with the phpDocumentor format.<BR />- There is a blank newline after the short description.<BR />- There is a blank newline between the long and short description.<BR />- There is a blank newline between the long description and tags.<BR />- Parameter names represent those in the method.<BR />- Parameter comments are in the correct order.<BR />- Parameter comments are complete.<BR />- A space is present before the first and after the last parameter.<BR />- A return type exists.<BR />- There must be one blank line between body and headline comments.<BR />- Any throw tag must have an exception class.]]></c></r><r><c><![CDATA[critere]]></c><c><![CDATA[lib]]></c><c><![CDATA[PHP_COMPREHENSION]]></c><c><![CDATA[en]]></c><c><![CDATA[Comprehension]]></c></r><r><c><![CDATA[critere]]></c><c><![CDATA[lib]]></c><c><![CDATA[PHP_COMPREHENSION]]></c><c><![CDATA[fr]]></c><c><![CDATA[Compréhension]]></c></r><r><c><![CDATA[critere]]></c><c><![CDATA[desc]]></c><c><![CDATA[PHP_COMPREHENSION]]></c><c><![CDATA[en]]></c><c><![CDATA[Comprehension depends on comment ratio (intra method) and method complexity (v(G)). The more the method is complex and the less it is documented, the worst the comprehension will be.]]></c></r><r><c><![CDATA[critere]]></c><c><![CDATA[desc]]></c><c><![CDATA[PHP_COMPREHENSION]]></c><c><![CDATA[fr]]></c><c><![CDATA[La compréhension d'une méthode est proportionnelle au taux de commentaire dans le traitement (intra procédure) et à la complexité cyclomatique (v(G)) de la procédure. Plus une méthode est complexe et moins elle est commentée, plus il sera difficile de la comprendre.]]></c></r><r><c><![CDATA[critere]]></c><c><![CDATA[desc]]></c><c><![CDATA[PHP_DOC_CLASS]]></c><c><![CDATA[en]]></c><c><![CDATA[Check:<BR />- A comment exists, compliant with the phpDocumentor format.<BR />- There is a blank newline after the short description.<BR />- There is a blank newline between the long and short description. <BR />- There is a blank newline between the long description and tags.<BR />- Indentation of each tag.<BR />- Required and optional tags, order and format of their content: category, package, <I>subpackage</I>, author, <I>copyright</I>, license, <I>version</I>, link, <I>see, since, deprecated</I>.]]></c></r><r><c><![CDATA[critere]]></c><c><![CDATA[lib]]></c><c><![CDATA[PHP_DOC_CLASS]]></c><c><![CDATA[en]]></c><c><![CDATA[Class documentation syntax]]></c></r><r><c><![CDATA[critere]]></c><c><![CDATA[lib]]></c><c><![CDATA[PHP_DOC_CLASS]]></c><c><![CDATA[fr]]></c><c><![CDATA[Syntaxe de documentation des classes]]></c></r><r><c><![CDATA[critere]]></c><c><![CDATA[desc]]></c><c><![CDATA[PHP_DOC_CLASS]]></c><c><![CDATA[fr]]></c><c><![CDATA[Vérifier : <BR />- Il existe un commentaire, conforme au format phpDocumentor. <BR />- Il existe une ligne vide après la description courte.<BR />- Il existe une ligne vide entre la description courte et la description longue.<BR />- Il existe une ligne vide entre la description longue et les tags.<BR />- Indentation des tags.<BR />- Présence, ordre et formatage des tags obligatoires et optionnels : category, package, <I>subpackage</I>, author, <I>copyright</I>, license, <I>version</I>, link, <I>see, since, deprecated</I>.]]></c></r><r><c><![CDATA[critere]]></c><c><![CDATA[compl]]></c><c><![CDATA[PHP_DOC_CLASS]]></c><c><![CDATA[en]]></c><c><![CDATA[Example of a docblock of a class, that contains these phpDocumentor tags:<BR />/**<BR /> * Short description for class<BR /> *<BR /> * Long description for class (if any)...<BR /> *<BR /> * @category   Zend<BR /> * @package    Zend_Magic<BR /> * @subpackage Wand<BR /> * @author John Doe<BR /> * @copyright  2008 Zend Technologies<BR /> * @license    http://framework.zend.com/license   BSD License<BR /> * @version    Release: @package_version@<BR /> * @link       http://framework.zend.com/package/PackageName<BR /> * @since      Class available since Release 1.5.0<BR /> * @deprecated Class deprecated in Release 2.0.0<BR />*/ <BR /><BR />For more information on the phpDocumentor format, visit: http://phpdoc.org/ .]]></c></r><r><c><![CDATA[critere]]></c><c><![CDATA[compl]]></c><c><![CDATA[PHP_DOC_CLASS]]></c><c><![CDATA[fr]]></c><c><![CDATA[Exemple de docblock d'une classe, qui contient ces balises phpDocumentor :<BR />/**<BR /> * Description courte de la classe<BR /> *<BR /> * Description longue de la classe, s'il y en a une...<BR /> *<BR /> * @category   Zend<BR /> * @package    Zend_Magic<BR /> * @subpackage Wand<BR /> * @author John Doe<BR /> * @copyright  2008 Zend Technologies<BR /> * @license    http://framework.zend.com/license   BSD License<BR /> * @version    Release: @package_version@<BR /> * @link       http://framework.zend.com/package/PackageName<BR /> * @since      Class available since Release 1.5.0<BR /> * @deprecated Class deprecated in Release 2.0.0<BR />*/ <BR /><BR />Pour plus d'information sur le format phpDocumentor, voir http://phpdoc.org/ .]]></c></r><r><c><![CDATA[critere]]></c><c><![CDATA[desc]]></c><c><![CDATA[PHP_DOC_FILE]]></c><c><![CDATA[en]]></c><c><![CDATA[Check:<BR />- A comment exists, compliant with the phpDocumentor format.<BR />- There is a blank newline after the short description.<BR />- There is a blank newline between the long and short description.<BR />- There is a blank newline between the long description and tags.<BR />- A PHP version is specified.<BR />- Indentation of each tag.<BR />- Required and optional tags, order and format of their content: category, package, <I>subpackage</I>, author, <I>copyright</I>, license, <I>version</I>, link, <I>see, since, deprecated</I>.<BR /><BR />Check also that:<BR />- No perl-style comments are used.<BR />- No code block is longer than 20 lines.<BR />- There are no comments after statements.<BR />- Comments of variable are compliant.]]></c></r><r><c><![CDATA[critere]]></c><c><![CDATA[desc]]></c><c><![CDATA[PHP_CORRECT_EOL]]></c><c><![CDATA[fr]]></c><c><![CDATA[La terminaison de ligne est la terminaison standard pour les fichiers texte UNIX. Les lignes doit finir seulement avec un "linefeed" (LF). Les linefeeds sont représentés comme 10 en ordinal, ou 0x0A en hexadécimal.<BR />Note : Ne pas utiliser de retour chariots (CR) comme le font les Macintosh (0x0D) ou de combinaison retour chariot/linefeed (CRLF) comme le font les ordinateurs sous Windows (0x0D, 0x0A).]]></c></r><r><c><![CDATA[critere]]></c><c><![CDATA[desc]]></c><c><![CDATA[PHP_DESTRUCTURATION]]></c><c><![CDATA[fr]]></c><c><![CDATA[La déstructuration est également appelée complexité essentielle (ev(G)).<BR/>La complexité essentielle est la mesure du niveau de structuration du code d'un module. Cette métrique permet de prédire l'effort nécessaire à maintenir le code et constitue une aide à son processus de modularisation.<BR/>Plus la complexité essentielle est élevée, plus le nombre de constructions non structurées et non modulaires est important et plus l'entretien de ce code est difficile. Une complexité faible permet également de faire des tests simples et efficaces.]]></c></r><r><c><![CDATA[critere]]></c><c><![CDATA[desc]]></c><c><![CDATA[PHP_FUNCTION_DECLARATION_RULES]]></c><c><![CDATA[en]]></c><c><![CDATA[Check:<BR />- declaration of functions outside a class ("global" function). <BR />- that functions within functions are never used]]></c></r><r><c><![CDATA[critere]]></c><c><![CDATA[desc]]></c><c><![CDATA[PHP_INCLUDE_RULES]]></c><c><![CDATA[en]]></c><c><![CDATA[Check that:<BR />- 'systems', 'asset types' and 'libs' are included before they are used.<BR />- the 'include_once' is used in conditional situations, and 'require_once' is used elsewhere.<BR />- brackets do not surround the file being included.<BR />- stars in a doc comment are correctly aligned.]]></c></r><r><c><![CDATA[critere]]></c><c><![CDATA[desc]]></c><c><![CDATA[PHP_INCLUDE_RULES]]></c><c><![CDATA[fr]]></c><c><![CDATA[Vérifier que :<BR />- les 'systems', 'asset types' et 'libs' sont inclus avant d'être utilisés.<BR />- 'include_once' est utilisé dans des cas conditionnels et 'require_once' dans les autres cas.<BR />- il n'y a pas de crochets (brackets) autour du fichier à inclure.<BR />- les caractères '*' sont alignés correctement dans les commentaires.]]></c></r><r><c><![CDATA[critere]]></c><c><![CDATA[desc]]></c><c><![CDATA[PHP_INDENTATION]]></c><c><![CDATA[fr]]></c><c><![CDATA[Utiliser une indentation de 4 espaces, sans tabulation.<BR />Vérifier l'indentation utilisée lors de l'appel de ob_start().]]></c></r><r><c><![CDATA[critere]]></c><c><![CDATA[desc]]></c><c><![CDATA[PHP_LINE_LENGTH]]></c><c><![CDATA[en]]></c><c><![CDATA[The target line length is 80 characters. That is to say, developers should strive keep each line of their code under 80 characters where possible and practical, for better code readability. However, longer lines are acceptable in some circumstances. The maximum length of any line of PHP code is 100 characters.]]></c></r><r><c><![CDATA[critere]]></c><c><![CDATA[desc]]></c><c><![CDATA[PHP_LINE_LENGTH]]></c><c><![CDATA[fr]]></c><c><![CDATA[La longueur souhaitée d'une ligne est de 80 caractères, c'est-à-dire que les développeurs devraient avoir pour but de ne pas dépasser les 80 caractères pour des raisons pratiques et de bonne lisibilité. Cependant, des lignes plus longues sont acceptables. La longueur maximum de toute ligne de code PHP est de 100 caractères.]]></c></r><r><c><![CDATA[critere]]></c><c><![CDATA[desc]]></c><c><![CDATA[PHP_NAMING_RULES]]></c><c><![CDATA[en]]></c><c><![CDATA[<BR /> - Files names may only contain alphanumeric characters, underscores, and the dash character ("-"). Spaces are strictly prohibited. Any file that contains PHP code should end with the extension ".php". <BR /> - Class names may only contain alphanumeric characters. Numbers are permitted in class names but are discouraged in most cases. Underscores are only permitted in place of the path separator; the filename "Zend/Db/Table.php" must map to the class name "Zend_Db_Table". If a class name is comprised of more than one word, the first letter of each new word must be capitalized. Successive capitalized letters are not allowed. <BR /> - Function names may only contain alphanumeric characters. Underscores are not permitted. Numbers are permitted in function names but are discouraged in most cases. Function names must always start with a lowercase letter. When a function name consists of more than one word, the first letter of each new word must be capitalized. For methods on objects that are declared with the "private" or "protected" modifier, the first character of the method name must be an underscore.<BR /> - Variable names may only contain alphanumeric characters. Underscores are not permitted. Numbers are permitted in variable names but are discouraged in most cases. For instance variables that are declared with the "private" or "protected" modifier, the first character of the variable name must be a single underscore.<BR /> - Constants may contain both alphanumeric characters and underscores. Numbers are permitted in constant names. All letters used in a constant name must be capitalized, while all words in a constant name must be separated by underscore characters.]]></c></r><r><c><![CDATA[critere]]></c><c><![CDATA[desc]]></c><c><![CDATA[PHP_DOC_FILE]]></c><c><![CDATA[fr]]></c><c><![CDATA[Vérifier que : <BR />- Il existe un commentaire, conforme au format phpDocumentor. <BR />- Il existe une ligne vide après la description courte.<BR />- Il existe une ligne vide entre la description courte et la description longue.<BR />- Il existe une ligne vide entre la description longue et les tags.<BR />- Une version de PhP est spécifiée.<BR />- Indentation des tags.<BR />- Présence, ordre et formatage des tags obligatoires et optionnels : category, package, <I>subpackage</I>, author, <I>copyright</I>, license, <I>version</I>, link, <I>see, since, deprecated</I>.<BR /><BR />Vérifier également que :<BR />- Il n'y a pas de commentaires écrits avec le style PERL.<BR />- Il n'y a pas de bloc de commentaires de plus de 20 lignes.<BR />- Il n'y a pas de commentaires après les instructions.<BR />- Les commentaires de variables sont conformes.]]></c></r><r><c><![CDATA[critere]]></c><c><![CDATA[compl]]></c><c><![CDATA[PHP_DOC_FILE]]></c><c><![CDATA[en]]></c><c><![CDATA[Example of a docblock of a file, that contains phpDocumentor tags:<BR />/**<BR /> * Short description for class<BR /> *<BR /> * Long description for class (if any)...<BR /> *<BR /> * @category   Zend<BR /> * @package    Zend_Magic<BR /> * @subpackage Wand<BR /> * @author John Doe<BR /> * @copyright  2008 Zend Technologies<BR /> * @license    http://framework.zend.com/license   BSD License<BR /> * @version    Release: @package_version@<BR /> * @link       http://framework.zend.com/package/PackageName<BR /> * @since      Class available since Release 1.5.0<BR /> * @deprecated Class deprecated in Release 2.0.0<BR />*/ <BR /><BR />For more information on the phpDocumentor format, visit: http://phpdoc.org/ .]]></c></r><r><c><![CDATA[critere]]></c><c><![CDATA[compl]]></c><c><![CDATA[PHP_DOC_FILE]]></c><c><![CDATA[fr]]></c><c><![CDATA[Exemple de docblock d'un fichier, qui contient ces balises phpDocumentor :<BR />/**<BR /> * Description courte de la classe<BR /> *<BR /> * Description longue de la classe, s'il y en a une...<BR /> *<BR /> * @category   Zend<BR /> * @package    Zend_Magic<BR /> * @subpackage Wand<BR /> * @author John Doe<BR /> * @copyright  2008 Zend Technologies<BR /> * @license    http://framework.zend.com/license   BSD License<BR /> * @version    Release: @package_version@<BR /> * @link       http://framework.zend.com/package/PackageName<BR /> * @since      Class available since Release 1.5.0<BR /> * @deprecated Class deprecated in Release 2.0.0<BR />*/ <BR /><BR />Pour plus d'information sur le format phpDocumentor, voir http://phpdoc.org/ .]]></c></r><r><c><![CDATA[critere]]></c><c><![CDATA[compl]]></c><c><![CDATA[PHP_DOC_FUNCTION]]></c><c><![CDATA[en]]></c><c><![CDATA[For more information on the phpDocumentor format, visit: http://phpdoc.org/ .]]></c></r><r><c><![CDATA[critere]]></c><c><![CDATA[compl]]></c><c><![CDATA[PHP_DOC_FUNCTION]]></c><c><![CDATA[fr]]></c><c><![CDATA[Pour plus d'information sur le format phpDocumentor, voir http://phpdoc.org/ .]]></c></r><r><c><![CDATA[critere]]></c><c><![CDATA[compl]]></c><c><![CDATA[PHP_FORBIDDEN_FUNCTION]]></c><c><![CDATA[en]]></c><c><![CDATA[<BR />Use 'count()' rather than 'sizeof()'<BR />Use 'unset()' rather than 'delete()'.]]></c></r><r><c><![CDATA[critere]]></c><c><![CDATA[compl]]></c><c><![CDATA[PHP_FORBIDDEN_FUNCTION]]></c><c><![CDATA[fr]]></c><c><![CDATA[<BR />Utiliser 'count()' plutôt que 'sizeof()'.<BR />Utiliser 'unset()' plutôt que 'delete()'.]]></c></r><r><c><![CDATA[critere]]></c><c><![CDATA[compl]]></c><c><![CDATA[PHP_INDENTATION]]></c><c><![CDATA[en]]></c><c><![CDATA[This helps to avoid problems with diffs, patches, CVS history and annotations.]]></c></r><r><c><![CDATA[critere]]></c><c><![CDATA[compl]]></c><c><![CDATA[PHP_INDENTATION]]></c><c><![CDATA[fr]]></c><c><![CDATA[Ceci permet d'éviter les problèmes avec les fichiers diff, les patches, l'historique CVS et les annotations.]]></c></r><r><c><![CDATA[critere]]></c><c><![CDATA[compl]]></c><c><![CDATA[PHP_NAMING_RULES]]></c><c><![CDATA[en]]></c><c><![CDATA[For more information on the naming conventions, visit: http://framework.zend.com/manual/en/coding-standard.naming-conventions.html]]></c></r><r><c><![CDATA[critere]]></c><c><![CDATA[compl]]></c><c><![CDATA[PHP_NAMING_RULES]]></c><c><![CDATA[fr]]></c><c><![CDATA[Pour plus d'information sur les conventions de nommage, voir http://framework.zend.com/manual/fr/coding-standard.naming-conventions.html]]></c></r><r><c><![CDATA[critere]]></c><c><![CDATA[compl]]></c><c><![CDATA[PHP_CLASS_DEC_INHERITANCE]]></c><c><![CDATA[en]]></c><c><![CDATA[The following are example of acceptable class declaration:<BR /><BR />class SampleClass extends FooAbstract implements BarInterface<BR />{<BR />}<BR /><BR /> class SampleClass<BR />        extends FooAbstract<BR />        implements BarInterface,<BR />                          BazInterface<BR />{<BR />}]]></c></r><r><c><![CDATA[critere]]></c><c><![CDATA[compl]]></c><c><![CDATA[PHP_CLASS_DEC_INHERITANCE]]></c><c><![CDATA[fr]]></c><c><![CDATA[Les exemples ci-dessous présentent des déclarations de classe admises :<BR /><BR />class SampleClass extends FooAbstract implements BarInterface<BR />{<BR />}<BR /><BR /> class SampleClass<BR />        extends FooAbstract<BR />        implements BarInterface,<BR />                          BazInterface<BR />{<BR />}]]></c></r><r><c><![CDATA[critere]]></c><c><![CDATA[compl]]></c><c><![CDATA[PHP_CLASS_DECLARATION]]></c><c><![CDATA[en]]></c><c><![CDATA[The following is an example of an acceptable class declaration:<BR />/** <BR /> * Documentation Block Here <BR /> * <BR /> */ <BR />class SampleClass extends FooAbstract implements BarInterface<BR />{ <BR />       // all contents of class <BR />       // must be indented four spaces <BR />}]]></c></r><r><c><![CDATA[critere]]></c><c><![CDATA[compl]]></c><c><![CDATA[PHP_CLASS_DECLARATION]]></c><c><![CDATA[fr]]></c><c><![CDATA[L'exemple ci-dessous présente une déclaration de classe admise :<BR />/** <BR /> * Bloc de commentaire de la classe <BR /> * <BR /> */ <BR />class SampleClass extends FooAbstract implements BarInterface<BR />{ <BR />       // tout le contenu de la classe <BR />       // doit être indenté avec 4 espaces<BR />}]]></c></r><r><c><![CDATA[critere]]></c><c><![CDATA[lib]]></c><c><![CDATA[PHP_NAMING_RULES]]></c><c><![CDATA[fr]]></c><c><![CDATA[Conventions de nommage PHP]]></c></r><r><c><![CDATA[critere]]></c><c><![CDATA[lib]]></c><c><![CDATA[PHP_NAMING_RULES]]></c><c><![CDATA[en]]></c><c><![CDATA[PHP naming rules]]></c></r><r><c><![CDATA[critere]]></c><c><![CDATA[lib]]></c><c><![CDATA[PHP_CORRECT_EOL]]></c><c><![CDATA[fr]]></c><c><![CDATA[Terminaison de lignes]]></c></r><r><c><![CDATA[critere]]></c><c><![CDATA[lib]]></c><c><![CDATA[PHP_CORRECT_EOL]]></c><c><![CDATA[en]]></c><c><![CDATA[Line termination]]></c></r><r><c><![CDATA[critere]]></c><c><![CDATA[desc]]></c><c><![CDATA[PHP_CORRECT_EOL]]></c><c><![CDATA[en]]></c><c><![CDATA[Line termination follows the Unix text file convention. Lines must end with a single linefeed (LF) character. Linefeed characters are represented as ordinal 10, or hexadecimal 0x0A.<BR />Note: Do not use carriage returns (CR) as is the convention in Apple OS's (0x0D) or the carriage return - linefeed combination (CRLF) as is standard for the Windows OS (0x0D, 0x0A).]]></c></r><r><c><![CDATA[critere]]></c><c><![CDATA[lib]]></c><c><![CDATA[PHP_LINE_LENGTH]]></c><c><![CDATA[fr]]></c><c><![CDATA[Longueur maximum d'une ligne]]></c></r><r><c><![CDATA[critere]]></c><c><![CDATA[lib]]></c><c><![CDATA[PHP_LINE_LENGTH]]></c><c><![CDATA[en]]></c><c><![CDATA[Maximum Line Length]]></c></r><r><c><![CDATA[critere]]></c><c><![CDATA[lib]]></c><c><![CDATA[PHP_FORBIDDEN_FUNCTION]]></c><c><![CDATA[fr]]></c><c><![CDATA[Utilisation de fonction prohibée ou de compatibilité]]></c></r><r><c><![CDATA[critere]]></c><c><![CDATA[lib]]></c><c><![CDATA[PHP_FORBIDDEN_FUNCTION]]></c><c><![CDATA[en]]></c><c><![CDATA[Usage of forbidden or for compatibility functions.]]></c></r><r><c><![CDATA[critere]]></c><c><![CDATA[desc]]></c><c><![CDATA[PHP_FORBIDDEN_FUNCTION]]></c><c><![CDATA[fr]]></c><c><![CDATA[Il ne faut pas utiliser d'alias de fonctions qui sont conservées dans PhP pour des raisons de compatibilité avec des anciennes versions.]]></c></r><r><c><![CDATA[critere]]></c><c><![CDATA[desc]]></c><c><![CDATA[PHP_FORBIDDEN_FUNCTION]]></c><c><![CDATA[en]]></c><c><![CDATA[Discourages the use of alias functions that are kept in PHP for compatibility with older versions.]]></c></r><r><c><![CDATA[critere]]></c><c><![CDATA[lib]]></c><c><![CDATA[PHP_INCLUDE_RULES]]></c><c><![CDATA[fr]]></c><c><![CDATA[Règles d'inclusions PHP]]></c></r><r><c><![CDATA[critere]]></c><c><![CDATA[lib]]></c><c><![CDATA[PHP_INCLUDE_RULES]]></c><c><![CDATA[en]]></c><c><![CDATA[PHP include rules]]></c></r><r><c><![CDATA[critere]]></c><c><![CDATA[lib]]></c><c><![CDATA[PHP_EVAL_USE]]></c><c><![CDATA[fr]]></c><c><![CDATA[Eviter l'utilisation de 'eval()']]></c></r><r><c><![CDATA[critere]]></c><c><![CDATA[lib]]></c><c><![CDATA[PHP_EVAL_USE]]></c><c><![CDATA[en]]></c><c><![CDATA[Avoid use of 'eval()']]></c></r><r><c><![CDATA[critere]]></c><c><![CDATA[desc]]></c><c><![CDATA[PHP_EVAL_USE]]></c><c><![CDATA[fr]]></c><c><![CDATA[Il est préférable de pas utiliser 'eval()'.]]></c></r><r><c><![CDATA[critere]]></c><c><![CDATA[desc]]></c><c><![CDATA[PHP_EVAL_USE]]></c><c><![CDATA[en]]></c><c><![CDATA[The use of 'eval()' is discouraged.]]></c></r><r><c><![CDATA[critere]]></c><c><![CDATA[lib]]></c><c><![CDATA[PHP_RETURN_VALUES_DIRECTLY]]></c><c><![CDATA[fr]]></c><c><![CDATA[Retour de fonctions]]></c></r><r><c><![CDATA[critere]]></c><c><![CDATA[lib]]></c><c><![CDATA[PHP_RETURN_VALUES_DIRECTLY]]></c><c><![CDATA[en]]></c><c><![CDATA[Return of function values]]></c></r><r><c><![CDATA[critere]]></c><c><![CDATA[desc]]></c><c><![CDATA[PHP_RETURN_VALUES_DIRECTLY]]></c><c><![CDATA[fr]]></c><c><![CDATA[Ne pas retourner directement de valeurs.]]></c></r><r><c><![CDATA[critere]]></c><c><![CDATA[desc]]></c><c><![CDATA[PHP_RETURN_VALUES_DIRECTLY]]></c><c><![CDATA[en]]></c><c><![CDATA[Don't return function values directly.]]></c></r><r><c><![CDATA[critere]]></c><c><![CDATA[lib]]></c><c><![CDATA[PHP_CLASS_DECLARATION]]></c><c><![CDATA[fr]]></c><c><![CDATA[Déclaration de la classe]]></c></r><r><c><![CDATA[critere]]></c><c><![CDATA[lib]]></c><c><![CDATA[PHP_CLASS_DECLARATION]]></c><c><![CDATA[en]]></c><c><![CDATA[Class declaration]]></c></r><r><c><![CDATA[critere]]></c><c><![CDATA[lib]]></c><c><![CDATA[PHP_DEFAULT_PARAM_VALUE]]></c><c><![CDATA[fr]]></c><c><![CDATA[Paramètres avec valeur par défaut]]></c></r><r><c><![CDATA[critere]]></c><c><![CDATA[lib]]></c><c><![CDATA[PHP_DEFAULT_PARAM_VALUE]]></c><c><![CDATA[en]]></c><c><![CDATA[Parameters with default value]]></c></r><r><c><![CDATA[critere]]></c><c><![CDATA[desc]]></c><c><![CDATA[PHP_DEFAULT_PARAM_VALUE]]></c><c><![CDATA[fr]]></c><c><![CDATA[Les paramètres ayant une valeur par défaut doivent se trouver à la fin de la signature de la méthode.]]></c></r><r><c><![CDATA[critere]]></c><c><![CDATA[desc]]></c><c><![CDATA[PHP_DEFAULT_PARAM_VALUE]]></c><c><![CDATA[en]]></c><c><![CDATA[Parameters defined for a function that have a default value come at the end of the function signature.]]></c></r><r><c><![CDATA[critere]]></c><c><![CDATA[lib]]></c><c><![CDATA[PHP_CLASS_DEC_INHERITANCE]]></c><c><![CDATA[fr]]></c><c><![CDATA[Déclaration de la classe et de son héritage]]></c></r><r><c><![CDATA[critere]]></c><c><![CDATA[lib]]></c><c><![CDATA[PHP_CLASS_DEC_INHERITANCE]]></c><c><![CDATA[en]]></c><c><![CDATA[Class declaration and its inheritance]]></c></r><r><c><![CDATA[critere]]></c><c><![CDATA[desc]]></c><c><![CDATA[PHP_CLASS_DEC_INHERITANCE]]></c><c><![CDATA[en]]></c><c><![CDATA[Classes that extend other classes or which implement interfaces should declare their dependencies on the same line when possible.<BR /><BR />If as a result of such declarations, the line length exceeds the maximum line length, break the line before the 'extends' and/or 'implements' keywords, and pad those lines by one indentation level.<BR /> If the class implements multiple interfaces and the declaration exceeds the maximum line length, break after each comma separating the interfaces, and indent the interface names such that they align.]]></c></r><r><c><![CDATA[critere]]></c><c><![CDATA[lib]]></c><c><![CDATA[PHP_SELF_REFERENCE]]></c><c><![CDATA[fr]]></c><c><![CDATA[Références vers les propres membres]]></c></r><r><c><![CDATA[critere]]></c><c><![CDATA[lib]]></c><c><![CDATA[PHP_SELF_REFERENCE]]></c><c><![CDATA[en]]></c><c><![CDATA[Self member references]]></c></r><r><c><![CDATA[critere]]></c><c><![CDATA[desc]]></c><c><![CDATA[PHP_SELF_REFERENCE]]></c><c><![CDATA[fr]]></c><c><![CDATA[Vérifier que:<BR />- 'self::' est utilisé à la place de 'Self::'<BR />- 'self::' est utilisé à la place de 'self ::'<BR />- 'self::' est utilisé pour référencer des membres statiques locaux]]></c></r><r><c><![CDATA[critere]]></c><c><![CDATA[desc]]></c><c><![CDATA[PHP_SELF_REFERENCE]]></c><c><![CDATA[en]]></c><c><![CDATA[Check that:<BR />- 'self::' is used instead of 'Self::'<BR />- 'self::' is used instead of 'self ::'<BR />- 'self::' is used for local static member reference<BR />]]></c></r><r><c><![CDATA[critere]]></c><c><![CDATA[lib]]></c><c><![CDATA[PHP_EMPTY_CATCH]]></c><c><![CDATA[fr]]></c><c><![CDATA[Clause 'Catch' vide]]></c></r><r><c><![CDATA[critere]]></c><c><![CDATA[lib]]></c><c><![CDATA[PHP_EMPTY_CATCH]]></c><c><![CDATA[en]]></c><c><![CDATA[Empty 'Catch' clause]]></c></r><r><c><![CDATA[critere]]></c><c><![CDATA[desc]]></c><c><![CDATA[PHP_EMPTY_CATCH]]></c><c><![CDATA[fr]]></c><c><![CDATA[Eviter les clauses 'Catch' vides. Les clauses 'Catch' doivent au moins être commentées.]]></c></r><r><c><![CDATA[critere]]></c><c><![CDATA[desc]]></c><c><![CDATA[PHP_EMPTY_CATCH]]></c><c><![CDATA[en]]></c><c><![CDATA[Avoid empty 'Catch' clause. 'Catch' clause must at least have comment.]]></c></r><r><c><![CDATA[critere]]></c><c><![CDATA[lib]]></c><c><![CDATA[PHP_THROWS_TAG]]></c><c><![CDATA[fr]]></c><c><![CDATA[Déclaration des exceptions]]></c></r><r><c><![CDATA[critere]]></c><c><![CDATA[lib]]></c><c><![CDATA[PHP_THROWS_TAG]]></c><c><![CDATA[en]]></c><c><![CDATA[Declaration of exceptions]]></c></r><r><c><![CDATA[critere]]></c><c><![CDATA[desc]]></c><c><![CDATA[PHP_THROWS_TAG]]></c><c><![CDATA[en]]></c><c><![CDATA[Check that:<BR />- a @throws tag exists for a function that throws exceptions.<BR />- the number of @throws tags and the number of 'throw' tokens matches.<BR />- the exception type is correct.]]></c></r><r><c><![CDATA[critere]]></c><c><![CDATA[lib]]></c><c><![CDATA[PHP_NO_ELSEIF]]></c><c><![CDATA[fr]]></c><c><![CDATA[Ne pas utiliser le mot-clé 'elseif']]></c></r><r><c><![CDATA[critere]]></c><c><![CDATA[lib]]></c><c><![CDATA[PHP_NO_ELSEIF]]></c><c><![CDATA[en]]></c><c><![CDATA[Don't use the 'elseif' statement]]></c></r><r><c><![CDATA[critere]]></c><c><![CDATA[desc]]></c><c><![CDATA[PHP_NO_ELSEIF]]></c><c><![CDATA[fr]]></c><c><![CDATA[Ne pas utiliser le mot-clé 'elseif'. Les mots-clés 'else' et 'if' doivent être séparés par un espace.]]></c></r><r><c><![CDATA[critere]]></c><c><![CDATA[desc]]></c><c><![CDATA[PHP_NO_ELSEIF]]></c><c><![CDATA[en]]></c><c><![CDATA[Don't use the 'elseif' statement. The 'else' and the 'if' should be separated by a space.]]></c></r><r><c><![CDATA[critere]]></c><c><![CDATA[lib]]></c><c><![CDATA[PHP_NO_INLINE]]></c><c><![CDATA[fr]]></c><c><![CDATA[Non-utilisation d'opérateur de contrôle inline]]></c></r><r><c><![CDATA[critere]]></c><c><![CDATA[lib]]></c><c><![CDATA[PHP_NO_INLINE]]></c><c><![CDATA[en]]></c><c><![CDATA[No inline control statements]]></c></r><r><c><![CDATA[critere]]></c><c><![CDATA[desc]]></c><c><![CDATA[PHP_NO_INLINE]]></c><c><![CDATA[fr]]></c><c><![CDATA[Un bloc d'opérateur de contrôle est défini sans accolades, (instruction "inline").]]></c></r><r><c><![CDATA[critere]]></c><c><![CDATA[desc]]></c><c><![CDATA[PHP_NO_INLINE]]></c><c><![CDATA[en]]></c><c><![CDATA[Check that inline control statements are not present.]]></c></r><r><c><![CDATA[critere]]></c><c><![CDATA[lib]]></c><c><![CDATA[PHP_SWITCH_RULES]]></c><c><![CDATA[fr]]></c><c><![CDATA[Règles d'écriture du bloc Switch]]></c></r><r><c><![CDATA[critere]]></c><c><![CDATA[lib]]></c><c><![CDATA[PHP_SWITCH_RULES]]></c><c><![CDATA[en]]></c><c><![CDATA[Format of the Switch clause]]></c></r><r><c><![CDATA[critere]]></c><c><![CDATA[desc]]></c><c><![CDATA[PHP_SWITCH_RULES]]></c><c><![CDATA[fr]]></c><c><![CDATA[Vérifier que les breaks et cases sont correctement alignés avec les clauses parentes, ainsi  que les autres conventions de formattage des Switch.]]></c></r><r><c><![CDATA[critere]]></c><c><![CDATA[lib]]></c><c><![CDATA[PHP_INDENTATION]]></c><c><![CDATA[fr]]></c><c><![CDATA[Indentation des lignes de code]]></c></r><r><c><![CDATA[critere]]></c><c><![CDATA[lib]]></c><c><![CDATA[PHP_INDENTATION]]></c><c><![CDATA[en]]></c><c><![CDATA[Indentation of lines of code]]></c></r><r><c><![CDATA[critere]]></c><c><![CDATA[desc]]></c><c><![CDATA[PHP_INDENTATION]]></c><c><![CDATA[en]]></c><c><![CDATA[Use an indent of 4 spaces, with no tabs.<BR />Check the indenting used when an ob_start() call occurs.]]></c></r><r><c><![CDATA[critere]]></c><c><![CDATA[lib]]></c><c><![CDATA[PHP_DUPLICATE_ARGUMENTS]]></c><c><![CDATA[fr]]></c><c><![CDATA[Ne pas dupliquer d'arguments dans les déclarations de fonction]]></c></r><r><c><![CDATA[critere]]></c><c><![CDATA[lib]]></c><c><![CDATA[PHP_DUPLICATE_ARGUMENTS]]></c><c><![CDATA[en]]></c><c><![CDATA[No duplicate arguments in function declarations]]></c></r><r><c><![CDATA[critere]]></c><c><![CDATA[desc]]></c><c><![CDATA[PHP_DUPLICATE_ARGUMENTS]]></c><c><![CDATA[fr]]></c><c><![CDATA[Vérifier que des arguments ne sont pas dupliqués dans les déclarations de fonctions.]]></c></r><r><c><![CDATA[critere]]></c><c><![CDATA[desc]]></c><c><![CDATA[PHP_DUPLICATE_ARGUMENTS]]></c><c><![CDATA[en]]></c><c><![CDATA[Check that duplicate arguments are not used in function declarations.]]></c></r><r><c><![CDATA[critere]]></c><c><![CDATA[lib]]></c><c><![CDATA[PHP_FUNCTION_DECLARATION_RULES]]></c><c><![CDATA[fr]]></c><c><![CDATA[Déclaration des fonctions]]></c></r><r><c><![CDATA[critere]]></c><c><![CDATA[lib]]></c><c><![CDATA[PHP_FUNCTION_DECLARATION_RULES]]></c><c><![CDATA[en]]></c><c><![CDATA[Functions declaration]]></c></r><r><c><![CDATA[critere]]></c><c><![CDATA[desc]]></c><c><![CDATA[PHP_FUNCTION_DECLARATION_RULES]]></c><c><![CDATA[fr]]></c><c><![CDATA[Vérifier :<BR />- les déclarations de fonctions en dehors des classes (fonctions "globales").<BR />- que les fonctions déclarées dans des fonctions ne sont pas utilisées.]]></c></r><r><c><![CDATA[critere]]></c><c><![CDATA[lib]]></c><c><![CDATA[PHP_OBJECT_ASSIGNATION]]></c><c><![CDATA[fr]]></c><c><![CDATA[Instanciation d'objet]]></c></r><r><c><![CDATA[critere]]></c><c><![CDATA[lib]]></c><c><![CDATA[PHP_OBJECT_ASSIGNATION]]></c><c><![CDATA[en]]></c><c><![CDATA[Object instantiation]]></c></r><r><c><![CDATA[critere]]></c><c><![CDATA[desc]]></c><c><![CDATA[PHP_OBJECT_ASSIGNATION]]></c><c><![CDATA[fr]]></c><c><![CDATA[Vérifier que les objets sont assignés durant leur instanciation.]]></c></r><r><c><![CDATA[critere]]></c><c><![CDATA[desc]]></c><c><![CDATA[PHP_OBJECT_ASSIGNATION]]></c><c><![CDATA[en]]></c><c><![CDATA[Check that objects are assigned to a variable when instantiated.]]></c></r><r><c><![CDATA[critere]]></c><c><![CDATA[lib]]></c><c><![CDATA[PHP_SHORTHAND_OPERATOR]]></c><c><![CDATA[fr]]></c><c><![CDATA[Utilisation des opérateurs '++' si possible]]></c></r><r><c><![CDATA[critere]]></c><c><![CDATA[lib]]></c><c><![CDATA[PHP_SHORTHAND_OPERATOR]]></c><c><![CDATA[en]]></c><c><![CDATA[Use '++' operators when possible]]></c></r><r><c><![CDATA[critere]]></c><c><![CDATA[desc]]></c><c><![CDATA[PHP_SHORTHAND_OPERATOR]]></c><c><![CDATA[fr]]></c><c><![CDATA[Vérifier que les opérateurs abrégés ('++') sont utilisés dans la mesure du possible, sauf si cela rend le code confus.]]></c></r><r><c><![CDATA[critere]]></c><c><![CDATA[desc]]></c><c><![CDATA[PHP_SHORTHAND_OPERATOR]]></c><c><![CDATA[en]]></c><c><![CDATA[Check that the '++' operators are used when possible, except when it makes the code confusing.]]></c></r><r><c><![CDATA[critere]]></c><c><![CDATA[lib]]></c><c><![CDATA[PHP_VALID_LOGICAL_OPERATOR]]></c><c><![CDATA[fr]]></c><c><![CDATA[Utilisation d'opérateurs logiques valides]]></c></r><r><c><![CDATA[critere]]></c><c><![CDATA[lib]]></c><c><![CDATA[PHP_VALID_LOGICAL_OPERATOR]]></c><c><![CDATA[en]]></c><c><![CDATA[Use valid logical operators]]></c></r><r><c><![CDATA[critere]]></c><c><![CDATA[desc]]></c><c><![CDATA[PHP_VALID_LOGICAL_OPERATOR]]></c><c><![CDATA[fr]]></c><c><![CDATA[Vérifier que les opérateurs logiques '&&' et '||' sont utilisés plutôt que les opérateurs 'and' et 'or'.]]></c></r><r><c><![CDATA[critere]]></c><c><![CDATA[desc]]></c><c><![CDATA[PHP_VALID_LOGICAL_OPERATOR]]></c><c><![CDATA[en]]></c><c><![CDATA[Check that the logical operators 'and' and 'or' are not used instead of '&&' and '||' operators.]]></c></r><r><c><![CDATA[critere]]></c><c><![CDATA[lib]]></c><c><![CDATA[PHP_COMMENTED_CODE]]></c><c><![CDATA[fr]]></c><c><![CDATA[Eviter de commenter du code]]></c></r><r><c><![CDATA[critere]]></c><c><![CDATA[lib]]></c><c><![CDATA[PHP_COMMENTED_CODE]]></c><c><![CDATA[en]]></c><c><![CDATA[Avoid commented code]]></c></r><r><c><![CDATA[critere]]></c><c><![CDATA[desc]]></c><c><![CDATA[PHP_COMMENTED_CODE]]></c><c><![CDATA[fr]]></c><c><![CDATA[Le code en commentaire devrait être supprimé. Sa présence peut prêter à confusion dans la compréhension du code. L'historique devrait être géré par un outil tiers de gestion de version.]]></c></r><r><c><![CDATA[critere]]></c><c><![CDATA[desc]]></c><c><![CDATA[PHP_COMMENTED_CODE]]></c><c><![CDATA[en]]></c><c><![CDATA[Commented code should be removed. It can be confusing when reading the code.
Code history should be managed in a third party versionning tool.]]></c></r><r><c><![CDATA[critere]]></c><c><![CDATA[lib]]></c><c><![CDATA[PHP_ONE_ASSIGNMENT]]></c><c><![CDATA[fr]]></c><c><![CDATA[Une assignation par ligne.]]></c></r><r><c><![CDATA[critere]]></c><c><![CDATA[lib]]></c><c><![CDATA[PHP_ONE_ASSIGNMENT]]></c><c><![CDATA[en]]></c><c><![CDATA[One value assignment on a line]]></c></r><r><c><![CDATA[critere]]></c><c><![CDATA[desc]]></c><c><![CDATA[PHP_ONE_ASSIGNMENT]]></c><c><![CDATA[fr]]></c><c><![CDATA[Vérifier qu'il n'y a qu'une seule assignation par ligne, et que c'est la première instruction de la ligne.]]></c></r><r><c><![CDATA[critere]]></c><c><![CDATA[desc]]></c><c><![CDATA[PHP_ONE_ASSIGNMENT]]></c><c><![CDATA[en]]></c><c><![CDATA[Check that there is only one value assignment on a line, and that it is the first thing on the line.]]></c></r><r><c><![CDATA[critere]]></c><c><![CDATA[lib]]></c><c><![CDATA[PHP_NO_GLOBAL]]></c><c><![CDATA[fr]]></c><c><![CDATA[Ne pas utiliser le mot-clé 'global']]></c></r><r><c><![CDATA[critere]]></c><c><![CDATA[lib]]></c><c><![CDATA[PHP_NO_GLOBAL]]></c><c><![CDATA[en]]></c><c><![CDATA[Don't use the 'global' keyword]]></c></r><r><c><![CDATA[critere]]></c><c><![CDATA[desc]]></c><c><![CDATA[PHP_NO_GLOBAL]]></c><c><![CDATA[fr]]></c><c><![CDATA[Ne pas utiliser le mot-clé 'global'.]]></c></r><r><c><![CDATA[critere]]></c><c><![CDATA[desc]]></c><c><![CDATA[PHP_NO_GLOBAL]]></c><c><![CDATA[en]]></c><c><![CDATA[Don't use the 'global' keyword.]]></c></r><r><c><![CDATA[critere]]></c><c><![CDATA[lib]]></c><c><![CDATA[PHP_NO_HEREDOC]]></c><c><![CDATA[fr]]></c><c><![CDATA[Ne pas utiliser la syntaxe 'heredoc']]></c></r><r><c><![CDATA[critere]]></c><c><![CDATA[lib]]></c><c><![CDATA[PHP_NO_HEREDOC]]></c><c><![CDATA[en]]></c><c><![CDATA[Don't use the 'heredoc' syntax]]></c></r><r><c><![CDATA[critere]]></c><c><![CDATA[desc]]></c><c><![CDATA[PHP_NO_HEREDOC]]></c><c><![CDATA[fr]]></c><c><![CDATA[L'utilisation de la syntaxe 'heredoc' ("<<<") est interdite. Utiliser plutôt des chaînes ('string') standard ou du code HTML inline.]]></c></r><r><c><![CDATA[critere]]></c><c><![CDATA[desc]]></c><c><![CDATA[PHP_NO_HEREDOC]]></c><c><![CDATA[en]]></c><c><![CDATA[Use of heredoc syntax ("<<<") is not allowed; use standard strings or inline HTML instead.]]></c></r><r><c><![CDATA[critere]]></c><c><![CDATA[lib]]></c><c><![CDATA[PHP_NO_DEAD_CODE]]></c><c><![CDATA[fr]]></c><c><![CDATA[Eviter le code mort]]></c></r><r><c><![CDATA[critere]]></c><c><![CDATA[lib]]></c><c><![CDATA[PHP_NO_DEAD_CODE]]></c><c><![CDATA[en]]></c><c><![CDATA[Avoid dead code]]></c></r><r><c><![CDATA[critere]]></c><c><![CDATA[desc]]></c><c><![CDATA[PHP_NO_DEAD_CODE]]></c><c><![CDATA[en]]></c><c><![CDATA[Avoid code that can never been executed. This happens when a function returns before the code, or a break ends execution of a statement etc.]]></c></r><r><c><![CDATA[critere]]></c><c><![CDATA[lib]]></c><c><![CDATA[PHP_DEFINE_SCOPE]]></c><c><![CDATA[fr]]></c><c><![CDATA[Toujours définir les portées]]></c></r><r><c><![CDATA[critere]]></c><c><![CDATA[lib]]></c><c><![CDATA[PHP_DEFINE_SCOPE]]></c><c><![CDATA[en]]></c><c><![CDATA[Always define scope]]></c></r><r><c><![CDATA[critere]]></c><c><![CDATA[desc]]></c><c><![CDATA[PHP_DEFINE_SCOPE]]></c><c><![CDATA[fr]]></c><c><![CDATA[Vérifier que les méthodes de classes ont des définitions de portées.]]></c></r><r><c><![CDATA[critere]]></c><c><![CDATA[desc]]></c><c><![CDATA[PHP_DEFINE_SCOPE]]></c><c><![CDATA[en]]></c><c><![CDATA[Check that class members have scope modifiers.]]></c></r><r><c><![CDATA[critere]]></c><c><![CDATA[lib]]></c><c><![CDATA[PHP_NO_THIS_IN_STATIC]]></c><c><![CDATA[fr]]></c><c><![CDATA[Ne pas utiliser '$this' dans les méthodes statiques.]]></c></r><r><c><![CDATA[critere]]></c><c><![CDATA[lib]]></c><c><![CDATA[PHP_NO_THIS_IN_STATIC]]></c><c><![CDATA[en]]></c><c><![CDATA[No use of '$this' in static methods]]></c></r><r><c><![CDATA[critere]]></c><c><![CDATA[desc]]></c><c><![CDATA[PHP_NO_THIS_IN_STATIC]]></c><c><![CDATA[fr]]></c><c><![CDATA[Ne pas utiliser '$this' dans les méthodes statiques car cela peut créer des erreurs à l'exécution.]]></c></r><r><c><![CDATA[critere]]></c><c><![CDATA[desc]]></c><c><![CDATA[PHP_NO_THIS_IN_STATIC]]></c><c><![CDATA[en]]></c><c><![CDATA[Don't use '$this' in static methods, which will cause runtime errors.]]></c></r><r><c><![CDATA[critere]]></c><c><![CDATA[lib]]></c><c><![CDATA[PHP_DOUBLE_QUOTE_USE]]></c><c><![CDATA[fr]]></c><c><![CDATA[Utilisation des doubles quotes ("")]]></c></r><r><c><![CDATA[critere]]></c><c><![CDATA[lib]]></c><c><![CDATA[PHP_DOUBLE_QUOTE_USE]]></c><c><![CDATA[en]]></c><c><![CDATA[Use of double quotes ("")]]></c></r><r><c><![CDATA[critere]]></c><c><![CDATA[desc]]></c><c><![CDATA[PHP_DOUBLE_QUOTE_USE]]></c><c><![CDATA[fr]]></c><c><![CDATA[Vérifier que l'utilisation des doubles quotes ("") soit possible.]]></c></r><r><c><![CDATA[critere]]></c><c><![CDATA[desc]]></c><c><![CDATA[PHP_DOUBLE_QUOTE_USE]]></c><c><![CDATA[en]]></c><c><![CDATA[Make sure that any use of double quotes ("") are warranted.]]></c></r><r><c><![CDATA[critere]]></c><c><![CDATA[lib]]></c><c><![CDATA[PHP_ECHO]]></c><c><![CDATA[fr]]></c><c><![CDATA[Syntaxe d'utilisation des strings avec 'echo']]></c></r><r><c><![CDATA[critere]]></c><c><![CDATA[lib]]></c><c><![CDATA[PHP_ECHO]]></c><c><![CDATA[en]]></c><c><![CDATA[Syntax of strings with 'echo']]></c></r><r><c><![CDATA[critere]]></c><c><![CDATA[desc]]></c><c><![CDATA[PHP_ECHO]]></c><c><![CDATA[fr]]></c><c><![CDATA[Vérifier que les chaînes de caractères utilisées avec 'echo' ne sont pas encadrées par des crochets (brackets) comme pour un appel de fonction.]]></c></r><r><c><![CDATA[critere]]></c><c><![CDATA[desc]]></c><c><![CDATA[PHP_ECHO]]></c><c><![CDATA[en]]></c><c><![CDATA[Check that any strings that are "echoed" are not enclosed in brackets like a function call.]]></c></r><r><c><![CDATA[critere]]></c><c><![CDATA[lib]]></c><c><![CDATA[PHP_LINES_OF_CODE]]></c><c><![CDATA[fr]]></c><c><![CDATA[Nombre de lignes de code]]></c></r><r><c><![CDATA[critere]]></c><c><![CDATA[lib]]></c><c><![CDATA[PHP_LINES_OF_CODE]]></c><c><![CDATA[en]]></c><c><![CDATA[Line of code]]></c></r><r><c><![CDATA[critere]]></c><c><![CDATA[desc]]></c><c><![CDATA[PHP_LINES_OF_CODE]]></c><c><![CDATA[fr]]></c><c><![CDATA[Nombre de lignes de code]]></c></r><r><c><![CDATA[critere]]></c><c><![CDATA[desc]]></c><c><![CDATA[PHP_LINES_OF_CODE]]></c><c><![CDATA[en]]></c><c><![CDATA[Line of code]]></c></r><r><c><![CDATA[critere]]></c><c><![CDATA[lib]]></c><c><![CDATA[PHP_CYCLOMATIC]]></c><c><![CDATA[fr]]></c><c><![CDATA[Complexité cyclomatique]]></c></r><r><c><![CDATA[critere]]></c><c><![CDATA[lib]]></c><c><![CDATA[PHP_CYCLOMATIC]]></c><c><![CDATA[en]]></c><c><![CDATA[Cyclomatic complexity]]></c></r><r><c><![CDATA[critere]]></c><c><![CDATA[desc]]></c><c><![CDATA[PHP_CYCLOMATIC]]></c><c><![CDATA[fr]]></c><c><![CDATA[Eviter que les composants logiciels n'aient un indice de complexité cyclomatique trop élevé.]]></c></r><r><c><![CDATA[critere]]></c><c><![CDATA[desc]]></c><c><![CDATA[PHP_CYCLOMATIC]]></c><c><![CDATA[en]]></c><c><![CDATA[Avoid software component having McCabe cyclomatic index too high.]]></c></r><r><c><![CDATA[critere]]></c><c><![CDATA[lib]]></c><c><![CDATA[PHP_DESTRUCTURATION]]></c><c><![CDATA[fr]]></c><c><![CDATA[Déstructuration]]></c></r><r><c><![CDATA[critere]]></c><c><![CDATA[lib]]></c><c><![CDATA[PHP_DESTRUCTURATION]]></c><c><![CDATA[en]]></c><c><![CDATA[Destructuration]]></c></r><r><c><![CDATA[critere]]></c><c><![CDATA[desc]]></c><c><![CDATA[PHP_DESTRUCTURATION]]></c><c><![CDATA[en]]></c><c><![CDATA[Destructuration is also called essential complexity (ev(G)).<BR /> The essential complexity measures level of structuration of a module. This metric allows to predict needed effort to maintain the code and provides helps to re-architecture it.<BR />A very high value of essential complexity means a large number of unstructured and non modular pieces of code and difficulties to maintain them. Low essential complexity allows simple and efficient tests.]]></c></r><r><c><![CDATA[critere]]></c><c><![CDATA[lib]]></c><c><![CDATA[PHP_NESTING_FUNCTION]]></c><c><![CDATA[fr]]></c><c><![CDATA[Niveau d'imbrication dans une fonction]]></c></r><r><c><![CDATA[critere]]></c><c><![CDATA[lib]]></c><c><![CDATA[PHP_NESTING_FUNCTION]]></c><c><![CDATA[en]]></c><c><![CDATA[Nesting levels in a function]]></c></r><r><c><![CDATA[critere]]></c><c><![CDATA[desc]]></c><c><![CDATA[PHP_NESTING_FUNCTION]]></c><c><![CDATA[en]]></c><c><![CDATA[Avoid too many nesting levels in a function. More than 4 levels is too complex to understand and maintain.]]></c></r><r><c><![CDATA[critere]]></c><c><![CDATA[lib]]></c><c><![CDATA[PHP_RETURN_REFERENCE]]></c><c><![CDATA[fr]]></c><c><![CDATA[Valeur de fonction retournée par référence]]></c></r><r><c><![CDATA[critere]]></c><c><![CDATA[lib]]></c><c><![CDATA[PHP_RETURN_REFERENCE]]></c><c><![CDATA[en]]></c><c><![CDATA[Return of function values by reference]]></c></r><r><c><![CDATA[critere]]></c><c><![CDATA[desc]]></c><c><![CDATA[PHP_RETURN_REFERENCE]]></c><c><![CDATA[fr]]></c><c><![CDATA[Une valeur retournée par référence doit être assignée par référence.]]></c></r><r><c><![CDATA[critere]]></c><c><![CDATA[desc]]></c><c><![CDATA[PHP_RETURN_REFERENCE]]></c><c><![CDATA[en]]></c><c><![CDATA[When a function returns by reference, the value should be assigned by reference.]]></c></r><r><c><![CDATA[critere]]></c><c><![CDATA[lib]]></c><c><![CDATA[PHP_BY_REF_ERROR]]></c><c><![CDATA[fr]]></c><c><![CDATA[Erreur lors de l'assignation d'un nouvel objet]]></c></r><r><c><![CDATA[critere]]></c><c><![CDATA[lib]]></c><c><![CDATA[PHP_BY_REF_ERROR]]></c><c><![CDATA[en]]></c><c><![CDATA[Error when a new object is assigned]]></c></r><r><c><![CDATA[critere]]></c><c><![CDATA[desc]]></c><c><![CDATA[PHP_BY_REF_ERROR]]></c><c><![CDATA[fr]]></c><c><![CDATA[Erreur quand une fonction échoue pour retourner un nouvel objet par référence, ou lors de l'assignation d'un nouvel objet]]></c></r><r><c><![CDATA[critere]]></c><c><![CDATA[desc]]></c><c><![CDATA[PHP_BY_REF_ERROR]]></c><c><![CDATA[en]]></c><c><![CDATA[Error when a function fails to return a new object by reference, or when a new object is assigned to a variable.]]></c></r><r><c><![CDATA[critere]]></c><c><![CDATA[lib]]></c><c><![CDATA[PHP_SHORTHAND_TAG]]></c><c><![CDATA[fr]]></c><c><![CDATA[Eviter les abréviations de tags PHP]]></c></r><r><c><![CDATA[critere]]></c><c><![CDATA[lib]]></c><c><![CDATA[PHP_SHORTHAND_TAG]]></c><c><![CDATA[en]]></c><c><![CDATA[No use of shorthand PHP open tags]]></c></r><r><c><![CDATA[critere]]></c><c><![CDATA[desc]]></c><c><![CDATA[PHP_SHORTHAND_TAG]]></c><c><![CDATA[fr]]></c><c><![CDATA[Eviter l'utilisation des abréviations de tags PHP]]></c></r><r><c><![CDATA[critere]]></c><c><![CDATA[desc]]></c><c><![CDATA[PHP_SHORTHAND_TAG]]></c><c><![CDATA[en]]></c><c><![CDATA[Avoid usage of shorthand PHP open tags.]]></c></r><r><c><![CDATA[critere]]></c><c><![CDATA[desc]]></c><c><![CDATA[PHP_CLASS_DEC_INHERITANCE]]></c><c><![CDATA[fr]]></c><c><![CDATA[Les classes qui étendent d'autres classes ou qui implémentent des interfaces doivent déclarer leurs dépendances sur la même ligne si possible. <BR /><BR />Toutefois si une telle déclaration dépasse la longueur de ligne autorisée, passer à la ligne avant le mot-clé 'extends' et/ou 'implements', avec un niveau d'indentation.<BR />Si la classe implémente de multiples interfaces, et que la déclaration dépasse la longueur de ligne autorisée, passer à la ligne après chaque virgule et indenter les noms des interfaces pour qu'ils soient indentés.]]></c></r><r><c><![CDATA[critere]]></c><c><![CDATA[desc]]></c><c><![CDATA[PHP_CLASS_DECLARATION]]></c><c><![CDATA[en]]></c><c><![CDATA[Classes must be named according to the naming conventions.<BR /><BR />Classes that extend other classes or which implement interfaces should declare their dependencies on the same line when possible.<BR /><BR />Every class must have a documentation block that conforms to the PHPDocumentor standard.<BR />The brace should always be written on the line underneath the class name.<BR />All code in a class must be indented with four spaces.<BR /><BR />Only one class is permitted in each PHP file.<BR />Placing additional code in class files is permitted but discouraged. In such files, two blank lines must separate the class from any additional PHP code in the class file.]]></c></r><r><c><![CDATA[critere]]></c><c><![CDATA[desc]]></c><c><![CDATA[PHP_CLASS_DECLARATION]]></c><c><![CDATA[fr]]></c><c><![CDATA[Les classes doivent être nommées conformément aux conventions de nommage. <BR /><BR /> Les classes qui étendent d'autres classes ou qui implémentent des interfaces doivent déclarer leurs dépendances sur la même ligne si possible. <BR /><BR /> Toutes les classes doivent avoir un bloc de documentation conforme aux standards PHPDocumentor.<BR />L'accolade est toujours écrite dans la ligne sous le nom de la classe.<BR />Tout code d'une classe doit être indenté avec 4 espaces. <BR /><BR /> Une seule classe est permise par fichier PHP.<BR />Le placement de code additionnel dans un fichier de classe est permis, mais déconseillé. Dans ces fichiers, deux lignes vides doivent séparer la classe du code PHP additionnel. <BR />]]></c></r><r><c><![CDATA[critere]]></c><c><![CDATA[desc]]></c><c><![CDATA[PHP_NAMING_RULES]]></c><c><![CDATA[fr]]></c><c><![CDATA[<BR /> - Les noms de fichiers ne peuvent contenir que des caractères alphanumériques, tirets bas et tirets demi-cadratin ("-") sont autorisés. Les espaces et les caractères spéciaux sont interdits. Tout fichier contenant du code PHP doit se terminer par l'extension ".php".<BR /> - Les noms de classes ne peuvent contenir que des caractères alphanumériques. Les nombres sont autorisés, mais déconseillés. Les tirets bas ("_") ne sont autorisés que pour être utilisés comme séparateur de chemin ; le nom de fichier "Zend/Db/Table.php" doit mener à la classe appelée "Zend_Db_Table". Si un nom de classe comprend plus d'un mot, la première lettre de chaque nouveau mot doit être mise en majuscule. La mise en majuscule de lettres successives n'est pas autorisée. <BR /> - Les noms de fonctions ne peuvent contenir que des caractères alphanumériques. Les tirets bas ("_") ne sont pas permis. Les nombres sont autorisés mais déconseillés. Les noms de fonctions doivent toujours commencer avec une lettre en minuscule. Quand un nom de fonction est composé de plus d'un seul mot, la première lettre de chaque mot doit être mise en majuscule. Pour des méthodes d'objet qui sont déclarées avec la construction "private" ou "protected", le premier caractère du nom variable doit être un tiret bas simple ("_").<BR /> - Les noms de variables ne peuvent contenir que des caractères alphanumériques. Les tirets bas ne sont pas permis. Les nombres sont autorisés mais déconseillés. Pour les variables membres de classe qui sont déclarées comme "private" ou "protected", le premier caractère du nom de la variable doit être un tiret bas simple ("_").<BR /> - Les constantes peuvent contenir des caractères alphanumériques et des tirets bas. Les nombres sont autorisés. Les constantes doivent toujours être en majuscule, cependant les mots pouvant les composer doivent être séparés par des tiret-bats ("_").]]></c></r><r><c><![CDATA[critere]]></c><c><![CDATA[desc]]></c><c><![CDATA[PHP_NESTING_FUNCTION]]></c><c><![CDATA[fr]]></c><c><![CDATA[Eviter qu'il y ait trop de niveaux d'imbrication dans une fonction. Plus de 4 niveaux rend le code difficile à comprendre et à maintenir.]]></c></r><r><c><![CDATA[critere]]></c><c><![CDATA[desc]]></c><c><![CDATA[PHP_NO_DEAD_CODE]]></c><c><![CDATA[fr]]></c><c><![CDATA[Eviter le code qui ne peut jamais être exécuté. Ceci peut se produire quand une fonction sort avant la fin du code, qu'un break termine prématurément l'exécution d'une instruction, etc.]]></c></r><r><c><![CDATA[critere]]></c><c><![CDATA[desc]]></c><c><![CDATA[PHP_SWITCH_RULES]]></c><c><![CDATA[en]]></c><c><![CDATA[Check that all the breaks and cases are aligned correctly according to their parent switch's alignment and enforces other switch formatting.]]></c></r><r><c><![CDATA[critere]]></c><c><![CDATA[desc]]></c><c><![CDATA[PHP_THROWS_TAG]]></c><c><![CDATA[fr]]></c><c><![CDATA[Vérifier que :<BR />- il y un tag @throws pour toute fonction qui lève des exceptions.<BR />- le nombre de tags @throws correspond au nombre de tokens 'throw'.<BR />- le type des exceptions est correct.]]></c></r><r><c><![CDATA[critere]]></c><c><![CDATA[desc]]></c><c><![CDATA[PHP_DOC_FUNCTION]]></c><c><![CDATA[fr]]></c><c><![CDATA[Vérifier que : <BR />- Il existe un commentaire, conforme au format phpDocumentor. <BR />- Il existe une ligne vide après la description courte.<BR />- Il existe une ligne vide entre la description courte et la description longue.<BR />- Il existe une ligne vide entre la description longue et les tags.<BR />- Les noms des paramètres correspondent à ceux dans la méthode.<BR />- Les commentaires de paramètres sont dans le bon ordre.<BR />- Les commentaires de paramètres sont complets.<BR />- Un espace est présent avant le premier et après le dernier paramètre.<BR />- La valeur de retour est typée.<BR />- Il existe une ligne vide entre le commentaire d'entête et le corps de la méthode.<BR />- Tout tag "Throw" doit avoir une classe "Exception".]]></c></r><r><c><![CDATA[critere]]></c><c><![CDATA[lib]]></c><c><![CDATA[PHP_DOC_FUNCTION]]></c><c><![CDATA[en]]></c><c><![CDATA[Function documentation syntax]]></c></r><r><c><![CDATA[critere]]></c><c><![CDATA[lib]]></c><c><![CDATA[PHP_DOC_FUNCTION]]></c><c><![CDATA[fr]]></c><c><![CDATA[Syntaxe de la documentation des fonctions]]></c></r><r><c><![CDATA[critere]]></c><c><![CDATA[desc]]></c><c><![CDATA[PLOG]]></c><c><![CDATA[fr]]></c><c><![CDATA[Fonction de la complexité cyclomatique de la méthode et de sa complexité essentielle.<BR/>Un élément avec un poids logique élevé sera plus difficile à maintenir et à tester. Il est conseillé de diviser cet élément en plusieurs sous-éléments plus facilement maintenables.]]></c></r><r><c><![CDATA[critere]]></c><c><![CDATA[lib]]></c><c><![CDATA[ANTI_COPIER_COLLER]]></c><c><![CDATA[en]]></c><c><![CDATA[Copy Paste Antipattern]]></c></r><r><c><![CDATA[critere]]></c><c><![CDATA[lib]]></c><c><![CDATA[ANTI_COPIER_COLLER]]></c><c><![CDATA[es]]></c><c><![CDATA[ANTI_COPIER_COLLER]]></c></r><r><c><![CDATA[critere]]></c><c><![CDATA[lib]]></c><c><![CDATA[ANTI_COPIER_COLLER]]></c><c><![CDATA[fr]]></c><c><![CDATA[Antipattern Copier Coller]]></c></r><r><c><![CDATA[critere]]></c><c><![CDATA[lib]]></c><c><![CDATA[PLOG]]></c><c><![CDATA[en]]></c><c><![CDATA[Logical weight]]></c></r><r><c><![CDATA[critere]]></c><c><![CDATA[lib]]></c><c><![CDATA[PLOG]]></c><c><![CDATA[es]]></c><c><![CDATA[PLOG]]></c></r><r><c><![CDATA[critere]]></c><c><![CDATA[lib]]></c><c><![CDATA[PLOG]]></c><c><![CDATA[fr]]></c><c><![CDATA[Poids Logique]]></c></r></e>