<?xml version="1.0"  encoding="UTF-8"?><e><r><c><![CDATA[PHP_INCLUDE_RULES]]></c><c><![CDATA[CS_MYSOURCE_SNIFFS_CHANNELS_INCLUDESYSTEMSNIFF]]></c><c><![CDATA[PHP]]></c><c/><c/></r><r><c><![CDATA[PHP_INCLUDE_RULES]]></c><c><![CDATA[CS_PEAR_SNIFFS_FILES_INCLUDINGFILESNIFF]]></c><c><![CDATA[PHP]]></c><c/><c/></r><r><c><![CDATA[PHP_INCLUDE_RULES]]></c><c><![CDATA[CS_SQUIZ_SNIFFS_FILES_FILEEXTENSIONSNIFF]]></c><c><![CDATA[PHP]]></c><c/><c/></r><r><c><![CDATA[PHP_INDENTATION]]></c><c><![CDATA[CS_SQUIZ_SNIFFS_FORMATTING_OUTPUTBUFFERINGINDENTSNIFF]]></c><c><![CDATA[PHP]]></c><c/><c/></r><r><c><![CDATA[PHP_INDENTATION]]></c><c><![CDATA[CS_SQUIZ_SNIFFS_PHP_EMBEDDEDPHPSNIFF]]></c><c><![CDATA[PHP]]></c><c/><c/></r><r><c><![CDATA[PHP_LINES_OF_CODE]]></c><c><![CDATA[CS_CAQS_SNIFFS_METRICS_CODELINECOUNTSNIFF]]></c><c><![CDATA[PHP]]></c><c/><c/></r><r><c><![CDATA[PHP_LINE_LENGTH]]></c><c><![CDATA[CS_GENERIC_SNIFFS_FILES_LINELENGTHSNIFF]]></c><c><![CDATA[PHP]]></c><c/><c/></r><r><c><![CDATA[PHP_NAMING_RULES]]></c><c><![CDATA[CS_GENERIC_SNIFFS_NAMINGCONVENTIONS_UPPERCASECONSTANTNAMESNIFF]]></c><c><![CDATA[PHP]]></c><c/><c/></r><r><c><![CDATA[PHP_NAMING_RULES]]></c><c><![CDATA[CS_PEAR_SNIFFS_NAMINGCONVENTIONS_VALIDCLASSNAMESNIFF]]></c><c><![CDATA[PHP]]></c><c/><c/></r><r><c><![CDATA[PHP_NAMING_RULES]]></c><c><![CDATA[CS_PEAR_SNIFFS_NAMINGCONVENTIONS_VALIDFUNCTIONNAMESNIFF]]></c><c><![CDATA[PHP]]></c><c/><c/></r><r><c><![CDATA[PHP_NAMING_RULES]]></c><c><![CDATA[CS_SQUIZ_SNIFFS_CLASSES_CLASSFILENAMESNIFF]]></c><c><![CDATA[PHP]]></c><c/><c/></r><r><c><![CDATA[PHP_NAMING_RULES]]></c><c><![CDATA[CS_SQUIZ_SNIFFS_NAMINGCONVENTIONS_VALIDVARIABLENAMESNIFF]]></c><c><![CDATA[PHP]]></c><c/><c/></r><r><c><![CDATA[PHP_NESTING_FUNCTION]]></c><c><![CDATA[CS_CAQS_SNIFFS_METRICS_NESTINGLEVELSNIFF]]></c><c><![CDATA[PHP]]></c><c/><c/></r><r><c><![CDATA[PHP_NO_DEAD_CODE]]></c><c><![CDATA[CS_SQUIZ_SNIFFS_PHP_NONEXECUTABLECODESNIFF]]></c><c><![CDATA[PHP]]></c><c/><c/></r><r><c><![CDATA[PHP_NO_ELSEIF]]></c><c><![CDATA[CS_SQUIZ_SNIFFS_CONTROLSTRUCTURES_ELSEIFDECLARATIONSNIFF]]></c><c><![CDATA[PHP]]></c><c/><c/></r><r><c><![CDATA[PHP_NO_GLOBAL]]></c><c><![CDATA[CS_SQUIZ_SNIFFS_PHP_GLOBALKEYWORDSNIFF]]></c><c><![CDATA[PHP]]></c><c/><c/></r><r><c><![CDATA[PHP_NO_HEREDOC]]></c><c><![CDATA[CS_SQUIZ_SNIFFS_PHP_HEREDOCSNIFF]]></c><c><![CDATA[PHP]]></c><c/><c/></r><r><c><![CDATA[PHP_NO_INLINE]]></c><c><![CDATA[CS_SQUIZ_SNIFFS_CONTROLSTRUCTURES_INLINECONTROLSTRUCTURESNIFF]]></c><c><![CDATA[PHP]]></c><c/><c/></r><r><c><![CDATA[PHP_NO_THIS_IN_STATIC]]></c><c><![CDATA[CS_SQUIZ_SNIFFS_SCOPE_STATICTHISUSAGESNIFF]]></c><c><![CDATA[PHP]]></c><c/><c/></r><r><c><![CDATA[PHP_OBJECT_ASSIGNATION]]></c><c><![CDATA[CS_SQUIZ_SNIFFS_OBJECTS_OBJECTINSTANTIATIONSNIFF]]></c><c><![CDATA[PHP]]></c><c/><c/></r><r><c><![CDATA[PHP_ONE_ASSIGNMENT]]></c><c><![CDATA[CS_SQUIZ_SNIFFS_PHP_DISALLOWMULTIPLEASSIGNMENTSSNIFF]]></c><c><![CDATA[PHP]]></c><c/><c/></r><r><c><![CDATA[PHP_RETURN_REFERENCE]]></c><c><![CDATA[CS_CAQS_SNIFFS_RETURN_REFERENCE_CALLS]]></c><c><![CDATA[PHP]]></c><c/><c/></r><r><c><![CDATA[PHP_RETURN_VALUES_DIRECTLY]]></c><c><![CDATA[CS_MYSOURCE_SNIFFS_PHP_RETURNFUNCTIONVALUESNIFF]]></c><c><![CDATA[PHP]]></c><c/><c/></r><r><c><![CDATA[PHP_SELF_REFERENCE]]></c><c><![CDATA[CS_SQUIZ_SNIFFS_CLASSES_SELFMEMBERREFERENCESNIFF]]></c><c><![CDATA[PHP]]></c><c/><c/></r><r><c><![CDATA[PHP_SHORTHAND_OPERATOR]]></c><c><![CDATA[CS_SQUIZ_SNIFFS_OPERATORS_INCREMENTDECREMENTUSAGESNIFF]]></c><c><![CDATA[PHP]]></c><c/><c/></r><r><c><![CDATA[PHP_SHORTHAND_TAG]]></c><c><![CDATA[CS_GENERIC_SNIFFS_PHP_DISALLOWSHORTOPENTAGSNIFF]]></c><c><![CDATA[PHP]]></c><c/><c/></r><r><c><![CDATA[PHP_SWITCH_RULES]]></c><c><![CDATA[CS_SQUIZ_SNIFFS_CONTROLSTRUCTURES_SWITCHDECLARATIONSNIFF]]></c><c><![CDATA[PHP]]></c><c/><c/></r><r><c><![CDATA[PHP_THROWS_TAG]]></c><c><![CDATA[CS_SQUIZ_SNIFFS_COMMENTING_FUNCTIONCOMMENTTHROWTAGSNIFF]]></c><c><![CDATA[PHP]]></c><c/><c/></r><r><c><![CDATA[PHP_VALID_LOGICAL_OPERATOR]]></c><c><![CDATA[CS_SQUIZ_SNIFFS_OPERATORS_VALIDLOGICALOPERATORSSNIFF]]></c><c><![CDATA[PHP]]></c><c/><c/></r><r><c><![CDATA[PHP_DOC_CLASS]]></c><c><![CDATA[CS_PEAR_SNIFFS_COMMENTING_CLASSCOMMENTSNIFF]]></c><c><![CDATA[PHP]]></c><c/><c/></r><r><c><![CDATA[PHP_DOC_FILE]]></c><c><![CDATA[CS_PEAR_SNIFFS_COMMENTING_FILECOMMENTSNIFF]]></c><c><![CDATA[PHP]]></c><c/><c/></r><r><c><![CDATA[PHP_DOC_FILE]]></c><c><![CDATA[CS_PEAR_SNIFFS_COMMENTING_INLINECOMMENTSNIFF]]></c><c><![CDATA[PHP]]></c><c/><c/></r><r><c><![CDATA[PHP_DOC_FILE]]></c><c><![CDATA[CS_SQUIZ_SNIFFS_COMMENTING_LONGCONDITIONCLOSINGCOMMENTSNIFF]]></c><c><![CDATA[PHP]]></c><c/><c/></r><r><c><![CDATA[PHP_DOC_FILE]]></c><c><![CDATA[CS_SQUIZ_SNIFFS_COMMENTING_POSTSTATEMENTCOMMENTSNIFF]]></c><c><![CDATA[PHP]]></c><c/><c/></r><r><c><![CDATA[PHP_DOC_FILE]]></c><c><![CDATA[CS_SQUIZ_SNIFFS_COMMENTING_VARIABLECOMMENTSNIFF]]></c><c><![CDATA[PHP]]></c><c/><c/></r><r><c><![CDATA[ANTI_COPIER_COLLER]]></c><c><![CDATA[COPY_PASTE]]></c><c><![CDATA[PHP]]></c><c/><c/></r><r><c><![CDATA[PHP_BY_REF_ERROR]]></c><c><![CDATA[CS_CAQS_SNIFFS_OBJECT_INSTANTIATION]]></c><c><![CDATA[PHP]]></c><c/><c/></r><r><c><![CDATA[PHP_CLASS_DECLARATION]]></c><c><![CDATA[CS_PEAR_SNIFFS_CLASSES_CLASSDECLARATIONSNIFF]]></c><c><![CDATA[PHP]]></c><c/><c/></r><r><c><![CDATA[PHP_CLASS_DEC_INHERITANCE]]></c><c><![CDATA[CS_SQUIZ_SNIFFS_CLASSES_CLASSDECLARATIONSNIFF]]></c><c><![CDATA[PHP]]></c><c/><c/></r><r><c><![CDATA[PHP_COMMENTED_CODE]]></c><c><![CDATA[CS_SQUIZ_SNIFFS_PHP_COMMENTEDOUTCODESNIFF]]></c><c><![CDATA[PHP]]></c><c/><c/></r><r><c><![CDATA[PHP_CORRECT_EOL]]></c><c><![CDATA[CS_GENERIC_SNIFFS_FILES_LINEENDINGSSNIFF]]></c><c><![CDATA[PHP]]></c><c/><c/></r><r><c><![CDATA[PHP_CYCLOMATIC]]></c><c><![CDATA[CS_CAQS_SNIFFS_METRICS_CYCLOMATICCOMPLEXITYSNIFF]]></c><c><![CDATA[PHP]]></c><c/><c/></r><r><c><![CDATA[PHP_DEFAULT_PARAM_VALUE]]></c><c><![CDATA[CS_PEAR_SNIFFS_FUNCTIONS_VALIDDEFAULTVALUESNIFF]]></c><c><![CDATA[PHP]]></c><c/><c/></r><r><c><![CDATA[PHP_DEFINE_SCOPE]]></c><c><![CDATA[CS_SQUIZ_SNIFFS_SCOPE_MEMBERVARSCOPESNIFF]]></c><c><![CDATA[PHP]]></c><c/><c/></r><r><c><![CDATA[PHP_DEFINE_SCOPE]]></c><c><![CDATA[CS_SQUIZ_SNIFFS_SCOPE_METHODSCOPESNIFF]]></c><c><![CDATA[PHP]]></c><c/><c/></r><r><c><![CDATA[PHP_DESTRUCTURATION]]></c><c><![CDATA[CS_CAQS_SNIFFS_METRICS_DESTRUCTURATIONSNIFF]]></c><c><![CDATA[PHP]]></c><c/><c/></r><r><c><![CDATA[PHP_DOUBLE_QUOTE_USE]]></c><c><![CDATA[CS_SQUIZ_SNIFFS_STRINGS_DOUBLEQUOTEUSAGESNIFF]]></c><c><![CDATA[PHP]]></c><c/><c/></r><r><c><![CDATA[PHP_DUPLICATE_ARGUMENTS]]></c><c><![CDATA[CS_SQUIZ_SNIFFS_FUNCTIONS_FUNCTIONDUPLICATEARGUMENTSNIFF]]></c><c><![CDATA[PHP]]></c><c/><c/></r><r><c><![CDATA[PHP_ECHO]]></c><c><![CDATA[CS_SQUIZ_SNIFFS_STRINGS_ECHOEDSTRINGSSNIFF]]></c><c><![CDATA[PHP]]></c><c/><c/></r><r><c><![CDATA[PHP_DOC_FUNCTION]]></c><c><![CDATA[CS_PEAR_SNIFFS_COMMENTING_FUNCTIONCOMMENTSNIFF]]></c><c><![CDATA[PHP]]></c><c/><c/></r><r><c><![CDATA[PLOG]]></c><c><![CDATA[CS_CAQS_SNIFFS_METRICS_CYCLOMATICCOMPLEXITYSNIFF]]></c><c><![CDATA[PHP]]></c><c/><c/></r><r><c><![CDATA[PLOG]]></c><c><![CDATA[CS_CAQS_SNIFFS_METRICS_DESTRUCTURATIONSNIFF]]></c><c><![CDATA[PHP]]></c><c/><c/></r><r><c><![CDATA[PHP_COMPREHENSION]]></c><c><![CDATA[CS_CAQS_SNIFFS_METRICS_CODELINECOUNTSNIFF]]></c><c><![CDATA[PHP]]></c><c/><c/></r><r><c><![CDATA[PHP_COMPREHENSION]]></c><c><![CDATA[CS_CAQS_SNIFFS_METRICS_COMMENTLINECOUNTSNIFF]]></c><c><![CDATA[PHP]]></c><c/><c/></r><r><c><![CDATA[PHP_COMPREHENSION]]></c><c><![CDATA[CS_CAQS_SNIFFS_METRICS_CYCLOMATICCOMPLEXITYSNIFF]]></c><c><![CDATA[PHP]]></c><c/><c/></r><r><c><![CDATA[PHP_EMPTY_CATCH]]></c><c><![CDATA[CS_SQUIZ_SNIFFS_COMMENTING_EMPTYCATCHCOMMENTSNIFF]]></c><c><![CDATA[PHP]]></c><c/><c/></r><r><c><![CDATA[PHP_EVAL_USE]]></c><c><![CDATA[CS_MYSOURCE_SNIFFS_PHP_EVALOBJECTFACTORYSNIFF]]></c><c><![CDATA[PHP]]></c><c/><c/></r><r><c><![CDATA[PHP_EVAL_USE]]></c><c><![CDATA[CS_SQUIZ_SNIFFS_PHP_EVALSNIFF]]></c><c><![CDATA[PHP]]></c><c/><c/></r><r><c><![CDATA[PHP_FORBIDDEN_FUNCTION]]></c><c><![CDATA[CS_GENERIC_SNIFFS_PHP_FORBIDDENFUNCTIONSSNIFF]]></c><c><![CDATA[PHP]]></c><c/><c/></r><r><c><![CDATA[PHP_FUNCTION_DECLARATION_RULES]]></c><c><![CDATA[CS_SQUIZ_SNIFFS_FUNCTIONS_GLOBALFUNCTIONSNIFF]]></c><c><![CDATA[PHP]]></c><c/><c/></r><r><c><![CDATA[PHP_FUNCTION_DECLARATION_RULES]]></c><c><![CDATA[CS_SQUIZ_SNIFFS_PHP_INNERFUNCTIONSSNIFF]]></c><c><![CDATA[PHP]]></c><c/><c/></r></e>