<?xml version="1.0"  encoding="UTF-8"?><e><r><c><![CDATA[DP-GOTO_GOSUB_FOUND]]></c><c/><c/><c/><c/></r><r><c><![CDATA[DP-4000]]></c><c/><c/><c/><c/></r><r><c><![CDATA[DP-1400]]></c><c/><c/><c/><c/></r><r><c><![CDATA[DP-3000]]></c><c/><c/><c/><c/></r><r><c><![CDATA[DP-1404]]></c><c/><c/><c/><c/></r><r><c><![CDATA[DP-2509]]></c><c/><c/><c/><c/></r><r><c><![CDATA[DP-2512]]></c><c/><c/><c/><c/></r><r><c><![CDATA[DP-1367]]></c><c/><c/><c/><c/></r><r><c><![CDATA[DP-1369]]></c><c/><c/><c/><c/></r><r><c><![CDATA[DP-3505]]></c><c/><c/><c/><c/></r><r><c><![CDATA[DP-1247]]></c><c/><c/><c/><c/></r><r><c><![CDATA[DP-2513]]></c><c/><c/><c/><c/></r><r><c><![CDATA[DP-3002]]></c><c/><c/><c/><c/></r><r><c><![CDATA[DP-3004]]></c><c/><c/><c/><c/></r><r><c><![CDATA[DP-3001]]></c><c/><c/><c/><c/></r><r><c><![CDATA[DP-3500]]></c><c/><c/><c/><c/></r><r><c><![CDATA[DP-3502]]></c><c/><c/><c/><c/></r><r><c><![CDATA[DP-3504]]></c><c/><c/><c/><c/></r><r><c><![CDATA[DP-3501]]></c><c/><c/><c/><c/></r><r><c><![CDATA[DP-4012]]></c><c/><c/><c/><c/></r><r><c><![CDATA[DP-1390]]></c><c/><c/><c/><c/></r><r><c><![CDATA[DP-1221]]></c><c/><c/><c/><c/></r><r><c><![CDATA[DP-1401]]></c><c/><c/><c/><c/></r><r><c><![CDATA[DP-1220]]></c><c/><c/><c/><c/></r><r><c><![CDATA[DP-1060]]></c><c/><c/><c/><c/></r><r><c><![CDATA[DP-1009]]></c><c/><c/><c/><c/></r><r><c><![CDATA[DP-1006]]></c><c/><c/><c/><c/></r><r><c><![CDATA[DP-1005]]></c><c/><c/><c/><c/></r><r><c><![CDATA[DP-1023]]></c><c/><c/><c/><c/></r><r><c><![CDATA[DP-1376]]></c><c/><c/><c/><c/></r><r><c><![CDATA[DP-1089]]></c><c/><c/><c/><c/></r><r><c><![CDATA[DP-1362]]></c><c/><c/><c/><c/></r><r><c><![CDATA[DP-1314]]></c><c/><c/><c/><c/></r><r><c><![CDATA[DP-1092]]></c><c/><c/><c/><c/></r><r><c><![CDATA[DP-1084]]></c><c/><c/><c/><c/></r><r><c><![CDATA[DP-2510]]></c><c/><c/><c/><c/></r><r><c><![CDATA[DP-1002]]></c><c/><c/><c/><c/></r><r><c><![CDATA[DP-1039]]></c><c/><c/><c/><c/></r><r><c><![CDATA[DP-4005]]></c><c/><c/><c/><c/></r><r><c><![CDATA[DP-1430]]></c><c/><c/><c/><c/></r><r><c><![CDATA[DP-1286]]></c><c/><c/><c/><c/></r><r><c><![CDATA[DP-4006]]></c><c/><c/><c/><c/></r><r><c><![CDATA[DP-1336]]></c><c/><c/><c/><c/></r><r><c><![CDATA[DP-2511]]></c><c/><c/><c/><c/></r><r><c><![CDATA[DP-1323]]></c><c/><c/><c/><c/></r><r><c><![CDATA[DP-1396]]></c><c/><c/><c/><c/></r><r><c><![CDATA[DP-4003]]></c><c/><c/><c/><c/></r><r><c><![CDATA[DP-1076]]></c><c/><c/><c/><c/></r><r><c><![CDATA[DP-1389]]></c><c/><c/><c/><c/></r><r><c><![CDATA[DP-1091]]></c><c/><c/><c/><c/></r><r><c><![CDATA[DP-1275]]></c><c/><c/><c/><c/></r><r><c><![CDATA[DP-1290]]></c><c/><c/><c/><c/></r><r><c><![CDATA[DP-1097]]></c><c/><c/><c/><c/></r><r><c><![CDATA[DP-1043]]></c><c/><c/><c/><c/></r><r><c><![CDATA[DP-1057]]></c><c/><c/><c/><c/></r><r><c><![CDATA[DP-1056]]></c><c/><c/><c/><c/></r><r><c><![CDATA[DP-1061]]></c><c/><c/><c/><c/></r><r><c><![CDATA[DP-2501]]></c><c/><c/><c/><c/></r><r><c><![CDATA[DP-STRING_RULES]]></c><c/><c/><c/><c/></r><r><c><![CDATA[DP-2514]]></c><c/><c/><c/><c/></r><r><c><![CDATA[DP-1007]]></c><c/><c/><c/><c/></r><r><c><![CDATA[DP-1330]]></c><c/><c/><c/><c/></r><r><c><![CDATA[DP-1381]]></c><c/><c/><c/><c/></r><r><c><![CDATA[DP-4002]]></c><c/><c/><c/><c/></r><r><c><![CDATA[DP-1010]]></c><c/><c/><c/><c/></r><r><c><![CDATA[DP-1236]]></c><c/><c/><c/><c/></r><r><c><![CDATA[DP-1398]]></c><c/><c/><c/><c/></r><r><c><![CDATA[DP-1078]]></c><c/><c/><c/><c/></r><r><c><![CDATA[DP-1304]]></c><c/><c/><c/><c/></r><r><c><![CDATA[DP-2502]]></c><c/><c/><c/><c/></r><r><c><![CDATA[DP-1371]]></c><c/><c/><c/><c/></r><r><c><![CDATA[DP-1050]]></c><c/><c/><c/><c/></r><r><c><![CDATA[DP-1021]]></c><c/><c/><c/><c/></r><r><c><![CDATA[DP-3503]]></c><c/><c/><c/><c/></r><r><c><![CDATA[DP-1395]]></c><c/><c/><c/><c/></r><r><c><![CDATA[DP-4001]]></c><c/><c/><c/><c/></r><r><c><![CDATA[DP-4009]]></c><c/><c/><c/><c/></r><r><c><![CDATA[DP-1377]]></c><c/><c/><c/><c/></r><r><c><![CDATA[DP-LEFT_MID_RIGHT_RULES]]></c><c/><c/><c/><c/></r><r><c><![CDATA[DP-LITERAL_HARDCODED_RULES]]></c><c/><c/><c/><c/></r><r><c><![CDATA[DP-ODBC_RULES]]></c><c/><c/><c/><c/></r><r><c><![CDATA[DP-OPTION_COMPARE_RULES]]></c><c/><c/><c/><c/></r><r><c><![CDATA[DP-OPTION_RULES]]></c><c/><c/><c/><c/></r><r><c><![CDATA[DP-STILL_EXECUTING_RULES]]></c><c/><c/><c/><c/></r><r><c><![CDATA[DP-USER_DEFINED_TYPE_OR_COLLECTION]]></c><c/><c/><c/><c/></r><r><c><![CDATA[COMPLEXITY]]></c><c><![CDATA[2006-07-20 00:00:00]]></c><c><![CDATA[2008-07-22 17:19:08]]></c><c><![CDATA[2006-07-20 00:00:00]]></c><c/></r><r><c><![CDATA[COMP]]></c><c><![CDATA[2006-11-15 15:39:43]]></c><c/><c><![CDATA[2006-11-15 15:39:43]]></c><c/></r><r><c><![CDATA[TPRO]]></c><c><![CDATA[2006-11-15 00:00:00]]></c><c/><c><![CDATA[2006-11-15 00:00:00]]></c><c/></r><r><c><![CDATA[DP-OBSOLETEDAOMETHOD]]></c><c/><c/><c/><c/></r><r><c><![CDATA[DP-VB4OBSOLETEDAOMETHOD]]></c><c/><c/><c/><c/></r><r><c><![CDATA[DP-1159]]></c><c/><c/><c/><c/></r><r><c><![CDATA[DP-1104]]></c><c/><c/><c/><c/></r><r><c><![CDATA[DP-GRID_RULES]]></c><c/><c/><c/><c/></r><r><c><![CDATA[DP-1025]]></c><c/><c/><c/><c/></r><r><c><![CDATA[DP-OBJECT_RULES]]></c><c/><c/><c/><c/></r><r><c><![CDATA[DP-DATETIME_RULES]]></c><c/><c/><c/><c/></r><r><c><![CDATA[DP-DIM_AS_RULES]]></c><c/><c/><c/><c/></r><r><c><![CDATA[DP-DIR_RULES]]></c><c/><c/><c/><c/></r><r><c><![CDATA[DP-1015]]></c><c/><c/><c/><c/></r><r><c><![CDATA[DP-1029]]></c><c/><c/><c/><c/></r><r><c><![CDATA[DP-REMOTE_UPDATE_RULES]]></c><c/><c/><c/><c/></r><r><c><![CDATA[DP-1052]]></c><c/><c/><c/><c/></r><r><c><![CDATA[DP-1368]]></c><c/><c/><c/><c/></r><r><c><![CDATA[DP-4013]]></c><c/><c/><c/><c/></r><r><c><![CDATA[DP-1392]]></c><c/><c/><c/><c/></r><r><c><![CDATA[DP-1302]]></c><c/><c/><c/><c/></r><r><c><![CDATA[DP-1338]]></c><c/><c/><c/><c/></r><r><c><![CDATA[DP-1337]]></c><c/><c/><c/><c/></r><r><c><![CDATA[DP-1394]]></c><c/><c/><c/><c/></r><r><c><![CDATA[DP-FORM_RULES]]></c><c/><c/><c/><c/></r><r><c><![CDATA[DP-CLS_MODULE_DESC_HELP]]></c><c/><c/><c/><c/></r><r><c><![CDATA[DP-1171]]></c><c/><c/><c/><c/></r><r><c><![CDATA[DP-1172]]></c><c/><c/><c/><c/></r><r><c><![CDATA[DP-1173]]></c><c/><c/><c/><c/></r><r><c><![CDATA[DP-CLOSE_STMT_RULES]]></c><c/><c/><c/><c/></r><r><c><![CDATA[DP-1157]]></c><c/><c/><c/><c/></r><r><c><![CDATA[DP-1397]]></c><c/><c/><c/><c/></r><r><c><![CDATA[DP-1017]]></c><c/><c/><c/><c/></r><r><c><![CDATA[DP-4011]]></c><c/><c/><c/><c/></r><r><c><![CDATA[DP-1382]]></c><c/><c/><c/><c/></r><r><c><![CDATA[DP-1030]]></c><c/><c/><c/><c/></r><r><c><![CDATA[DP-2503]]></c><c/><c/><c/><c/></r><r><c><![CDATA[DP-4004]]></c><c/><c/><c/><c/></r><r><c><![CDATA[DP-1375]]></c><c/><c/><c/><c/></r><r><c><![CDATA[DP-1218]]></c><c/><c/><c/><c/></r><r><c><![CDATA[DP-1279]]></c><c/><c/><c/><c/></r><r><c><![CDATA[DP-1280]]></c><c/><c/><c/><c/></r><r><c><![CDATA[DP-1399]]></c><c/><c/><c/><c/></r><r><c><![CDATA[DP-1402]]></c><c/><c/><c/><c/></r><r><c><![CDATA[DP-1348]]></c><c/><c/><c/><c/></r><r><c><![CDATA[DP-2015]]></c><c/><c/><c/><c/></r><r><c><![CDATA[DP-1311]]></c><c/><c/><c/><c/></r><r><c><![CDATA[DP-1022]]></c><c/><c/><c/><c/></r><r><c><![CDATA[DP-INPUT_VARIANT_RULES]]></c><c/><c/><c/><c/></r><r><c><![CDATA[DP-1051]]></c><c/><c/><c/><c/></r><r><c><![CDATA[DP-1289]]></c><c/><c/><c/><c/></r><r><c><![CDATA[DP-2508]]></c><c/><c/><c/><c/></r><r><c><![CDATA[DP-3003]]></c><c/><c/><c/><c/></r><r><c><![CDATA[DP-1062]]></c><c/><c/><c/><c/></r><r><c><![CDATA[DP-1350]]></c><c/><c/><c/><c/></r><r><c><![CDATA[DP-1352]]></c><c/><c/><c/><c/></r><r><c><![CDATA[DP-1219]]></c><c/><c/><c/><c/></r><r><c><![CDATA[DP-1166]]></c><c/><c/><c/><c/></r><r><c><![CDATA[DP-4010]]></c><c/><c/><c/><c/></r><r><c><![CDATA[DP-2505]]></c><c/><c/><c/><c/></r><r><c><![CDATA[DP-LOOP_RULES]]></c><c/><c/><c/><c/></r><r><c><![CDATA[DP-1309]]></c><c/><c/><c/><c/></r><r><c><![CDATA[DP-1174]]></c><c/><c/><c/><c/></r><r><c><![CDATA[DP-1154]]></c><c/><c/><c/><c/></r><r><c><![CDATA[DP-4007]]></c><c/><c/><c/><c/></r></e>