<?xml version="1.0"  encoding="UTF-8"?><e><r><c><![CDATA[modele]]></c><c><![CDATA[compl]]></c><c><![CDATA[STANDARD-VB6]]></c><c><![CDATA[en]]></c><c><![CDATA[Standard VB6]]></c></r><r><c><![CDATA[modele]]></c><c><![CDATA[compl]]></c><c><![CDATA[STANDARD-VB6]]></c><c><![CDATA[fr]]></c><c><![CDATA[Standard VB6]]></c></r><r><c><![CDATA[modele]]></c><c><![CDATA[desc]]></c><c><![CDATA[STANDARD-VB6]]></c><c><![CDATA[en]]></c><c><![CDATA[Standard VB6]]></c></r><r><c><![CDATA[modele]]></c><c><![CDATA[desc]]></c><c><![CDATA[STANDARD-VB6]]></c><c><![CDATA[es]]></c><c><![CDATA[STANDARD-VB6]]></c></r><r><c><![CDATA[modele]]></c><c><![CDATA[desc]]></c><c><![CDATA[STANDARD-VB6]]></c><c><![CDATA[fr]]></c><c><![CDATA[Standard VB6]]></c></r><r><c><![CDATA[modele]]></c><c><![CDATA[lib]]></c><c><![CDATA[STANDARD-VB6]]></c><c><![CDATA[en]]></c><c><![CDATA[Standard VB6]]></c></r><r><c><![CDATA[modele]]></c><c><![CDATA[lib]]></c><c><![CDATA[STANDARD-VB6]]></c><c><![CDATA[es]]></c><c><![CDATA[STANDARD-VB6]]></c></r><r><c><![CDATA[modele]]></c><c><![CDATA[lib]]></c><c><![CDATA[STANDARD-VB6]]></c><c><![CDATA[fr]]></c><c><![CDATA[Standard VB6]]></c></r></e>