<?xml version="1.0"  encoding="UTF-8"?><e><r><c><![CDATA[facteur]]></c><c><![CDATA[compl]]></c><c><![CDATA[MAIN]]></c><c><![CDATA[en]]></c><c><![CDATA[MAIN]]></c></r><r><c><![CDATA[facteur]]></c><c><![CDATA[compl]]></c><c><![CDATA[MAIN]]></c><c><![CDATA[fr]]></c><c><![CDATA[MAIN]]></c></r><r><c><![CDATA[facteur]]></c><c><![CDATA[compl]]></c><c><![CDATA[WEB]]></c><c><![CDATA[en]]></c><c><![CDATA[WEB]]></c></r><r><c><![CDATA[facteur]]></c><c><![CDATA[compl]]></c><c><![CDATA[WEB]]></c><c><![CDATA[fr]]></c><c><![CDATA[WEB]]></c></r><r><c><![CDATA[facteur]]></c><c><![CDATA[desc]]></c><c><![CDATA[DESIGNTIMEPROPERTIES]]></c><c><![CDATA[fr]]></c><c><![CDATA[Design Time Properties]]></c></r><r><c><![CDATA[facteur]]></c><c><![CDATA[desc]]></c><c><![CDATA[INTERNATIONALIZATION]]></c><c><![CDATA[fr]]></c><c><![CDATA[Internationalisation]]></c></r><r><c><![CDATA[facteur]]></c><c><![CDATA[desc]]></c><c><![CDATA[MAIN]]></c><c><![CDATA[en]]></c><c><![CDATA[Evaluating the ability to make changes with minimal side effects.]]></c></r><r><c><![CDATA[facteur]]></c><c><![CDATA[desc]]></c><c><![CDATA[MAIN]]></c><c><![CDATA[fr]]></c><c><![CDATA[Cet objectif a pour but d'évaluer l'aptitude de l'application à être réparée et à évoluer.]]></c></r><r><c><![CDATA[facteur]]></c><c><![CDATA[desc]]></c><c><![CDATA[PERFORMANCES]]></c><c><![CDATA[en]]></c><c><![CDATA[Evaluating the ability to run the application efficiently, and to determine which sections of a program to optimize, usually either to increase its speed or decrease its memory requirement (or sometimes both).]]></c></r><r><c><![CDATA[facteur]]></c><c><![CDATA[desc]]></c><c><![CDATA[PERFORMANCES]]></c><c><![CDATA[fr]]></c><c><![CDATA[Performances]]></c></r><r><c><![CDATA[facteur]]></c><c><![CDATA[desc]]></c><c><![CDATA[PORTABILITY]]></c><c><![CDATA[en]]></c><c><![CDATA[Evaluating the ease to port the application to other environments]]></c></r><r><c><![CDATA[facteur]]></c><c><![CDATA[desc]]></c><c><![CDATA[PORTABILITY]]></c><c><![CDATA[fr]]></c><c><![CDATA[Cet objectif a pour but d'évaluer la capacité d'une application à s'exécuter avec un minimum de modifications sur plusieurs systèmes.]]></c></r><r><c><![CDATA[facteur]]></c><c><![CDATA[desc]]></c><c><![CDATA[WEB]]></c><c><![CDATA[en]]></c><c><![CDATA[WEB]]></c></r><r><c><![CDATA[facteur]]></c><c><![CDATA[desc]]></c><c><![CDATA[WEB]]></c><c><![CDATA[fr]]></c><c><![CDATA[Ensemble des règles inhérentes aux aspects de présentation de type web.]]></c></r><r><c><![CDATA[facteur]]></c><c><![CDATA[lib]]></c><c><![CDATA[DESIGNTIMEPROPERTIES]]></c><c><![CDATA[en]]></c><c><![CDATA[Design Time Properties]]></c></r><r><c><![CDATA[facteur]]></c><c><![CDATA[lib]]></c><c><![CDATA[DESIGNTIMEPROPERTIES]]></c><c><![CDATA[fr]]></c><c><![CDATA[Design Time Properties]]></c></r><r><c><![CDATA[facteur]]></c><c><![CDATA[lib]]></c><c><![CDATA[INTERNATIONALIZATION]]></c><c><![CDATA[en]]></c><c><![CDATA[Internationalization]]></c></r><r><c><![CDATA[facteur]]></c><c><![CDATA[lib]]></c><c><![CDATA[INTERNATIONALIZATION]]></c><c><![CDATA[fr]]></c><c><![CDATA[Internationalisation]]></c></r><r><c><![CDATA[facteur]]></c><c><![CDATA[lib]]></c><c><![CDATA[MAIN]]></c><c><![CDATA[en]]></c><c><![CDATA[Maintainability]]></c></r><r><c><![CDATA[facteur]]></c><c><![CDATA[lib]]></c><c><![CDATA[MAIN]]></c><c><![CDATA[fr]]></c><c><![CDATA[Maintenabilité]]></c></r><r><c><![CDATA[facteur]]></c><c><![CDATA[lib]]></c><c><![CDATA[PERFORMANCES]]></c><c><![CDATA[en]]></c><c><![CDATA[Performances]]></c></r><r><c><![CDATA[facteur]]></c><c><![CDATA[lib]]></c><c><![CDATA[PERFORMANCES]]></c><c><![CDATA[fr]]></c><c><![CDATA[Performances]]></c></r><r><c><![CDATA[facteur]]></c><c><![CDATA[lib]]></c><c><![CDATA[PORTABILITY]]></c><c><![CDATA[en]]></c><c><![CDATA[Portability]]></c></r><r><c><![CDATA[facteur]]></c><c><![CDATA[lib]]></c><c><![CDATA[PORTABILITY]]></c><c><![CDATA[fr]]></c><c><![CDATA[Portabilité]]></c></r><r><c><![CDATA[facteur]]></c><c><![CDATA[lib]]></c><c><![CDATA[WEB]]></c><c><![CDATA[en]]></c><c><![CDATA[WEB]]></c></r><r><c><![CDATA[facteur]]></c><c><![CDATA[lib]]></c><c><![CDATA[WEB]]></c><c><![CDATA[fr]]></c><c><![CDATA[Web]]></c></r></e>