<?xml version="1.0" encoding="UTF-8"?>
<METHOD xmlns="http://www.w3schools.com">
  <USAGE xmlns="" id="STANDARD-VB6">
    <CRITDEF id="DP-1009">
      <AGGREG id="EXCLUS" telt="ALL" />
      <FORMULA value="1">
        <OP id="gt" type="BOOLEAN">
          <VAR id="DP-1009" type="NUMERIC" />
          <VAL value="0" type="NUMERIC" />
        </OP>
      </FORMULA>
      <FORMULA value="4">
        <VAL value="true" type="BOOLEAN" />
      </FORMULA>
    </CRITDEF>
    <CRITDEF id="DP-4010">
      <AGGREG id="EXCLUS" telt="ALL" />
      <FORMULA value="1">
        <OP id="gt" type="BOOLEAN">
          <VAR id="DP-4010" type="NUMERIC" />
          <VAL value="0" type="NUMERIC" />
        </OP>
      </FORMULA>
      <FORMULA value="4">
        <VAL value="true" type="BOOLEAN" />
      </FORMULA>
    </CRITDEF>
    <CRITDEF id="DP-1030">
      <AGGREG id="EXCLUS" telt="ALL" />
      <FORMULA value="1">
        <OP id="gt" type="BOOLEAN">
          <VAR id="DP-1030" type="NUMERIC" />
          <VAL value="0" type="NUMERIC" />
        </OP>
      </FORMULA>
      <FORMULA value="4">
        <VAL value="true" type="BOOLEAN" />
      </FORMULA>
    </CRITDEF>
    <CRITDEF id="DP-1343">
      <AGGREG id="EXCLUS" telt="ALL" />
      <FORMULA value="1">
        <OP id="gt" type="BOOLEAN">
          <VAR id="DP-1343" type="NUMERIC" />
          <VAL value="0" type="NUMERIC" />
        </OP>
      </FORMULA>
      <FORMULA value="4">
        <VAL value="true" type="BOOLEAN" />
      </FORMULA>
    </CRITDEF>
    <CRITDEF id="DP-1393">
      <AGGREG id="EXCLUS" telt="ALL" />
      <FORMULA value="1">
        <OP id="gt" type="BOOLEAN">
          <VAR id="DP-1393" type="NUMERIC" />
          <VAL value="0" type="NUMERIC" />
        </OP>
      </FORMULA>
      <FORMULA value="4">
        <VAL value="true" type="BOOLEAN" />
      </FORMULA>
    </CRITDEF>
    <CRITDEF id="DP-4004">
      <AGGREG id="EXCLUS" telt="ALL">
        <PARAM id="DEFAULT" value="4.0" type="NUMERIC" />
        <PARAM id="VALUE_EXCLUS" value="2.0" type="NUMERIC" />
      </AGGREG>
      <FORMULA value="2">
        <OP id="gt" type="BOOLEAN">
          <VAR id="DP-4004" type="NUMERIC" />
          <VAL value="0" type="NUMERIC" />
        </OP>
      </FORMULA>
      <FORMULA value="4">
        <VAL value="true" type="BOOLEAN" />
      </FORMULA>
    </CRITDEF>
    <CRITDEF id="DP-1289">
      <AGGREG id="EXCLUS" telt="ALL" />
      <FORMULA value="1">
        <OP id="gt" type="BOOLEAN">
          <VAR id="DP-1289" type="NUMERIC" />
          <VAL value="0" type="NUMERIC" />
        </OP>
      </FORMULA>
      <FORMULA value="4">
        <VAL value="true" type="BOOLEAN" />
      </FORMULA>
    </CRITDEF>
    <CRITDEF id="DP-1272">
      <AGGREG id="EXCLUS" telt="ALL">
        <PARAM id="DEFAULT" value="4.0" type="NUMERIC" />
        <PARAM id="VALUE_EXCLUS" value="2.0" type="NUMERIC" />
      </AGGREG>
      <FORMULA value="2">
        <OP id="gt" type="BOOLEAN">
          <VAR id="DP-1272" type="NUMERIC" />
          <VAL value="0" type="NUMERIC" />
        </OP>
      </FORMULA>
      <FORMULA value="4">
        <VAL value="true" type="BOOLEAN" />
      </FORMULA>
    </CRITDEF>
    <CRITDEF id="DP-1403">
      <AGGREG id="EXCLUS" telt="ALL" />
      <FORMULA value="1">
        <OP id="gt" type="BOOLEAN">
          <VAR id="DP-1403" type="NUMERIC" />
          <VAL value="0" type="NUMERIC" />
        </OP>
      </FORMULA>
      <FORMULA value="4">
        <VAL value="true" type="BOOLEAN" />
      </FORMULA>
    </CRITDEF>
    <CRITDEF id="DP-GETMENUCALL">
      <AGGREG id="EXCLUS" telt="ALL" />
      <FORMULA value="1">
        <OP id="gt" type="BOOLEAN">
          <VAR id="DP-5206" type="NUMERIC" />
          <VAL value="0" type="NUMERIC" />
        </OP>
      </FORMULA>
      <FORMULA value="1">
        <OP id="gt" type="BOOLEAN">
          <VAR id="DP-5207" type="NUMERIC" />
          <VAL value="0" type="NUMERIC" />
        </OP>
      </FORMULA>
      <FORMULA value="1">
        <OP id="gt" type="BOOLEAN">
          <VAR id="DP-5208" type="NUMERIC" />
          <VAL value="0" type="NUMERIC" />
        </OP>
      </FORMULA>
      <FORMULA value="1">
        <OP id="gt" type="BOOLEAN">
          <VAR id="DP-5209" type="NUMERIC" />
          <VAL value="0" type="NUMERIC" />
        </OP>
      </FORMULA>
      <FORMULA value="4">
        <VAL value="true" type="BOOLEAN" />
      </FORMULA>
    </CRITDEF>
    <CRITDEF id="DP-1389">
      <AGGREG id="EXCLUS" telt="ALL" />
      <FORMULA value="1">
        <OP id="gt" type="BOOLEAN">
          <VAR id="DP-1389" type="NUMERIC" />
          <VAL value="0" type="NUMERIC" />
        </OP>
      </FORMULA>
      <FORMULA value="4">
        <VAL value="true" type="BOOLEAN" />
      </FORMULA>
    </CRITDEF>
    <CRITDEF id="DP-1345">
      <AGGREG id="EXCLUS" telt="ALL" />
      <FORMULA value="1">
        <OP id="gt" type="BOOLEAN">
          <VAR id="DP-1345" type="NUMERIC" />
          <VAL value="0" type="NUMERIC" />
        </OP>
      </FORMULA>
      <FORMULA value="4">
        <VAL value="true" type="BOOLEAN" />
      </FORMULA>
    </CRITDEF>
    <CRITDEF id="DP-USER_DEFINED_TYPE_OR_COLLECTION">
      <AGGREG id="EXCLUS_AVG" telt="ALL" />
      <FORMULA value="2">
        <OP id="gt" type="BOOLEAN">
          <VAR id="DP-1335" type="NUMERIC" />
          <VAL value="0" type="NUMERIC" />
        </OP>
      </FORMULA>
      <FORMULA value="1">
        <OP id="gt" type="BOOLEAN">
          <VAR id="DP-1094" type="NUMERIC" />
          <VAL value="0" type="NUMERIC" />
        </OP>
      </FORMULA>
      <FORMULA value="1">
        <OP id="gt" type="BOOLEAN">
          <VAR id="DP-1312" type="NUMERIC" />
          <VAL value="0" type="NUMERIC" />
        </OP>
      </FORMULA>
      <FORMULA value="4">
        <VAL value="true" type="BOOLEAN" />
      </FORMULA>
    </CRITDEF>
    <CRITDEF id="DP-1174">
      <AGGREG id="EXCLUS" telt="ALL" />
      <FORMULA value="1">
        <OP id="gt" type="BOOLEAN">
          <VAR id="DP-1174" type="NUMERIC" />
          <VAL value="0" type="NUMERIC" />
        </OP>
      </FORMULA>
      <FORMULA value="4">
        <VAL value="true" type="BOOLEAN" />
      </FORMULA>
    </CRITDEF>
    <CRITDEF id="DP-1340">
      <AGGREG id="EXCLUS" telt="ALL" />
      <FORMULA value="1">
        <OP id="gt" type="BOOLEAN">
          <VAR id="DP-1340" type="NUMERIC" />
          <VAL value="0" type="NUMERIC" />
        </OP>
      </FORMULA>
      <FORMULA value="4">
        <VAL value="true" type="BOOLEAN" />
      </FORMULA>
    </CRITDEF>
    <CRITDEF id="DP-2012">
      <AGGREG id="EXCLUS" telt="ALL">
        <PARAM id="DEFAULT" value="4.0" type="NUMERIC" />
        <PARAM id="VALUE_EXCLUS" value="2.0" type="NUMERIC" />
      </AGGREG>
      <FORMULA value="2">
        <OP id="gt" type="BOOLEAN">
          <VAR id="DP-2012" type="NUMERIC" />
          <VAL value="0" type="NUMERIC" />
        </OP>
      </FORMULA>
      <FORMULA value="4">
        <VAL value="true" type="BOOLEAN" />
      </FORMULA>
    </CRITDEF>
    <CRITDEF id="DP-1401">
      <AGGREG id="EXCLUS" telt="ALL" />
      <FORMULA value="1">
        <OP id="gt" type="BOOLEAN">
          <VAR id="DP-1401" type="NUMERIC" />
          <VAL value="0" type="NUMERIC" />
        </OP>
      </FORMULA>
      <FORMULA value="4">
        <VAL value="true" type="BOOLEAN" />
      </FORMULA>
    </CRITDEF>
    <CRITDEF id="DP-STILL_EXECUTING_RULES">
      <AGGREG id="EXCLUS" telt="ALL" />
      <FORMULA value="1">
        <OP id="gt" type="BOOLEAN">
          <VAR id="DP-1406" type="NUMERIC" />
          <VAL value="0" type="NUMERIC" />
        </OP>
      </FORMULA>
      <FORMULA value="1">
        <OP id="gt" type="BOOLEAN">
          <VAR id="DP-1391" type="NUMERIC" />
          <VAL value="0" type="NUMERIC" />
        </OP>
      </FORMULA>
      <FORMULA value="4">
        <VAL value="true" type="BOOLEAN" />
      </FORMULA>
    </CRITDEF>
    <CRITDEF id="DP-1368">
      <AGGREG id="EXCLUS" telt="ALL">
        <PARAM id="DEFAULT" value="4.0" type="NUMERIC" />
        <PARAM id="VALUE_EXCLUS" value="2.0" type="NUMERIC" />
      </AGGREG>
      <FORMULA value="2">
        <OP id="gt" type="BOOLEAN">
          <VAR id="DP-1368" type="NUMERIC" />
          <VAL value="0" type="NUMERIC" />
        </OP>
      </FORMULA>
      <FORMULA value="4">
        <VAL value="true" type="BOOLEAN" />
      </FORMULA>
    </CRITDEF>
    <CRITDEF id="DP-2508">
      <AGGREG id="EXCLUS" telt="ALL" />
      <FORMULA value="1">
        <OP id="gt" type="BOOLEAN">
          <VAR id="DP-2508" type="NUMERIC" />
          <VAL value="0" type="NUMERIC" />
        </OP>
      </FORMULA>
      <FORMULA value="4">
        <VAL value="true" type="BOOLEAN" />
      </FORMULA>
    </CRITDEF>
    <CRITDEF id="DP-2510">
      <AGGREG id="EXCLUS" telt="ALL" />
      <FORMULA value="1">
        <OP id="gt" type="BOOLEAN">
          <VAR id="DP-2510" type="NUMERIC" />
          <VAL value="0" type="NUMERIC" />
        </OP>
      </FORMULA>
      <FORMULA value="4">
        <VAL value="true" type="BOOLEAN" />
      </FORMULA>
    </CRITDEF>
    <CRITDEF id="DP-4012">
      <AGGREG id="EXCLUS" telt="ALL" />
      <FORMULA value="1">
        <OP id="gt" type="BOOLEAN">
          <VAR id="DP-4012" type="NUMERIC" />
          <VAL value="0" type="NUMERIC" />
        </OP>
      </FORMULA>
      <FORMULA value="4">
        <VAL value="true" type="BOOLEAN" />
      </FORMULA>
    </CRITDEF>
    <CRITDEF id="DP-1219">
      <AGGREG id="EXCLUS" telt="ALL" />
      <FORMULA value="1">
        <OP id="gt" type="BOOLEAN">
          <VAR id="DP-1219" type="NUMERIC" />
          <VAL value="0" type="NUMERIC" />
        </OP>
      </FORMULA>
      <FORMULA value="4">
        <VAL value="true" type="BOOLEAN" />
      </FORMULA>
    </CRITDEF>
    <CRITDEF id="DP-1172">
      <AGGREG id="EXCLUS" telt="ALL" />
      <FORMULA value="1">
        <OP id="gt" type="BOOLEAN">
          <VAR id="DP-1172" type="NUMERIC" />
          <VAL value="0" type="NUMERIC" />
        </OP>
      </FORMULA>
      <FORMULA value="4">
        <VAL value="true" type="BOOLEAN" />
      </FORMULA>
    </CRITDEF>
    <CRITDEF id="DP-1089">
      <AGGREG id="EXCLUS" telt="ALL" />
      <FORMULA value="1">
        <OP id="gt" type="BOOLEAN">
          <VAR id="DP-1089" type="NUMERIC" />
          <VAL value="0" type="NUMERIC" />
        </OP>
      </FORMULA>
      <FORMULA value="4">
        <VAL value="true" type="BOOLEAN" />
      </FORMULA>
    </CRITDEF>
    <CRITDEF id="DP-ODBC_RULES">
      <AGGREG id="EXCLUS" telt="ALL" />
      <FORMULA value="1">
        <OP id="gt" type="BOOLEAN">
          <VAR id="DP-1363" type="NUMERIC" />
          <VAL value="0" type="NUMERIC" />
        </OP>
      </FORMULA>
      <FORMULA value="1">
        <OP id="gt" type="BOOLEAN">
          <VAR id="DP-1364" type="NUMERIC" />
          <VAL value="0" type="NUMERIC" />
        </OP>
      </FORMULA>
      <FORMULA value="1">
        <OP id="gt" type="BOOLEAN">
          <VAR id="DP-1365" type="NUMERIC" />
          <VAL value="0" type="NUMERIC" />
        </OP>
      </FORMULA>
      <FORMULA value="4">
        <VAL value="true" type="BOOLEAN" />
      </FORMULA>
    </CRITDEF>
    <CRITDEF id="DP-1076">
      <AGGREG id="EXCLUS" telt="ALL">
        <PARAM id="DEFAULT" value="4.0" type="NUMERIC" />
        <PARAM id="VALUE_EXCLUS" value="2.0" type="NUMERIC" />
      </AGGREG>
      <FORMULA value="2">
        <OP id="gt" type="BOOLEAN">
          <VAR id="DP-1076" type="NUMERIC" />
          <VAL value="0" type="NUMERIC" />
        </OP>
      </FORMULA>
      <FORMULA value="4">
        <VAL value="true" type="BOOLEAN" />
      </FORMULA>
    </CRITDEF>
    <CRITDEF id="DP-2010">
      <AGGREG id="EXCLUS" telt="ALL">
        <PARAM id="DEFAULT" value="4.0" type="NUMERIC" />
        <PARAM id="VALUE_EXCLUS" value="2.0" type="NUMERIC" />
      </AGGREG>
      <FORMULA value="2">
        <OP id="gt" type="BOOLEAN">
          <VAR id="DP-2010" type="NUMERIC" />
          <VAL value="0" type="NUMERIC" />
        </OP>
      </FORMULA>
      <FORMULA value="4">
        <VAL value="true" type="BOOLEAN" />
      </FORMULA>
    </CRITDEF>
    <CRITDEF id="DP-2014">
      <AGGREG id="EXCLUS" telt="ALL">
        <PARAM id="DEFAULT" value="4.0" type="NUMERIC" />
        <PARAM id="VALUE_EXCLUS" value="2.0" type="NUMERIC" />
      </AGGREG>
      <FORMULA value="2">
        <OP id="gt" type="BOOLEAN">
          <VAR id="DP-2014" type="NUMERIC" />
          <VAL value="0" type="NUMERIC" />
        </OP>
      </FORMULA>
      <FORMULA value="4">
        <VAL value="true" type="BOOLEAN" />
      </FORMULA>
    </CRITDEF>
    <CRITDEF id="DP-1091">
      <AGGREG id="EXCLUS" telt="ALL" />
      <FORMULA value="1">
        <OP id="gt" type="BOOLEAN">
          <VAR id="DP-1091" type="NUMERIC" />
          <VAL value="0" type="NUMERIC" />
        </OP>
      </FORMULA>
      <FORMULA value="4">
        <VAL value="true" type="BOOLEAN" />
      </FORMULA>
    </CRITDEF>
    <CRITDEF id="DP-1078">
      <AGGREG id="EXCLUS" telt="ALL" />
      <FORMULA value="1">
        <OP id="gt" type="BOOLEAN">
          <VAR id="DP-1078" type="NUMERIC" />
          <VAL value="0" type="NUMERIC" />
        </OP>
      </FORMULA>
      <FORMULA value="4">
        <VAL value="true" type="BOOLEAN" />
      </FORMULA>
    </CRITDEF>
    <CRITDEF id="DP-1051">
      <AGGREG id="EXCLUS" telt="ALL" />
      <FORMULA value="1">
        <OP id="gt" type="BOOLEAN">
          <VAR id="DP-1051" type="NUMERIC" />
          <VAL value="0" type="NUMERIC" />
        </OP>
      </FORMULA>
      <FORMULA value="4">
        <VAL value="true" type="BOOLEAN" />
      </FORMULA>
    </CRITDEF>
    <CRITDEF id="DP-3004">
      <AGGREG id="EXCLUS" telt="ALL">
        <PARAM id="DEFAULT" value="4.0" type="NUMERIC" />
        <PARAM id="VALUE_EXCLUS" value="2.0" type="NUMERIC" />
      </AGGREG>
      <FORMULA value="2">
        <OP id="gt" type="BOOLEAN">
          <VAR id="DP-3004" type="NUMERIC" />
          <VAL value="0" type="NUMERIC" />
        </OP>
      </FORMULA>
      <FORMULA value="4">
        <VAL value="true" type="BOOLEAN" />
      </FORMULA>
    </CRITDEF>
    <CRITDEF id="DP-1058">
      <AGGREG id="EXCLUS" telt="ALL" />
      <FORMULA value="1">
        <OP id="gt" type="BOOLEAN">
          <VAR id="DP-1058" type="NUMERIC" />
          <VAL value="0" type="NUMERIC" />
        </OP>
      </FORMULA>
      <FORMULA value="4">
        <VAL value="true" type="BOOLEAN" />
      </FORMULA>
    </CRITDEF>
    <CRITDEF id="DP-GRID_RULES">
      <AGGREG id="EXCLUS" telt="ALL" />
      <FORMULA value="1">
        <OP id="gt" type="BOOLEAN">
          <VAR id="DP-1316" type="NUMERIC" />
          <VAL value="0" type="NUMERIC" />
        </OP>
      </FORMULA>
      <FORMULA value="1">
        <OP id="gt" type="BOOLEAN">
          <VAR id="DP-1317" type="NUMERIC" />
          <VAL value="0" type="NUMERIC" />
        </OP>
      </FORMULA>
      <FORMULA value="4">
        <VAL value="true" type="BOOLEAN" />
      </FORMULA>
    </CRITDEF>
    <CRITDEF id="DP-OPTION_COMPARE_RULES">
      <AGGREG id="EXCLUS" telt="ALL" />
      <FORMULA value="1">
        <OP id="gt" type="BOOLEAN">
          <VAR id="DP-2507" type="NUMERIC" />
          <VAL value="0" type="NUMERIC" />
        </OP>
      </FORMULA>
      <FORMULA value="1">
        <OP id="gt" type="BOOLEAN">
          <VAR id="DP-2506" type="NUMERIC" />
          <VAL value="0" type="NUMERIC" />
        </OP>
      </FORMULA>
      <FORMULA value="4">
        <VAL value="true" type="BOOLEAN" />
      </FORMULA>
    </CRITDEF>
    <CRITDEF id="DP-1056">
      <AGGREG id="EXCLUS" telt="ALL" />
      <FORMULA value="1">
        <OP id="gt" type="BOOLEAN">
          <VAR id="DP-1056" type="NUMERIC" />
          <VAL value="0" type="NUMERIC" />
        </OP>
      </FORMULA>
      <FORMULA value="4">
        <VAL value="true" type="BOOLEAN" />
      </FORMULA>
    </CRITDEF>
    <CRITDEF id="DP-1430">
      <AGGREG id="EXCLUS" telt="ALL" />
      <FORMULA value="1">
        <OP id="gt" type="BOOLEAN">
          <VAR id="DP-1430" type="NUMERIC" />
          <VAL value="0" type="NUMERIC" />
        </OP>
      </FORMULA>
      <FORMULA value="4">
        <VAL value="true" type="BOOLEAN" />
      </FORMULA>
    </CRITDEF>
    <CRITDEF id="DP-1006">
      <AGGREG id="EXCLUS" telt="ALL" />
      <FORMULA value="1">
        <OP id="gt" type="BOOLEAN">
          <VAR id="DP-1006" type="NUMERIC" />
          <VAL value="0" type="NUMERIC" />
        </OP>
      </FORMULA>
      <FORMULA value="4">
        <VAL value="true" type="BOOLEAN" />
      </FORMULA>
    </CRITDEF>
    <CRITDEF id="DP-1084">
      <AGGREG id="EXCLUS" telt="ALL" />
      <FORMULA value="1">
        <OP id="gt" type="BOOLEAN">
          <VAR id="DP-1084" type="NUMERIC" />
          <VAL value="0" type="NUMERIC" />
        </OP>
      </FORMULA>
      <FORMULA value="4">
        <VAL value="true" type="BOOLEAN" />
      </FORMULA>
    </CRITDEF>
    <CRITDEF id="DP-1378">
      <AGGREG id="EXCLUS" telt="ALL" />
      <FORMULA value="1">
        <OP id="gt" type="BOOLEAN">
          <VAR id="DP-1378" type="NUMERIC" />
          <VAL value="0" type="NUMERIC" />
        </OP>
      </FORMULA>
      <FORMULA value="4">
        <VAL value="true" type="BOOLEAN" />
      </FORMULA>
    </CRITDEF>
    <CRITDEF id="DP-DIM_AS_RULES">
      <AGGREG id="EXCLUS_AVG" telt="ALL" />
      <FORMULA value="1">
        <OP id="gt" type="BOOLEAN">
          <VAR id="DP-1334" type="NUMERIC" />
          <VAL value="0" type="NUMERIC" />
        </OP>
      </FORMULA>
      <FORMULA value="1">
        <OP id="gt" type="BOOLEAN">
          <VAR id="DP-1333" type="NUMERIC" />
          <VAL value="0" type="NUMERIC" />
        </OP>
      </FORMULA>
      <FORMULA value="2">
        <OP id="gt" type="BOOLEAN">
          <VAR id="DP-1049" type="NUMERIC" />
          <VAL value="0" type="NUMERIC" />
        </OP>
      </FORMULA>
      <FORMULA value="4">
        <VAL value="true" type="BOOLEAN" />
      </FORMULA>
    </CRITDEF>
    <CRITDEF id="DP-CLOSE_STMT_RULES">
      <AGGREG id="EXCLUS" telt="ALL" />
      <FORMULA value="1">
        <OP id="gt" type="BOOLEAN">
          <VAR id="DP-1222" type="NUMERIC" />
          <VAL value="0" type="NUMERIC" />
        </OP>
      </FORMULA>
      <FORMULA value="1">
        <OP id="gt" type="BOOLEAN">
          <VAR id="DP-1059" type="NUMERIC" />
          <VAL value="0" type="NUMERIC" />
        </OP>
      </FORMULA>
      <FORMULA value="4">
        <VAL value="true" type="BOOLEAN" />
      </FORMULA>
    </CRITDEF>
    <CRITDEF id="DP-4003">
      <AGGREG id="EXCLUS" telt="ALL">
        <PARAM id="DEFAULT" value="4.0" type="NUMERIC" />
        <PARAM id="VALUE_EXCLUS" value="2.0" type="NUMERIC" />
      </AGGREG>
      <FORMULA value="2">
        <OP id="gt" type="BOOLEAN">
          <VAR id="DP-4003" type="NUMERIC" />
          <VAL value="0" type="NUMERIC" />
        </OP>
      </FORMULA>
      <FORMULA value="4">
        <VAL value="true" type="BOOLEAN" />
      </FORMULA>
    </CRITDEF>
    <CRITDEF id="DP-DATETIME_RULES">
      <AGGREG id="EXCLUS" telt="ALL" />
      <FORMULA value="1">
        <OP id="gt" type="BOOLEAN">
          <VAR id="DP-1027" type="NUMERIC" />
          <VAL value="0" type="NUMERIC" />
        </OP>
      </FORMULA>
      <FORMULA value="1">
        <OP id="gt" type="BOOLEAN">
          <VAR id="DP-1046" type="NUMERIC" />
          <VAL value="0" type="NUMERIC" />
        </OP>
      </FORMULA>
      <FORMULA value="1">
        <OP id="gt" type="BOOLEAN">
          <VAR id="DP-1179" type="NUMERIC" />
          <VAL value="0" type="NUMERIC" />
        </OP>
      </FORMULA>
      <FORMULA value="4">
        <VAL value="true" type="BOOLEAN" />
      </FORMULA>
    </CRITDEF>
    <CRITDEF id="DP-LITERAL_HARDCODED_RULES">
      <AGGREG id="EXCLUS" telt="ALL" />
      <FORMULA value="1">
        <OP id="gt" type="BOOLEAN">
          <VAR id="DP-2500" type="NUMERIC" />
          <VAL value="0" type="NUMERIC" />
        </OP>
      </FORMULA>
      <FORMULA value="1">
        <OP id="gt" type="BOOLEAN">
          <VAR id="DP-2504" type="NUMERIC" />
          <VAL value="0" type="NUMERIC" />
        </OP>
      </FORMULA>
      <FORMULA value="4">
        <VAL value="true" type="BOOLEAN" />
      </FORMULA>
    </CRITDEF>
    <CRITDEF id="DP-1397">
      <AGGREG id="EXCLUS" telt="ALL" />
      <FORMULA value="1">
        <OP id="gt" type="BOOLEAN">
          <VAR id="DP-1397" type="NUMERIC" />
          <VAL value="0" type="NUMERIC" />
        </OP>
      </FORMULA>
      <FORMULA value="4">
        <VAL value="true" type="BOOLEAN" />
      </FORMULA>
    </CRITDEF>
    <CRITDEF id="DP-1236">
      <AGGREG id="EXCLUS" telt="ALL" />
      <FORMULA value="1">
        <OP id="gt" type="BOOLEAN">
          <VAR id="DP-1236" type="NUMERIC" />
          <VAL value="0" type="NUMERIC" />
        </OP>
      </FORMULA>
      <FORMULA value="4">
        <VAL value="true" type="BOOLEAN" />
      </FORMULA>
    </CRITDEF>
    <CRITDEF id="DP-1338">
      <AGGREG id="EXCLUS" telt="ALL">
        <PARAM id="DEFAULT" value="4.0" type="NUMERIC" />
        <PARAM id="VALUE_EXCLUS" value="2.0" type="NUMERIC" />
      </AGGREG>
      <FORMULA value="2">
        <OP id="gt" type="BOOLEAN">
          <VAR id="DP-1338" type="NUMERIC" />
          <VAL value="0" type="NUMERIC" />
        </OP>
      </FORMULA>
      <FORMULA value="4">
        <VAL value="true" type="BOOLEAN" />
      </FORMULA>
    </CRITDEF>
    <CRITDEF id="DP-2512">
      <AGGREG id="EXCLUS" telt="ALL" />
      <FORMULA value="1">
        <OP id="gt" type="BOOLEAN">
          <VAR id="DP-2512" type="NUMERIC" />
          <VAL value="0" type="NUMERIC" />
        </OP>
      </FORMULA>
      <FORMULA value="4">
        <VAL value="true" type="BOOLEAN" />
      </FORMULA>
    </CRITDEF>
    <CRITDEF id="DP-GOTO_GOSUB_FOUND">
      <AGGREG id="EXCLUS" telt="ALL" />
      <FORMULA value="1">
        <OP id="gt" type="BOOLEAN">
          <VAR id="DP-1085" type="NUMERIC" />
          <VAL value="0" type="NUMERIC" />
        </OP>
      </FORMULA>
      <FORMULA value="4">
        <VAL value="true" type="BOOLEAN" />
      </FORMULA>
    </CRITDEF>
    <CRITDEF id="DP-3000">
      <AGGREG id="EXCLUS" telt="ALL">
        <PARAM id="DEFAULT" value="4.0" type="NUMERIC" />
        <PARAM id="VALUE_EXCLUS" value="2.0" type="NUMERIC" />
      </AGGREG>
      <FORMULA value="2">
        <OP id="gt" type="BOOLEAN">
          <VAR id="DP-3000" type="NUMERIC" />
          <VAL value="0" type="NUMERIC" />
        </OP>
      </FORMULA>
      <FORMULA value="4">
        <VAL value="true" type="BOOLEAN" />
      </FORMULA>
    </CRITDEF>
    <CRITDEF id="DP-LEFT_MID_RIGHT_RULES">
      <AGGREG id="EXCLUS" telt="ALL" />
      <FORMULA value="1">
        <OP id="gt" type="BOOLEAN">
          <VAR id="DP-1035" type="NUMERIC" />
          <VAL value="0" type="NUMERIC" />
        </OP>
      </FORMULA>
      <FORMULA value="1">
        <OP id="gt" type="BOOLEAN">
          <VAR id="DP-1036" type="NUMERIC" />
          <VAL value="0" type="NUMERIC" />
        </OP>
      </FORMULA>
      <FORMULA value="1">
        <OP id="gt" type="BOOLEAN">
          <VAR id="DP-1037" type="NUMERIC" />
          <VAL value="0" type="NUMERIC" />
        </OP>
      </FORMULA>
      <FORMULA value="1">
        <OP id="gt" type="BOOLEAN">
          <VAR id="DP-1038" type="NUMERIC" />
          <VAL value="0" type="NUMERIC" />
        </OP>
      </FORMULA>
      <FORMULA value="1">
        <OP id="gt" type="BOOLEAN">
          <VAR id="DP-1040" type="NUMERIC" />
          <VAL value="0" type="NUMERIC" />
        </OP>
      </FORMULA>
      <FORMULA value="1">
        <OP id="gt" type="BOOLEAN">
          <VAR id="DP-1041" type="NUMERIC" />
          <VAL value="0" type="NUMERIC" />
        </OP>
      </FORMULA>
      <FORMULA value="4">
        <VAL value="true" type="BOOLEAN" />
      </FORMULA>
    </CRITDEF>
    <CRITDEF id="DP-1376">
      <AGGREG id="EXCLUS" telt="ALL" />
      <FORMULA value="1">
        <OP id="gt" type="BOOLEAN">
          <VAR id="DP-1376" type="NUMERIC" />
          <VAL value="0" type="NUMERIC" />
        </OP>
      </FORMULA>
      <FORMULA value="4">
        <VAL value="true" type="BOOLEAN" />
      </FORMULA>
    </CRITDEF>
    <CRITDEF id="DP-2514">
      <AGGREG id="EXCLUS" telt="ALL" />
      <FORMULA value="1">
        <OP id="gt" type="BOOLEAN">
          <VAR id="DP-2514" type="NUMERIC" />
          <VAL value="0" type="NUMERIC" />
        </OP>
      </FORMULA>
      <FORMULA value="4">
        <VAL value="true" type="BOOLEAN" />
      </FORMULA>
    </CRITDEF>
    <CRITDEF id="DP-1372">
      <AGGREG id="EXCLUS" telt="ALL" />
      <FORMULA value="1">
        <OP id="gt" type="BOOLEAN">
          <VAR id="DP-1372" type="NUMERIC" />
          <VAL value="0" type="NUMERIC" />
        </OP>
      </FORMULA>
      <FORMULA value="4">
        <VAL value="true" type="BOOLEAN" />
      </FORMULA>
    </CRITDEF>
    <CRITDEF id="DP-3504">
      <AGGREG id="EXCLUS" telt="ALL">
        <PARAM id="DEFAULT" value="4.0" type="NUMERIC" />
        <PARAM id="VALUE_EXCLUS" value="2.0" type="NUMERIC" />
      </AGGREG>
      <FORMULA value="2">
        <OP id="gt" type="BOOLEAN">
          <VAR id="DP-3504" type="NUMERIC" />
          <VAL value="0" type="NUMERIC" />
        </OP>
      </FORMULA>
      <FORMULA value="4">
        <VAL value="true" type="BOOLEAN" />
      </FORMULA>
    </CRITDEF>
    <CRITDEF id="DP-1399">
      <AGGREG id="EXCLUS" telt="ALL" />
      <FORMULA value="1">
        <OP id="gt" type="BOOLEAN">
          <VAR id="DP-1399" type="NUMERIC" />
          <VAL value="0" type="NUMERIC" />
        </OP>
      </FORMULA>
      <FORMULA value="4">
        <VAL value="true" type="BOOLEAN" />
      </FORMULA>
    </CRITDEF>
    <CRITDEF id="DP-1311">
      <AGGREG id="EXCLUS" telt="ALL" />
      <FORMULA value="1">
        <OP id="gt" type="BOOLEAN">
          <VAR id="DP-1311" type="NUMERIC" />
          <VAL value="0" type="NUMERIC" />
        </OP>
      </FORMULA>
      <FORMULA value="4">
        <VAL value="true" type="BOOLEAN" />
      </FORMULA>
    </CRITDEF>
    <CRITDEF id="DP-1043">
      <AGGREG id="EXCLUS" telt="ALL" />
      <FORMULA value="1">
        <OP id="gt" type="BOOLEAN">
          <VAR id="DP-1043" type="NUMERIC" />
          <VAL value="0" type="NUMERIC" />
        </OP>
      </FORMULA>
      <FORMULA value="4">
        <VAL value="true" type="BOOLEAN" />
      </FORMULA>
    </CRITDEF>
    <CRITDEF id="DP-1088">
      <AGGREG id="EXCLUS" telt="ALL" />
      <FORMULA value="1">
        <OP id="gt" type="BOOLEAN">
          <VAR id="DP-1088" type="NUMERIC" />
          <VAL value="0" type="NUMERIC" />
        </OP>
      </FORMULA>
      <FORMULA value="4">
        <VAL value="true" type="BOOLEAN" />
      </FORMULA>
    </CRITDEF>
    <CRITDEF id="DP-1002">
      <AGGREG id="EXCLUS" telt="ALL">
        <PARAM id="DEFAULT" value="4.0" type="NUMERIC" />
        <PARAM id="VALUE_EXCLUS" value="2.0" type="NUMERIC" />
      </AGGREG>
      <FORMULA value="2">
        <OP id="gt" type="BOOLEAN">
          <VAR id="DP-1002" type="NUMERIC" />
          <VAL value="0" type="NUMERIC" />
        </OP>
      </FORMULA>
      <FORMULA value="4">
        <VAL value="true" type="BOOLEAN" />
      </FORMULA>
    </CRITDEF>
    <CRITDEF id="DP-1022">
      <AGGREG id="EXCLUS" telt="ALL">
        <PARAM id="DEFAULT" value="4.0" type="NUMERIC" />
        <PARAM id="VALUE_EXCLUS" value="2.0" type="NUMERIC" />
      </AGGREG>
      <FORMULA value="2">
        <OP id="gt" type="BOOLEAN">
          <VAR id="DP-1022" type="NUMERIC" />
          <VAL value="0" type="NUMERIC" />
        </OP>
      </FORMULA>
      <FORMULA value="4">
        <VAL value="true" type="BOOLEAN" />
      </FORMULA>
    </CRITDEF>
    <CRITDEF id="DP-1280">
      <AGGREG id="EXCLUS" telt="ALL">
        <PARAM id="DEFAULT" value="4.0" type="NUMERIC" />
        <PARAM id="VALUE_EXCLUS" value="2.0" type="NUMERIC" />
      </AGGREG>
      <FORMULA value="2">
        <OP id="gt" type="BOOLEAN">
          <VAR id="DP-1280" type="NUMERIC" />
          <VAL value="0" type="NUMERIC" />
        </OP>
      </FORMULA>
      <FORMULA value="4">
        <VAL value="true" type="BOOLEAN" />
      </FORMULA>
    </CRITDEF>
    <CRITDEF id="DP-1029">
      <AGGREG id="EXCLUS" telt="ALL" />
      <FORMULA value="1">
        <OP id="gt" type="BOOLEAN">
          <VAR id="DP-1029" type="NUMERIC" />
          <VAL value="0" type="NUMERIC" />
        </OP>
      </FORMULA>
      <FORMULA value="4">
        <VAL value="true" type="BOOLEAN" />
      </FORMULA>
    </CRITDEF>
    <CRITDEF id="DP-2503">
      <AGGREG id="EXCLUS" telt="ALL" />
      <FORMULA value="1">
        <OP id="gt" type="BOOLEAN">
          <VAR id="DP-2503" type="NUMERIC" />
          <VAL value="0" type="NUMERIC" />
        </OP>
      </FORMULA>
      <FORMULA value="4">
        <VAL value="true" type="BOOLEAN" />
      </FORMULA>
    </CRITDEF>
    <CRITDEF id="DP-1405">
      <AGGREG id="EXCLUS" telt="ALL" />
      <FORMULA value="1">
        <OP id="gt" type="BOOLEAN">
          <VAR id="DP-1405" type="NUMERIC" />
          <VAL value="0" type="NUMERIC" />
        </OP>
      </FORMULA>
      <FORMULA value="4">
        <VAL value="true" type="BOOLEAN" />
      </FORMULA>
    </CRITDEF>
    <CRITDEF id="DP-3002">
      <AGGREG id="EXCLUS" telt="ALL" />
      <FORMULA value="1">
        <OP id="gt" type="BOOLEAN">
          <VAR id="DP-3002" type="NUMERIC" />
          <VAL value="0" type="NUMERIC" />
        </OP>
      </FORMULA>
      <FORMULA value="4">
        <VAL value="true" type="BOOLEAN" />
      </FORMULA>
    </CRITDEF>
    <CRITDEF id="DP-1015">
      <AGGREG id="EXCLUS" telt="ALL">
        <PARAM id="DEFAULT" value="4.0" type="NUMERIC" />
        <PARAM id="VALUE_EXCLUS" value="2.0" type="NUMERIC" />
      </AGGREG>
      <FORMULA value="2">
        <OP id="gt" type="BOOLEAN">
          <VAR id="DP-1015" type="NUMERIC" />
          <VAL value="0" type="NUMERIC" />
        </OP>
      </FORMULA>
      <FORMULA value="4">
        <VAL value="true" type="BOOLEAN" />
      </FORMULA>
    </CRITDEF>
    <CRITDEF id="DP-INPUT_VARIANT_RULES">
      <AGGREG id="EXCLUS" telt="ALL" />
      <FORMULA value="1">
        <OP id="gt" type="BOOLEAN">
          <VAR id="DP-1032" type="NUMERIC" />
          <VAL value="0" type="NUMERIC" />
        </OP>
      </FORMULA>
      <FORMULA value="1">
        <OP id="gt" type="BOOLEAN">
          <VAR id="DP-1033" type="NUMERIC" />
          <VAL value="0" type="NUMERIC" />
        </OP>
      </FORMULA>
      <FORMULA value="4">
        <VAL value="true" type="BOOLEAN" />
      </FORMULA>
    </CRITDEF>
    <CRITDEF id="DP-FORM_RULES">
      <AGGREG id="EXCLUS" telt="ALL" />
      <FORMULA value="1">
        <OP id="gt" type="BOOLEAN">
          <VAR id="DP-1192" type="NUMERIC" />
          <VAL value="0" type="NUMERIC" />
        </OP>
      </FORMULA>
      <FORMULA value="4">
        <VAL value="true" type="BOOLEAN" />
      </FORMULA>
    </CRITDEF>
    <CRITDEF id="DP-1092">
      <AGGREG id="EXCLUS" telt="ALL" />
      <FORMULA value="1">
        <OP id="gt" type="BOOLEAN">
          <VAR id="DP-1092" type="NUMERIC" />
          <VAL value="0" type="NUMERIC" />
        </OP>
      </FORMULA>
      <FORMULA value="4">
        <VAL value="true" type="BOOLEAN" />
      </FORMULA>
    </CRITDEF>
    <CRITDEF id="DP-1362">
      <AGGREG id="EXCLUS" telt="ALL" />
      <FORMULA value="1">
        <OP id="gt" type="BOOLEAN">
          <VAR id="DP-1362" type="NUMERIC" />
          <VAL value="0" type="NUMERIC" />
        </OP>
      </FORMULA>
      <FORMULA value="4">
        <VAL value="true" type="BOOLEAN" />
      </FORMULA>
    </CRITDEF>
    <CRITDEF id="DP-REMOTE_UPDATE_RULES">
      <AGGREG id="EXCLUS_AVG" telt="ALL" />
      <FORMULA value="2">
        <OP id="gt" type="BOOLEAN">
          <VAR id="DP-1370" type="NUMERIC" />
          <VAL value="0" type="NUMERIC" />
        </OP>
      </FORMULA>
      <FORMULA value="1">
        <OP id="gt" type="BOOLEAN">
          <VAR id="DP-1361" type="NUMERIC" />
          <VAL value="0" type="NUMERIC" />
        </OP>
      </FORMULA>
      <FORMULA value="4">
        <VAL value="true" type="BOOLEAN" />
      </FORMULA>
    </CRITDEF>
    <CRITDEF id="DP-3502">
      <AGGREG id="EXCLUS" telt="ALL">
        <PARAM id="DEFAULT" value="4.0" type="NUMERIC" />
        <PARAM id="VALUE_EXCLUS" value="2.0" type="NUMERIC" />
      </AGGREG>
      <FORMULA value="2">
        <OP id="gt" type="BOOLEAN">
          <VAR id="DP-3502" type="NUMERIC" />
          <VAL value="0" type="NUMERIC" />
        </OP>
      </FORMULA>
      <FORMULA value="4">
        <VAL value="true" type="BOOLEAN" />
      </FORMULA>
    </CRITDEF>
    <CRITDEF id="DP-1336">
      <AGGREG id="EXCLUS" telt="ALL">
        <PARAM id="DEFAULT" value="4.0" type="NUMERIC" />
        <PARAM id="VALUE_EXCLUS" value="2.0" type="NUMERIC" />
      </AGGREG>
      <FORMULA value="2">
        <OP id="gt" type="BOOLEAN">
          <VAR id="DP-1336" type="NUMERIC" />
          <VAL value="0" type="NUMERIC" />
        </OP>
      </FORMULA>
      <FORMULA value="4">
        <VAL value="true" type="BOOLEAN" />
      </FORMULA>
    </CRITDEF>
    <CRITDEF id="DP-1157">
      <AGGREG id="EXCLUS" telt="ALL" />
      <FORMULA value="1">
        <OP id="gt" type="BOOLEAN">
          <VAR id="DP-1157" type="NUMERIC" />
          <VAL value="0" type="NUMERIC" />
        </OP>
      </FORMULA>
      <FORMULA value="4">
        <VAL value="true" type="BOOLEAN" />
      </FORMULA>
    </CRITDEF>
    <CRITDEF id="DP-1061">
      <AGGREG id="EXCLUS" telt="ALL" />
      <FORMULA value="1">
        <OP id="gt" type="BOOLEAN">
          <VAR id="DP-1061" type="NUMERIC" />
          <VAL value="0" type="NUMERIC" />
        </OP>
      </FORMULA>
      <FORMULA value="4">
        <VAL value="true" type="BOOLEAN" />
      </FORMULA>
    </CRITDEF>
    <CRITDEF id="DP-4001">
      <AGGREG id="EXCLUS" telt="ALL">
        <PARAM id="DEFAULT" value="4.0" type="NUMERIC" />
        <PARAM id="VALUE_EXCLUS" value="2.0" type="NUMERIC" />
      </AGGREG>
      <FORMULA value="2">
        <OP id="gt" type="BOOLEAN">
          <VAR id="DP-4001" type="NUMERIC" />
          <VAL value="0" type="NUMERIC" />
        </OP>
      </FORMULA>
      <FORMULA value="4">
        <VAL value="true" type="BOOLEAN" />
      </FORMULA>
    </CRITDEF>
    <CRITDEF id="DP-4007">
      <AGGREG id="EXCLUS" telt="ALL" />
      <FORMULA value="1">
        <OP id="gt" type="BOOLEAN">
          <VAR id="DP-4007" type="NUMERIC" />
          <VAL value="0" type="NUMERIC" />
        </OP>
      </FORMULA>
      <FORMULA value="4">
        <VAL value="true" type="BOOLEAN" />
      </FORMULA>
    </CRITDEF>
    <CRITDEF id="DP-1395">
      <AGGREG id="EXCLUS" telt="ALL" />
      <FORMULA value="1">
        <OP id="gt" type="BOOLEAN">
          <VAR id="DP-1395" type="NUMERIC" />
          <VAL value="0" type="NUMERIC" />
        </OP>
      </FORMULA>
      <FORMULA value="4">
        <VAL value="true" type="BOOLEAN" />
      </FORMULA>
    </CRITDEF>
    <CRITDEF id="DP-1159">
      <AGGREG id="EXCLUS" telt="ALL" />
      <FORMULA value="1">
        <OP id="gt" type="BOOLEAN">
          <VAR id="DP-1159" type="NUMERIC" />
          <VAL value="0" type="NUMERIC" />
        </OP>
      </FORMULA>
      <FORMULA value="4">
        <VAL value="true" type="BOOLEAN" />
      </FORMULA>
    </CRITDEF>
    <CRITDEF id="DP-3500">
      <AGGREG id="EXCLUS" telt="ALL">
        <PARAM id="DEFAULT" value="4.0" type="NUMERIC" />
        <PARAM id="VALUE_EXCLUS" value="2.0" type="NUMERIC" />
      </AGGREG>
      <FORMULA value="2">
        <OP id="gt" type="BOOLEAN">
          <VAR id="DP-3500" type="NUMERIC" />
          <VAL value="0" type="NUMERIC" />
        </OP>
      </FORMULA>
      <FORMULA value="4">
        <VAL value="true" type="BOOLEAN" />
      </FORMULA>
    </CRITDEF>
    <CRITDEF id="DP-4009">
      <AGGREG id="EXCLUS" telt="ALL">
        <PARAM id="DEFAULT" value="4.0" type="NUMERIC" />
        <PARAM id="VALUE_EXCLUS" value="2.0" type="NUMERIC" />
      </AGGREG>
      <FORMULA value="2">
        <OP id="gt" type="BOOLEAN">
          <VAR id="DP-4009" type="NUMERIC" />
          <VAL value="0" type="NUMERIC" />
        </OP>
      </FORMULA>
      <FORMULA value="4">
        <VAL value="true" type="BOOLEAN" />
      </FORMULA>
    </CRITDEF>
    <CRITDEF id="DP-1342">
      <AGGREG id="EXCLUS" telt="ALL" />
      <FORMULA value="1">
        <OP id="gt" type="BOOLEAN">
          <VAR id="DP-1342" type="NUMERIC" />
          <VAL value="0" type="NUMERIC" />
        </OP>
      </FORMULA>
      <FORMULA value="4">
        <VAL value="true" type="BOOLEAN" />
      </FORMULA>
    </CRITDEF>
    <CRITDEF id="DP-2005">
      <AGGREG id="EXCLUS" telt="ALL">
        <PARAM id="DEFAULT" value="4.0" type="NUMERIC" />
        <PARAM id="VALUE_EXCLUS" value="2.0" type="NUMERIC" />
      </AGGREG>
      <FORMULA value="2">
        <OP id="gt" type="BOOLEAN">
          <VAR id="DP-2005" type="NUMERIC" />
          <VAL value="0" type="NUMERIC" />
        </OP>
      </FORMULA>
      <FORMULA value="4">
        <VAL value="true" type="BOOLEAN" />
      </FORMULA>
    </CRITDEF>
    <CRITDEF id="DP-4005">
      <AGGREG id="EXCLUS" telt="ALL" />
      <FORMULA value="1">
        <OP id="gt" type="BOOLEAN">
          <VAR id="DP-4005" type="NUMERIC" />
          <VAL value="0" type="NUMERIC" />
        </OP>
      </FORMULA>
      <FORMULA value="4">
        <VAL value="true" type="BOOLEAN" />
      </FORMULA>
    </CRITDEF>
    <CRITDEF id="DP-2505">
      <AGGREG id="EXCLUS" telt="ALL" />
      <FORMULA value="1">
        <OP id="gt" type="BOOLEAN">
          <VAR id="DP-2505" type="NUMERIC" />
          <VAL value="0" type="NUMERIC" />
        </OP>
      </FORMULA>
      <FORMULA value="4">
        <VAL value="true" type="BOOLEAN" />
      </FORMULA>
    </CRITDEF>
    <CRITDEF id="DP-2015">
      <AGGREG id="EXCLUS" telt="ALL">
        <PARAM id="DEFAULT" value="4.0" type="NUMERIC" />
        <PARAM id="VALUE_EXCLUS" value="2.0" type="NUMERIC" />
      </AGGREG>
      <FORMULA value="2">
        <OP id="gt" type="BOOLEAN">
          <VAR id="DP-2015" type="NUMERIC" />
          <VAL value="0" type="NUMERIC" />
        </OP>
      </FORMULA>
      <FORMULA value="4">
        <VAL value="true" type="BOOLEAN" />
      </FORMULA>
    </CRITDEF>
    <CRITDEF id="DP-1346">
      <AGGREG id="EXCLUS" telt="ALL" />
      <FORMULA value="1">
        <OP id="gt" type="BOOLEAN">
          <VAR id="DP-1346" type="NUMERIC" />
          <VAL value="0" type="NUMERIC" />
        </OP>
      </FORMULA>
      <FORMULA value="4">
        <VAL value="true" type="BOOLEAN" />
      </FORMULA>
    </CRITDEF>
    <CRITDEF id="DP-3501">
      <AGGREG id="EXCLUS" telt="ALL" />
      <FORMULA value="1">
        <OP id="gt" type="BOOLEAN">
          <VAR id="DP-3501" type="NUMERIC" />
          <VAL value="0" type="NUMERIC" />
        </OP>
      </FORMULA>
      <FORMULA value="4">
        <VAL value="true" type="BOOLEAN" />
      </FORMULA>
    </CRITDEF>
    <CRITDEF id="DP-1392">
      <AGGREG id="EXCLUS" telt="ALL" />
      <FORMULA value="1">
        <OP id="gt" type="BOOLEAN">
          <VAR id="DP-1392" type="NUMERIC" />
          <VAL value="0" type="NUMERIC" />
        </OP>
      </FORMULA>
      <FORMULA value="4">
        <VAL value="true" type="BOOLEAN" />
      </FORMULA>
    </CRITDEF>
    <CRITDEF id="DP-1348">
      <AGGREG id="EXCLUS" telt="ALL" />
      <FORMULA value="1">
        <OP id="gt" type="BOOLEAN">
          <VAR id="DP-1348" type="NUMERIC" />
          <VAL value="0" type="NUMERIC" />
        </OP>
      </FORMULA>
      <FORMULA value="4">
        <VAL value="true" type="BOOLEAN" />
      </FORMULA>
    </CRITDEF>
    <CRITDEF id="DP-1400">
      <AGGREG id="EXCLUS" telt="ALL" />
      <FORMULA value="1">
        <OP id="gt" type="BOOLEAN">
          <VAR id="DP-1400" type="NUMERIC" />
          <VAL value="0" type="NUMERIC" />
        </OP>
      </FORMULA>
      <FORMULA value="4">
        <VAL value="true" type="BOOLEAN" />
      </FORMULA>
    </CRITDEF>
    <CRITDEF id="DP-1367">
      <AGGREG id="EXCLUS" telt="ALL">
        <PARAM id="DEFAULT" value="4.0" type="NUMERIC" />
        <PARAM id="VALUE_EXCLUS" value="2.0" type="NUMERIC" />
      </AGGREG>
      <FORMULA value="2">
        <OP id="gt" type="BOOLEAN">
          <VAR id="DP-1367" type="NUMERIC" />
          <VAL value="0" type="NUMERIC" />
        </OP>
      </FORMULA>
      <FORMULA value="4">
        <VAL value="true" type="BOOLEAN" />
      </FORMULA>
    </CRITDEF>
    <CRITDEF id="DP-1323">
      <AGGREG id="EXCLUS" telt="ALL">
        <PARAM id="DEFAULT" value="4.0" type="NUMERIC" />
        <PARAM id="VALUE_EXCLUS" value="2.0" type="NUMERIC" />
      </AGGREG>
      <FORMULA value="2">
        <OP id="gt" type="BOOLEAN">
          <VAR id="DP-1323" type="NUMERIC" />
          <VAL value="0" type="NUMERIC" />
        </OP>
      </FORMULA>
      <FORMULA value="4">
        <VAL value="true" type="BOOLEAN" />
      </FORMULA>
    </CRITDEF>
    <CRITDEF id="DP-1023">
      <AGGREG id="EXCLUS" telt="ALL" />
      <FORMULA value="1">
        <OP id="gt" type="BOOLEAN">
          <VAR id="DP-1023" type="NUMERIC" />
          <VAL value="0" type="NUMERIC" />
        </OP>
      </FORMULA>
      <FORMULA value="4">
        <VAL value="true" type="BOOLEAN" />
      </FORMULA>
    </CRITDEF>
    <CRITDEF id="DP-1104">
      <AGGREG id="EXCLUS" telt="ALL" />
      <FORMULA value="1">
        <OP id="gt" type="BOOLEAN">
          <VAR id="DP-1104" type="NUMERIC" />
          <VAL value="0" type="NUMERIC" />
        </OP>
      </FORMULA>
      <FORMULA value="4">
        <VAL value="true" type="BOOLEAN" />
      </FORMULA>
    </CRITDEF>
    <CRITDEF id="DP-1341">
      <AGGREG id="EXCLUS" telt="ALL" />
      <FORMULA value="1">
        <OP id="gt" type="BOOLEAN">
          <VAR id="DP-1341" type="NUMERIC" />
          <VAL value="0" type="NUMERIC" />
        </OP>
      </FORMULA>
      <FORMULA value="4">
        <VAL value="true" type="BOOLEAN" />
      </FORMULA>
    </CRITDEF>
    <CRITDEF id="DP-2509">
      <AGGREG id="EXCLUS" telt="ALL" />
      <FORMULA value="1">
        <OP id="gt" type="BOOLEAN">
          <VAR id="DP-2509" type="NUMERIC" />
          <VAL value="0" type="NUMERIC" />
        </OP>
      </FORMULA>
      <FORMULA value="4">
        <VAL value="true" type="BOOLEAN" />
      </FORMULA>
    </CRITDEF>
    <CRITDEF id="DP-1025">
      <AGGREG id="EXCLUS" telt="ALL" />
      <FORMULA value="1">
        <OP id="gt" type="BOOLEAN">
          <VAR id="DP-1025" type="NUMERIC" />
          <VAL value="0" type="NUMERIC" />
        </OP>
      </FORMULA>
      <FORMULA value="4">
        <VAL value="true" type="BOOLEAN" />
      </FORMULA>
    </CRITDEF>
    <CRITDEF id="DP-1404">
      <AGGREG id="EXCLUS" telt="ALL">
        <PARAM id="DEFAULT" value="4.0" type="NUMERIC" />
        <PARAM id="VALUE_EXCLUS" value="2.0" type="NUMERIC" />
      </AGGREG>
      <FORMULA value="2">
        <OP id="gt" type="BOOLEAN">
          <VAR id="DP-1404" type="NUMERIC" />
          <VAL value="0" type="NUMERIC" />
        </OP>
      </FORMULA>
      <FORMULA value="4">
        <VAL value="true" type="BOOLEAN" />
      </FORMULA>
    </CRITDEF>
    <CRITDEF id="DP-1010">
      <AGGREG id="EXCLUS" telt="ALL" />
      <FORMULA value="1">
        <OP id="gt" type="BOOLEAN">
          <VAR id="DP-1010" type="NUMERIC" />
          <VAL value="0" type="NUMERIC" />
        </OP>
      </FORMULA>
      <FORMULA value="4">
        <VAL value="true" type="BOOLEAN" />
      </FORMULA>
    </CRITDEF>
    <CRITDEF id="DP-1019">
      <AGGREG id="EXCLUS" telt="ALL">
        <PARAM id="DEFAULT" value="4.0" type="NUMERIC" />
        <PARAM id="VALUE_EXCLUS" value="2.0" type="NUMERIC" />
      </AGGREG>
      <FORMULA value="2">
        <OP id="gt" type="BOOLEAN">
          <VAR id="DP-1019" type="NUMERIC" />
          <VAL value="0" type="NUMERIC" />
        </OP>
      </FORMULA>
      <FORMULA value="4">
        <VAL value="true" type="BOOLEAN" />
      </FORMULA>
    </CRITDEF>
    <CRITDEF id="DP-1220">
      <AGGREG id="EXCLUS" telt="ALL" />
      <FORMULA value="1">
        <OP id="gt" type="BOOLEAN">
          <VAR id="DP-1220" type="NUMERIC" />
          <VAL value="0" type="NUMERIC" />
        </OP>
      </FORMULA>
      <FORMULA value="4">
        <VAL value="true" type="BOOLEAN" />
      </FORMULA>
    </CRITDEF>
    <CRITDEF id="DP-1402">
      <AGGREG id="EXCLUS" telt="ALL">
        <PARAM id="DEFAULT" value="4.0" type="NUMERIC" />
        <PARAM id="VALUE_EXCLUS" value="2.0" type="NUMERIC" />
      </AGGREG>
      <FORMULA value="2">
        <OP id="gt" type="BOOLEAN">
          <VAR id="DP-1402" type="NUMERIC" />
          <VAL value="0" type="NUMERIC" />
        </OP>
      </FORMULA>
      <FORMULA value="4">
        <VAL value="true" type="BOOLEAN" />
      </FORMULA>
    </CRITDEF>
    <CRITDEF id="DP-1381">
      <AGGREG id="EXCLUS" telt="ALL" />
      <FORMULA value="1">
        <OP id="gt" type="BOOLEAN">
          <VAR id="DP-1381" type="NUMERIC" />
          <VAL value="0" type="NUMERIC" />
        </OP>
      </FORMULA>
      <FORMULA value="4">
        <VAL value="true" type="BOOLEAN" />
      </FORMULA>
    </CRITDEF>
    <CRITDEF id="DP-1154">
      <AGGREG id="EXCLUS" telt="ALL" />
      <FORMULA value="1">
        <OP id="gt" type="BOOLEAN">
          <VAR id="DP-1154" type="NUMERIC" />
          <VAL value="0" type="NUMERIC" />
        </OP>
      </FORMULA>
      <FORMULA value="4">
        <VAL value="true" type="BOOLEAN" />
      </FORMULA>
    </CRITDEF>
    <CRITDEF id="DP-DIR_RULES">
      <AGGREG id="EXCLUS" telt="ALL" />
      <FORMULA value="1">
        <OP id="gt" type="BOOLEAN">
          <VAR id="DP-1026" type="NUMERIC" />
          <VAL value="0" type="NUMERIC" />
        </OP>
      </FORMULA>
      <FORMULA value="1">
        <OP id="gt" type="BOOLEAN">
          <VAR id="DP-1028" type="NUMERIC" />
          <VAL value="0" type="NUMERIC" />
        </OP>
      </FORMULA>
      <FORMULA value="4">
        <VAL value="true" type="BOOLEAN" />
      </FORMULA>
    </CRITDEF>
    <CRITDEF id="DP-1369">
      <AGGREG id="EXCLUS" telt="ALL" />
      <FORMULA value="1">
        <OP id="gt" type="BOOLEAN">
          <VAR id="DP-1369" type="NUMERIC" />
          <VAL value="0" type="NUMERIC" />
        </OP>
      </FORMULA>
      <FORMULA value="4">
        <VAL value="true" type="BOOLEAN" />
      </FORMULA>
    </CRITDEF>
    <CRITDEF id="DP-2011">
      <AGGREG id="EXCLUS" telt="ALL">
        <PARAM id="DEFAULT" value="4.0" type="NUMERIC" />
        <PARAM id="VALUE_EXCLUS" value="2.0" type="NUMERIC" />
      </AGGREG>
      <FORMULA value="2">
        <OP id="gt" type="BOOLEAN">
          <VAR id="DP-2011" type="NUMERIC" />
          <VAL value="0" type="NUMERIC" />
        </OP>
      </FORMULA>
      <FORMULA value="4">
        <VAL value="true" type="BOOLEAN" />
      </FORMULA>
    </CRITDEF>
    <CRITDEF id="DP-1390">
      <AGGREG id="EXCLUS" telt="ALL" />
      <FORMULA value="1">
        <OP id="gt" type="BOOLEAN">
          <VAR id="DP-1390" type="NUMERIC" />
          <VAL value="0" type="NUMERIC" />
        </OP>
      </FORMULA>
      <FORMULA value="4">
        <VAL value="true" type="BOOLEAN" />
      </FORMULA>
    </CRITDEF>
    <CRITDEF id="DP-2501">
      <AGGREG id="EXCLUS" telt="ALL" />
      <FORMULA value="1">
        <OP id="gt" type="BOOLEAN">
          <VAR id="DP-2501" type="NUMERIC" />
          <VAL value="0" type="NUMERIC" />
        </OP>
      </FORMULA>
      <FORMULA value="4">
        <VAL value="true" type="BOOLEAN" />
      </FORMULA>
    </CRITDEF>
    <CRITDEF id="DP-LOOP_RULES">
      <AGGREG id="EXCLUS_AVG" telt="ALL" />
      <FORMULA value="2">
        <OP id="gt" type="BOOLEAN">
          <VAR id="DP-1332" type="NUMERIC" />
          <VAL value="0" type="NUMERIC" />
        </OP>
      </FORMULA>
      <FORMULA value="1">
        <OP id="gt" type="BOOLEAN">
          <VAR id="DP-1188" type="NUMERIC" />
          <VAL value="0" type="NUMERIC" />
        </OP>
      </FORMULA>
      <FORMULA value="1">
        <OP id="gt" type="BOOLEAN">
          <VAR id="DP-1016" type="NUMERIC" />
          <VAL value="0" type="NUMERIC" />
        </OP>
      </FORMULA>
      <FORMULA value="4">
        <VAL value="true" type="BOOLEAN" />
      </FORMULA>
    </CRITDEF>
    <CRITDEF id="DP-1173">
      <AGGREG id="EXCLUS" telt="ALL" />
      <FORMULA value="1">
        <OP id="gt" type="BOOLEAN">
          <VAR id="DP-1173" type="NUMERIC" />
          <VAL value="0" type="NUMERIC" />
        </OP>
      </FORMULA>
      <FORMULA value="4">
        <VAL value="true" type="BOOLEAN" />
      </FORMULA>
    </CRITDEF>
    <CRITDEF id="DP-1017">
      <AGGREG id="EXCLUS" telt="ALL" />
      <FORMULA value="1">
        <OP id="gt" type="BOOLEAN">
          <VAR id="DP-1017" type="NUMERIC" />
          <VAL value="0" type="NUMERIC" />
        </OP>
      </FORMULA>
      <FORMULA value="4">
        <VAL value="true" type="BOOLEAN" />
      </FORMULA>
    </CRITDEF>
    <CRITDEF id="DP-1052">
      <AGGREG id="EXCLUS" telt="ALL" />
      <FORMULA value="1">
        <OP id="gt" type="BOOLEAN">
          <VAR id="DP-1052" type="NUMERIC" />
          <VAL value="0" type="NUMERIC" />
        </OP>
      </FORMULA>
      <FORMULA value="4">
        <VAL value="true" type="BOOLEAN" />
      </FORMULA>
    </CRITDEF>
    <CRITDEF id="DP-1218">
      <AGGREG id="EXCLUS" telt="ALL" />
      <FORMULA value="1">
        <OP id="gt" type="BOOLEAN">
          <VAR id="DP-1218" type="NUMERIC" />
          <VAL value="0" type="NUMERIC" />
        </OP>
      </FORMULA>
      <FORMULA value="4">
        <VAL value="true" type="BOOLEAN" />
      </FORMULA>
    </CRITDEF>
    <CRITDEF id="DP-1371">
      <AGGREG id="EXCLUS" telt="ALL" />
      <FORMULA value="1">
        <OP id="gt" type="BOOLEAN">
          <VAR id="DP-1371" type="NUMERIC" />
          <VAL value="0" type="NUMERIC" />
        </OP>
      </FORMULA>
      <FORMULA value="4">
        <VAL value="true" type="BOOLEAN" />
      </FORMULA>
    </CRITDEF>
    <CRITDEF id="DP-1339">
      <AGGREG id="EXCLUS" telt="ALL" />
      <FORMULA value="1">
        <OP id="gt" type="BOOLEAN">
          <VAR id="DP-1339" type="NUMERIC" />
          <VAL value="0" type="NUMERIC" />
        </OP>
      </FORMULA>
      <FORMULA value="4">
        <VAL value="true" type="BOOLEAN" />
      </FORMULA>
    </CRITDEF>
    <CRITDEF id="DP-2511">
      <AGGREG id="EXCLUS" telt="ALL" />
      <FORMULA value="1">
        <OP id="gt" type="BOOLEAN">
          <VAR id="DP-2511" type="NUMERIC" />
          <VAL value="0" type="NUMERIC" />
        </OP>
      </FORMULA>
      <FORMULA value="4">
        <VAL value="true" type="BOOLEAN" />
      </FORMULA>
    </CRITDEF>
    <CRITDEF id="DP-2009">
      <AGGREG id="EXCLUS" telt="ALL">
        <PARAM id="DEFAULT" value="4.0" type="NUMERIC" />
        <PARAM id="VALUE_EXCLUS" value="2.0" type="NUMERIC" />
      </AGGREG>
      <FORMULA value="2">
        <OP id="gt" type="BOOLEAN">
          <VAR id="DP-2009" type="NUMERIC" />
          <VAL value="0" type="NUMERIC" />
        </OP>
      </FORMULA>
      <FORMULA value="4">
        <VAL value="true" type="BOOLEAN" />
      </FORMULA>
    </CRITDEF>
    <CRITDEF id="DP-1304">
      <AGGREG id="EXCLUS" telt="ALL" />
      <FORMULA value="1">
        <OP id="gt" type="BOOLEAN">
          <VAR id="DP-1304" type="NUMERIC" />
          <VAL value="0" type="NUMERIC" />
        </OP>
      </FORMULA>
      <FORMULA value="4">
        <VAL value="true" type="BOOLEAN" />
      </FORMULA>
    </CRITDEF>
    <CRITDEF id="DP-VB4OBSOLETEDAOMETHOD">
      <AGGREG id="EXCLUS" telt="ALL" />
      <FORMULA value="1">
        <OP id="gt" type="BOOLEAN">
          <VAR id="DP-1359" type="NUMERIC" />
          <VAL value="0" type="NUMERIC" />
        </OP>
      </FORMULA>
      <FORMULA value="1">
        <OP id="gt" type="BOOLEAN">
          <VAR id="DP-1356" type="NUMERIC" />
          <VAL value="0" type="NUMERIC" />
        </OP>
      </FORMULA>
      <FORMULA value="1">
        <OP id="gt" type="BOOLEAN">
          <VAR id="DP-1357" type="NUMERIC" />
          <VAL value="0" type="NUMERIC" />
        </OP>
      </FORMULA>
      <FORMULA value="1">
        <OP id="gt" type="BOOLEAN">
          <VAR id="DP-1354" type="NUMERIC" />
          <VAL value="0" type="NUMERIC" />
        </OP>
      </FORMULA>
      <FORMULA value="1">
        <OP id="gt" type="BOOLEAN">
          <VAR id="DP-1355" type="NUMERIC" />
          <VAL value="0" type="NUMERIC" />
        </OP>
      </FORMULA>
      <FORMULA value="1">
        <OP id="gt" type="BOOLEAN">
          <VAR id="DP-1163" type="NUMERIC" />
          <VAL value="0" type="NUMERIC" />
        </OP>
      </FORMULA>
      <FORMULA value="1">
        <OP id="gt" type="BOOLEAN">
          <VAR id="DP-1305" type="NUMERIC" />
          <VAL value="0" type="NUMERIC" />
        </OP>
      </FORMULA>
      <FORMULA value="1">
        <OP id="gt" type="BOOLEAN">
          <VAR id="DP-1306" type="NUMERIC" />
          <VAL value="0" type="NUMERIC" />
        </OP>
      </FORMULA>
      <FORMULA value="1">
        <OP id="gt" type="BOOLEAN">
          <VAR id="DP-1360" type="NUMERIC" />
          <VAL value="0" type="NUMERIC" />
        </OP>
      </FORMULA>
      <FORMULA value="1">
        <OP id="gt" type="BOOLEAN">
          <VAR id="DP-1358" type="NUMERIC" />
          <VAL value="0" type="NUMERIC" />
        </OP>
      </FORMULA>
      <FORMULA value="1">
        <OP id="gt" type="BOOLEAN">
          <VAR id="DP-1307" type="NUMERIC" />
          <VAL value="0" type="NUMERIC" />
        </OP>
      </FORMULA>
      <FORMULA value="4">
        <VAL value="true" type="BOOLEAN" />
      </FORMULA>
    </CRITDEF>
    <CRITDEF id="DP-2013">
      <AGGREG id="EXCLUS" telt="ALL">
        <PARAM id="DEFAULT" value="4.0" type="NUMERIC" />
        <PARAM id="VALUE_EXCLUS" value="2.0" type="NUMERIC" />
      </AGGREG>
      <FORMULA value="2">
        <OP id="gt" type="BOOLEAN">
          <VAR id="DP-2013" type="NUMERIC" />
          <VAL value="0" type="NUMERIC" />
        </OP>
      </FORMULA>
      <FORMULA value="4">
        <VAL value="true" type="BOOLEAN" />
      </FORMULA>
    </CRITDEF>
    <CRITDEF id="DP-1302">
      <AGGREG id="EXCLUS" telt="ALL" />
      <FORMULA value="1">
        <OP id="gt" type="BOOLEAN">
          <VAR id="DP-1302" type="NUMERIC" />
          <VAL value="0" type="NUMERIC" />
        </OP>
      </FORMULA>
      <FORMULA value="4">
        <VAL value="true" type="BOOLEAN" />
      </FORMULA>
    </CRITDEF>
    <CRITDEF id="DP-1352">
      <AGGREG id="EXCLUS" telt="ALL" />
      <FORMULA value="1">
        <OP id="gt" type="BOOLEAN">
          <VAR id="DP-1352" type="NUMERIC" />
          <VAL value="0" type="NUMERIC" />
        </OP>
      </FORMULA>
      <FORMULA value="4">
        <VAL value="true" type="BOOLEAN" />
      </FORMULA>
    </CRITDEF>
    <CRITDEF id="DP-OBJECT_RULES">
      <AGGREG id="EXCLUS_AVG" telt="ALL" />
      <FORMULA value="1">
        <OP id="gt" type="BOOLEAN">
          <VAR id="DP-1353" type="NUMERIC" />
          <VAL value="0" type="NUMERIC" />
        </OP>
      </FORMULA>
      <FORMULA value="1">
        <OP id="gt" type="BOOLEAN">
          <VAR id="DP-1158" type="NUMERIC" />
          <VAL value="0" type="NUMERIC" />
        </OP>
      </FORMULA>
      <FORMULA value="1">
        <OP id="gt" type="BOOLEAN">
          <VAR id="DP-1366" type="NUMERIC" />
          <VAL value="0" type="NUMERIC" />
        </OP>
      </FORMULA>
      <FORMULA value="1">
        <OP id="gt" type="BOOLEAN">
          <VAR id="DP-1156" type="NUMERIC" />
          <VAL value="0" type="NUMERIC" />
        </OP>
      </FORMULA>
      <FORMULA value="1">
        <OP id="gt" type="BOOLEAN">
          <VAR id="DP-1177" type="NUMERIC" />
          <VAL value="0" type="NUMERIC" />
        </OP>
      </FORMULA>
      <FORMULA value="2">
        <OP id="gt" type="BOOLEAN">
          <VAR id="DP-1182" type="NUMERIC" />
          <VAL value="0" type="NUMERIC" />
        </OP>
      </FORMULA>
      <FORMULA value="2">
        <OP id="gt" type="BOOLEAN">
          <VAR id="DP-1180" type="NUMERIC" />
          <VAL value="0" type="NUMERIC" />
        </OP>
      </FORMULA>
      <FORMULA value="2">
        <OP id="gt" type="BOOLEAN">
          <VAR id="DP-1175" type="NUMERIC" />
          <VAL value="0" type="NUMERIC" />
        </OP>
      </FORMULA>
      <FORMULA value="1">
        <OP id="gt" type="BOOLEAN">
          <VAR id="DP-1176" type="NUMERIC" />
          <VAL value="0" type="NUMERIC" />
        </OP>
      </FORMULA>
      <FORMULA value="1">
        <OP id="gt" type="BOOLEAN">
          <VAR id="DP-1189" type="NUMERIC" />
          <VAL value="0" type="NUMERIC" />
        </OP>
      </FORMULA>
      <FORMULA value="1">
        <OP id="gt" type="BOOLEAN">
          <VAR id="DP-1178" type="NUMERIC" />
          <VAL value="0" type="NUMERIC" />
        </OP>
      </FORMULA>
      <FORMULA value="1">
        <OP id="gt" type="BOOLEAN">
          <VAR id="DP-1191" type="NUMERIC" />
          <VAL value="0" type="NUMERIC" />
        </OP>
      </FORMULA>
      <FORMULA value="1">
        <OP id="gt" type="BOOLEAN">
          <VAR id="DP-1190" type="NUMERIC" />
          <VAL value="0" type="NUMERIC" />
        </OP>
      </FORMULA>
      <FORMULA value="2">
        <OP id="gt" type="BOOLEAN">
          <VAR id="DP-1181" type="NUMERIC" />
          <VAL value="0" type="NUMERIC" />
        </OP>
      </FORMULA>
      <FORMULA value="2">
        <OP id="gt" type="BOOLEAN">
          <VAR id="DP-1183" type="NUMERIC" />
          <VAL value="0" type="NUMERIC" />
        </OP>
      </FORMULA>
      <FORMULA value="4">
        <VAL value="true" type="BOOLEAN" />
      </FORMULA>
    </CRITDEF>
    <CRITDEF id="DP-3003">
      <AGGREG id="EXCLUS" telt="ALL">
        <PARAM id="DEFAULT" value="4.0" type="NUMERIC" />
        <PARAM id="VALUE_EXCLUS" value="2.0" type="NUMERIC" />
      </AGGREG>
      <FORMULA value="2">
        <OP id="gt" type="BOOLEAN">
          <VAR id="DP-3003" type="NUMERIC" />
          <VAL value="0" type="NUMERIC" />
        </OP>
      </FORMULA>
      <FORMULA value="4">
        <VAL value="true" type="BOOLEAN" />
      </FORMULA>
    </CRITDEF>
    <CRITDEF id="DP-OPTION_RULES">
      <AGGREG id="EXCLUS_AVG" telt="ALL" />
      <FORMULA value="2">
        <OP id="gt" type="BOOLEAN">
          <VAR id="DP-1004" type="NUMERIC" />
          <VAL value="0" type="NUMERIC" />
        </OP>
      </FORMULA>
      <FORMULA value="1">
        <OP id="gt" type="BOOLEAN">
          <VAR id="DP-1003" type="NUMERIC" />
          <VAL value="0" type="NUMERIC" />
        </OP>
      </FORMULA>
      <FORMULA value="4">
        <VAL value="true" type="BOOLEAN" />
      </FORMULA>
    </CRITDEF>
    <CRITDEF id="DP-1290">
      <AGGREG id="EXCLUS" telt="ALL">
        <PARAM id="DEFAULT" value="4.0" type="NUMERIC" />
        <PARAM id="VALUE_EXCLUS" value="2.0" type="NUMERIC" />
      </AGGREG>
      <FORMULA value="2">
        <OP id="gt" type="BOOLEAN">
          <VAR id="DP-1290" type="NUMERIC" />
          <VAL value="0" type="NUMERIC" />
        </OP>
      </FORMULA>
      <FORMULA value="4">
        <VAL value="true" type="BOOLEAN" />
      </FORMULA>
    </CRITDEF>
    <CRITDEF id="DP-1398">
      <AGGREG id="EXCLUS" telt="ALL">
        <PARAM id="DEFAULT" value="4.0" type="NUMERIC" />
        <PARAM id="VALUE_EXCLUS" value="2.0" type="NUMERIC" />
      </AGGREG>
      <FORMULA value="2">
        <OP id="gt" type="BOOLEAN">
          <VAR id="DP-1398" type="NUMERIC" />
          <VAL value="0" type="NUMERIC" />
        </OP>
      </FORMULA>
      <FORMULA value="4">
        <VAL value="true" type="BOOLEAN" />
      </FORMULA>
    </CRITDEF>
    <CRITDEF id="DP-STRING_RULES">
      <AGGREG id="EXCLUS" telt="ALL" />
      <FORMULA value="1">
        <OP id="gt" type="BOOLEAN">
          <VAR id="DP-1034" type="NUMERIC" />
          <VAL value="0" type="NUMERIC" />
        </OP>
      </FORMULA>
      <FORMULA value="1">
        <OP id="gt" type="BOOLEAN">
          <VAR id="DP-1086" type="NUMERIC" />
          <VAL value="0" type="NUMERIC" />
        </OP>
      </FORMULA>
      <FORMULA value="1">
        <OP id="gt" type="BOOLEAN">
          <VAR id="DP-1042" type="NUMERIC" />
          <VAL value="0" type="NUMERIC" />
        </OP>
      </FORMULA>
      <FORMULA value="1">
        <OP id="gt" type="BOOLEAN">
          <VAR id="DP-1044" type="NUMERIC" />
          <VAL value="0" type="NUMERIC" />
        </OP>
      </FORMULA>
      <FORMULA value="1">
        <OP id="gt" type="BOOLEAN">
          <VAR id="DP-1045" type="NUMERIC" />
          <VAL value="0" type="NUMERIC" />
        </OP>
      </FORMULA>
      <FORMULA value="1">
        <OP id="gt" type="BOOLEAN">
          <VAR id="DP-1373" type="NUMERIC" />
          <VAL value="0" type="NUMERIC" />
        </OP>
      </FORMULA>
      <FORMULA value="1">
        <OP id="gt" type="BOOLEAN">
          <VAR id="DP-1047" type="NUMERIC" />
          <VAL value="0" type="NUMERIC" />
        </OP>
      </FORMULA>
      <FORMULA value="1">
        <OP id="gt" type="BOOLEAN">
          <VAR id="DP-1048" type="NUMERIC" />
          <VAL value="0" type="NUMERIC" />
        </OP>
      </FORMULA>
      <FORMULA value="4">
        <VAL value="true" type="BOOLEAN" />
      </FORMULA>
    </CRITDEF>
    <CRITDEF id="DP-1350">
      <AGGREG id="EXCLUS" telt="ALL" />
      <FORMULA value="1">
        <OP id="gt" type="BOOLEAN">
          <VAR id="DP-1350" type="NUMERIC" />
          <VAL value="0" type="NUMERIC" />
        </OP>
      </FORMULA>
      <FORMULA value="4">
        <VAL value="true" type="BOOLEAN" />
      </FORMULA>
    </CRITDEF>
    <CRITDEF id="DP-4013">
      <AGGREG id="EXCLUS" telt="ALL">
        <PARAM id="DEFAULT" value="4.0" type="NUMERIC" />
        <PARAM id="VALUE_EXCLUS" value="2.0" type="NUMERIC" />
      </AGGREG>
      <FORMULA value="2">
        <OP id="gt" type="BOOLEAN">
          <VAR id="DP-4013" type="NUMERIC" />
          <VAL value="0" type="NUMERIC" />
        </OP>
      </FORMULA>
      <FORMULA value="4">
        <VAL value="true" type="BOOLEAN" />
      </FORMULA>
    </CRITDEF>
    <CRITDEF id="DP-1344">
      <AGGREG id="EXCLUS" telt="ALL" />
      <FORMULA value="1">
        <OP id="gt" type="BOOLEAN">
          <VAR id="DP-1344" type="NUMERIC" />
          <VAL value="0" type="NUMERIC" />
        </OP>
      </FORMULA>
      <FORMULA value="4">
        <VAL value="true" type="BOOLEAN" />
      </FORMULA>
    </CRITDEF>
    <CRITDEF id="DP-1221">
      <AGGREG id="EXCLUS" telt="ALL">
        <PARAM id="DEFAULT" value="4.0" type="NUMERIC" />
        <PARAM id="VALUE_EXCLUS" value="2.0" type="NUMERIC" />
      </AGGREG>
      <FORMULA value="2">
        <OP id="gt" type="BOOLEAN">
          <VAR id="DP-1221" type="NUMERIC" />
          <VAL value="0" type="NUMERIC" />
        </OP>
      </FORMULA>
      <FORMULA value="4">
        <VAL value="true" type="BOOLEAN" />
      </FORMULA>
    </CRITDEF>
    <CRITDEF id="DP-1171">
      <AGGREG id="EXCLUS" telt="ALL" />
      <FORMULA value="1">
        <OP id="gt" type="BOOLEAN">
          <VAR id="DP-1171" type="NUMERIC" />
          <VAL value="0" type="NUMERIC" />
        </OP>
      </FORMULA>
      <FORMULA value="4">
        <VAL value="true" type="BOOLEAN" />
      </FORMULA>
    </CRITDEF>
    <CRITDEF id="DP-1057">
      <AGGREG id="EXCLUS" telt="ALL" />
      <FORMULA value="1">
        <OP id="gt" type="BOOLEAN">
          <VAR id="DP-1057" type="NUMERIC" />
          <VAL value="0" type="NUMERIC" />
        </OP>
      </FORMULA>
      <FORMULA value="4">
        <VAL value="true" type="BOOLEAN" />
      </FORMULA>
    </CRITDEF>
    <CRITDEF id="DP-4011">
      <AGGREG id="EXCLUS" telt="ALL">
        <PARAM id="DEFAULT" value="4.0" type="NUMERIC" />
        <PARAM id="VALUE_EXCLUS" value="2.0" type="NUMERIC" />
      </AGGREG>
      <FORMULA value="2">
        <OP id="gt" type="BOOLEAN">
          <VAR id="DP-4011" type="NUMERIC" />
          <VAL value="0" type="NUMERIC" />
        </OP>
      </FORMULA>
      <FORMULA value="4">
        <VAL value="true" type="BOOLEAN" />
      </FORMULA>
    </CRITDEF>
    <CRITDEF id="DP-1050">
      <AGGREG id="EXCLUS" telt="ALL" />
      <FORMULA value="1">
        <OP id="gt" type="BOOLEAN">
          <VAR id="DP-1050" type="NUMERIC" />
          <VAL value="0" type="NUMERIC" />
        </OP>
      </FORMULA>
      <FORMULA value="4">
        <VAL value="true" type="BOOLEAN" />
      </FORMULA>
    </CRITDEF>
    <CRITDEF id="DP-1330">
      <AGGREG id="EXCLUS" telt="ALL">
        <PARAM id="DEFAULT" value="4.0" type="NUMERIC" />
        <PARAM id="VALUE_EXCLUS" value="2.0" type="NUMERIC" />
      </AGGREG>
      <FORMULA value="2">
        <OP id="gt" type="BOOLEAN">
          <VAR id="DP-1330" type="NUMERIC" />
          <VAL value="0" type="NUMERIC" />
        </OP>
      </FORMULA>
      <FORMULA value="4">
        <VAL value="true" type="BOOLEAN" />
      </FORMULA>
    </CRITDEF>
    <CRITDEF id="DP-1309">
      <AGGREG id="EXCLUS" telt="ALL" />
      <FORMULA value="1">
        <OP id="gt" type="BOOLEAN">
          <VAR id="DP-1309" type="NUMERIC" />
          <VAL value="0" type="NUMERIC" />
        </OP>
      </FORMULA>
      <FORMULA value="4">
        <VAL value="true" type="BOOLEAN" />
      </FORMULA>
    </CRITDEF>
    <CRITDEF id="DP-1021">
      <AGGREG id="EXCLUS" telt="ALL" />
      <FORMULA value="1">
        <OP id="gt" type="BOOLEAN">
          <VAR id="DP-1021" type="NUMERIC" />
          <VAL value="0" type="NUMERIC" />
        </OP>
      </FORMULA>
      <FORMULA value="4">
        <VAL value="true" type="BOOLEAN" />
      </FORMULA>
    </CRITDEF>
    <CRITDEF id="DP-1377">
      <AGGREG id="EXCLUS" telt="ALL" />
      <FORMULA value="1">
        <OP id="gt" type="BOOLEAN">
          <VAR id="DP-1377" type="NUMERIC" />
          <VAL value="0" type="NUMERIC" />
        </OP>
      </FORMULA>
      <FORMULA value="4">
        <VAL value="true" type="BOOLEAN" />
      </FORMULA>
    </CRITDEF>
    <CRITDEF id="DP-2513">
      <AGGREG id="EXCLUS" telt="ALL" />
      <FORMULA value="1">
        <OP id="gt" type="BOOLEAN">
          <VAR id="DP-2513" type="NUMERIC" />
          <VAL value="0" type="NUMERIC" />
        </OP>
      </FORMULA>
      <FORMULA value="4">
        <VAL value="true" type="BOOLEAN" />
      </FORMULA>
    </CRITDEF>
    <CRITDEF id="DP-1286">
      <AGGREG id="EXCLUS" telt="ALL" />
      <FORMULA value="1">
        <OP id="gt" type="BOOLEAN">
          <VAR id="DP-1286" type="NUMERIC" />
          <VAL value="0" type="NUMERIC" />
        </OP>
      </FORMULA>
      <FORMULA value="4">
        <VAL value="true" type="BOOLEAN" />
      </FORMULA>
    </CRITDEF>
    <CRITDEF id="DP-1005">
      <AGGREG id="EXCLUS" telt="ALL">
        <PARAM id="DEFAULT" value="4.0" type="NUMERIC" />
        <PARAM id="VALUE_EXCLUS" value="2.0" type="NUMERIC" />
      </AGGREG>
      <FORMULA value="2">
        <OP id="gt" type="BOOLEAN">
          <VAR id="DP-1005" type="NUMERIC" />
          <VAL value="0" type="NUMERIC" />
        </OP>
      </FORMULA>
      <FORMULA value="4">
        <VAL value="true" type="BOOLEAN" />
      </FORMULA>
    </CRITDEF>
    <CRITDEF id="DP-OBSOLETEDAOMETHOD">
      <AGGREG id="EXCLUS" telt="ALL" />
      <FORMULA value="1">
        <OP id="gt" type="BOOLEAN">
          <VAR id="DP-1324" type="NUMERIC" />
          <VAL value="0" type="NUMERIC" />
        </OP>
      </FORMULA>
      <FORMULA value="1">
        <OP id="gt" type="BOOLEAN">
          <VAR id="DP-1325" type="NUMERIC" />
          <VAL value="0" type="NUMERIC" />
        </OP>
      </FORMULA>
      <FORMULA value="1">
        <OP id="gt" type="BOOLEAN">
          <VAR id="DP-1327" type="NUMERIC" />
          <VAL value="0" type="NUMERIC" />
        </OP>
      </FORMULA>
      <FORMULA value="1">
        <OP id="gt" type="BOOLEAN">
          <VAR id="DP-1326" type="NUMERIC" />
          <VAL value="0" type="NUMERIC" />
        </OP>
      </FORMULA>
      <FORMULA value="1">
        <OP id="gt" type="BOOLEAN">
          <VAR id="DP-1329" type="NUMERIC" />
          <VAL value="0" type="NUMERIC" />
        </OP>
      </FORMULA>
      <FORMULA value="4">
        <VAL value="true" type="BOOLEAN" />
      </FORMULA>
    </CRITDEF>
    <CRITDEF id="DP-1337">
      <AGGREG id="EXCLUS" telt="ALL">
        <PARAM id="DEFAULT" value="4.0" type="NUMERIC" />
        <PARAM id="VALUE_EXCLUS" value="2.0" type="NUMERIC" />
      </AGGREG>
      <FORMULA value="2">
        <OP id="gt" type="BOOLEAN">
          <VAR id="DP-1337" type="NUMERIC" />
          <VAL value="0" type="NUMERIC" />
        </OP>
      </FORMULA>
      <FORMULA value="4">
        <VAL value="true" type="BOOLEAN" />
      </FORMULA>
    </CRITDEF>
    <CRITDEF id="DP-4000">
      <AGGREG id="EXCLUS" telt="ALL">
        <PARAM id="DEFAULT" value="4.0" type="NUMERIC" />
        <PARAM id="VALUE_EXCLUS" value="2.0" type="NUMERIC" />
      </AGGREG>
      <FORMULA value="2">
        <OP id="gt" type="BOOLEAN">
          <VAR id="DP-4000" type="NUMERIC" />
          <VAL value="0" type="NUMERIC" />
        </OP>
      </FORMULA>
      <FORMULA value="4">
        <VAL value="true" type="BOOLEAN" />
      </FORMULA>
    </CRITDEF>
    <CRITDEF id="DP-3001">
      <AGGREG id="EXCLUS" telt="ALL">
        <PARAM id="DEFAULT" value="4.0" type="NUMERIC" />
        <PARAM id="VALUE_EXCLUS" value="2.0" type="NUMERIC" />
      </AGGREG>
      <FORMULA value="2">
        <OP id="gt" type="BOOLEAN">
          <VAR id="DP-3001" type="NUMERIC" />
          <VAL value="0" type="NUMERIC" />
        </OP>
      </FORMULA>
      <FORMULA value="4">
        <VAL value="true" type="BOOLEAN" />
      </FORMULA>
    </CRITDEF>
    <CRITDEF id="DP-1379">
      <AGGREG id="EXCLUS" telt="ALL" />
      <FORMULA value="1">
        <OP id="gt" type="BOOLEAN">
          <VAR id="DP-1379" type="NUMERIC" />
          <VAL value="0" type="NUMERIC" />
        </OP>
      </FORMULA>
      <FORMULA value="4">
        <VAL value="true" type="BOOLEAN" />
      </FORMULA>
    </CRITDEF>
    <CRITDEF id="DP-1279">
      <AGGREG id="EXCLUS" telt="ALL">
        <PARAM id="DEFAULT" value="4.0" type="NUMERIC" />
        <PARAM id="VALUE_EXCLUS" value="2.0" type="NUMERIC" />
      </AGGREG>
      <FORMULA value="2">
        <OP id="gt" type="BOOLEAN">
          <VAR id="DP-1279" type="NUMERIC" />
          <VAL value="0" type="NUMERIC" />
        </OP>
      </FORMULA>
      <FORMULA value="4">
        <VAL value="true" type="BOOLEAN" />
      </FORMULA>
    </CRITDEF>
    <CRITDEF id="DP-1375">
      <AGGREG id="EXCLUS" telt="ALL">
        <PARAM id="DEFAULT" value="4.0" type="NUMERIC" />
        <PARAM id="VALUE_EXCLUS" value="2.0" type="NUMERIC" />
      </AGGREG>
      <FORMULA value="2">
        <OP id="gt" type="BOOLEAN">
          <VAR id="DP-1375" type="NUMERIC" />
          <VAL value="0" type="NUMERIC" />
        </OP>
      </FORMULA>
      <FORMULA value="4">
        <VAL value="true" type="BOOLEAN" />
      </FORMULA>
    </CRITDEF>
    <CRITDEF id="DP-1314">
      <AGGREG id="EXCLUS" telt="ALL" />
      <FORMULA value="1">
        <OP id="gt" type="BOOLEAN">
          <VAR id="DP-1314" type="NUMERIC" />
          <VAL value="0" type="NUMERIC" />
        </OP>
      </FORMULA>
      <FORMULA value="4">
        <VAL value="true" type="BOOLEAN" />
      </FORMULA>
    </CRITDEF>
    <CRITDEF id="DP-1007">
      <AGGREG id="EXCLUS" telt="ALL" />
      <FORMULA value="1">
        <OP id="gt" type="BOOLEAN">
          <VAR id="DP-1007" type="NUMERIC" />
          <VAL value="0" type="NUMERIC" />
        </OP>
      </FORMULA>
      <FORMULA value="4">
        <VAL value="true" type="BOOLEAN" />
      </FORMULA>
    </CRITDEF>
    <CRITDEF id="DP-2502">
      <AGGREG id="EXCLUS" telt="ALL" />
      <FORMULA value="1">
        <OP id="gt" type="BOOLEAN">
          <VAR id="DP-2502" type="NUMERIC" />
          <VAL value="0" type="NUMERIC" />
        </OP>
      </FORMULA>
      <FORMULA value="4">
        <VAL value="true" type="BOOLEAN" />
      </FORMULA>
    </CRITDEF>
    <CRITDEF id="DP-3503">
      <AGGREG id="EXCLUS" telt="ALL">
        <PARAM id="DEFAULT" value="4.0" type="NUMERIC" />
        <PARAM id="VALUE_EXCLUS" value="2.0" type="NUMERIC" />
      </AGGREG>
      <FORMULA value="2">
        <OP id="gt" type="BOOLEAN">
          <VAR id="DP-3503" type="NUMERIC" />
          <VAL value="0" type="NUMERIC" />
        </OP>
      </FORMULA>
      <FORMULA value="4">
        <VAL value="true" type="BOOLEAN" />
      </FORMULA>
    </CRITDEF>
    <CRITDEF id="DP-1097">
      <AGGREG id="EXCLUS" telt="ALL" />
      <FORMULA value="1">
        <OP id="gt" type="BOOLEAN">
          <VAR id="DP-1097" type="NUMERIC" />
          <VAL value="0" type="NUMERIC" />
        </OP>
      </FORMULA>
      <FORMULA value="4">
        <VAL value="true" type="BOOLEAN" />
      </FORMULA>
    </CRITDEF>
    <CRITDEF id="DP-1247">
      <AGGREG id="EXCLUS" telt="ALL" />
      <FORMULA value="1">
        <OP id="gt" type="BOOLEAN">
          <VAR id="DP-1247" type="NUMERIC" />
          <VAL value="0" type="NUMERIC" />
        </OP>
      </FORMULA>
      <FORMULA value="4">
        <VAL value="true" type="BOOLEAN" />
      </FORMULA>
    </CRITDEF>
    <CRITDEF id="DP-CLS_MODULE_DESC_HELP">
      <AGGREG id="EXCLUS" telt="ALL">
        <PARAM id="DEFAULT" value="4.0" type="NUMERIC" />
        <PARAM id="VALUE_EXCLUS" value="2.0" type="NUMERIC" />
      </AGGREG>
      <FORMULA value="2">
        <OP id="gt" type="BOOLEAN">
          <VAR id="DP-1167" type="NUMERIC" />
          <VAL value="0" type="NUMERIC" />
        </OP>
      </FORMULA>
      <FORMULA value="2">
        <OP id="gt" type="BOOLEAN">
          <VAR id="DP-1168" type="NUMERIC" />
          <VAL value="0" type="NUMERIC" />
        </OP>
      </FORMULA>
      <FORMULA value="2">
        <OP id="gt" type="BOOLEAN">
          <VAR id="DP-1170" type="NUMERIC" />
          <VAL value="0" type="NUMERIC" />
        </OP>
      </FORMULA>
      <FORMULA value="2">
        <OP id="gt" type="BOOLEAN">
          <VAR id="DP-1169" type="NUMERIC" />
          <VAL value="0" type="NUMERIC" />
        </OP>
      </FORMULA>
      <FORMULA value="4">
        <VAL value="true" type="BOOLEAN" />
      </FORMULA>
    </CRITDEF>
    <CRITDEF id="DP-1060">
      <AGGREG id="EXCLUS" telt="ALL">
        <PARAM id="DEFAULT" value="4.0" type="NUMERIC" />
        <PARAM id="VALUE_EXCLUS" value="2.0" type="NUMERIC" />
      </AGGREG>
      <FORMULA value="2">
        <OP id="gt" type="BOOLEAN">
          <VAR id="DP-1060" type="NUMERIC" />
          <VAL value="0" type="NUMERIC" />
        </OP>
      </FORMULA>
      <FORMULA value="4">
        <VAL value="true" type="BOOLEAN" />
      </FORMULA>
    </CRITDEF>
    <CRITDEF id="DP-1039">
      <AGGREG id="EXCLUS" telt="ALL" />
      <FORMULA value="1">
        <OP id="gt" type="BOOLEAN">
          <VAR id="DP-1039" type="NUMERIC" />
          <VAL value="0" type="NUMERIC" />
        </OP>
      </FORMULA>
      <FORMULA value="4">
        <VAL value="true" type="BOOLEAN" />
      </FORMULA>
    </CRITDEF>
    <CRITDEF id="DP-4002">
      <AGGREG id="EXCLUS" telt="ALL">
        <PARAM id="DEFAULT" value="4.0" type="NUMERIC" />
        <PARAM id="VALUE_EXCLUS" value="2.0" type="NUMERIC" />
      </AGGREG>
      <FORMULA value="2">
        <OP id="gt" type="BOOLEAN">
          <VAR id="DP-4002" type="NUMERIC" />
          <VAL value="0" type="NUMERIC" />
        </OP>
      </FORMULA>
      <FORMULA value="4">
        <VAL value="true" type="BOOLEAN" />
      </FORMULA>
    </CRITDEF>
    <CRITDEF id="DP-1382">
      <AGGREG id="EXCLUS" telt="ALL" />
      <FORMULA value="1">
        <OP id="gt" type="BOOLEAN">
          <VAR id="DP-1382" type="NUMERIC" />
          <VAL value="0" type="NUMERIC" />
        </OP>
      </FORMULA>
      <FORMULA value="4">
        <VAL value="true" type="BOOLEAN" />
      </FORMULA>
    </CRITDEF>
    <CRITDEF id="DP-3505">
      <AGGREG id="EXCLUS" telt="ALL">
        <PARAM id="DEFAULT" value="4.0" type="NUMERIC" />
        <PARAM id="VALUE_EXCLUS" value="2.0" type="NUMERIC" />
      </AGGREG>
      <FORMULA value="2">
        <OP id="gt" type="BOOLEAN">
          <VAR id="DP-3505" type="NUMERIC" />
          <VAL value="0" type="NUMERIC" />
        </OP>
      </FORMULA>
      <FORMULA value="4">
        <VAL value="true" type="BOOLEAN" />
      </FORMULA>
    </CRITDEF>
    <CRITDEF id="DP-1380">
      <AGGREG id="EXCLUS" telt="ALL">
        <PARAM id="DEFAULT" value="4.0" type="NUMERIC" />
        <PARAM id="VALUE_EXCLUS" value="2.0" type="NUMERIC" />
      </AGGREG>
      <FORMULA value="2">
        <OP id="gt" type="BOOLEAN">
          <VAR id="DP-1380" type="NUMERIC" />
          <VAL value="0" type="NUMERIC" />
        </OP>
      </FORMULA>
      <FORMULA value="4">
        <VAL value="true" type="BOOLEAN" />
      </FORMULA>
    </CRITDEF>
    <CRITDEF id="DP-1062">
      <AGGREG id="EXCLUS" telt="ALL" />
      <FORMULA value="1">
        <OP id="gt" type="BOOLEAN">
          <VAR id="DP-1062" type="NUMERIC" />
          <VAL value="0" type="NUMERIC" />
        </OP>
      </FORMULA>
      <FORMULA value="4">
        <VAL value="true" type="BOOLEAN" />
      </FORMULA>
    </CRITDEF>
    <CRITDEF id="DP-4006">
      <AGGREG id="EXCLUS" telt="ALL" />
      <FORMULA value="1">
        <OP id="gt" type="BOOLEAN">
          <VAR id="DP-4006" type="NUMERIC" />
          <VAL value="0" type="NUMERIC" />
        </OP>
      </FORMULA>
      <FORMULA value="4">
        <VAL value="true" type="BOOLEAN" />
      </FORMULA>
    </CRITDEF>
    <CRITDEF id="DP-1396">
      <AGGREG id="EXCLUS" telt="ALL" />
      <FORMULA value="1">
        <OP id="gt" type="BOOLEAN">
          <VAR id="DP-1396" type="NUMERIC" />
          <VAL value="0" type="NUMERIC" />
        </OP>
      </FORMULA>
      <FORMULA value="4">
        <VAL value="true" type="BOOLEAN" />
      </FORMULA>
    </CRITDEF>
    <CRITDEF id="DP-1394">
      <AGGREG id="EXCLUS" telt="ALL" />
      <FORMULA value="1">
        <OP id="gt" type="BOOLEAN">
          <VAR id="DP-1394" type="NUMERIC" />
          <VAL value="0" type="NUMERIC" />
        </OP>
      </FORMULA>
      <FORMULA value="4">
        <VAL value="true" type="BOOLEAN" />
      </FORMULA>
    </CRITDEF>
    <CRITDEF id="DP-1166">
      <AGGREG id="EXCLUS" telt="ALL">
        <PARAM id="DEFAULT" value="4.0" type="NUMERIC" />
        <PARAM id="VALUE_EXCLUS" value="2.0" type="NUMERIC" />
      </AGGREG>
      <FORMULA value="2">
        <OP id="gt" type="BOOLEAN">
          <VAR id="DP-1166" type="NUMERIC" />
          <VAL value="0" type="NUMERIC" />
        </OP>
      </FORMULA>
      <FORMULA value="4">
        <VAL value="true" type="BOOLEAN" />
      </FORMULA>
    </CRITDEF>
    <CRITDEF id="DP-4008">
      <AGGREG id="EXCLUS" telt="ALL">
        <PARAM id="DEFAULT" value="4.0" type="NUMERIC" />
        <PARAM id="VALUE_EXCLUS" value="2.0" type="NUMERIC" />
      </AGGREG>
      <FORMULA value="2">
        <OP id="gt" type="BOOLEAN">
          <VAR id="DP-4008" type="NUMERIC" />
          <VAL value="0" type="NUMERIC" />
        </OP>
      </FORMULA>
      <FORMULA value="4">
        <VAL value="true" type="BOOLEAN" />
      </FORMULA>
    </CRITDEF>
    <CRITDEF id="DP-1275">
      <AGGREG id="EXCLUS" telt="ALL">
        <PARAM id="DEFAULT" value="4.0" type="NUMERIC" />
        <PARAM id="VALUE_EXCLUS" value="2.0" type="NUMERIC" />
      </AGGREG>
      <FORMULA value="2">
        <OP id="gt" type="BOOLEAN">
          <VAR id="DP-1275" type="NUMERIC" />
          <VAL value="0" type="NUMERIC" />
        </OP>
      </FORMULA>
      <FORMULA value="4">
        <VAL value="true" type="BOOLEAN" />
      </FORMULA>
    </CRITDEF>
    <CRITDEF id="TPRO">
      <AGGREG id="AVG" telt="ALL" />
      <FORMULA value="1">
        <OP id="gt" type="BOOLEAN">
          <VAR id="DP-LINECOUNT" type="NUMERIC" />
          <VAL value="100" type="NUMERIC" />
        </OP>
      </FORMULA>
      <FORMULA value="2">
        <OP id="gt" type="BOOLEAN">
          <VAR id="DP-LINECOUNT" type="NUMERIC" />
          <VAL value="70" type="NUMERIC" />
        </OP>
      </FORMULA>
      <FORMULA value="3">
        <OP id="gt" type="BOOLEAN">
          <VAR id="DP-LINECOUNT" type="NUMERIC" />
          <VAL value="50" type="NUMERIC" />
        </OP>
      </FORMULA>
      <FORMULA value="4">
        <VAL value="true" type="BOOLEAN" />
      </FORMULA>
    </CRITDEF>
    <CRITDEF id="COMPLEXITY">
      <AGGREG id="AVG" telt="ALL" />
      <FORMULA value="1">
        <OP id="gt" type="BOOLEAN">
          <VAR id="DP-MCCABECYCLOCOMPLEXITY" type="NUMERIC" />
          <VAL value="10" type="NUMERIC" />
        </OP>
      </FORMULA>
      <FORMULA value="2">
        <OP id="gt" type="BOOLEAN">
          <VAR id="DP-MCCABECYCLOCOMPLEXITY" type="NUMERIC" />
          <VAL value="7" type="NUMERIC" />
        </OP>
      </FORMULA>
      <FORMULA value="3">
        <OP id="gt" type="BOOLEAN">
          <VAR id="DP-MCCABECYCLOCOMPLEXITY" type="NUMERIC" />
          <VAL value="5" type="NUMERIC" />
        </OP>
      </FORMULA>
      <FORMULA value="4">
        <VAL value="true" type="BOOLEAN" />
      </FORMULA>
    </CRITDEF>
    <CRITDEF id="COMP">
      <AGGREG id="AVG" telt="ALL" />
      <FORMULA value="3">
        <OP id="AND" type="BOOLEAN">
          <OP id="eq" type="BOOLEAN">
            <VAR id="DP-COUNTOFCOMMENTLINES" type="NUMERIC" />
            <VAL value="0" type="NUMERIC" />
          </OP>
          <OP id="lt" type="BOOLEAN">
            <VAR id="DP-COUNTOFCODELINES" type="NUMERIC" />
            <VAL value="8" type="NUMERIC" />
          </OP>
        </OP>
      </FORMULA>
      <FORMULA value="1">
        <OP id="AND" type="BOOLEAN">
          <OP id="eq" type="BOOLEAN">
            <VAR id="DP-COUNTOFCOMMENTLINES" type="NUMERIC" />
            <VAL value="0" type="NUMERIC" />
          </OP>
          <OP id="gt" type="BOOLEAN">
            <VAR id="DP-COUNTOFCODELINES" type="NUMERIC" />
            <VAL value="7" type="NUMERIC" />
          </OP>
        </OP>
      </FORMULA>
      <FORMULA value="2">
        <OP id="OR" type="BOOLEAN">
          <OP id="AND" type="BOOLEAN">
            <OP id="lt" type="BOOLEAN">
              <VAR id="DP-MCCABECYCLOCOMPLEXITY" type="NUMERIC" />
              <VAL value="10" type="NUMERIC" />
            </OP>
            <OP id="lt" type="BOOLEAN">
              <VAR id="DP-COUNTOFCOMMENTLINES" type="NUMERIC" />
              <OP id="*" type="NUMERIC">
                <VAL value="0.2" type="NUMERIC" />
                <VAR id="DP-LINECOUNT" type="NUMERIC" />
              </OP>
            </OP>
          </OP>
          <OP id="AND" type="BOOLEAN">
            <OP id="ge" type="BOOLEAN">
              <VAR id="DP-MCCABECYCLOCOMPLEXITY" type="NUMERIC" />
              <VAL value="10" type="NUMERIC" />
            </OP>
            <OP id="lt" type="BOOLEAN">
              <VAR id="DP-COUNTOFCOMMENTLINES" type="NUMERIC" />
              <OP id="*" type="NUMERIC">
                <VAL value="0.3" type="NUMERIC" />
                <VAR id="DP-LINECOUNT" type="NUMERIC" />
              </OP>
            </OP>
          </OP>
        </OP>
      </FORMULA>
      <FORMULA value="3">
        <OP id="AND" type="BOOLEAN">
          <OP id="lt" type="BOOLEAN">
            <VAR id="DP-MCCABECYCLOCOMPLEXITY" type="NUMERIC" />
            <VAL value="10" type="NUMERIC" />
          </OP>
          <OP id="lt" type="BOOLEAN">
            <VAR id="DP-COUNTOFCOMMENTLINES" type="NUMERIC" />
            <OP id="*" type="NUMERIC">
              <VAL value="0.3" type="NUMERIC" />
              <VAR id="DP-LINECOUNT" type="NUMERIC" />
            </OP>
          </OP>
        </OP>
      </FORMULA>
      <FORMULA value="4">
        <OP id="OR" type="BOOLEAN">
          <OP id="lt" type="BOOLEAN">
            <VAR id="DP-MCCABECYCLOCOMPLEXITY" type="NUMERIC" />
            <VAL value="10" type="NUMERIC" />
          </OP>
          <OP id="AND" type="BOOLEAN">
            <OP id="ge" type="BOOLEAN">
              <VAR id="DP-MCCABECYCLOCOMPLEXITY" type="NUMERIC" />
              <VAL value="10" type="NUMERIC" />
            </OP>
            <OP id="ge" type="BOOLEAN">
              <VAR id="DP-COUNTOFCOMMENTLINES" type="NUMERIC" />
              <OP id="*" type="NUMERIC">
                <OP id="+" type="NUMERIC">
                  <VAL value="0.3" type="NUMERIC" />
                  <OP id="/" type="NUMERIC">
                    <OP id="-" type="NUMERIC">
                      <VAR id="DP-MCCABECYCLOCOMPLEXITY" type="NUMERIC" />
                      <VAL value="10" type="NUMERIC" />
                    </OP>
                    <VAL value="100" type="NUMERIC" />
                  </OP>
                </OP>
                <VAR id="DP-LINECOUNT" type="NUMERIC" />
              </OP>
            </OP>
          </OP>
        </OP>
      </FORMULA>
    </CRITDEF>
    <IFPUG telt="MET">
      <OP id="/" type="NUMERIC">
        <VAR id="DP-LINECOUNT" type="NUMERIC" />
        <VAL value="29" type="NUMERIC" />
      </OP>
    </IFPUG>
  </USAGE>
</METHOD>

