<?xml version="1.0"  encoding="UTF-8"?><e><r><c><![CDATA[DP-1061]]></c><c><![CDATA[DP-1061]]></c><c><![CDATA[STANDARD-VB6]]></c><c/><c/></r><r><c><![CDATA[DP-1062]]></c><c><![CDATA[DP-1062]]></c><c><![CDATA[STANDARD-VB6]]></c><c/><c/></r><r><c><![CDATA[DP-1076]]></c><c><![CDATA[DP-1076]]></c><c><![CDATA[STANDARD-VB6]]></c><c/><c/></r><r><c><![CDATA[DP-1078]]></c><c><![CDATA[DP-1078]]></c><c><![CDATA[STANDARD-VB6]]></c><c/><c/></r><r><c><![CDATA[DP-1084]]></c><c><![CDATA[DP-1084]]></c><c><![CDATA[STANDARD-VB6]]></c><c/><c/></r><r><c><![CDATA[DP-1089]]></c><c><![CDATA[DP-1089]]></c><c><![CDATA[STANDARD-VB6]]></c><c/><c/></r><r><c><![CDATA[DP-1091]]></c><c><![CDATA[DP-1091]]></c><c><![CDATA[STANDARD-VB6]]></c><c/><c/></r><r><c><![CDATA[DP-1092]]></c><c><![CDATA[DP-1092]]></c><c><![CDATA[STANDARD-VB6]]></c><c/><c/></r><r><c><![CDATA[DP-1097]]></c><c><![CDATA[DP-1097]]></c><c><![CDATA[STANDARD-VB6]]></c><c/><c/></r><r><c><![CDATA[DP-1104]]></c><c><![CDATA[DP-1104]]></c><c><![CDATA[STANDARD-VB6]]></c><c/><c/></r><r><c><![CDATA[DP-1154]]></c><c><![CDATA[DP-1154]]></c><c><![CDATA[STANDARD-VB6]]></c><c/><c/></r><r><c><![CDATA[DP-1157]]></c><c><![CDATA[DP-1157]]></c><c><![CDATA[STANDARD-VB6]]></c><c/><c/></r><r><c><![CDATA[DP-1159]]></c><c><![CDATA[DP-1159]]></c><c><![CDATA[STANDARD-VB6]]></c><c/><c/></r><r><c><![CDATA[DP-1166]]></c><c><![CDATA[DP-1166]]></c><c><![CDATA[STANDARD-VB6]]></c><c/><c/></r><r><c><![CDATA[DP-1171]]></c><c><![CDATA[DP-1171]]></c><c><![CDATA[STANDARD-VB6]]></c><c/><c/></r><r><c><![CDATA[DP-3003]]></c><c><![CDATA[DP-3003]]></c><c><![CDATA[STANDARD-VB6]]></c><c/><c/></r><r><c><![CDATA[DP-3004]]></c><c><![CDATA[DP-3004]]></c><c><![CDATA[STANDARD-VB6]]></c><c/><c/></r><r><c><![CDATA[DP-3500]]></c><c><![CDATA[DP-3500]]></c><c><![CDATA[STANDARD-VB6]]></c><c/><c/></r><r><c><![CDATA[DP-3501]]></c><c><![CDATA[DP-3501]]></c><c><![CDATA[STANDARD-VB6]]></c><c/><c/></r><r><c><![CDATA[DP-3502]]></c><c><![CDATA[DP-3502]]></c><c><![CDATA[STANDARD-VB6]]></c><c/><c/></r><r><c><![CDATA[DP-3503]]></c><c><![CDATA[DP-3503]]></c><c><![CDATA[STANDARD-VB6]]></c><c/><c/></r><r><c><![CDATA[DP-3504]]></c><c><![CDATA[DP-3504]]></c><c><![CDATA[STANDARD-VB6]]></c><c/><c/></r><r><c><![CDATA[DP-3505]]></c><c><![CDATA[DP-3505]]></c><c><![CDATA[STANDARD-VB6]]></c><c/><c/></r><r><c><![CDATA[DP-4000]]></c><c><![CDATA[DP-4000]]></c><c><![CDATA[STANDARD-VB6]]></c><c/><c/></r><r><c><![CDATA[DP-4001]]></c><c><![CDATA[DP-4001]]></c><c><![CDATA[STANDARD-VB6]]></c><c/><c/></r><r><c><![CDATA[DP-4002]]></c><c><![CDATA[DP-4002]]></c><c><![CDATA[STANDARD-VB6]]></c><c/><c/></r><r><c><![CDATA[DP-4003]]></c><c><![CDATA[DP-4003]]></c><c><![CDATA[STANDARD-VB6]]></c><c/><c/></r><r><c><![CDATA[DP-4004]]></c><c><![CDATA[DP-4004]]></c><c><![CDATA[STANDARD-VB6]]></c><c/><c/></r><r><c><![CDATA[DP-4005]]></c><c><![CDATA[DP-4005]]></c><c><![CDATA[STANDARD-VB6]]></c><c/><c/></r><r><c><![CDATA[DP-4006]]></c><c><![CDATA[DP-4006]]></c><c><![CDATA[STANDARD-VB6]]></c><c/><c/></r><r><c><![CDATA[DP-4007]]></c><c><![CDATA[DP-4007]]></c><c><![CDATA[STANDARD-VB6]]></c><c/><c/></r><r><c><![CDATA[DP-4009]]></c><c><![CDATA[DP-4009]]></c><c><![CDATA[STANDARD-VB6]]></c><c/><c/></r><r><c><![CDATA[DP-4010]]></c><c><![CDATA[DP-4010]]></c><c><![CDATA[STANDARD-VB6]]></c><c/><c/></r><r><c><![CDATA[DP-4011]]></c><c><![CDATA[DP-4011]]></c><c><![CDATA[STANDARD-VB6]]></c><c/><c/></r><r><c><![CDATA[DP-4012]]></c><c><![CDATA[DP-4012]]></c><c><![CDATA[STANDARD-VB6]]></c><c/><c/></r><r><c><![CDATA[DP-4013]]></c><c><![CDATA[DP-4013]]></c><c><![CDATA[STANDARD-VB6]]></c><c/><c/></r><r><c><![CDATA[DP-CLOSE_STMT_RULES]]></c><c><![CDATA[DP-1059]]></c><c><![CDATA[STANDARD-VB6]]></c><c/><c/></r><r><c><![CDATA[DP-CLOSE_STMT_RULES]]></c><c><![CDATA[DP-1222]]></c><c><![CDATA[STANDARD-VB6]]></c><c/><c/></r><r><c><![CDATA[DP-VB4OBSOLETEDAOMETHOD]]></c><c><![CDATA[DP-1307]]></c><c><![CDATA[STANDARD-VB6]]></c><c/><c/></r><r><c><![CDATA[DP-VB4OBSOLETEDAOMETHOD]]></c><c><![CDATA[DP-1354]]></c><c><![CDATA[STANDARD-VB6]]></c><c/><c/></r><r><c><![CDATA[DP-CLS_MODULE_DESC_HELP]]></c><c><![CDATA[DP-1167]]></c><c><![CDATA[STANDARD-VB6]]></c><c/><c/></r><r><c><![CDATA[DP-CLS_MODULE_DESC_HELP]]></c><c><![CDATA[DP-1168]]></c><c><![CDATA[STANDARD-VB6]]></c><c/><c/></r><r><c><![CDATA[DP-CLS_MODULE_DESC_HELP]]></c><c><![CDATA[DP-1169]]></c><c><![CDATA[STANDARD-VB6]]></c><c/><c/></r><r><c><![CDATA[DP-CLS_MODULE_DESC_HELP]]></c><c><![CDATA[DP-1170]]></c><c><![CDATA[STANDARD-VB6]]></c><c/><c/></r><r><c><![CDATA[DP-DATETIME_RULES]]></c><c><![CDATA[DP-1027]]></c><c><![CDATA[STANDARD-VB6]]></c><c/><c/></r><r><c><![CDATA[DP-DATETIME_RULES]]></c><c><![CDATA[DP-1046]]></c><c><![CDATA[STANDARD-VB6]]></c><c/><c/></r><r><c><![CDATA[DP-DATETIME_RULES]]></c><c><![CDATA[DP-1179]]></c><c><![CDATA[STANDARD-VB6]]></c><c/><c/></r><r><c><![CDATA[DP-DIM_AS_RULES]]></c><c><![CDATA[DP-1049]]></c><c><![CDATA[STANDARD-VB6]]></c><c/><c/></r><r><c><![CDATA[DP-DIM_AS_RULES]]></c><c><![CDATA[DP-1333]]></c><c><![CDATA[STANDARD-VB6]]></c><c/><c/></r><r><c><![CDATA[DP-DIM_AS_RULES]]></c><c><![CDATA[DP-1334]]></c><c><![CDATA[STANDARD-VB6]]></c><c/><c/></r><r><c><![CDATA[DP-DIR_RULES]]></c><c><![CDATA[DP-1026]]></c><c><![CDATA[STANDARD-VB6]]></c><c/><c/></r><r><c><![CDATA[DP-DIR_RULES]]></c><c><![CDATA[DP-1028]]></c><c><![CDATA[STANDARD-VB6]]></c><c/><c/></r><r><c><![CDATA[DP-FORM_RULES]]></c><c><![CDATA[DP-1192]]></c><c><![CDATA[STANDARD-VB6]]></c><c/><c/></r><r><c><![CDATA[DP-GOTO_GOSUB_FOUND]]></c><c><![CDATA[DP-1085]]></c><c><![CDATA[STANDARD-VB6]]></c><c/><c/></r><r><c><![CDATA[DP-GRID_RULES]]></c><c><![CDATA[DP-1316]]></c><c><![CDATA[STANDARD-VB6]]></c><c/><c/></r><r><c><![CDATA[DP-GRID_RULES]]></c><c><![CDATA[DP-1317]]></c><c><![CDATA[STANDARD-VB6]]></c><c/><c/></r><r><c><![CDATA[DP-INPUT_VARIANT_RULES]]></c><c><![CDATA[DP-1032]]></c><c><![CDATA[STANDARD-VB6]]></c><c/><c/></r><r><c><![CDATA[DP-INPUT_VARIANT_RULES]]></c><c><![CDATA[DP-1033]]></c><c><![CDATA[STANDARD-VB6]]></c><c/><c/></r><r><c><![CDATA[DP-LEFT_MID_RIGHT_RULES]]></c><c><![CDATA[DP-1035]]></c><c><![CDATA[STANDARD-VB6]]></c><c/><c/></r><r><c><![CDATA[DP-LEFT_MID_RIGHT_RULES]]></c><c><![CDATA[DP-1036]]></c><c><![CDATA[STANDARD-VB6]]></c><c/><c/></r><r><c><![CDATA[DP-LEFT_MID_RIGHT_RULES]]></c><c><![CDATA[DP-1037]]></c><c><![CDATA[STANDARD-VB6]]></c><c/><c/></r><r><c><![CDATA[DP-LEFT_MID_RIGHT_RULES]]></c><c><![CDATA[DP-1038]]></c><c><![CDATA[STANDARD-VB6]]></c><c/><c/></r><r><c><![CDATA[DP-LEFT_MID_RIGHT_RULES]]></c><c><![CDATA[DP-1040]]></c><c><![CDATA[STANDARD-VB6]]></c><c/><c/></r><r><c><![CDATA[DP-LEFT_MID_RIGHT_RULES]]></c><c><![CDATA[DP-1041]]></c><c><![CDATA[STANDARD-VB6]]></c><c/><c/></r><r><c><![CDATA[DP-LITERAL_HARDCODED_RULES]]></c><c><![CDATA[DP-2500]]></c><c><![CDATA[STANDARD-VB6]]></c><c/><c/></r><r><c><![CDATA[DP-LITERAL_HARDCODED_RULES]]></c><c><![CDATA[DP-2504]]></c><c><![CDATA[STANDARD-VB6]]></c><c/><c/></r><r><c><![CDATA[DP-LOOP_RULES]]></c><c><![CDATA[DP-1016]]></c><c><![CDATA[STANDARD-VB6]]></c><c/><c/></r><r><c><![CDATA[DP-LOOP_RULES]]></c><c><![CDATA[DP-1188]]></c><c><![CDATA[STANDARD-VB6]]></c><c/><c/></r><r><c><![CDATA[DP-LOOP_RULES]]></c><c><![CDATA[DP-1332]]></c><c><![CDATA[STANDARD-VB6]]></c><c/><c/></r><r><c><![CDATA[DP-OBJECT_RULES]]></c><c><![CDATA[DP-1156]]></c><c><![CDATA[STANDARD-VB6]]></c><c/><c/></r><r><c><![CDATA[DP-OBJECT_RULES]]></c><c><![CDATA[DP-1158]]></c><c><![CDATA[STANDARD-VB6]]></c><c/><c/></r><r><c><![CDATA[DP-OBJECT_RULES]]></c><c><![CDATA[DP-1175]]></c><c><![CDATA[STANDARD-VB6]]></c><c/><c/></r><r><c><![CDATA[DP-OBJECT_RULES]]></c><c><![CDATA[DP-1176]]></c><c><![CDATA[STANDARD-VB6]]></c><c/><c/></r><r><c><![CDATA[DP-OBJECT_RULES]]></c><c><![CDATA[DP-1177]]></c><c><![CDATA[STANDARD-VB6]]></c><c/><c/></r><r><c><![CDATA[DP-OBJECT_RULES]]></c><c><![CDATA[DP-1178]]></c><c><![CDATA[STANDARD-VB6]]></c><c/><c/></r><r><c><![CDATA[DP-OBJECT_RULES]]></c><c><![CDATA[DP-1180]]></c><c><![CDATA[STANDARD-VB6]]></c><c/><c/></r><r><c><![CDATA[DP-OBJECT_RULES]]></c><c><![CDATA[DP-1181]]></c><c><![CDATA[STANDARD-VB6]]></c><c/><c/></r><r><c><![CDATA[DP-OBJECT_RULES]]></c><c><![CDATA[DP-1182]]></c><c><![CDATA[STANDARD-VB6]]></c><c/><c/></r><r><c><![CDATA[DP-OBJECT_RULES]]></c><c><![CDATA[DP-1183]]></c><c><![CDATA[STANDARD-VB6]]></c><c/><c/></r><r><c><![CDATA[DP-OBJECT_RULES]]></c><c><![CDATA[DP-1189]]></c><c><![CDATA[STANDARD-VB6]]></c><c/><c/></r><r><c><![CDATA[DP-OBJECT_RULES]]></c><c><![CDATA[DP-1190]]></c><c><![CDATA[STANDARD-VB6]]></c><c/><c/></r><r><c><![CDATA[DP-OBJECT_RULES]]></c><c><![CDATA[DP-1191]]></c><c><![CDATA[STANDARD-VB6]]></c><c/><c/></r><r><c><![CDATA[DP-OBJECT_RULES]]></c><c><![CDATA[DP-1353]]></c><c><![CDATA[STANDARD-VB6]]></c><c/><c/></r><r><c><![CDATA[DP-OBJECT_RULES]]></c><c><![CDATA[DP-1366]]></c><c><![CDATA[STANDARD-VB6]]></c><c/><c/></r><r><c><![CDATA[DP-OBSOLETEDAOMETHOD]]></c><c><![CDATA[DP-1324]]></c><c><![CDATA[STANDARD-VB6]]></c><c/><c/></r><r><c><![CDATA[DP-OBSOLETEDAOMETHOD]]></c><c><![CDATA[DP-1325]]></c><c><![CDATA[STANDARD-VB6]]></c><c/><c/></r><r><c><![CDATA[DP-OBSOLETEDAOMETHOD]]></c><c><![CDATA[DP-1326]]></c><c><![CDATA[STANDARD-VB6]]></c><c/><c/></r><r><c><![CDATA[DP-OBSOLETEDAOMETHOD]]></c><c><![CDATA[DP-1327]]></c><c><![CDATA[STANDARD-VB6]]></c><c/><c/></r><r><c><![CDATA[DP-OBSOLETEDAOMETHOD]]></c><c><![CDATA[DP-1329]]></c><c><![CDATA[STANDARD-VB6]]></c><c/><c/></r><r><c><![CDATA[DP-ODBC_RULES]]></c><c><![CDATA[DP-1363]]></c><c><![CDATA[STANDARD-VB6]]></c><c/><c/></r><r><c><![CDATA[DP-ODBC_RULES]]></c><c><![CDATA[DP-1364]]></c><c><![CDATA[STANDARD-VB6]]></c><c/><c/></r><r><c><![CDATA[DP-ODBC_RULES]]></c><c><![CDATA[DP-1365]]></c><c><![CDATA[STANDARD-VB6]]></c><c/><c/></r><r><c><![CDATA[DP-OPTION_COMPARE_RULES]]></c><c><![CDATA[DP-2506]]></c><c><![CDATA[STANDARD-VB6]]></c><c/><c/></r><r><c><![CDATA[DP-OPTION_COMPARE_RULES]]></c><c><![CDATA[DP-2507]]></c><c><![CDATA[STANDARD-VB6]]></c><c/><c/></r><r><c><![CDATA[DP-OPTION_RULES]]></c><c><![CDATA[DP-1003]]></c><c><![CDATA[STANDARD-VB6]]></c><c/><c/></r><r><c><![CDATA[DP-OPTION_RULES]]></c><c><![CDATA[DP-1004]]></c><c><![CDATA[STANDARD-VB6]]></c><c/><c/></r><r><c><![CDATA[DP-REMOTE_UPDATE_RULES]]></c><c><![CDATA[DP-1361]]></c><c><![CDATA[STANDARD-VB6]]></c><c/><c/></r><r><c><![CDATA[DP-REMOTE_UPDATE_RULES]]></c><c><![CDATA[DP-1370]]></c><c><![CDATA[STANDARD-VB6]]></c><c/><c/></r><r><c><![CDATA[DP-STILL_EXECUTING_RULES]]></c><c><![CDATA[DP-1391]]></c><c><![CDATA[STANDARD-VB6]]></c><c/><c/></r><r><c><![CDATA[DP-STILL_EXECUTING_RULES]]></c><c><![CDATA[DP-1406]]></c><c><![CDATA[STANDARD-VB6]]></c><c/><c/></r><r><c><![CDATA[DP-STRING_RULES]]></c><c><![CDATA[DP-1034]]></c><c><![CDATA[STANDARD-VB6]]></c><c/><c/></r><r><c><![CDATA[DP-STRING_RULES]]></c><c><![CDATA[DP-1042]]></c><c><![CDATA[STANDARD-VB6]]></c><c/><c/></r><r><c><![CDATA[DP-STRING_RULES]]></c><c><![CDATA[DP-1044]]></c><c><![CDATA[STANDARD-VB6]]></c><c/><c/></r><r><c><![CDATA[DP-STRING_RULES]]></c><c><![CDATA[DP-1045]]></c><c><![CDATA[STANDARD-VB6]]></c><c/><c/></r><r><c><![CDATA[DP-STRING_RULES]]></c><c><![CDATA[DP-1047]]></c><c><![CDATA[STANDARD-VB6]]></c><c/><c/></r><r><c><![CDATA[DP-STRING_RULES]]></c><c><![CDATA[DP-1048]]></c><c><![CDATA[STANDARD-VB6]]></c><c/><c/></r><r><c><![CDATA[DP-STRING_RULES]]></c><c><![CDATA[DP-1086]]></c><c><![CDATA[STANDARD-VB6]]></c><c/><c/></r><r><c><![CDATA[DP-STRING_RULES]]></c><c><![CDATA[DP-1373]]></c><c><![CDATA[STANDARD-VB6]]></c><c/><c/></r><r><c><![CDATA[DP-USER_DEFINED_TYPE_OR_COLLECTION]]></c><c><![CDATA[DP-1094]]></c><c><![CDATA[STANDARD-VB6]]></c><c/><c/></r><r><c><![CDATA[DP-USER_DEFINED_TYPE_OR_COLLECTION]]></c><c><![CDATA[DP-1312]]></c><c><![CDATA[STANDARD-VB6]]></c><c/><c/></r><r><c><![CDATA[DP-USER_DEFINED_TYPE_OR_COLLECTION]]></c><c><![CDATA[DP-1335]]></c><c><![CDATA[STANDARD-VB6]]></c><c/><c/></r><r><c><![CDATA[DP-VB4OBSOLETEDAOMETHOD]]></c><c><![CDATA[DP-1163]]></c><c><![CDATA[STANDARD-VB6]]></c><c/><c/></r><r><c><![CDATA[DP-VB4OBSOLETEDAOMETHOD]]></c><c><![CDATA[DP-1305]]></c><c><![CDATA[STANDARD-VB6]]></c><c/><c/></r><r><c><![CDATA[DP-VB4OBSOLETEDAOMETHOD]]></c><c><![CDATA[DP-1306]]></c><c><![CDATA[STANDARD-VB6]]></c><c/><c/></r><r><c><![CDATA[DP-VB4OBSOLETEDAOMETHOD]]></c><c><![CDATA[DP-1355]]></c><c><![CDATA[STANDARD-VB6]]></c><c/><c/></r><r><c><![CDATA[DP-VB4OBSOLETEDAOMETHOD]]></c><c><![CDATA[DP-1356]]></c><c><![CDATA[STANDARD-VB6]]></c><c/><c/></r><r><c><![CDATA[DP-VB4OBSOLETEDAOMETHOD]]></c><c><![CDATA[DP-1357]]></c><c><![CDATA[STANDARD-VB6]]></c><c/><c/></r><r><c><![CDATA[DP-VB4OBSOLETEDAOMETHOD]]></c><c><![CDATA[DP-1358]]></c><c><![CDATA[STANDARD-VB6]]></c><c/><c/></r><r><c><![CDATA[DP-VB4OBSOLETEDAOMETHOD]]></c><c><![CDATA[DP-1359]]></c><c><![CDATA[STANDARD-VB6]]></c><c/><c/></r><r><c><![CDATA[DP-VB4OBSOLETEDAOMETHOD]]></c><c><![CDATA[DP-1360]]></c><c><![CDATA[STANDARD-VB6]]></c><c/><c/></r><r><c><![CDATA[TPRO]]></c><c><![CDATA[DP-LINECOUNT]]></c><c><![CDATA[STANDARD-VB6]]></c><c/><c/></r><r><c><![CDATA[DP-1060]]></c><c><![CDATA[DP-1060]]></c><c><![CDATA[STANDARD-VB6]]></c><c/><c/></r><r><c><![CDATA[DP-1172]]></c><c><![CDATA[DP-1172]]></c><c><![CDATA[STANDARD-VB6]]></c><c/><c/></r><r><c><![CDATA[DP-1173]]></c><c><![CDATA[DP-1173]]></c><c><![CDATA[STANDARD-VB6]]></c><c/><c/></r><r><c><![CDATA[DP-1174]]></c><c><![CDATA[DP-1174]]></c><c><![CDATA[STANDARD-VB6]]></c><c/><c/></r><r><c><![CDATA[DP-1218]]></c><c><![CDATA[DP-1218]]></c><c><![CDATA[STANDARD-VB6]]></c><c/><c/></r><r><c><![CDATA[DP-1219]]></c><c><![CDATA[DP-1219]]></c><c><![CDATA[STANDARD-VB6]]></c><c/><c/></r><r><c><![CDATA[DP-1220]]></c><c><![CDATA[DP-1220]]></c><c><![CDATA[STANDARD-VB6]]></c><c/><c/></r><r><c><![CDATA[DP-1221]]></c><c><![CDATA[DP-1221]]></c><c><![CDATA[STANDARD-VB6]]></c><c/><c/></r><r><c><![CDATA[DP-1236]]></c><c><![CDATA[DP-1236]]></c><c><![CDATA[STANDARD-VB6]]></c><c/><c/></r><r><c><![CDATA[DP-1247]]></c><c><![CDATA[DP-1247]]></c><c><![CDATA[STANDARD-VB6]]></c><c/><c/></r><r><c><![CDATA[DP-1275]]></c><c><![CDATA[DP-1275]]></c><c><![CDATA[STANDARD-VB6]]></c><c/><c/></r><r><c><![CDATA[DP-1279]]></c><c><![CDATA[DP-1279]]></c><c><![CDATA[STANDARD-VB6]]></c><c/><c/></r><r><c><![CDATA[DP-1280]]></c><c><![CDATA[DP-1280]]></c><c><![CDATA[STANDARD-VB6]]></c><c/><c/></r><r><c><![CDATA[DP-1286]]></c><c><![CDATA[DP-1286]]></c><c><![CDATA[STANDARD-VB6]]></c><c/><c/></r><r><c><![CDATA[DP-1289]]></c><c><![CDATA[DP-1289]]></c><c><![CDATA[STANDARD-VB6]]></c><c/><c/></r><r><c><![CDATA[DP-1290]]></c><c><![CDATA[DP-1290]]></c><c><![CDATA[STANDARD-VB6]]></c><c/><c/></r><r><c><![CDATA[DP-1302]]></c><c><![CDATA[DP-1302]]></c><c><![CDATA[STANDARD-VB6]]></c><c/><c/></r><r><c><![CDATA[DP-1304]]></c><c><![CDATA[DP-1304]]></c><c><![CDATA[STANDARD-VB6]]></c><c/><c/></r><r><c><![CDATA[DP-1309]]></c><c><![CDATA[DP-1309]]></c><c><![CDATA[STANDARD-VB6]]></c><c/><c/></r><r><c><![CDATA[DP-1311]]></c><c><![CDATA[DP-1311]]></c><c><![CDATA[STANDARD-VB6]]></c><c/><c/></r><r><c><![CDATA[DP-1314]]></c><c><![CDATA[DP-1314]]></c><c><![CDATA[STANDARD-VB6]]></c><c/><c/></r><r><c><![CDATA[DP-1323]]></c><c><![CDATA[DP-1323]]></c><c><![CDATA[STANDARD-VB6]]></c><c/><c/></r><r><c><![CDATA[DP-1330]]></c><c><![CDATA[DP-1330]]></c><c><![CDATA[STANDARD-VB6]]></c><c/><c/></r><r><c><![CDATA[DP-1336]]></c><c><![CDATA[DP-1336]]></c><c><![CDATA[STANDARD-VB6]]></c><c/><c/></r><r><c><![CDATA[DP-1337]]></c><c><![CDATA[DP-1337]]></c><c><![CDATA[STANDARD-VB6]]></c><c/><c/></r><r><c><![CDATA[DP-1338]]></c><c><![CDATA[DP-1338]]></c><c><![CDATA[STANDARD-VB6]]></c><c/><c/></r><r><c><![CDATA[DP-1348]]></c><c><![CDATA[DP-1348]]></c><c><![CDATA[STANDARD-VB6]]></c><c/><c/></r><r><c><![CDATA[DP-1350]]></c><c><![CDATA[DP-1350]]></c><c><![CDATA[STANDARD-VB6]]></c><c/><c/></r><r><c><![CDATA[DP-1352]]></c><c><![CDATA[DP-1352]]></c><c><![CDATA[STANDARD-VB6]]></c><c/><c/></r><r><c><![CDATA[DP-1362]]></c><c><![CDATA[DP-1362]]></c><c><![CDATA[STANDARD-VB6]]></c><c/><c/></r><r><c><![CDATA[DP-1367]]></c><c><![CDATA[DP-1367]]></c><c><![CDATA[STANDARD-VB6]]></c><c/><c/></r><r><c><![CDATA[DP-1368]]></c><c><![CDATA[DP-1368]]></c><c><![CDATA[STANDARD-VB6]]></c><c/><c/></r><r><c><![CDATA[DP-1369]]></c><c><![CDATA[DP-1369]]></c><c><![CDATA[STANDARD-VB6]]></c><c/><c/></r><r><c><![CDATA[DP-1371]]></c><c><![CDATA[DP-1371]]></c><c><![CDATA[STANDARD-VB6]]></c><c/><c/></r><r><c><![CDATA[DP-1375]]></c><c><![CDATA[DP-1375]]></c><c><![CDATA[STANDARD-VB6]]></c><c/><c/></r><r><c><![CDATA[DP-1376]]></c><c><![CDATA[DP-1376]]></c><c><![CDATA[STANDARD-VB6]]></c><c/><c/></r><r><c><![CDATA[DP-1377]]></c><c><![CDATA[DP-1377]]></c><c><![CDATA[STANDARD-VB6]]></c><c/><c/></r><r><c><![CDATA[DP-1381]]></c><c><![CDATA[DP-1381]]></c><c><![CDATA[STANDARD-VB6]]></c><c/><c/></r><r><c><![CDATA[DP-1382]]></c><c><![CDATA[DP-1382]]></c><c><![CDATA[STANDARD-VB6]]></c><c/><c/></r><r><c><![CDATA[DP-1389]]></c><c><![CDATA[DP-1389]]></c><c><![CDATA[STANDARD-VB6]]></c><c/><c/></r><r><c><![CDATA[DP-1390]]></c><c><![CDATA[DP-1390]]></c><c><![CDATA[STANDARD-VB6]]></c><c/><c/></r><r><c><![CDATA[DP-1392]]></c><c><![CDATA[DP-1392]]></c><c><![CDATA[STANDARD-VB6]]></c><c/><c/></r><r><c><![CDATA[DP-1394]]></c><c><![CDATA[DP-1394]]></c><c><![CDATA[STANDARD-VB6]]></c><c/><c/></r><r><c><![CDATA[DP-1395]]></c><c><![CDATA[DP-1395]]></c><c><![CDATA[STANDARD-VB6]]></c><c/><c/></r><r><c><![CDATA[DP-1396]]></c><c><![CDATA[DP-1396]]></c><c><![CDATA[STANDARD-VB6]]></c><c/><c/></r><r><c><![CDATA[DP-1397]]></c><c><![CDATA[DP-1397]]></c><c><![CDATA[STANDARD-VB6]]></c><c/><c/></r><r><c><![CDATA[DP-1398]]></c><c><![CDATA[DP-1398]]></c><c><![CDATA[STANDARD-VB6]]></c><c/><c/></r><r><c><![CDATA[DP-1399]]></c><c><![CDATA[DP-1399]]></c><c><![CDATA[STANDARD-VB6]]></c><c/><c/></r><r><c><![CDATA[DP-1400]]></c><c><![CDATA[DP-1400]]></c><c><![CDATA[STANDARD-VB6]]></c><c/><c/></r><r><c><![CDATA[DP-1401]]></c><c><![CDATA[DP-1401]]></c><c><![CDATA[STANDARD-VB6]]></c><c/><c/></r><r><c><![CDATA[DP-1402]]></c><c><![CDATA[DP-1402]]></c><c><![CDATA[STANDARD-VB6]]></c><c/><c/></r><r><c><![CDATA[DP-1404]]></c><c><![CDATA[DP-1404]]></c><c><![CDATA[STANDARD-VB6]]></c><c/><c/></r><r><c><![CDATA[DP-1430]]></c><c><![CDATA[DP-1430]]></c><c><![CDATA[STANDARD-VB6]]></c><c/><c/></r><r><c><![CDATA[DP-2015]]></c><c><![CDATA[DP-2015]]></c><c><![CDATA[STANDARD-VB6]]></c><c/><c/></r><r><c><![CDATA[DP-2501]]></c><c><![CDATA[DP-2501]]></c><c><![CDATA[STANDARD-VB6]]></c><c/><c/></r><r><c><![CDATA[DP-2502]]></c><c><![CDATA[DP-2502]]></c><c><![CDATA[STANDARD-VB6]]></c><c/><c/></r><r><c><![CDATA[DP-2503]]></c><c><![CDATA[DP-2503]]></c><c><![CDATA[STANDARD-VB6]]></c><c/><c/></r><r><c><![CDATA[DP-2505]]></c><c><![CDATA[DP-2505]]></c><c><![CDATA[STANDARD-VB6]]></c><c/><c/></r><r><c><![CDATA[DP-2508]]></c><c><![CDATA[DP-2508]]></c><c><![CDATA[STANDARD-VB6]]></c><c/><c/></r><r><c><![CDATA[DP-2509]]></c><c><![CDATA[DP-2509]]></c><c><![CDATA[STANDARD-VB6]]></c><c/><c/></r><r><c><![CDATA[DP-2510]]></c><c><![CDATA[DP-2510]]></c><c><![CDATA[STANDARD-VB6]]></c><c/><c/></r><r><c><![CDATA[DP-2511]]></c><c><![CDATA[DP-2511]]></c><c><![CDATA[STANDARD-VB6]]></c><c/><c/></r><r><c><![CDATA[DP-2512]]></c><c><![CDATA[DP-2512]]></c><c><![CDATA[STANDARD-VB6]]></c><c/><c/></r><r><c><![CDATA[DP-2513]]></c><c><![CDATA[DP-2513]]></c><c><![CDATA[STANDARD-VB6]]></c><c/><c/></r><r><c><![CDATA[DP-2514]]></c><c><![CDATA[DP-2514]]></c><c><![CDATA[STANDARD-VB6]]></c><c/><c/></r><r><c><![CDATA[DP-3000]]></c><c><![CDATA[DP-3000]]></c><c><![CDATA[STANDARD-VB6]]></c><c/><c/></r><r><c><![CDATA[DP-3001]]></c><c><![CDATA[DP-3001]]></c><c><![CDATA[STANDARD-VB6]]></c><c/><c/></r><r><c><![CDATA[DP-3002]]></c><c><![CDATA[DP-3002]]></c><c><![CDATA[STANDARD-VB6]]></c><c/><c/></r><r><c><![CDATA[COMP]]></c><c><![CDATA[DP-COUNTOFCODELINES]]></c><c><![CDATA[STANDARD-VB6]]></c><c/><c/></r><r><c><![CDATA[COMP]]></c><c><![CDATA[DP-COUNTOFCOMMENTLINES]]></c><c><![CDATA[STANDARD-VB6]]></c><c/><c/></r><r><c><![CDATA[COMP]]></c><c><![CDATA[DP-LINECOUNT]]></c><c><![CDATA[STANDARD-VB6]]></c><c/><c/></r><r><c><![CDATA[COMP]]></c><c><![CDATA[DP-MCCABECYCLOCOMPLEXITY]]></c><c><![CDATA[STANDARD-VB6]]></c><c/><c/></r><r><c><![CDATA[COMPLEXITY]]></c><c><![CDATA[DP-MCCABECYCLOCOMPLEXITY]]></c><c><![CDATA[STANDARD-VB6]]></c><c/><c/></r><r><c><![CDATA[DP-1002]]></c><c><![CDATA[DP-1002]]></c><c><![CDATA[STANDARD-VB6]]></c><c/><c/></r><r><c><![CDATA[DP-1005]]></c><c><![CDATA[DP-1005]]></c><c><![CDATA[STANDARD-VB6]]></c><c/><c/></r><r><c><![CDATA[DP-1006]]></c><c><![CDATA[DP-1006]]></c><c><![CDATA[STANDARD-VB6]]></c><c/><c/></r><r><c><![CDATA[DP-1007]]></c><c><![CDATA[DP-1007]]></c><c><![CDATA[STANDARD-VB6]]></c><c/><c/></r><r><c><![CDATA[DP-1009]]></c><c><![CDATA[DP-1009]]></c><c><![CDATA[STANDARD-VB6]]></c><c/><c/></r><r><c><![CDATA[DP-1010]]></c><c><![CDATA[DP-1010]]></c><c><![CDATA[STANDARD-VB6]]></c><c/><c/></r><r><c><![CDATA[DP-1015]]></c><c><![CDATA[DP-1015]]></c><c><![CDATA[STANDARD-VB6]]></c><c/><c/></r><r><c><![CDATA[DP-1017]]></c><c><![CDATA[DP-1017]]></c><c><![CDATA[STANDARD-VB6]]></c><c/><c/></r><r><c><![CDATA[DP-1021]]></c><c><![CDATA[DP-1021]]></c><c><![CDATA[STANDARD-VB6]]></c><c/><c/></r><r><c><![CDATA[DP-1022]]></c><c><![CDATA[DP-1022]]></c><c><![CDATA[STANDARD-VB6]]></c><c/><c/></r><r><c><![CDATA[DP-1023]]></c><c><![CDATA[DP-1023]]></c><c><![CDATA[STANDARD-VB6]]></c><c/><c/></r><r><c><![CDATA[DP-1025]]></c><c><![CDATA[DP-1025]]></c><c><![CDATA[STANDARD-VB6]]></c><c/><c/></r><r><c><![CDATA[DP-1029]]></c><c><![CDATA[DP-1029]]></c><c><![CDATA[STANDARD-VB6]]></c><c/><c/></r><r><c><![CDATA[DP-1030]]></c><c><![CDATA[DP-1030]]></c><c><![CDATA[STANDARD-VB6]]></c><c/><c/></r><r><c><![CDATA[DP-1039]]></c><c><![CDATA[DP-1039]]></c><c><![CDATA[STANDARD-VB6]]></c><c/><c/></r><r><c><![CDATA[DP-1043]]></c><c><![CDATA[DP-1043]]></c><c><![CDATA[STANDARD-VB6]]></c><c/><c/></r><r><c><![CDATA[DP-1050]]></c><c><![CDATA[DP-1050]]></c><c><![CDATA[STANDARD-VB6]]></c><c/><c/></r><r><c><![CDATA[DP-1051]]></c><c><![CDATA[DP-1051]]></c><c><![CDATA[STANDARD-VB6]]></c><c/><c/></r><r><c><![CDATA[DP-1052]]></c><c><![CDATA[DP-1052]]></c><c><![CDATA[STANDARD-VB6]]></c><c/><c/></r><r><c><![CDATA[DP-1056]]></c><c><![CDATA[DP-1056]]></c><c><![CDATA[STANDARD-VB6]]></c><c/><c/></r><r><c><![CDATA[DP-1057]]></c><c><![CDATA[DP-1057]]></c><c><![CDATA[STANDARD-VB6]]></c><c/><c/></r></e>