<?xml version="1.0" encoding="UTF-8"?>
<METHOD>
  <USAGE id="JAVA-RULES-LPGP">
    <CRITDEF id="AVOIDSTARIMPORTCHECK" telt="CLS">
      <FORMULA value="1">
        <OP id="gt" type="BOOLEAN">
          <VAR type="NUMERIC" id="AVOIDSTARIMPORTCHECK" />
          <VAL type="NUMERIC" value="0" />
        </OP>
      </FORMULA>
      <FORMULA value="4">
        <VAL value="true" type="BOOLEAN" />
      </FORMULA>
      <AGGREG id="AVG" telt="ALL" />
      <COSTFORMULA>
        <OP id="/" type="NUMERIC">
          <VAL type="NUMERIC" value="1" />
          <VAL type="NUMERIC" value="32" />
        </OP>
      </COSTFORMULA>
    </CRITDEF>
    <CRITDEF id="HIDDENFIELDCHECK" telt="CLS">
      <FORMULA value="1">
        <OP id="gt" type="BOOLEAN">
          <VAR type="NUMERIC" id="HIDDENFIELDCHECK" />
          <VAL type="NUMERIC" value="0" />
        </OP>
      </FORMULA>
      <FORMULA value="4">
        <VAL value="true" type="BOOLEAN" />
      </FORMULA>
      <AGGREG id="EXCLUS" telt="ALL">
        <PARAM id="DEFAULT" value="4" type="NUMERIC" />
        <PARAM id="VALUE_EXCLUS" value="1" type="NUMERIC" />
      </AGGREG>
      <COSTFORMULA>
        <OP id="/" type="NUMERIC">
          <VAL type="NUMERIC" value="1" />
          <VAL type="NUMERIC" value="32" />
        </OP>
      </COSTFORMULA>
    </CRITDEF>
    <CRITDEF id="MAGICNUMBERCHECK" telt="CLS">
      <FORMULA value="1">
        <OP id="gt" type="BOOLEAN">
          <VAR type="NUMERIC" id="MAGICNUMBERCHECK" />
          <VAL type="NUMERIC" value="0" />
        </OP>
      </FORMULA>
      <FORMULA value="4">
        <VAL value="true" type="BOOLEAN" />
      </FORMULA>
      <AGGREG id="AVG" telt="ALL" />
      <COSTFORMULA>
        <OP id="/" type="NUMERIC">
          <VAL type="NUMERIC" value="1" />
          <VAL type="NUMERIC" value="16" />
        </OP>
      </COSTFORMULA>
    </CRITDEF>
    <CRITDEF id="NEEDBRACESCHECK" telt="CLS">
      <FORMULA value="1">
        <OP id="gt" type="BOOLEAN">
          <VAR type="NUMERIC" id="NEEDBRACESCHECK" />
          <VAL type="NUMERIC" value="0" />
        </OP>
      </FORMULA>
      <FORMULA value="4">
        <VAL value="true" type="BOOLEAN" />
      </FORMULA>
      <AGGREG id="AVG" telt="ALL" />
      <COSTFORMULA>
        <OP id="/" type="NUMERIC">
          <VAL type="NUMERIC" value="1" />
          <VAL type="NUMERIC" value="32" />
        </OP>
      </COSTFORMULA>
    </CRITDEF>
    <CRITDEF id="DECLARATIONORDERCHECK" telt="CLS">
      <FORMULA value="1">
        <OP id="gt" type="BOOLEAN">
          <VAR type="NUMERIC" id="DECLARATIONORDERCHECK" />
          <VAL type="NUMERIC" value="0" />
        </OP>
      </FORMULA>
      <FORMULA value="4">
        <VAL value="true" type="BOOLEAN" />
      </FORMULA>
      <AGGREG id="AVG" telt="ALL" />
      <COSTFORMULA>
        <OP id="/" type="NUMERIC">
          <VAL type="NUMERIC" value="1" />
          <VAL type="NUMERIC" value="32" />
        </OP>
      </COSTFORMULA>
    </CRITDEF>
    <CRITDEF id="JAVADOCSYNTAX" telt="CLS">
      <FORMULA value="1">
        <OP id="gt" type="BOOLEAN">
          <VAR type="NUMERIC" id="JAVADOCSTYLECHECK" />
          <VAL type="NUMERIC" value="0" />
        </OP>
      </FORMULA>
      <FORMULA value="4">
        <VAL value="true" type="BOOLEAN" />
      </FORMULA>
      <AGGREG id="AVG" telt="ALL" />
      <COSTFORMULA>
        <OP id="*" type="NUMERIC">
          <VAR type="NUMERIC" id="JAVADOCSTYLECHECK" />
          <OP id="/" type="NUMERIC">
            <VAL type="NUMERIC" value="1" />
            <VAL type="NUMERIC" value="64" />
          </OP>
        </OP>
      </COSTFORMULA>
    </CRITDEF>
    <CRITDEF id="JAVADOCMISSING" telt="CLS">
      <FORMULA value="1">
        <OP id="gt" type="BOOLEAN">
          <VAR type="NUMERIC" id="JAVADOCMETHODCHECK" />
          <VAL type="NUMERIC" value="0" />
        </OP>
      </FORMULA>
      <FORMULA value="1">
        <OP id="gt" type="BOOLEAN">
          <VAR type="NUMERIC" id="JAVADOCTYPECHECK" />
          <VAL type="NUMERIC" value="0" />
        </OP>
      </FORMULA>
      <FORMULA value="1">
        <OP id="gt" type="BOOLEAN">
          <VAR type="NUMERIC" id="JAVADOCVARIABLECHECK" />
          <VAL type="NUMERIC" value="0" />
        </OP>
      </FORMULA>
      <FORMULA value="4">
        <VAL value="true" type="BOOLEAN" />
      </FORMULA>
      <AGGREG id="AVG" telt="ALL" />
      <COSTFORMULA>
        <OP id="*" type="NUMERIC">
          <OP id="+" type="NUMERIC">
            <VAR type="NUMERIC" id="JAVADOCMETHODCHECK" />
            <OP id="+" type="NUMERIC">
              <VAR type="NUMERIC" id="JAVADOCTYPECHECK" />
              <VAR type="NUMERIC" id="JAVADOCVARIABLECHECK" />
            </OP>
          </OP>
          <OP id="/" type="NUMERIC">
            <VAL type="NUMERIC" value="1" />
            <VAL type="NUMERIC" value="64" />
          </OP>
        </OP>
      </COSTFORMULA>
    </CRITDEF>
    <CRITDEF id="UNUSEDLOCALORPRIVATE" telt="CLS">
      <FORMULA value="1">
        <OP id="gt" type="BOOLEAN">
          <VAR type="NUMERIC" id="UNUSEDLOCALVARIABLECHECK" />
          <VAL type="NUMERIC" value="0" />
        </OP>
      </FORMULA>
      <FORMULA value="1">
        <OP id="gt" type="BOOLEAN">
          <VAR type="NUMERIC" id="UNUSEDPARAMETERCHECK" />
          <VAL type="NUMERIC" value="0" />
        </OP>
      </FORMULA>
      <FORMULA value="1">
        <OP id="gt" type="BOOLEAN">
          <VAR type="NUMERIC" id="UNUSEDPRIVATEFIELDCHECK" />
          <VAL type="NUMERIC" value="0" />
        </OP>
      </FORMULA>
      <FORMULA value="1">
        <OP id="gt" type="BOOLEAN">
          <VAR type="NUMERIC" id="UNUSEDPRIVATEMETHODCHECK" />
          <VAL type="NUMERIC" value="0" />
        </OP>
      </FORMULA>
      <FORMULA value="4">
        <VAL value="true" type="BOOLEAN" />
      </FORMULA>
      <AGGREG id="AVG" telt="ALL" />
      <COSTFORMULA>
        <OP id="/" type="NUMERIC">
          <VAL type="NUMERIC" value="1" />
          <VAL type="NUMERIC" value="32" />
        </OP>
      </COSTFORMULA>
    </CRITDEF>
    <CRITDEF id="R3" telt="CLS">
      <FORMULA value="1">
        <OP id="gt" type="BOOLEAN">
          <VAR type="NUMERIC" id="R0003" />
          <VAL type="NUMERIC" value="0" />
        </OP>
      </FORMULA>
      <FORMULA value="4">
        <VAL value="true" type="BOOLEAN" />
      </FORMULA>
      <AGGREG id="AVG" telt="ALL" />
      <COSTFORMULA>
        <OP id="*" type="NUMERIC">
          <VAR type="NUMERIC" id="R0003" />
          <OP id="/" type="NUMERIC">
            <VAL type="NUMERIC" value="1" />
            <VAL type="NUMERIC" value="16" />
          </OP>
        </OP>
      </COSTFORMULA>
    </CRITDEF>
    <CRITDEF id="R5" telt="CLS">
      <FORMULA value="1">
        <OP id="gt" type="BOOLEAN">
          <VAR type="NUMERIC" id="R0005" />
          <VAL type="NUMERIC" value="0" />
        </OP>
      </FORMULA>
      <FORMULA value="4">
        <VAL value="true" type="BOOLEAN" />
      </FORMULA>
      <AGGREG id="AVG" telt="ALL" />
      <COSTFORMULA>
        <OP id="*" type="NUMERIC">
          <VAR type="NUMERIC" id="R0005" />
          <OP id="/" type="NUMERIC">
            <VAL type="NUMERIC" value="1" />
            <VAL type="NUMERIC" value="8" />
          </OP>
        </OP>
      </COSTFORMULA>
    </CRITDEF>
    <CRITDEF id="R6" telt="CLS">
      <AGGREG id="EXCLUS" telt="ALL">
        <PARAM id="DEFAULT" value="4.0" type="NUMERIC" />
        <PARAM id="VALUE_EXCLUS" value="1.0" type="NUMERIC" />
      </AGGREG>
      <FORMULA value="1">
        <OP id="gt" type="BOOLEAN">
          <VAR id="R0006" type="NUMERIC" />
          <VAL value="0" type="NUMERIC" />
        </OP>
      </FORMULA>
      <FORMULA value="4">
        <VAL value="true" type="BOOLEAN" />
      </FORMULA>
    </CRITDEF>
    <CRITDEF id="R7" telt="CLS">
      <FORMULA value="1">
        <OP id="gt" type="BOOLEAN">
          <VAR type="NUMERIC" id="CONSTRUCTORCALLSOVERRIDABLEMETHOD" />
          <VAL type="NUMERIC" value="0" />
        </OP>
      </FORMULA>
      <FORMULA value="4">
        <VAL value="true" type="BOOLEAN" />
      </FORMULA>
      <AGGREG id="EXCLUS" telt="ALL">
        <PARAM id="DEFAULT" value="4.0" type="NUMERIC" />
        <PARAM id="VALUE_EXCLUS" value="1.0" type="NUMERIC" />
      </AGGREG>
      <COSTFORMULA>
        <OP id="/" type="NUMERIC">
          <VAL type="NUMERIC" value="1" />
          <VAL type="NUMERIC" value="2" />
        </OP>
      </COSTFORMULA>
    </CRITDEF>
    <CRITDEF id="R8" telt="CLS">
      <FORMULA value="1">
        <OP id="gt" type="BOOLEAN">
          <VAR type="NUMERIC" id="R0008" />
          <VAL type="NUMERIC" value="0" />
        </OP>
      </FORMULA>
      <FORMULA value="4">
        <VAL value="true" type="BOOLEAN" />
      </FORMULA>
      <AGGREG id="AVG" telt="ALL" />
      <COSTFORMULA>
        <OP id="/" type="NUMERIC">
          <VAL type="NUMERIC" value="1" />
          <VAL type="NUMERIC" value="4" />
        </OP>
      </COSTFORMULA>
    </CRITDEF>
    <CRITDEF id="R9" telt="CLS">
      <FORMULA value="1">
        <OP id="gt" type="BOOLEAN">
          <VAR type="NUMERIC" id="R0009" />
          <VAL type="NUMERIC" value="0" />
        </OP>
      </FORMULA>
      <FORMULA value="4">
        <VAL value="true" type="BOOLEAN" />
      </FORMULA>
      <AGGREG id="AVG" telt="ALL" />
      <COSTFORMULA>
        <OP id="*" type="NUMERIC">
          <VAR type="NUMERIC" id="R0009" />
          <OP id="/" type="NUMERIC">
            <VAL type="NUMERIC" value="1" />
            <VAL type="NUMERIC" value="16" />
          </OP>
        </OP>
      </COSTFORMULA>
    </CRITDEF>
    <CRITDEF id="R10" telt="CLS">
      <AGGREG id="AVG" telt="ALL" />
      <FORMULA value="1">
        <OP id="gt" type="BOOLEAN">
          <VAR id="R0010" type="NUMERIC" />
          <VAL value="0" type="NUMERIC" />
        </OP>
      </FORMULA>
      <FORMULA value="4">
        <VAL value="true" type="BOOLEAN" />
      </FORMULA>
    </CRITDEF>
    <CRITDEF id="R12" telt="CLS">
      <FORMULA value="1">
        <OP id="gt" type="BOOLEAN">
          <VAR type="NUMERIC" id="R0012" />
          <VAL type="NUMERIC" value="0" />
        </OP>
      </FORMULA>
      <FORMULA value="4">
        <VAL value="true" type="BOOLEAN" />
      </FORMULA>
      <AGGREG id="AVG" telt="ALL" />
      <COSTFORMULA>
        <OP id="*" type="NUMERIC">
          <VAR type="NUMERIC" id="R0012" />
          <OP id="/" type="NUMERIC">
            <VAL type="NUMERIC" value="1" />
            <VAL type="NUMERIC" value="16" />
          </OP>
        </OP>
      </COSTFORMULA>
    </CRITDEF>
    <CRITDEF id="R14" telt="CLS">
      <FORMULA value="1">
        <OP id="gt" type="BOOLEAN">
          <VAR type="NUMERIC" id="R0014" />
          <VAL type="NUMERIC" value="0" />
        </OP>
      </FORMULA>
      <FORMULA value="4">
        <VAL value="true" type="BOOLEAN" />
      </FORMULA>
      <AGGREG id="AVG" telt="ALL" />
      <COSTFORMULA>
        <OP id="*" type="NUMERIC">
          <VAR type="NUMERIC" id="R0014" />
          <OP id="/" type="NUMERIC">
            <VAL type="NUMERIC" value="1" />
            <VAL type="NUMERIC" value="16" />
          </OP>
        </OP>
      </COSTFORMULA>
    </CRITDEF>
    <CRITDEF id="R16" telt="CLS">
      <FORMULA value="1">
        <OP id="gt" type="BOOLEAN">
          <VAR type="NUMERIC" id="R0016" />
          <VAL type="NUMERIC" value="0" />
        </OP>
      </FORMULA>
      <FORMULA value="4">
        <VAL value="true" type="BOOLEAN" />
      </FORMULA>
      <AGGREG id="EXCLUS" telt="ALL">
        <PARAM id="DEFAULT" value="4.0" type="NUMERIC" />
        <PARAM id="VALUE_EXCLUS" value="1.0" type="NUMERIC" />
      </AGGREG>
      <COSTFORMULA>
        <OP id="*" type="NUMERIC">
          <VAR type="NUMERIC" id="R0016" />
          <OP id="/" type="NUMERIC">
            <VAL type="NUMERIC" value="1" />
            <VAL type="NUMERIC" value="16" />
          </OP>
        </OP>
      </COSTFORMULA>
    </CRITDEF>
    <CRITDEF id="R17" telt="CLS">
      <AGGREG id="AVG" telt="ALL" />
      <FORMULA value="1">
        <OP id="gt" type="BOOLEAN">
          <VAR id="R0017" type="NUMERIC" />
          <VAL value="0" type="NUMERIC" />
        </OP>
      </FORMULA>
      <FORMULA value="4">
        <VAL value="true" type="BOOLEAN" />
      </FORMULA>
    </CRITDEF>
    <CRITDEF id="R18" telt="CLS">
      <AGGREG id="AVG" telt="ALL" />
      <FORMULA value="1">
        <OP id="gt" type="BOOLEAN">
          <VAR id="R0018" type="NUMERIC" />
          <VAL value="0" type="NUMERIC" />
        </OP>
      </FORMULA>
      <FORMULA value="4">
        <VAL value="true" type="BOOLEAN" />
      </FORMULA>
    </CRITDEF>
    <CRITDEF id="R19" telt="CLS">
      <FORMULA value="1">
        <OP id="gt" type="BOOLEAN">
          <VAR type="NUMERIC" id="R0019" />
          <VAL type="NUMERIC" value="0" />
        </OP>
      </FORMULA>
      <FORMULA value="4">
        <VAL value="true" type="BOOLEAN" />
      </FORMULA>
      <AGGREG id="EXCLUS" telt="ALL">
        <PARAM id="DEFAULT" value="4.0" type="NUMERIC" />
        <PARAM id="VALUE_EXCLUS" value="1.0" type="NUMERIC" />
      </AGGREG>
      <COSTFORMULA>
        <OP id="/" type="NUMERIC">
          <VAL type="NUMERIC" value="1" />
          <VAL type="NUMERIC" value="4" />
        </OP>
      </COSTFORMULA>
    </CRITDEF>
    <CRITDEF id="R20" telt="CLS">
      <FORMULA value="1">
        <OP id="gt" type="BOOLEAN">
          <VAR type="NUMERIC" id="R0020" />
          <VAL type="NUMERIC" value="0" />
        </OP>
      </FORMULA>
      <FORMULA value="4">
        <VAL value="true" type="BOOLEAN" />
      </FORMULA>
      <AGGREG id="AVG" telt="ALL" />
      <COSTFORMULA>
        <OP id="/" type="NUMERIC">
          <VAL type="NUMERIC" value="1" />
          <VAL type="NUMERIC" value="64" />
        </OP>
      </COSTFORMULA>
    </CRITDEF>
    <CRITDEF id="R21" telt="CLS">
      <FORMULA value="1">
        <OP id="gt" type="BOOLEAN">
          <VAR type="NUMERIC" id="R0021" />
          <VAL type="NUMERIC" value="0" />
        </OP>
      </FORMULA>
      <FORMULA value="4">
        <VAL value="true" type="BOOLEAN" />
      </FORMULA>
      <AGGREG id="AVG" telt="ALL" />
      <COSTFORMULA>
        <OP id="*" type="NUMERIC">
          <VAR type="NUMERIC" id="R0021" />
          <OP id="/" type="NUMERIC">
            <VAL type="NUMERIC" value="1" />
            <VAL type="NUMERIC" value="16" />
          </OP>
        </OP>
      </COSTFORMULA>
    </CRITDEF>
    <CRITDEF id="R25" telt="CLS">
      <FORMULA value="1">
        <OP id="gt" type="BOOLEAN">
          <VAR type="NUMERIC" id="R0025" />
          <VAL type="NUMERIC" value="0" />
        </OP>
      </FORMULA>
      <FORMULA value="4">
        <VAL value="true" type="BOOLEAN" />
      </FORMULA>
      <AGGREG id="AVG" telt="ALL" />
      <COSTFORMULA>
        <OP id="*" type="NUMERIC">
          <VAR type="NUMERIC" id="R0025" />
          <OP id="/" type="NUMERIC">
            <VAL type="NUMERIC" value="1" />
            <VAL type="NUMERIC" value="4" />
          </OP>
        </OP>
      </COSTFORMULA>
    </CRITDEF>
    <CRITDEF id="R26" telt="CLS">
      <FORMULA value="1">
        <OP id="gt" type="BOOLEAN">
          <VAR type="NUMERIC" id="R0026" />
          <VAL type="NUMERIC" value="0" />
        </OP>
      </FORMULA>
      <FORMULA value="4">
        <VAL value="true" type="BOOLEAN" />
      </FORMULA>
      <AGGREG id="AVG" telt="ALL" />
      <COSTFORMULA>
        <OP id="/" type="NUMERIC">
          <VAL type="NUMERIC" value="1" />
          <VAL type="NUMERIC" value="2" />
        </OP>
      </COSTFORMULA>
    </CRITDEF>
    <CRITDEF id="R27" telt="CLS">
      <FORMULA value="1">
        <OP id="gt" type="BOOLEAN">
          <VAR type="NUMERIC" id="R0027" />
          <VAL type="NUMERIC" value="0" />
        </OP>
      </FORMULA>
      <FORMULA value="4">
        <VAL value="true" type="BOOLEAN" />
      </FORMULA>
      <AGGREG id="AVG" telt="ALL" />
      <COSTFORMULA>
        <OP id="*" type="NUMERIC">
          <VAR type="NUMERIC" id="R0027" />
          <OP id="/" type="NUMERIC">
            <VAL type="NUMERIC" value="1" />
            <VAL type="NUMERIC" value="16" />
          </OP>
        </OP>
      </COSTFORMULA>
    </CRITDEF>
    <CRITDEF id="R28" telt="CLS">
      <FORMULA value="1">
        <OP id="gt" type="BOOLEAN">
          <VAR type="NUMERIC" id="R0028" />
          <VAL type="NUMERIC" value="0" />
        </OP>
      </FORMULA>
      <FORMULA value="4">
        <VAL value="true" type="BOOLEAN" />
      </FORMULA>
      <AGGREG id="AVG" telt="ALL" />
      <COSTFORMULA>
        <OP id="*" type="NUMERIC">
          <VAR type="NUMERIC" id="R0028" />
          <OP id="/" type="NUMERIC">
            <VAL type="NUMERIC" value="1" />
            <VAL type="NUMERIC" value="4" />
          </OP>
        </OP>
      </COSTFORMULA>
    </CRITDEF>
    <CRITDEF id="R1004" telt="CLS">
      <FORMULA value="1">
        <OP id="gt" type="BOOLEAN">
          <VAR type="NUMERIC" id="R1004" />
          <VAL type="NUMERIC" value="0" />
        </OP>
      </FORMULA>
      <FORMULA value="4">
        <VAL value="true" type="BOOLEAN" />
      </FORMULA>
      <AGGREG id="AVG" telt="ALL" />
      <COSTFORMULA>
        <OP id="*" type="NUMERIC">
          <VAR type="NUMERIC" id="R1004" />
          <OP id="/" type="NUMERIC">
            <VAL type="NUMERIC" value="1" />
            <VAL type="NUMERIC" value="32" />
          </OP>
        </OP>
      </COSTFORMULA>
    </CRITDEF>
    <CRITDEF id="R1007" telt="CLS">
      <FORMULA value="1">
        <OP id="gt" type="BOOLEAN">
          <VAR type="NUMERIC" id="R1007" />
          <VAL type="NUMERIC" value="0" />
        </OP>
      </FORMULA>
      <FORMULA value="4">
        <VAL value="true" type="BOOLEAN" />
      </FORMULA>
      <AGGREG id="AVG" telt="ALL" />
      <COSTFORMULA>
        <OP id="/" type="NUMERIC">
          <VAL type="NUMERIC" value="1" />
          <VAL type="NUMERIC" value="8" />
        </OP>
      </COSTFORMULA>
    </CRITDEF>
    <CRITDEF id="R1017" telt="CLS">
      <FORMULA value="1">
        <OP id="gt" type="BOOLEAN">
          <VAR type="NUMERIC" id="R1017" />
          <VAL type="NUMERIC" value="0" />
        </OP>
      </FORMULA>
      <FORMULA value="4">
        <VAL value="true" type="BOOLEAN" />
      </FORMULA>
      <AGGREG id="EXCLUS" telt="ALL">
        <PARAM id="DEFAULT" value="4" type="NUMERIC" />
        <PARAM id="VALUE_EXCLUS" value="1" type="NUMERIC" />
      </AGGREG>
      <COSTFORMULA>
        <OP id="/" type="NUMERIC">
          <VAL type="NUMERIC" value="1" />
          <VAL type="NUMERIC" value="2" />
        </OP>
      </COSTFORMULA>
    </CRITDEF>
    <CRITDEF id="R1036" telt="CLS">
      <FORMULA value="1">
        <OP id="gt" type="BOOLEAN">
          <VAR type="NUMERIC" id="R1036" />
          <VAL type="NUMERIC" value="0" />
        </OP>
      </FORMULA>
      <FORMULA value="4">
        <VAL value="true" type="BOOLEAN" />
      </FORMULA>
      <AGGREG id="AVG" telt="ALL" />
      <COSTFORMULA>
        <OP id="/" type="NUMERIC">
          <VAL type="NUMERIC" value="1" />
          <VAL type="NUMERIC" value="16" />
        </OP>
      </COSTFORMULA>
    </CRITDEF>
    <CRITDEF id="R1064" telt="CLS">
      <FORMULA value="1">
        <OP id="gt" type="BOOLEAN">
          <VAR type="NUMERIC" id="R1064" />
          <VAL type="NUMERIC" value="0" />
        </OP>
      </FORMULA>
      <FORMULA value="4">
        <VAL value="true" type="BOOLEAN" />
      </FORMULA>
      <AGGREG id="AVG" telt="ALL" />
      <COSTFORMULA>
        <OP id="*" type="NUMERIC">
          <VAR type="NUMERIC" id="R1064" />
          <OP id="/" type="NUMERIC">
            <VAL type="NUMERIC" value="1" />
            <VAL type="NUMERIC" value="16" />
          </OP>
        </OP>
      </COSTFORMULA>
    </CRITDEF>
    <CRITDEF id="R1076" telt="CLS">
      <FORMULA value="1">
        <OP id="gt" type="BOOLEAN">
          <VAR type="NUMERIC" id="R1076" />
          <VAL type="NUMERIC" value="0" />
        </OP>
      </FORMULA>
      <FORMULA value="4">
        <VAL value="true" type="BOOLEAN" />
      </FORMULA>
      <AGGREG id="AVG" telt="ALL" />
      <COSTFORMULA>
        <OP id="*" type="NUMERIC">
          <VAR type="NUMERIC" id="R1076" />
          <OP id="/" type="NUMERIC">
            <VAL type="NUMERIC" value="1" />
            <VAL type="NUMERIC" value="8" />
          </OP>
        </OP>
      </COSTFORMULA>
    </CRITDEF>
    <CRITDEF id="ONLYONERETURN">
      <FORMULA value="1">
        <OP id="gt" type="BOOLEAN">
          <VAR type="NUMERIC" id="ONLYONERETURN" />
          <VAL type="NUMERIC" value="0" />
        </OP>
      </FORMULA>
      <FORMULA value="4">
        <VAL value="true" type="BOOLEAN" />
      </FORMULA>
      <AGGREG id="AVG" telt="ALL" />
      <COSTFORMULA>
        <OP id="*" type="NUMERIC">
          <VAR type="NUMERIC" id="ONLYONERETURN" />
          <OP id="/" type="NUMERIC">
            <VAL type="NUMERIC" value="1" />
            <VAL type="NUMERIC" value="32" />
          </OP>
        </OP>
      </COSTFORMULA>
    </CRITDEF>
    <CRITDEF id="TPRO" telt="MET">
      <FORMULA value="1">
        <OP id="gt" type="BOOLEAN">
          <VAR type="NUMERIC" id="NL" />
          <VAL type="NUMERIC" value="150" />
        </OP>
      </FORMULA>
      <FORMULA value="2">
        <OP id="AND" type="BOOLEAN">
          <OP id="le" type="BOOLEAN">
            <VAR type="NUMERIC" id="NL" />
            <VAL type="NUMERIC" value="150" />
          </OP>
          <OP id="gt" type="BOOLEAN">
            <VAR type="NUMERIC" id="NL" />
            <VAL type="NUMERIC" value="100" />
          </OP>
        </OP>
      </FORMULA>
      <FORMULA value="3">
        <OP id="AND" type="BOOLEAN">
          <OP id="le" type="BOOLEAN">
            <VAR type="NUMERIC" id="NL" />
            <VAL type="NUMERIC" value="100" />
          </OP>
          <OP id="gt" type="BOOLEAN">
            <VAR type="NUMERIC" id="NL" />
            <VAL type="NUMERIC" value="70" />
          </OP>
        </OP>
      </FORMULA>
      <FORMULA value="4">
        <VAL value="true" type="BOOLEAN" />
      </FORMULA>
      <AGGREG id="AVG" telt="ALL" />
      <COSTFORMULA>
        <OP id="/" type="NUMERIC">
          <VAL type="NUMERIC" value="1" />
          <VAL type="NUMERIC" value="4" />
        </OP>
      </COSTFORMULA>
    </CRITDEF>
    <CRITDEF id="DEST" telt="MET">
      <FORMULA value="1">
        <OP id="gt" type="BOOLEAN">
          <VAR type="NUMERIC" id="EVG" />
          <VAL type="NUMERIC" value="10" />
        </OP>
      </FORMULA>
      <FORMULA value="2">
        <OP id="ge" type="BOOLEAN">
          <VAR type="NUMERIC" id="EVG" />
          <VAL type="NUMERIC" value="7" />
        </OP>
      </FORMULA>
      <FORMULA value="3">
        <OP id="ge" type="BOOLEAN">
          <VAR type="NUMERIC" id="EVG" />
          <VAL type="NUMERIC" value="4" />
        </OP>
      </FORMULA>
      <FORMULA value="4">
        <OP id="ge" type="BOOLEAN">
          <VAR type="NUMERIC" id="EVG" />
          <VAL type="NUMERIC" value="0" />
        </OP>
      </FORMULA>
      <AGGREG id="AVG" telt="ALL" />
      <COSTFORMULA>
        <OP id="/" type="NUMERIC">
          <VAL type="NUMERIC" value="1" />
          <VAL type="NUMERIC" value="4" />
        </OP>
      </COSTFORMULA>
    </CRITDEF>
    <CRITDEF id="PLOG" telt="MET">
      <FORMULA value="1">
        <OP id="OR" type="BOOLEAN">
          <OP id="ge" type="BOOLEAN">
            <VAR type="NUMERIC" id="VG" />
            <VAL type="NUMERIC" value="50" />
          </OP>
          <OP id="ge" type="BOOLEAN">
            <VAR type="NUMERIC" id="EVG" />
            <VAL type="NUMERIC" value="50" />
          </OP>
        </OP>
      </FORMULA>
      <FORMULA value="2">
        <OP id="OR" type="BOOLEAN">
          <OP id="ge" type="BOOLEAN">
            <VAR type="NUMERIC" id="VG" />
            <VAL type="NUMERIC" value="10" />
          </OP>
          <OP id="ge" type="BOOLEAN">
            <VAR type="NUMERIC" id="EVG" />
            <VAL type="NUMERIC" value="7" />
          </OP>
        </OP>
      </FORMULA>
      <FORMULA value="3">
        <OP id="AND" type="BOOLEAN">
          <OP id="lt" type="BOOLEAN">
            <VAR type="NUMERIC" id="VG" />
            <VAL type="NUMERIC" value="10" />
          </OP>
          <OP id="ge" type="BOOLEAN">
            <VAR type="NUMERIC" id="EVG" />
            <VAL type="NUMERIC" value="4" />
          </OP>
        </OP>
      </FORMULA>
      <FORMULA value="4">
        <OP id="AND" type="BOOLEAN">
          <OP id="lt" type="BOOLEAN">
            <VAR type="NUMERIC" id="VG" />
            <VAL type="NUMERIC" value="10" />
          </OP>
          <OP id="lt" type="BOOLEAN">
            <VAR type="NUMERIC" id="EVG" />
            <VAL type="NUMERIC" value="4" />
          </OP>
        </OP>
      </FORMULA>
      <AGGREG id="EXCLUS_AVG" telt="ALL">
        <PARAM id="VALUE_EXCLUS" value="1" type="NUMERIC" />
      </AGGREG>
      <COSTFORMULA>
        <VAL type="NUMERIC" value="0.25" />
      </COSTFORMULA>
    </CRITDEF>
    <CRITDEF id="HARDCODEDIP">
      <FORMULA value="1">
        <OP id="gt" type="BOOLEAN">
          <VAR type="NUMERIC" id="HARDCODEDIP" />
          <VAL type="NUMERIC" value="0" />
        </OP>
      </FORMULA>
      <FORMULA value="4">
        <VAL value="true" type="BOOLEAN" />
      </FORMULA>
      <AGGREG id="AVG" telt="ALL" />
      <COSTFORMULA>
        <OP id="*" type="NUMERIC">
          <VAR type="NUMERIC" id="HARDCODEDIP" />
          <OP id="/" type="NUMERIC">
            <VAL type="NUMERIC" value="1" />
            <VAL type="NUMERIC" value="2" />
          </OP>
        </OP>
      </COSTFORMULA>
    </CRITDEF>
    <CRITDEF id="POSITIONLITERALSFIRSTINCOMPARISONS">
      <FORMULA value="2">
        <OP id="gt" type="BOOLEAN">
          <VAR type="NUMERIC" id="POSITIONLITERALSFIRSTINCOMPARISONS" />
          <VAL type="NUMERIC" value="0" />
        </OP>
      </FORMULA>
      <FORMULA value="4">
        <VAL value="true" type="BOOLEAN" />
      </FORMULA>
      <AGGREG id="EXCLUS" telt="ALL">
        <PARAM id="DEFAULT" value="4" type="NUMERIC" />
        <PARAM id="VALUE_EXCLUS" value="2" type="NUMERIC" />
      </AGGREG>
      <COSTFORMULA>
        <OP id="*" type="NUMERIC">
          <VAR type="NUMERIC" id="POSITIONLITERALSFIRSTINCOMPARISONS" />
          <OP id="/" type="NUMERIC">
            <VAL type="NUMERIC" value="1" />
            <VAL type="NUMERIC" value="32" />
          </OP>
        </OP>
      </COSTFORMULA>
    </CRITDEF>
    <CRITDEF id="UNCOMMENTEDEMPTYCONSTRUCTOR">
      <FORMULA value="1">
        <OP id="gt" type="BOOLEAN">
          <VAR type="NUMERIC" id="UNCOMMENTEDEMPTYCONSTRUCTOR" />
          <VAL type="NUMERIC" value="0" />
        </OP>
      </FORMULA>
      <FORMULA value="4">
        <VAL value="true" type="BOOLEAN" />
      </FORMULA>
      <AGGREG id="AVG" telt="ALL" />
      <COSTFORMULA>
        <OP id="/" type="NUMERIC">
          <VAL type="NUMERIC" value="1" />
          <VAL type="NUMERIC" value="32" />
        </OP>
      </COSTFORMULA>
    </CRITDEF>
    <CRITDEF id="USELESSOVERRIDINGMETHOD">
      <FORMULA value="1">
        <OP id="gt" type="BOOLEAN">
          <VAR type="NUMERIC" id="USELESSOVERRIDINGMETHOD" />
          <VAL type="NUMERIC" value="0" />
        </OP>
      </FORMULA>
      <FORMULA value="4">
        <VAL value="true" type="BOOLEAN" />
      </FORMULA>
      <AGGREG id="AVG" telt="ALL" />
      <COSTFORMULA>
        <OP id="*" type="NUMERIC">
          <VAR type="NUMERIC" id="USELESSOVERRIDINGMETHOD" />
          <OP id="/" type="NUMERIC">
            <VAL type="NUMERIC" value="1" />
            <VAL type="NUMERIC" value="32" />
          </OP>
        </OP>
      </COSTFORMULA>
    </CRITDEF>
    <CRITDEF id="AVOIDREASSIGNINGPARAMETERS">
      <FORMULA value="2">
        <OP id="gt" type="BOOLEAN">
          <VAR type="NUMERIC" id="AVOIDREASSIGNINGPARAMETERS" />
          <VAL type="NUMERIC" value="0" />
        </OP>
      </FORMULA>
      <FORMULA value="4">
        <VAL value="true" type="BOOLEAN" />
      </FORMULA>
      <AGGREG id="EXCLUS" telt="ALL">
        <PARAM id="DEFAULT" value="4" type="NUMERIC" />
        <PARAM id="VALUE_EXCLUS" value="2" type="NUMERIC" />
      </AGGREG>
      <COSTFORMULA>
        <OP id="*" type="NUMERIC">
          <VAR type="NUMERIC" id="AVOIDREASSIGNINGPARAMETERS" />
          <OP id="/" type="NUMERIC">
            <VAL type="NUMERIC" value="1" />
            <VAL type="NUMERIC" value="32" />
          </OP>
        </OP>
      </COSTFORMULA>
    </CRITDEF>
    <CRITDEF id="IMMUTABLEFIELD">
      <FORMULA value="1">
        <OP id="gt" type="BOOLEAN">
          <VAR type="NUMERIC" id="IMMUTABLEFIELD" />
          <VAL type="NUMERIC" value="0" />
        </OP>
      </FORMULA>
      <FORMULA value="4">
        <VAL value="true" type="BOOLEAN" />
      </FORMULA>
      <AGGREG id="AVG" telt="ALL" />
      <COSTFORMULA>
        <OP id="/" type="NUMERIC">
          <VAL type="NUMERIC" value="1" />
          <VAL type="NUMERIC" value="32" />
        </OP>
      </COSTFORMULA>
    </CRITDEF>
    <CRITDEF id="CTRA" telt="MET">
      <FORMULA value="2">
        <OP id="AND" type="BOOLEAN">
          <OP id="gt" type="BOOLEAN">
            <VAR type="NUMERIC" id="FANOUT" />
            <VAL type="NUMERIC" value="10" />
          </OP>
          <OP id="gt" type="BOOLEAN">
            <VAR type="NUMERIC" id="IVG" />
            <OP id="/" type="NUMERIC">
              <VAR type="NUMERIC" id="FANOUT" />
              <VAL type="NUMERIC" value="2" />
            </OP>
          </OP>
          <OP id="gt" type="BOOLEAN">
            <VAR type="NUMERIC" id="IVG" />
            <VAL type="NUMERIC" value="4" />
          </OP>
        </OP>
      </FORMULA>
      <FORMULA value="3">
        <OP id="AND" type="BOOLEAN">
          <OP id="gt" type="BOOLEAN">
            <VAR type="NUMERIC" id="FANOUT" />
            <VAL type="NUMERIC" value="10" />
          </OP>
          <OP id="le" type="BOOLEAN">
            <VAR type="NUMERIC" id="IVG" />
            <OP id="/" type="NUMERIC">
              <VAR type="NUMERIC" id="FANOUT" />
              <VAL type="NUMERIC" value="2" />
            </OP>
          </OP>
          <OP id="ge" type="BOOLEAN">
            <VAR type="NUMERIC" id="IVG" />
            <VAL type="NUMERIC" value="4" />
          </OP>
        </OP>
      </FORMULA>
      <FORMULA value="4">
        <OP id="AND" type="BOOLEAN">
          <OP id="gt" type="BOOLEAN">
            <VAR type="NUMERIC" id="FANOUT" />
            <VAL type="NUMERIC" value="10" />
          </OP>
          <OP id="le" type="BOOLEAN">
            <VAR type="NUMERIC" id="IVG" />
            <VAL type="NUMERIC" value="4" />
          </OP>
        </OP>
      </FORMULA>
      <FORMULA value="4">
        <OP id="le" type="BOOLEAN">
          <VAR type="NUMERIC" id="FANOUT" />
          <VAL type="NUMERIC" value="10" />
        </OP>
      </FORMULA>
      <AGGREG id="AVG" telt="ALL" />
      <COSTFORMULA>
        <OP id="/" type="NUMERIC">
          <VAL type="NUMERIC" value="1" />
          <VAL type="NUMERIC" value="4" />
        </OP>
      </COSTFORMULA>
    </CRITDEF>
    <CRITDEF id="INTE" telt="MET">
      <FORMULA value="1">
        <OP id="AND" type="BOOLEAN">
          <OP id="ge" type="BOOLEAN">
            <VAR type="NUMERIC" id="FANOUT" />
            <VAL type="NUMERIC" value="30" />
          </OP>
          <OP id="eq" type="BOOLEAN">
            <VAR type="NUMERIC" id="IVG" />
            <VAR type="NUMERIC" id="FANOUT" />
          </OP>
        </OP>
      </FORMULA>
      <FORMULA value="2">
        <OP id="AND" type="BOOLEAN">
          <OP id="gt" type="BOOLEAN">
            <VAR type="NUMERIC" id="FANOUT" />
            <VAL type="NUMERIC" value="10" />
          </OP>
          <OP id="gt" type="BOOLEAN">
            <VAR type="NUMERIC" id="IVG" />
            <OP id="/" type="NUMERIC">
              <VAR type="NUMERIC" id="FANOUT" />
              <VAL type="NUMERIC" value="2" />
            </OP>
          </OP>
          <OP id="gt" type="BOOLEAN">
            <VAR type="NUMERIC" id="IVG" />
            <VAL type="NUMERIC" value="4" />
          </OP>
        </OP>
      </FORMULA>
      <FORMULA value="3">
        <OP id="AND" type="BOOLEAN">
          <OP id="gt" type="BOOLEAN">
            <VAR type="NUMERIC" id="FANOUT" />
            <VAL type="NUMERIC" value="10" />
          </OP>
          <OP id="le" type="BOOLEAN">
            <VAR type="NUMERIC" id="IVG" />
            <OP id="/" type="NUMERIC">
              <VAR type="NUMERIC" id="FANOUT" />
              <VAL type="NUMERIC" value="2" />
            </OP>
          </OP>
          <OP id="ge" type="BOOLEAN">
            <VAR type="NUMERIC" id="IVG" />
            <VAL type="NUMERIC" value="4" />
          </OP>
        </OP>
      </FORMULA>
      <FORMULA value="4">
        <OP id="OR" type="BOOLEAN">
          <OP id="AND" type="BOOLEAN">
            <OP id="gt" type="BOOLEAN">
              <VAR type="NUMERIC" id="FANOUT" />
              <VAL type="NUMERIC" value="10" />
            </OP>
            <OP id="le" type="BOOLEAN">
              <VAR type="NUMERIC" id="IVG" />
              <VAL type="NUMERIC" value="4" />
            </OP>
          </OP>
          <OP id="le" type="BOOLEAN">
            <VAR type="NUMERIC" id="FANOUT" />
            <VAL type="NUMERIC" value="10" />
          </OP>
        </OP>
      </FORMULA>
      <AGGREG id="AVG" telt="ALL" />
      <COSTFORMULA>
        <OP id="/" type="NUMERIC">
          <VAL type="NUMERIC" value="1" />
          <VAL type="NUMERIC" value="2" />
        </OP>
      </COSTFORMULA>
    </CRITDEF>
    <CRITDEF id="COMP">
      <FORMULA value="3">
        <OP id="AND" type="BOOLEAN">
          <OP id="eq" type="BOOLEAN">
            <VAR type="NUMERIC" id="CLOC" />
            <VAL type="NUMERIC" value="0" />
          </OP>
          <OP id="lt" type="BOOLEAN">
            <VAR type="NUMERIC" id="LOC" />
            <VAL type="NUMERIC" value="8" />
          </OP>
        </OP>
      </FORMULA>
      <FORMULA value="1">
        <OP id="AND" type="BOOLEAN">
          <OP id="eq" type="BOOLEAN">
            <VAR type="NUMERIC" id="CLOC" />
            <VAL type="NUMERIC" value="0" />
          </OP>
          <OP id="gt" type="BOOLEAN">
            <VAR type="NUMERIC" id="LOC" />
            <VAL type="NUMERIC" value="7" />
          </OP>
        </OP>
      </FORMULA>
      <FORMULA value="2">
        <OP id="OR" type="BOOLEAN">
          <OP id="AND" type="BOOLEAN">
            <OP id="lt" type="BOOLEAN">
              <VAR type="NUMERIC" id="VG" />
              <VAL type="NUMERIC" value="10" />
            </OP>
            <OP id="lt" type="BOOLEAN">
              <VAR type="NUMERIC" id="CLOC" />
              <OP id="*" type="NUMERIC">
                <VAL type="NUMERIC" value="0.2" />
                <VAR type="NUMERIC" id="LOC" />
              </OP>
            </OP>
          </OP>
          <OP id="AND" type="BOOLEAN">
            <OP id="ge" type="BOOLEAN">
              <VAR type="NUMERIC" id="VG" />
              <VAL type="NUMERIC" value="10" />
            </OP>
            <OP id="lt" type="BOOLEAN">
              <VAR type="NUMERIC" id="CLOC" />
              <OP id="*" type="NUMERIC">
                <VAL type="NUMERIC" value="0.3" />
                <VAR type="NUMERIC" id="LOC" />
              </OP>
            </OP>
          </OP>
        </OP>
      </FORMULA>
      <FORMULA value="3">
        <OP id="AND" type="BOOLEAN">
          <OP id="lt" type="BOOLEAN">
            <VAR type="NUMERIC" id="VG" />
            <VAL type="NUMERIC" value="10" />
          </OP>
          <OP id="lt" type="BOOLEAN">
            <VAR type="NUMERIC" id="CLOC" />
            <OP id="*" type="NUMERIC">
              <VAL type="NUMERIC" value="0.3" />
              <VAR type="NUMERIC" id="LOC" />
            </OP>
          </OP>
        </OP>
      </FORMULA>
      <FORMULA value="4">
        <OP id="OR" type="BOOLEAN">
          <OP id="lt" type="BOOLEAN">
            <VAR type="NUMERIC" id="VG" />
            <VAL type="NUMERIC" value="10" />
          </OP>
          <OP id="AND" type="BOOLEAN">
            <OP id="ge" type="BOOLEAN">
              <VAR type="NUMERIC" id="VG" />
              <VAL type="NUMERIC" value="10" />
            </OP>
            <OP id="ge" type="BOOLEAN">
              <VAR type="NUMERIC" id="CLOC" />
              <OP id="*" type="NUMERIC">
                <OP id="+" type="NUMERIC">
                  <VAL type="NUMERIC" value="0.3" />
                  <OP id="/" type="NUMERIC">
                    <OP id="-" type="NUMERIC">
                      <VAR type="NUMERIC" id="VG" />
                      <VAL type="NUMERIC" value="10" />
                    </OP>
                    <VAL type="NUMERIC" value="100" />
                  </OP>
                </OP>
                <VAR type="NUMERIC" id="LOC" />
              </OP>
            </OP>
          </OP>
        </OP>
      </FORMULA>
      <AGGREG id="AVG" telt="ALL" />
      <COSTFORMULA>
        <OP id="/" type="NUMERIC">
          <VAL type="NUMERIC" value="1" />
          <VAL type="NUMERIC" value="32" />
        </OP>
      </COSTFORMULA>
    </CRITDEF>
    <CRITDEF id="CYCLICDEPENDENCY">
      <FORMULA value="1">
        <OP id="lt" type="BOOLEAN">
          <VAR type="NUMERIC" id="ADPR_CLASS_LEVEL" />
          <VAL type="NUMERIC" value="80" />
        </OP>
      </FORMULA>
      <FORMULA value="2">
        <OP id="lt" type="BOOLEAN">
          <VAR type="NUMERIC" id="ADPR_CLASS_LEVEL" />
          <VAL type="NUMERIC" value="90" />
        </OP>
      </FORMULA>
      <FORMULA value="3">
        <OP id="lt" type="BOOLEAN">
          <VAR type="NUMERIC" id="ADPR_CLASS_LEVEL" />
          <VAL type="NUMERIC" value="100" />
        </OP>
      </FORMULA>
      <FORMULA value="4">
        <VAL value="true" type="BOOLEAN" />
      </FORMULA>
      <AGGREG id="EXCLUS_AVG" telt="ALL">
        <PARAM id="VALUE_EXCLUS" value="1" type="NUMERIC" />
      </AGGREG>
      <COSTFORMULA>
        <VAL type="NUMERIC" value="1" />
      </COSTFORMULA>
    </CRITDEF>
    <CRITDEF id="SIGNATURE_INTERFACE_USE">
      <FORMULA value="1">
        <OP id="lt" type="BOOLEAN">
          <VAR type="NUMERIC" id="SIGNATURE_INTERFACE_USE" />
          <VAL type="NUMERIC" value="80" />
        </OP>
      </FORMULA>
      <FORMULA value="2">
        <OP id="lt" type="BOOLEAN">
          <VAR type="NUMERIC" id="SIGNATURE_INTERFACE_USE" />
          <VAL type="NUMERIC" value="90" />
        </OP>
      </FORMULA>
      <FORMULA value="3">
        <OP id="lt" type="BOOLEAN">
          <VAR type="NUMERIC" id="SIGNATURE_INTERFACE_USE" />
          <VAL type="NUMERIC" value="100" />
        </OP>
      </FORMULA>
      <FORMULA value="4">
        <VAL value="true" type="BOOLEAN" />
      </FORMULA>
      <AGGREG id="AVG" telt="ALL" />
      <COSTFORMULA>
        <VAL type="NUMERIC" value="1" />
      </COSTFORMULA>
    </CRITDEF>
    <CRITDEF id="NORMALIZED_DISTANCE">
      <FORMULA value="1">
        <OP id="gt" type="BOOLEAN">
          <VAR type="NUMERIC" id="NORMALIZED_DISTANCE" />
          <VAL type="NUMERIC" value="0.9" />
        </OP>
      </FORMULA>
      <FORMULA value="2">
        <OP id="gt" type="BOOLEAN">
          <VAR type="NUMERIC" id="NORMALIZED_DISTANCE" />
          <VAL type="NUMERIC" value="0.75" />
        </OP>
      </FORMULA>
      <FORMULA value="3">
        <OP id="gt" type="BOOLEAN">
          <VAR type="NUMERIC" id="NORMALIZED_DISTANCE" />
          <VAL type="NUMERIC" value="0.5" />
        </OP>
      </FORMULA>
      <FORMULA value="4">
        <VAL value="true" type="BOOLEAN" />
      </FORMULA>
      <AGGREG id="AVG" telt="ALL" />
      <COSTFORMULA>
        <VAL type="NUMERIC" value="1" />
      </COSTFORMULA>
    </CRITDEF>
    <CRITDEF id="UNINITIALIZEDFIELDS">
      <FORMULA value="1">
        <OP id="OR" type="BOOLEAN">
          <OP id="gt" type="BOOLEAN">
            <VAR type="NUMERIC" id="R1010" />
            <VAL type="NUMERIC" value="0" />
          </OP>
          <OP id="gt" type="BOOLEAN">
            <VAR type="NUMERIC" id="R1011" />
            <VAL type="NUMERIC" value="0" />
          </OP>
          <OP id="gt" type="BOOLEAN">
            <VAR type="NUMERIC" id="R1012" />
            <VAL type="NUMERIC" value="0" />
          </OP>
          <OP id="gt" type="BOOLEAN">
            <VAR type="NUMERIC" id="R1013" />
            <VAL type="NUMERIC" value="0" />
          </OP>
        </OP>
      </FORMULA>
      <FORMULA value="4">
        <VAL value="true" type="BOOLEAN" />
      </FORMULA>
      <AGGREG id="AVG" telt="ALL" />
      <COSTFORMULA>
        <OP id="*" type="NUMERIC">
          <OP id="+" type="NUMERIC">
            <VAR type="NUMERIC" id="R1010" />
            <OP id="+" type="NUMERIC">
              <VAR type="NUMERIC" id="R1011" />
              <OP id="+" type="NUMERIC">
                <VAR type="NUMERIC" id="R1012" />
                <VAR type="NUMERIC" id="R1013" />
              </OP>
            </OP>
          </OP>
          <OP id="/" type="NUMERIC">
            <VAL type="NUMERIC" value="1" />
            <VAL type="NUMERIC" value="32" />
          </OP>
        </OP>
      </COSTFORMULA>
    </CRITDEF>
    <CRITDEF id="COMPAREOBJECTSWITHEQUALS">
      <FORMULA value="1">
        <OP id="gt" type="BOOLEAN">
          <VAR type="NUMERIC" id="COMPAREOBJECTSWITHEQUALS" />
          <VAL type="NUMERIC" value="0" />
        </OP>
      </FORMULA>
      <FORMULA value="4">
        <VAL value="true" type="BOOLEAN" />
      </FORMULA>
      <AGGREG id="EXCLUS" telt="ALL">
        <PARAM id="DEFAULT" value="4" type="NUMERIC" />
        <PARAM id="VALUE_EXCLUS" value="1" type="NUMERIC" />
      </AGGREG>
      <COSTFORMULA>
        <OP id="*" type="NUMERIC">
          <VAR type="NUMERIC" id="COMPAREOBJECTSWITHEQUALS" />
          <OP id="/" type="NUMERIC">
            <VAL type="NUMERIC" value="1" />
            <VAL type="NUMERIC" value="32" />
          </OP>
        </OP>
      </COSTFORMULA>
    </CRITDEF>
    <CRITDEF id="EQUALS">
      <FORMULA value="1">
        <OP id="OR" type="BOOLEAN">
          <OP id="gt" type="BOOLEAN">
            <VAR type="NUMERIC" id="R0001" />
            <VAL type="NUMERIC" value="0" />
          </OP>
          <OP id="gt" type="BOOLEAN">
            <VAR type="NUMERIC" id="R1046" />
            <VAL type="NUMERIC" value="0" />
          </OP>
          <OP id="gt" type="BOOLEAN">
            <VAR type="NUMERIC" id="R1069" />
            <VAL type="NUMERIC" value="0" />
          </OP>
          <OP id="gt" type="BOOLEAN">
            <VAR type="NUMERIC" id="R1028" />
            <VAL type="NUMERIC" value="0" />
          </OP>
          <OP id="gt" type="BOOLEAN">
            <VAR type="NUMERIC" id="R0030" />
            <VAL type="NUMERIC" value="0" />
          </OP>
          <OP id="gt" type="BOOLEAN">
            <VAR type="NUMERIC" id="R0024" />
            <VAL type="NUMERIC" value="0" />
          </OP>
          <OP id="gt" type="BOOLEAN">
            <VAR type="NUMERIC" id="R0002" />
            <VAL type="NUMERIC" value="0" />
          </OP>
          <OP id="gt" type="BOOLEAN">
            <VAR type="NUMERIC" id="R0023" />
            <VAL type="NUMERIC" value="0" />
          </OP>
        </OP>
      </FORMULA>
      <FORMULA value="4">
        <VAL value="true" type="BOOLEAN" />
      </FORMULA>
      <AGGREG id="AVG" telt="ALL" />
      <COSTFORMULA>
        <OP id="/" type="NUMERIC">
          <VAL type="NUMERIC" value="1" />
          <VAL type="NUMERIC" value="16" />
        </OP>
      </COSTFORMULA>
    </CRITDEF>
    <CRITDEF id="EMPTYCATCHBLOCK">
      <FORMULA value="1">
        <OP id="gt" type="BOOLEAN">
          <VAR type="NUMERIC" id="EMPTYCATCHBLOCK" />
          <VAL type="NUMERIC" value="0" />
        </OP>
      </FORMULA>
      <FORMULA value="4">
        <VAL value="true" type="BOOLEAN" />
      </FORMULA>
      <AGGREG id="EXCLUS" telt="ALL">
        <PARAM id="DEFAULT" value="4" type="NUMERIC" />
        <PARAM id="VALUE_EXCLUS" value="1" type="NUMERIC" />
      </AGGREG>
      <COSTFORMULA>
        <OP id="*" type="NUMERIC">
          <VAR type="NUMERIC" id="EMPTYCATCHBLOCK" />
          <OP id="/" type="NUMERIC">
            <VAL type="NUMERIC" value="1" />
            <VAL type="NUMERIC" value="32" />
          </OP>
        </OP>
      </COSTFORMULA>
    </CRITDEF>
    <CRITDEF id="R4" telt="CLS">
      <FORMULA value="1">
        <OP id="gt" type="BOOLEAN">
          <VAR type="NUMERIC" id="CONSTANTNAMECHECK" />
          <VAL type="NUMERIC" value="0" />
        </OP>
      </FORMULA>
      <FORMULA value="1">
        <OP id="gt" type="BOOLEAN">
          <VAR type="NUMERIC" id="LOCALVARIABLENAMECHECK" />
          <VAL type="NUMERIC" value="0" />
        </OP>
      </FORMULA>
      <FORMULA value="1">
        <OP id="gt" type="BOOLEAN">
          <VAR type="NUMERIC" id="MEMBERNAMECHECK" />
          <VAL type="NUMERIC" value="0" />
        </OP>
      </FORMULA>
      <FORMULA value="1">
        <OP id="gt" type="BOOLEAN">
          <VAR type="NUMERIC" id="METHODNAMECHECK" />
          <VAL type="NUMERIC" value="0" />
        </OP>
      </FORMULA>
      <FORMULA value="1">
        <OP id="gt" type="BOOLEAN">
          <VAR type="NUMERIC" id="PARAMETERNAMECHECK" />
          <VAL type="NUMERIC" value="0" />
        </OP>
      </FORMULA>
      <FORMULA value="1">
        <OP id="gt" type="BOOLEAN">
          <VAR type="NUMERIC" id="STATICVARIABLENAMECHECK" />
          <VAL type="NUMERIC" value="0" />
        </OP>
      </FORMULA>
      <FORMULA value="1">
        <OP id="gt" type="BOOLEAN">
          <VAR type="NUMERIC" id="TYPENAMECHECK" />
          <VAL type="NUMERIC" value="0" />
        </OP>
      </FORMULA>
      <FORMULA value="1">
        <OP id="gt" type="BOOLEAN">
          <VAR type="NUMERIC" id="LOCALFINALVARIABLENAME" />
          <VAL type="NUMERIC" value="0" />
        </OP>
      </FORMULA>
      <FORMULA value="1">
        <OP id="gt" type="BOOLEAN">
          <VAR type="NUMERIC" id="PACKAGENAMECHECK" />
          <VAL type="NUMERIC" value="0" />
        </OP>
      </FORMULA>
      <FORMULA value="4">
        <VAL value="true" type="BOOLEAN" />
      </FORMULA>
      <AGGREG id="EXCLUS_AVG_SEUIL" telt="ALL">
        <PARAM id="VALUE_EXCLUS" value="2" type="NUMERIC" />
        <PARAM id="SEUIL" value="10" type="NUMERIC" />
      </AGGREG>
      <COSTFORMULA>
        <OP id="/" type="NUMERIC">
          <VAL type="NUMERIC" value="1" />
          <VAL type="NUMERIC" value="2" />
        </OP>
      </COSTFORMULA>
    </CRITDEF>
    <CRITDEF id="AVOIDENUMASIDENTIFIER">
      <FORMULA value="1">
        <OP id="gt" type="BOOLEAN">
          <VAR type="NUMERIC" id="AVOIDENUMASIDENTIFIER" />
          <VAL type="NUMERIC" value="0" />
        </OP>
      </FORMULA>
      <FORMULA value="4">
        <VAL value="true" type="BOOLEAN" />
      </FORMULA>
      <AGGREG id="AVG" telt="ALL" />
      <COSTFORMULA>
        <OP id="/" type="NUMERIC">
          <VAL type="NUMERIC" value="1" />
          <VAL type="NUMERIC" value="32" />
        </OP>
      </COSTFORMULA>
    </CRITDEF>
    <CRITDEF id="IFSTMTRULES">
      <FORMULA value="1">
        <OP id="gt" type="BOOLEAN">
          <VAR type="NUMERIC" id="AVOIDDEEPLYNESTEDIFSTMTS" />
          <VAL type="NUMERIC" value="0" />
        </OP>
      </FORMULA>
      <FORMULA value="1">
        <OP id="gt" type="BOOLEAN">
          <VAR type="NUMERIC" id="COLLAPSIBLEIFSTATEMENTS" />
          <VAL type="NUMERIC" value="0" />
        </OP>
      </FORMULA>
      <FORMULA value="4">
        <VAL value="true" type="BOOLEAN" />
      </FORMULA>
      <AGGREG id="AVG" telt="ALL" />
      <COSTFORMULA>
        <OP id="/" type="NUMERIC">
          <VAL type="NUMERIC" value="1" />
          <VAL type="NUMERIC" value="8" />
        </OP>
      </COSTFORMULA>
    </CRITDEF>
    <CRITDEF id="SWITCHSTMTRULES">
      <FORMULA value="1">
        <OP id="gt" type="BOOLEAN">
          <VAR type="NUMERIC" id="SWITCHDENSITY" />
          <VAL type="NUMERIC" value="0" />
        </OP>
      </FORMULA>
      <FORMULA value="1">
        <OP id="gt" type="BOOLEAN">
          <VAR type="NUMERIC" id="SWITCHSTMTSSHOULDHAVEDEFAULT" />
          <VAL type="NUMERIC" value="0" />
        </OP>
      </FORMULA>
      <FORMULA value="1">
        <OP id="gt" type="BOOLEAN">
          <VAR type="NUMERIC" id="MISSINGBREAKINSWITCH" />
          <VAL type="NUMERIC" value="0" />
        </OP>
      </FORMULA>
      <FORMULA value="4">
        <VAL value="true" type="BOOLEAN" />
      </FORMULA>
      <AGGREG id="AVG" telt="ALL" />
      <COSTFORMULA>
        <OP id="*" type="NUMERIC">
          <OP id="+" type="NUMERIC">
            <VAR type="NUMERIC" id="SWITCHDENSITY" />
            <OP id="+" type="NUMERIC">
              <VAR type="NUMERIC" id="SWITCHSTMTSSHOULDHAVEDEFAULT" />
              <VAR type="NUMERIC" id="MISSINGBREAKINSWITCH" />
            </OP>
          </OP>
          <OP id="/" type="NUMERIC">
            <VAL type="NUMERIC" value="1" />
            <VAL type="NUMERIC" value="32" />
          </OP>
        </OP>
      </COSTFORMULA>
    </CRITDEF>
    <CRITDEF id="USESINGLETON">
      <FORMULA value="1">
        <OP id="gt" type="BOOLEAN">
          <VAR type="NUMERIC" id="USESINGLETON" />
          <VAL type="NUMERIC" value="0" />
        </OP>
      </FORMULA>
      <FORMULA value="4">
        <VAL value="true" type="BOOLEAN" />
      </FORMULA>
      <AGGREG id="AVG" telt="ALL" />
      <COSTFORMULA>
        <OP id="/" type="NUMERIC">
          <VAL type="NUMERIC" value="1" />
          <VAL type="NUMERIC" value="8" />
        </OP>
      </COSTFORMULA>
    </CRITDEF>
    <CRITDEF id="NONTHREADSAFESINGLETON">
      <FORMULA value="1">
        <OP id="gt" type="BOOLEAN">
          <VAR type="NUMERIC" id="NONTHREADSAFESINGLETON" />
          <VAL type="NUMERIC" value="0" />
        </OP>
      </FORMULA>
      <FORMULA value="4">
        <VAL value="true" type="BOOLEAN" />
      </FORMULA>
      <AGGREG id="EXCLUS" telt="ALL">
        <PARAM id="DEFAULT" value="4" type="NUMERIC" />
        <PARAM id="VALUE_EXCLUS" value="1" type="NUMERIC" />
      </AGGREG>
      <COSTFORMULA>
        <VAL type="NUMERIC" value=".25" />
      </COSTFORMULA>
    </CRITDEF>
    <CRITDEF id="ARRAYISSTOREDDIRECTLY">
      <FORMULA value="2">
        <OP id="gt" type="BOOLEAN">
          <VAR type="NUMERIC" id="ARRAYISSTOREDDIRECTLY" />
          <VAL type="NUMERIC" value="0" />
        </OP>
      </FORMULA>
      <FORMULA value="4">
        <VAL value="true" type="BOOLEAN" />
      </FORMULA>
      <AGGREG id="EXCLUS" telt="ALL">
        <PARAM id="DEFAULT" value="4" type="NUMERIC" />
        <PARAM id="VALUE_EXCLUS" value="2" type="NUMERIC" />
      </AGGREG>
      <COSTFORMULA>
        <OP id="*" type="NUMERIC">
          <VAR type="NUMERIC" id="ARRAYISSTOREDDIRECTLY" />
          <OP id="/" type="NUMERIC">
            <VAL type="NUMERIC" value="1" />
            <VAL type="NUMERIC" value="32" />
          </OP>
        </OP>
      </COSTFORMULA>
    </CRITDEF>
    <CRITDEF id="COUPLINGBETWEENOBJECTS">
      <FORMULA value="1">
        <OP id="gt" type="BOOLEAN">
          <VAR type="NUMERIC" id="COUPLINGBETWEENOBJECTS" />
          <VAL type="NUMERIC" value="0" />
        </OP>
      </FORMULA>
      <FORMULA value="4">
        <VAL value="true" type="BOOLEAN" />
      </FORMULA>
      <AGGREG id="AVG" telt="ALL" />
      <COSTFORMULA>
        <VAL type="NUMERIC" value="1" />
      </COSTFORMULA>
    </CRITDEF>
    <CRITDEF id="LOOSECOUPLING">
      <FORMULA value="1">
        <OP id="gt" type="BOOLEAN">
          <VAR type="NUMERIC" id="LOOSECOUPLING" />
          <VAL type="NUMERIC" value="0" />
        </OP>
      </FORMULA>
      <FORMULA value="4">
        <VAL value="true" type="BOOLEAN" />
      </FORMULA>
      <AGGREG id="EXCLUS_AVG_SEUIL" telt="ALL">
        <PARAM id="VALUE_EXCLUS" value="2" type="NUMERIC" />
        <PARAM id="SEUIL" value="20" type="NUMERIC" />
      </AGGREG>
      <COSTFORMULA>
        <OP id="/" type="NUMERIC">
          <VAL type="NUMERIC" value="1" />
          <VAL type="NUMERIC" value="2" />
        </OP>
      </COSTFORMULA>
    </CRITDEF>
    <CRITDEF id="EXCEPTIONRULES">
      <FORMULA value="1">
        <OP id="gt" type="BOOLEAN">
          <VAR type="NUMERIC" id="AVOIDCATCHINGNPE" />
          <VAL type="NUMERIC" value="0" />
        </OP>
      </FORMULA>
      <FORMULA value="1">
        <OP id="gt" type="BOOLEAN">
          <VAR type="NUMERIC" id="AVOIDCATCHINGTHROWABLE" />
          <VAL type="NUMERIC" value="0" />
        </OP>
      </FORMULA>
      <FORMULA value="1">
        <OP id="gt" type="BOOLEAN">
          <VAR type="NUMERIC" id="AVOIDINSTANCEOFCHECKSINCATCHCLAUSE" />
          <VAL type="NUMERIC" value="0" />
        </OP>
      </FORMULA>
      <FORMULA value="1">
        <OP id="gt" type="BOOLEAN">
          <VAR type="NUMERIC" id="AVOIDTHROWINGNULLPOINTEREXCEPTION" />
          <VAL type="NUMERIC" value="0" />
        </OP>
      </FORMULA>
      <FORMULA value="4">
        <VAL value="true" type="BOOLEAN" />
      </FORMULA>
      <AGGREG id="EXCLUS" telt="ALL" />
      <COSTFORMULA>
        <OP id="*" type="NUMERIC">
          <OP id="+" type="NUMERIC">
            <VAR type="NUMERIC" id="AVOIDCATCHINGNPE" />
            <OP id="+" type="NUMERIC">
              <VAR type="NUMERIC" id="AVOIDCATCHINGTHROWABLE" />
              <OP id="+" type="NUMERIC">
                <VAR type="NUMERIC" id="AVOIDINSTANCEOFCHECKSINCATCHCLAUSE" />
                <VAR type="NUMERIC" id="AVOIDTHROWINGNULLPOINTEREXCEPTION" />
              </OP>
            </OP>
          </OP>
          <OP id="/" type="NUMERIC">
            <VAL type="NUMERIC" value="1" />
            <VAL type="NUMERIC" value="16" />
          </OP>
        </OP>
      </COSTFORMULA>
    </CRITDEF>
    <CRITDEF id="SIMPLIFYBOOLEANEXPRESSIONS">
      <FORMULA value="1">
        <OP id="gt" type="BOOLEAN">
          <VAR type="NUMERIC" id="SIMPLIFYBOOLEANEXPRESSIONS" />
          <VAL type="NUMERIC" value="0" />
        </OP>
      </FORMULA>
      <FORMULA value="4">
        <VAL value="true" type="BOOLEAN" />
      </FORMULA>
      <AGGREG id="AVG" telt="ALL" />
      <COSTFORMULA>
        <OP id="*" type="NUMERIC">
          <VAR type="NUMERIC" id="SIMPLIFYBOOLEANEXPRESSIONS" />
          <OP id="/" type="NUMERIC">
            <VAL type="NUMERIC" value="1" />
            <VAL type="NUMERIC" value="32" />
          </OP>
        </OP>
      </COSTFORMULA>
    </CRITDEF>
    <CRITDEF id="EMPTYSTATEMENTNOTINLOOP">
      <FORMULA value="1">
        <OP id="gt" type="BOOLEAN">
          <VAR type="NUMERIC" id="EMPTYSTATEMENTNOTINLOOP" />
          <VAL type="NUMERIC" value="0" />
        </OP>
      </FORMULA>
      <FORMULA value="4">
        <VAL value="true" type="BOOLEAN" />
      </FORMULA>
      <AGGREG id="AVG" telt="ALL" />
      <COSTFORMULA>
        <OP id="/" type="NUMERIC">
          <VAL type="NUMERIC" value="1" />
          <VAL type="NUMERIC" value="32" />
        </OP>
      </COSTFORMULA>
    </CRITDEF>
    <CRITDEF id="AVOIDDUPLICATELITERALS">
      <FORMULA value="1">
        <OP id="gt" type="BOOLEAN">
          <VAR type="NUMERIC" id="AVOIDDUPLICATELITERALS" />
          <VAL type="NUMERIC" value="0" />
        </OP>
      </FORMULA>
      <FORMULA value="4">
        <VAL value="true" type="BOOLEAN" />
      </FORMULA>
      <AGGREG id="AVG" telt="ALL" />
      <COSTFORMULA>
        <OP id="/" type="NUMERIC">
          <VAL type="NUMERIC" value="1" />
          <VAL type="NUMERIC" value="32" />
        </OP>
      </COSTFORMULA>
    </CRITDEF>
    <CRITDEF id="AVOIDINSTANTIATINGOBJECTSINLOOPS">
      <FORMULA value="1">
        <OP id="gt" type="BOOLEAN">
          <VAR type="NUMERIC" id="AVOIDINSTANTIATINGOBJECTSINLOOPS" />
          <VAL type="NUMERIC" value="0" />
        </OP>
      </FORMULA>
      <FORMULA value="4">
        <VAL value="true" type="BOOLEAN" />
      </FORMULA>
      <AGGREG id="AVG" telt="ALL" />
      <COSTFORMULA>
        <OP id="*" type="NUMERIC">
          <VAR type="NUMERIC" id="AVOIDINSTANTIATINGOBJECTSINLOOPS" />
          <OP id="/" type="NUMERIC">
            <VAL type="NUMERIC" value="1" />
            <VAL type="NUMERIC" value="32" />
          </OP>
        </OP>
      </COSTFORMULA>
    </CRITDEF>
    <CRITDEF id="AVOIDPRINTSTACKTRACE">
      <FORMULA value="1">
        <OP id="gt" type="BOOLEAN">
          <VAR type="NUMERIC" id="AVOIDPRINTSTACKTRACE" />
          <VAL type="NUMERIC" value="0" />
        </OP>
      </FORMULA>
      <FORMULA value="4">
        <VAL value="true" type="BOOLEAN" />
      </FORMULA>
      <AGGREG id="AVG" telt="ALL" />
      <COSTFORMULA>
        <OP id="/" type="NUMERIC">
          <VAL type="NUMERIC" value="1" />
          <VAL type="NUMERIC" value="32" />
        </OP>
      </COSTFORMULA>
    </CRITDEF>
    <CRITDEF id="REGEXPHEADER" telt="EA">
      <FORMULA value="1">
        <OP id="gt" type="BOOLEAN">
          <VAR type="NUMERIC" id="REGEXPHEADERCHECK" />
          <VAL type="NUMERIC" value="1" />
        </OP>
      </FORMULA>
      <FORMULA value="4">
        <VAL value="true" type="BOOLEAN" />
      </FORMULA>
      <AGGREG id="EXCLUS" telt="ALL">
        <PARAM id="DEFAULT" value="4" type="NUMERIC" />
        <PARAM id="VALUE_EXCLUS" value="1" type="NUMERIC" />
      </AGGREG>
      <COSTFORMULA>
        <OP id="/" type="NUMERIC">
          <VAL type="NUMERIC" value="1" />
          <VAL type="NUMERIC" value="32" />
        </OP>
      </COSTFORMULA>
    </CRITDEF>
    <CRITDEF id="EMPTYBLOCK" telt="EA">
      <FORMULA value="1">
        <OP id="gt" type="BOOLEAN">
          <VAR type="NUMERIC" id="EMPTYBLOCKCHECK" />
          <VAL type="NUMERIC" value="1" />
        </OP>
      </FORMULA>
      <FORMULA value="4">
        <VAL value="true" type="BOOLEAN" />
      </FORMULA>
      <AGGREG id="AVG" telt="ALL" />
      <COSTFORMULA>
        <OP id="/" type="NUMERIC">
          <VAL type="NUMERIC" value="1" />
          <VAL type="NUMERIC" value="32" />
        </OP>
      </COSTFORMULA>
    </CRITDEF>
    <CRITDEF id="CURLYBRACES" telt="EA">
      <FORMULA value="1">
        <OP id="OR" type="BOOLEAN">
          <OP id="gt" type="BOOLEAN">
            <VAR type="NUMERIC" id="LEFTCURLYCHECK" />
            <VAL type="NUMERIC" value="1" />
          </OP>
          <OP id="gt" type="BOOLEAN">
            <VAR type="NUMERIC" id="RIGHTCURLYCHECK" />
            <VAL type="NUMERIC" value="2" />
          </OP>
        </OP>
      </FORMULA>
      <FORMULA value="4">
        <VAL value="true" type="BOOLEAN" />
      </FORMULA>
      <AGGREG id="AVG" telt="ALL" />
      <COSTFORMULA>
        <OP id="/" type="NUMERIC">
          <VAL type="NUMERIC" value="1" />
          <VAL type="NUMERIC" value="32" />
        </OP>
      </COSTFORMULA>
    </CRITDEF>
    <CRITDEF id="AVOIDINLINECONDITIONALS" telt="EA">
      <FORMULA value="1">
        <OP id="gt" type="BOOLEAN">
          <VAR type="NUMERIC" id="AVOIDINLINECONDITIONALSCHECK" />
          <VAL type="NUMERIC" value="1" />
        </OP>
      </FORMULA>
      <FORMULA value="4">
        <VAL value="true" type="BOOLEAN" />
      </FORMULA>
      <AGGREG id="AVG" telt="ALL" />
      <COSTFORMULA>
        <OP id="*" type="NUMERIC">
          <VAR type="NUMERIC" id="AVOIDINLINECONDITIONALSCHECK" />
          <OP id="/" type="NUMERIC">
            <VAL type="NUMERIC" value="1" />
            <VAL type="NUMERIC" value="32" />
          </OP>
        </OP>
      </COSTFORMULA>
    </CRITDEF>
    <CRITDEF id="ILLEGALCATCH" telt="EA">
      <FORMULA value="1">
        <OP id="gt" type="BOOLEAN">
          <VAR type="NUMERIC" id="ILLEGALCATCHCHECK" />
          <VAL type="NUMERIC" value="0" />
        </OP>
      </FORMULA>
      <FORMULA value="4">
        <VAL value="true" type="BOOLEAN" />
      </FORMULA>
      <AGGREG id="EXCLUS" telt="ALL">
        <PARAM id="DEFAULT" value="4" type="NUMERIC" />
        <PARAM id="VALUE_EXCLUS" value="1" type="NUMERIC" />
      </AGGREG>
      <COSTFORMULA>
        <OP id="*" type="NUMERIC">
          <VAR type="NUMERIC" id="ILLEGALCATCHCHECK" />
          <OP id="/" type="NUMERIC">
            <VAL type="NUMERIC" value="1" />
            <VAL type="NUMERIC" value="32" />
          </OP>
        </OP>
      </COSTFORMULA>
    </CRITDEF>
    <CRITDEF id="INNERASSIGNMENT" telt="EA">
      <FORMULA value="1">
        <OP id="gt" type="BOOLEAN">
          <VAR type="NUMERIC" id="INNERASSIGNMENTCHECK" />
          <VAL type="NUMERIC" value="1" />
        </OP>
      </FORMULA>
      <FORMULA value="4">
        <VAL value="true" type="BOOLEAN" />
      </FORMULA>
      <AGGREG id="EXCLUS" telt="ALL">
        <PARAM id="DEFAULT" value="4" type="NUMERIC" />
        <PARAM id="VALUE_EXCLUS" value="1" type="NUMERIC" />
      </AGGREG>
      <COSTFORMULA>
        <OP id="*" type="NUMERIC">
          <VAR type="NUMERIC" id="INNERASSIGNMENTCHECK" />
          <OP id="/" type="NUMERIC">
            <VAL type="NUMERIC" value="1" />
            <VAL type="NUMERIC" value="32" />
          </OP>
        </OP>
      </COSTFORMULA>
    </CRITDEF>
    <CRITDEF id="NOPACKAGE" telt="EA">
      <FORMULA value="1">
        <OP id="gt" type="BOOLEAN">
          <VAR type="NUMERIC" id="NOPACKAGE" />
          <VAL type="NUMERIC" value="0" />
        </OP>
      </FORMULA>
      <FORMULA value="4">
        <VAL value="true" type="BOOLEAN" />
      </FORMULA>
      <AGGREG id="EXCLUS" telt="ALL">
        <PARAM id="DEFAULT" value="4" type="NUMERIC" />
        <PARAM id="VALUE_EXCLUS" value="1" type="NUMERIC" />
      </AGGREG>
      <COSTFORMULA>
        <OP id="/" type="NUMERIC">
          <VAL type="NUMERIC" value="1" />
          <VAL type="NUMERIC" value="16" />
        </OP>
      </COSTFORMULA>
    </CRITDEF>
    <CRITDEF id="UNUSEDIMPORTS" telt="EA">
      <FORMULA value="1">
        <OP id="gt" type="BOOLEAN">
          <VAR type="NUMERIC" id="UNUSEDIMPORTS" />
          <VAL type="NUMERIC" value="0" />
        </OP>
      </FORMULA>
      <FORMULA value="4">
        <VAL value="true" type="BOOLEAN" />
      </FORMULA>
      <AGGREG id="AVG" telt="ALL" />
      <COSTFORMULA>
        <OP id="/" type="NUMERIC">
          <VAL type="NUMERIC" value="1" />
          <VAL type="NUMERIC" value="32" />
        </OP>
      </COSTFORMULA>
    </CRITDEF>
    <CRITDEF id="INDENTATION" telt="EA">
      <FORMULA value="1">
        <OP id="gt" type="BOOLEAN">
          <VAR type="NUMERIC" id="INDENTATIONCHECK" />
          <VAL type="NUMERIC" value="0" />
        </OP>
      </FORMULA>
      <FORMULA value="4">
        <VAL value="true" type="BOOLEAN" />
      </FORMULA>
      <AGGREG id="AVG" telt="ALL" />
      <COSTFORMULA>
        <OP id="/" type="NUMERIC">
          <VAL type="NUMERIC" value="1" />
          <VAL type="NUMERIC" value="32" />
        </OP>
      </COSTFORMULA>
    </CRITDEF>
    <CRITDEF id="ELEMENTLENGTH" telt="EA">
      <FORMULA value="1">
        <OP id="gt" type="BOOLEAN">
          <VAR type="NUMERIC" id="FILELENGTHCHECK" />
          <VAL type="NUMERIC" value="1" />
        </OP>
      </FORMULA>
      <FORMULA value="1">
        <OP id="gt" type="BOOLEAN">
          <VAR type="NUMERIC" id="LINELENGTHCHECK" />
          <VAL type="NUMERIC" value="1" />
        </OP>
      </FORMULA>
      <FORMULA value="1">
        <OP id="gt" type="BOOLEAN">
          <VAR type="NUMERIC" id="NAMELENGTHCHECK_LPGP" />
          <VAL type="NUMERIC" value="1" />
        </OP>
      </FORMULA>
      <FORMULA value="4">
        <VAL value="true" type="BOOLEAN" />
      </FORMULA>
      <AGGREG id="EXCLUS" telt="ALL">
        <PARAM id="DEFAULT" value="4" type="NUMERIC" />
        <PARAM id="VALUE_EXCLUS" value="2" type="NUMERIC" />
      </AGGREG>
      <COSTFORMULA>
        <OP id="/" type="NUMERIC">
          <VAL type="NUMERIC" value="1" />
          <VAL type="NUMERIC" value="8" />
        </OP>
      </COSTFORMULA>
    </CRITDEF>
    <CRITDEF id="PARAMETERNUMBER" telt="EA">
      <FORMULA value="1">
        <OP id="gt" type="BOOLEAN">
          <VAR type="NUMERIC" id="PARAMETERNUMBERCHECK" />
          <VAL type="NUMERIC" value="1" />
        </OP>
      </FORMULA>
      <FORMULA value="4">
        <VAL value="true" type="BOOLEAN" />
      </FORMULA>
      <AGGREG id="AVG" telt="ALL" />
      <COSTFORMULA>
        <VAL type="NUMERIC" value="1" />
      </COSTFORMULA>
    </CRITDEF>
    <CRITDEF id="MAINTENABILITE_FORMAT" telt="EA">
      <FORMULA value="1">
        <OP id="gt" type="BOOLEAN">
          <VAR type="NUMERIC" id="WHITESPACEAFTER" />
          <VAL type="NUMERIC" value="1" />
        </OP>
      </FORMULA>
      <FORMULA value="1">
        <OP id="gt" type="BOOLEAN">
          <VAR type="NUMERIC" id="PARENPADCHECK" />
          <VAL type="NUMERIC" value="1" />
        </OP>
      </FORMULA>
      <FORMULA value="1">
        <OP id="gt" type="BOOLEAN">
          <VAR type="NUMERIC" id="WHITESPACEAROUNDCHECK" />
          <VAL type="NUMERIC" value="1" />
        </OP>
      </FORMULA>
      <FORMULA value="4">
        <VAL value="true" type="BOOLEAN" />
      </FORMULA>
      <AGGREG id="AVG" telt="ALL" />
      <COSTFORMULA>
        <OP id="/" type="NUMERIC">
          <VAL type="NUMERIC" value="1" />
          <VAL type="NUMERIC" value="32" />
        </OP>
      </COSTFORMULA>
    </CRITDEF>
    <CRITDEF id="METHODRETURNSINTERNALARRAY" telt="EA">
      <FORMULA value="2">
        <OP id="gt" type="BOOLEAN">
          <VAR type="NUMERIC" id="METHODRETURNSINTERNALARRAY" />
          <VAL type="NUMERIC" value="0" />
        </OP>
      </FORMULA>
      <FORMULA value="4">
        <VAL value="true" type="BOOLEAN" />
      </FORMULA>
      <AGGREG id="EXCLUS" telt="ALL">
        <PARAM id="DEFAULT" value="4" type="NUMERIC" />
        <PARAM id="VALUE_EXCLUS" value="2" type="NUMERIC" />
      </AGGREG>
      <COSTFORMULA>
        <OP id="/" type="NUMERIC">
          <VAL type="NUMERIC" value="1" />
          <VAL type="NUMERIC" value="16" />
        </OP>
      </COSTFORMULA>
    </CRITDEF>
    <CRITDEF id="ARCHITECTURE_TIERS" telt="EA">
      <FORMULA value="1">
        <OP id="gt" type="BOOLEAN">
          <VAR type="NUMERIC" id="SA_RF_LINK" />
          <VAL type="NUMERIC" value="0" />
        </OP>
      </FORMULA>
      <FORMULA value="1">
        <OP id="OR" type="BOOLEAN">
          <OP id="gt" type="BOOLEAN">
            <VAR type="NUMERIC" id="LIENS_CS" />
            <VAL type="NUMERIC" value="0" />
          </OP>
          <OP id="gt" type="BOOLEAN">
            <VAR type="NUMERIC" id="LIENS_MANQUANTS" />
            <VAL type="NUMERIC" value="0" />
          </OP>
          <OP id="gt" type="BOOLEAN">
            <VAR type="NUMERIC" id="LIENS_NP" />
            <VAL type="NUMERIC" value="0" />
          </OP>
        </OP>
      </FORMULA>
      <FORMULA value="4">
        <VAL value="true" type="BOOLEAN" />
      </FORMULA>
      <AGGREG id="EXCLUS" telt="ALL">
        <PARAM id="DEFAULT" value="4" type="NUMERIC" />
        <PARAM id="VALUE_EXCLUS" value="1" type="NUMERIC" />
      </AGGREG>
    </CRITDEF>
    <CRITDEF id="FRAMEWORK_USE" telt="EA">
      <FORMULA value="2">
        <OP id="OR" type="BOOLEAN">
          <OP id="gt" type="BOOLEAN">
            <VAR type="NUMERIC" id="SPRING_USE" />
            <VAL type="NUMERIC" value="0" />
          </OP>
          <OP id="gt" type="BOOLEAN">
            <VAR type="NUMERIC" id="STRUTS_USE" />
            <VAL type="NUMERIC" value="0" />
          </OP>
        </OP>
      </FORMULA>
      <FORMULA value="4">
        <VAL value="true" type="BOOLEAN" />
      </FORMULA>
      <AGGREG id="EXCLUS" telt="ALL">
        <PARAM id="DEFAULT" value="4" type="NUMERIC" />
        <PARAM id="VALUE_EXCLUS" value="2" type="NUMERIC" />
      </AGGREG>
      <COSTFORMULA>
        <OP id="*" type="NUMERIC">
          <OP id="+" type="NUMERIC">
            <VAR type="NUMERIC" id="SPRING_USE" />
            <VAR type="NUMERIC" id="STRUTS_USE" />
          </OP>
          <OP id="/" type="NUMERIC">
            <VAL type="NUMERIC" value="1" />
            <VAL type="NUMERIC" value="2" />
          </OP>
        </OP>
      </COSTFORMULA>
    </CRITDEF>
    <CRITDEF id="R22" telt="EA">
      <FORMULA value="2">
        <OP id="gt" type="BOOLEAN">
          <VAR type="NUMERIC" id="R0022" />
          <VAL type="NUMERIC" value="0" />
        </OP>
      </FORMULA>
      <FORMULA value="4">
        <VAL value="true" type="BOOLEAN" />
      </FORMULA>
      <AGGREG id="AVG" telt="ALL" />
      <COSTFORMULA>
        <OP id="*" type="NUMERIC">
          <VAR type="NUMERIC" id="R0022" />
          <OP id="/" type="NUMERIC">
            <VAL type="NUMERIC" value="1" />
            <VAL type="NUMERIC" value="32" />
          </OP>
        </OP>
      </COSTFORMULA>
    </CRITDEF>
    <CRITDEF id="BUSINESS_VIEW_SPLIT">
      <FORMULA value="1">
        <OP id="gt" type="BOOLEAN">
          <VAR type="NUMERIC" id="JSP-NBSCRIPTLET" />
          <OP id="*" type="NUMERIC">
            <VAR type="NUMERIC" id="JSP-LOC" />
            <VAL type="NUMERIC" value="0.3" />
          </OP>
        </OP>
      </FORMULA>
      <FORMULA value="1">
        <OP id="gt" type="BOOLEAN">
          <VAR type="NUMERIC" id="JSP-NBEXPRESSION" />
          <OP id="*" type="NUMERIC">
            <VAR type="NUMERIC" id="JSP-LOC" />
            <VAL type="NUMERIC" value="0.3" />
          </OP>
        </OP>
      </FORMULA>
      <FORMULA value="2">
        <OP id="gt" type="BOOLEAN">
          <VAR type="NUMERIC" id="JSP-NBSCRIPTLET" />
          <OP id="*" type="NUMERIC">
            <VAR type="NUMERIC" id="JSP-LOC" />
            <VAL type="NUMERIC" value="0.2" />
          </OP>
        </OP>
      </FORMULA>
      <FORMULA value="2">
        <OP id="gt" type="BOOLEAN">
          <VAR type="NUMERIC" id="JSP-NBEXPRESSION" />
          <OP id="*" type="NUMERIC">
            <VAR type="NUMERIC" id="JSP-LOC" />
            <VAL type="NUMERIC" value="0.2" />
          </OP>
        </OP>
      </FORMULA>
      <FORMULA value="3">
        <OP id="gt" type="BOOLEAN">
          <VAR type="NUMERIC" id="JSP-NBSCRIPTLET" />
          <OP id="*" type="NUMERIC">
            <VAR type="NUMERIC" id="JSP-LOC" />
            <VAL type="NUMERIC" value="0.1" />
          </OP>
        </OP>
      </FORMULA>
      <FORMULA value="3">
        <OP id="gt" type="BOOLEAN">
          <VAR type="NUMERIC" id="JSP-NBEXPRESSION" />
          <OP id="*" type="NUMERIC">
            <VAR type="NUMERIC" id="JSP-LOC" />
            <VAL type="NUMERIC" value="0.1" />
          </OP>
        </OP>
      </FORMULA>
      <FORMULA value="4">
        <VAL value="true" type="BOOLEAN" />
      </FORMULA>
      <AGGREG id="AVG" telt="ALL" />
      <COSTFORMULA>
        <VAL type="NUMERIC" value=".5" />
      </COSTFORMULA>
    </CRITDEF>
    <CRITDEF id="ERGONOMICS_CENTRAL">
      <FORMULA value="2">
        <OP id="OR" type="BOOLEAN">
          <OP id="gt" type="BOOLEAN">
            <VAR type="NUMERIC" id="JSP-NBSTYLETAG" />
            <VAL type="NUMERIC" value="0.0" />
          </OP>
          <OP id="gt" type="BOOLEAN">
            <VAR type="NUMERIC" id="JSP-NBSTYLEATTR" />
            <VAL type="NUMERIC" value="0.0" />
          </OP>
        </OP>
      </FORMULA>
      <FORMULA value="2">
        <OP id="lt" type="BOOLEAN">
          <VAR type="NUMERIC" id="JSP-NBCUSTOMTAG" />
          <VAL type="NUMERIC" value="6.0" />
        </OP>
      </FORMULA>
      <FORMULA value="3">
        <OP id="lt" type="BOOLEAN">
          <VAR type="NUMERIC" id="JSP-NBCUSTOMTAG" />
          <VAL type="NUMERIC" value="8.0" />
        </OP>
      </FORMULA>
      <FORMULA value="4">
        <VAL value="true" type="BOOLEAN" />
      </FORMULA>
      <AGGREG id="AVG" telt="ALL" />
      <COSTFORMULA>
        <OP id="/" type="NUMERIC">
          <VAL type="NUMERIC" value="1" />
          <VAL type="NUMERIC" value="2" />
        </OP>
      </COSTFORMULA>
    </CRITDEF>
    <CRITDEF id="JS_DBLQUOTE">
      <FORMULA value="2">
        <OP id="gt" type="BOOLEAN">
          <VAR type="NUMERIC" id="JS_DBLE_QUOTE" />
          <VAL type="NUMERIC" value="0.0" />
        </OP>
      </FORMULA>
      <FORMULA value="4">
        <VAL value="true" type="BOOLEAN" />
      </FORMULA>
      <AGGREG id="AVG" telt="ALL" />
      <COSTFORMULA>
        <OP id="/" type="NUMERIC">
          <VAL type="NUMERIC" value="1" />
          <VAL type="NUMERIC" value="64" />
        </OP>
      </COSTFORMULA>
    </CRITDEF>
    <CRITDEF id="JS_DOCUMENTATION">
      <FORMULA value="1">
        <OP id="gt" type="BOOLEAN">
          <VAR type="NUMERIC" id="JS_MISSING_HEADERDOC" />
          <VAL type="NUMERIC" value="0.0" />
        </OP>
      </FORMULA>
      <FORMULA value="1">
        <OP id="lt" type="BOOLEAN">
          <VAR type="NUMERIC" id="JS_COMMENT_PERCENT" />
          <VAL type="NUMERIC" value="20.0" />
        </OP>
      </FORMULA>
      <FORMULA value="2">
        <OP id="AND" type="BOOLEAN">
          <OP id="gt" type="BOOLEAN">
            <VAR type="NUMERIC" id="JS_COMMENT_PERCENT" />
            <VAL type="NUMERIC" value="20.0" />
          </OP>
          <OP id="lt" type="BOOLEAN">
            <VAR type="NUMERIC" id="JS_COMMENT_PERCENT" />
            <VAL type="NUMERIC" value="40.0" />
          </OP>
        </OP>
      </FORMULA>
      <FORMULA value="3">
        <OP id="AND" type="BOOLEAN">
          <OP id="gt" type="BOOLEAN">
            <VAR type="NUMERIC" id="JS_COMMENT_PERCENT" />
            <VAL type="NUMERIC" value="40.0" />
          </OP>
          <OP id="lt" type="BOOLEAN">
            <VAR type="NUMERIC" id="JS_COMMENT_PERCENT" />
            <VAL type="NUMERIC" value="60.0" />
          </OP>
        </OP>
      </FORMULA>
      <FORMULA value="4">
        <VAL value="true" type="BOOLEAN" />
      </FORMULA>
      <AGGREG id="AVG" telt="ALL" />
      <COSTFORMULA>
        <OP id="/" type="NUMERIC">
          <VAL type="NUMERIC" value="1" />
          <VAL type="NUMERIC" value="8" />
        </OP>
      </COSTFORMULA>
    </CRITDEF>
    <CRITDEF id="JS_EMPTYBLOCK">
      <FORMULA value="1">
        <OP id="gt" type="BOOLEAN">
          <VAR type="NUMERIC" id="JS_EMPTY_BLOCK" />
          <VAL type="NUMERIC" value="0.0" />
        </OP>
      </FORMULA>
      <FORMULA value="4">
        <VAL value="true" type="BOOLEAN" />
      </FORMULA>
      <AGGREG id="AVG" telt="ALL" />
      <COSTFORMULA>
        <OP id="/" type="NUMERIC">
          <VAL type="NUMERIC" value="1" />
          <VAL type="NUMERIC" value="32" />
        </OP>
      </COSTFORMULA>
    </CRITDEF>
    <CRITDEF id="JS_IMPLICIT_CAST_COMPARE">
      <FORMULA value="1">
        <OP id="gt" type="BOOLEAN">
          <VAR type="NUMERIC" id="JS_IMPLICIT_CAST_COMPARE" />
          <VAL type="NUMERIC" value="0.0" />
        </OP>
      </FORMULA>
      <FORMULA value="4">
        <VAL value="true" type="BOOLEAN" />
      </FORMULA>
      <AGGREG id="AVG" telt="ALL" />
      <COSTFORMULA>
        <OP id="*" type="NUMERIC">
          <VAR type="NUMERIC" id="JS_IMPLICIT_CAST_COMPARE" />
          <OP id="/" type="NUMERIC">
            <VAL type="NUMERIC" value="1" />
            <VAL type="NUMERIC" value="32" />
          </OP>
        </OP>
      </COSTFORMULA>
    </CRITDEF>
    <CRITDEF id="JS_INT_PARSING">
      <FORMULA value="1">
        <OP id="gt" type="BOOLEAN">
          <VAR type="NUMERIC" id="JS_INT_PARSING" />
          <VAL type="NUMERIC" value="0.0" />
        </OP>
      </FORMULA>
      <FORMULA value="1">
        <OP id="gt" type="BOOLEAN">
          <VAR type="NUMERIC" id="JS_NAN_TEST" />
          <VAL type="NUMERIC" value="0.0" />
        </OP>
      </FORMULA>
      <FORMULA value="4">
        <VAL value="true" type="BOOLEAN" />
      </FORMULA>
      <AGGREG id="AVG" telt="ALL" />
      <COSTFORMULA>
        <OP id="*" type="NUMERIC">
          <OP id="+" type="NUMERIC">
            <VAR type="NUMERIC" id="JS_INT_PARSING" />
            <VAR type="NUMERIC" id="JS_NAN_TEST" />
          </OP>
          <OP id="/" type="NUMERIC">
            <VAL type="NUMERIC" value="1" />
            <VAL type="NUMERIC" value="32" />
          </OP>
        </OP>
      </COSTFORMULA>
    </CRITDEF>
    <CRITDEF id="JS_JSP_HARDCODE_STRING">
      <FORMULA value="1">
        <OP id="gt" type="BOOLEAN">
          <VAR type="NUMERIC" id="JS_JSP_HARDCODE_STRING" />
          <VAL type="NUMERIC" value="0.0" />
        </OP>
      </FORMULA>
      <FORMULA value="4">
        <VAL value="true" type="BOOLEAN" />
      </FORMULA>
      <AGGREG id="AVG" telt="ALL" />
      <COSTFORMULA>
        <OP id="/" type="NUMERIC">
          <VAL type="NUMERIC" value="1" />
          <VAL type="NUMERIC" value="32" />
        </OP>
      </COSTFORMULA>
    </CRITDEF>
    <CRITDEF id="JS_JSP_REFACTORING">
      <FORMULA value="1">
        <OP id="gt" type="BOOLEAN">
          <VAR type="NUMERIC" id="JS_JSP_FACTOR_TAGLIB" />
          <VAL type="NUMERIC" value="0.0" />
        </OP>
      </FORMULA>
      <FORMULA value="1">
        <OP id="gt" type="BOOLEAN">
          <VAR type="NUMERIC" id="JS_JSP_EXTERNALIZE_JS" />
          <VAL type="NUMERIC" value="0.0" />
        </OP>
      </FORMULA>
      <FORMULA value="4">
        <VAL value="true" type="BOOLEAN" />
      </FORMULA>
      <AGGREG id="AVG" telt="ALL" />
      <COSTFORMULA>
        <OP id="/" type="NUMERIC">
          <VAL type="NUMERIC" value="1" />
          <VAL type="NUMERIC" value="4" />
        </OP>
      </COSTFORMULA>
    </CRITDEF>
    <CRITDEF id="JS_NEEDSBRACES">
      <FORMULA value="2">
        <OP id="gt" type="BOOLEAN">
          <VAR type="NUMERIC" id="JS_NEEDSBRACES" />
          <VAL type="NUMERIC" value="0.0" />
        </OP>
      </FORMULA>
      <FORMULA value="4">
        <VAL value="true" type="BOOLEAN" />
      </FORMULA>
      <AGGREG id="AVG" telt="ALL" />
      <COSTFORMULA>
        <OP id="/" type="NUMERIC">
          <VAL type="NUMERIC" value="1" />
          <VAL type="NUMERIC" value="32" />
        </OP>
      </COSTFORMULA>
    </CRITDEF>
    <CRITDEF id="JS_NO_IE_SPECIFIC">
      <FORMULA value="1">
        <OP id="gt" type="BOOLEAN">
          <VAR type="NUMERIC" id="JS_NOSHOWMODALDIALOG" />
          <VAL type="NUMERIC" value="0.0" />
        </OP>
      </FORMULA>
      <FORMULA value="4">
        <VAL value="true" type="BOOLEAN" />
      </FORMULA>
      <AGGREG id="AVG" telt="ALL" />
      <COSTFORMULA>
        <OP id="/" type="NUMERIC">
          <VAL type="NUMERIC" value="1" />
          <VAL type="NUMERIC" value="8" />
        </OP>
      </COSTFORMULA>
    </CRITDEF>
    <CRITDEF id="JS_NODEEPCODE">
      <FORMULA value="1">
        <OP id="gt" type="BOOLEAN">
          <VAR type="NUMERIC" id="JS_NODEEPCODE" />
          <VAL type="NUMERIC" value="0.0" />
        </OP>
      </FORMULA>
      <FORMULA value="4">
        <VAL value="true" type="BOOLEAN" />
      </FORMULA>
      <AGGREG id="AVG" telt="ALL" />
      <COSTFORMULA>
        <OP id="*" type="NUMERIC">
          <VAR type="NUMERIC" id="JS_NODEEPCODE" />
          <OP id="/" type="NUMERIC">
            <VAL type="NUMERIC" value="1" />
            <VAL type="NUMERIC" value="8" />
          </OP>
        </OP>
      </COSTFORMULA>
    </CRITDEF>
    <CRITDEF id="JS_ONLYONEINSTRUCTION">
      <FORMULA value="1">
        <OP id="gt" type="BOOLEAN">
          <VAR type="NUMERIC" id="JS_ONLYONEINSTRUCTION" />
          <VAL type="NUMERIC" value="0.0" />
        </OP>
      </FORMULA>
      <FORMULA value="4">
        <VAL value="true" type="BOOLEAN" />
      </FORMULA>
      <AGGREG id="AVG" telt="ALL" />
      <COSTFORMULA>
        <OP id="/" type="NUMERIC">
          <VAL type="NUMERIC" value="1" />
          <VAL type="NUMERIC" value="32" />
        </OP>
      </COSTFORMULA>
    </CRITDEF>
    <CRITDEF id="JS_SWITCH_WITHOUT_DEFAULT">
      <FORMULA value="1">
        <OP id="gt" type="BOOLEAN">
          <VAR type="NUMERIC" id="JS_SWITCH_WITHOUT_DEFAULT" />
          <VAL type="NUMERIC" value="0.0" />
        </OP>
      </FORMULA>
      <FORMULA value="4">
        <VAL value="true" type="BOOLEAN" />
      </FORMULA>
      <AGGREG id="AVG" telt="ALL" />
      <COSTFORMULA>
        <OP id="/" type="NUMERIC">
          <VAL type="NUMERIC" value="1" />
          <VAL type="NUMERIC" value="32" />
        </OP>
      </COSTFORMULA>
    </CRITDEF>
    <CRITDEF id="JSP-PAGE-INCLUDE">
      <FORMULA value="1">
        <OP id="gt" type="BOOLEAN">
          <VAR type="NUMERIC" id="JSP-NBACTIONINCLUDE" />
          <VAL type="NUMERIC" value="0.0" />
        </OP>
      </FORMULA>
      <FORMULA value="4">
        <VAL value="true" type="BOOLEAN" />
      </FORMULA>
      <AGGREG id="AVG" telt="ALL" />
      <COSTFORMULA>
        <OP id="*" type="NUMERIC">
          <VAR type="NUMERIC" id="JSP-NBACTIONINCLUDE" />
          <OP id="/" type="NUMERIC">
            <VAL type="NUMERIC" value="1" />
            <VAL type="NUMERIC" value="16" />
          </OP>
        </OP>
      </COSTFORMULA>
    </CRITDEF>
    <CRITDEF id="JSP-SIZE">
      <FORMULA value="1">
        <OP id="gt" type="BOOLEAN">
          <VAR type="NUMERIC" id="JSP-LOC" />
          <VAL type="NUMERIC" value="750.0" />
        </OP>
      </FORMULA>
      <FORMULA value="2">
        <OP id="gt" type="BOOLEAN">
          <VAR type="NUMERIC" id="JSP-LOC" />
          <VAL type="NUMERIC" value="500.0" />
        </OP>
      </FORMULA>
      <FORMULA value="3">
        <OP id="gt" type="BOOLEAN">
          <VAR type="NUMERIC" id="JSP-LOC" />
          <VAL type="NUMERIC" value="250.0" />
        </OP>
      </FORMULA>
      <FORMULA value="4">
        <VAL value="true" type="BOOLEAN" />
      </FORMULA>
      <AGGREG id="AVG" telt="ALL" />
      <COSTFORMULA>
        <OP id="/" type="NUMERIC">
          <VAL type="NUMERIC" value="1" />
          <VAL type="NUMERIC" value="8" />
        </OP>
      </COSTFORMULA>
    </CRITDEF>
    <CRITDEF id="JSP_COMMENT">
      <FORMULA value="1">
        <OP id="eq" type="BOOLEAN">
          <VAR type="NUMERIC" id="JSP-CLOC" />
          <VAL type="NUMERIC" value="0.0" />
        </OP>
      </FORMULA>
      <FORMULA value="2">
        <OP id="lt" type="BOOLEAN">
          <VAR type="NUMERIC" id="JSP-CLOC" />
          <OP id="*" type="NUMERIC">
            <VAR type="NUMERIC" id="JSP-LOC" />
            <VAL type="NUMERIC" value="0.1" />
          </OP>
        </OP>
      </FORMULA>
      <FORMULA value="2">
        <OP id="gt" type="BOOLEAN">
          <VAR type="NUMERIC" id="JSP-HTMLCOMMENT" />
          <VAL type="NUMERIC" value="0.0" />
        </OP>
      </FORMULA>
      <FORMULA value="3">
        <OP id="lt" type="BOOLEAN">
          <VAR type="NUMERIC" id="JSP-CLOC" />
          <OP id="*" type="NUMERIC">
            <VAR type="NUMERIC" id="JSP-LOC" />
            <VAL type="NUMERIC" value="0.15" />
          </OP>
        </OP>
      </FORMULA>
      <FORMULA value="4">
        <VAL value="true" type="BOOLEAN" />
      </FORMULA>
      <AGGREG id="AVG" telt="ALL" />
      <COSTFORMULA>
        <OP id="/" type="NUMERIC">
          <VAL type="NUMERIC" value="1" />
          <VAL type="NUMERIC" value="32" />
        </OP>
      </COSTFORMULA>
    </CRITDEF>
    <CRITDEF id="JSP_ERROR">
      <FORMULA value="1">
        <OP id="OR" type="BOOLEAN">
          <OP id="gt" type="BOOLEAN">
            <VAR type="NUMERIC" id="JSP-MISSING-END-TAG" />
            <VAL type="NUMERIC" value="0.0" />
          </OP>
          <OP id="gt" type="BOOLEAN">
            <VAR type="NUMERIC" id="JSP-UNBALANCED-TAG" />
            <VAL type="NUMERIC" value="0.0" />
          </OP>
        </OP>
      </FORMULA>
      <FORMULA value="4">
        <VAL value="true" type="BOOLEAN" />
      </FORMULA>
      <AGGREG id="EXCLUS" telt="ALL">
        <PARAM id="DEFAULT" value="4" type="NUMERIC" />
        <PARAM id="VALUE_EXCLUS" value="1" type="NUMERIC" />
      </AGGREG>
      <COSTFORMULA>
        <OP id="/" type="NUMERIC">
          <VAL type="NUMERIC" value="1" />
          <VAL type="NUMERIC" value="32" />
        </OP>
      </COSTFORMULA>
    </CRITDEF>
    <CRITDEF id="JSP_INTERNAL_SCRIPT">
      <FORMULA value="1">
        <OP id="gt" type="BOOLEAN">
          <VAR type="NUMERIC" id="JSP-NBSCRIPT" />
          <VAL type="NUMERIC" value="150.0" />
        </OP>
      </FORMULA>
      <FORMULA value="2">
        <OP id="gt" type="BOOLEAN">
          <VAR type="NUMERIC" id="JSP-NBSCRIPT-WITHOUT-LANGUAGE" />
          <VAL type="NUMERIC" value="0.0" />
        </OP>
      </FORMULA>
      <FORMULA value="2">
        <OP id="gt" type="BOOLEAN">
          <VAR type="NUMERIC" id="JSP-NBSCRIPT" />
          <VAL type="NUMERIC" value="100.0" />
        </OP>
      </FORMULA>
      <FORMULA value="3">
        <OP id="gt" type="BOOLEAN">
          <VAR type="NUMERIC" id="JSP-NBSCRIPT" />
          <VAL type="NUMERIC" value="50.0" />
        </OP>
      </FORMULA>
      <FORMULA value="4">
        <VAL value="true" type="BOOLEAN" />
      </FORMULA>
      <AGGREG id="AVG" telt="ALL" />
      <COSTFORMULA>
        <OP id="/" type="NUMERIC">
          <VAL type="NUMERIC" value="1" />
          <VAL type="NUMERIC" value="16" />
        </OP>
      </COSTFORMULA>
    </CRITDEF>
    <IFPUG telt="MET">
      <OP id="/" type="NUMERIC">
        <VAR id="LOC" type="NUMERIC" />
        <VAL value="29" type="NUMERIC" />
      </OP>
    </IFPUG>
  </USAGE>
</METHOD>

