<?xml version="1.0"  encoding="UTF-8"?><e><r><c><![CDATA[ALL_CODE_MET]]></c><c/><c/><c><![CDATA[CAQS]]></c><c/><c/><c/><c/><c/><c/></r><r><c><![CDATA[ALL_CODE]]></c><c/><c/><c><![CDATA[CAQS]]></c><c/><c/><c/><c/><c/><c/></r><r><c><![CDATA[COMMENTS]]></c><c/><c/><c><![CDATA[CAQS]]></c><c/><c/><c/><c/><c/><c/></r><r><c><![CDATA[IFPUG]]></c><c/><c/><c><![CDATA[CAQS]]></c><c/><c/><c/><c/><c/><c/></r><r><c><![CDATA[AVG_VG]]></c><c/><c/><c><![CDATA[CAQS]]></c><c/><c/><c/><c/><c/><c/></r><r><c><![CDATA[BLANKS]]></c><c/><c/><c><![CDATA[CAQS]]></c><c/><c/><c/><c/><c/><c/></r><r><c><![CDATA[BRANCH]]></c><c/><c/><c><![CDATA[CAQS]]></c><c/><c/><c/><c/><c/><c/></r><r><c><![CDATA[CD]]></c><c/><c/><c><![CDATA[CAQS]]></c><c/><c/><c/><c/><c/><c/></r><r><c><![CDATA[CODE]]></c><c/><c/><c><![CDATA[CAQS]]></c><c/><c/><c/><c/><c/><c/></r><r><c><![CDATA[COPY_PASTE]]></c><c/><c/><c><![CDATA[CAQS]]></c><c/><c/><c/><c/><c/><c/></r><r><c><![CDATA[CYCLOMATIC_DENSITY]]></c><c/><c/><c><![CDATA[CAQS]]></c><c/><c/><c/><c/><c/><c/></r><r><c><![CDATA[DEC]]></c><c/><c/><c><![CDATA[CAQS]]></c><c/><c/><c/><c/><c/><c/></r><r><c><![CDATA[DECISION_DENSITY]]></c><c/><c/><c><![CDATA[CAQS]]></c><c/><c/><c/><c/><c/><c/></r><r><c><![CDATA[DEP_CT]]></c><c/><c/><c><![CDATA[CAQS]]></c><c/><c/><c/><c/><c/><c/></r><r><c><![CDATA[DEP_ON_CHILD]]></c><c/><c/><c><![CDATA[CAQS]]></c><c/><c/><c/><c/><c/><c/></r><r><c><![CDATA[DESIGN_DENSITY]]></c><c/><c/><c><![CDATA[CAQS]]></c><c/><c/><c/><c/><c/><c/></r><r><c><![CDATA[EDGES]]></c><c/><c/><c><![CDATA[CAQS]]></c><c/><c/><c/><c/><c/><c/></r><r><c><![CDATA[ESSENTIAL_DENSITY]]></c><c/><c/><c><![CDATA[CAQS]]></c><c/><c/><c/><c/><c/><c/></r><r><c><![CDATA[GDV]]></c><c/><c/><c><![CDATA[CAQS]]></c><c/><c/><c/><c/><c/><c/></r><r><c><![CDATA[GDV_SEVERITY]]></c><c/><c/><c><![CDATA[CAQS]]></c><c/><c/><c/><c/><c/><c/></r><r><c><![CDATA[GLOBAL_DATA_DENSITY]]></c><c/><c/><c><![CDATA[CAQS]]></c><c/><c/><c/><c/><c/><c/></r><r><c><![CDATA[HAL_DIFFICULTY]]></c><c/><c/><c><![CDATA[CAQS]]></c><c/><c/><c/><c/><c/><c/></r><r><c><![CDATA[HAL_EFFORT]]></c><c/><c/><c><![CDATA[CAQS]]></c><c/><c/><c/><c/><c/><c/></r><r><c><![CDATA[HAL_ERROR_EST]]></c><c/><c/><c><![CDATA[CAQS]]></c><c/><c/><c/><c/><c/><c/></r><r><c><![CDATA[HAL_INTEL]]></c><c/><c/><c><![CDATA[CAQS]]></c><c/><c/><c/><c/><c/><c/></r><r><c><![CDATA[HAL_LENGTH]]></c><c/><c/><c><![CDATA[CAQS]]></c><c/><c/><c/><c/><c/><c/></r><r><c><![CDATA[HAL_LEVEL]]></c><c/><c/><c><![CDATA[CAQS]]></c><c/><c/><c/><c/><c/><c/></r><r><c><![CDATA[HAL_PROG_TIME]]></c><c/><c/><c><![CDATA[CAQS]]></c><c/><c/><c/><c/><c/><c/></r><r><c><![CDATA[HAL_VOLUME]]></c><c/><c/><c><![CDATA[CAQS]]></c><c/><c/><c/><c/><c/><c/></r><r><c><![CDATA[IN_DATASET]]></c><c/><c/><c><![CDATA[CAQS]]></c><c/><c/><c/><c/><c/><c/></r><r><c><![CDATA[MAINT_SEVERITY]]></c><c/><c/><c><![CDATA[CAQS]]></c><c/><c/><c/><c/><c/><c/></r><r><c><![CDATA[MAX_EVG]]></c><c/><c/><c><![CDATA[CAQS]]></c><c/><c/><c/><c/><c/><c/></r><r><c><![CDATA[MC]]></c><c/><c/><c><![CDATA[CAQS]]></c><c/><c/><c/><c/><c/><c/></r><r><c><![CDATA[MCD]]></c><c/><c/><c><![CDATA[CAQS]]></c><c/><c/><c/><c/><c/><c/></r><r><c><![CDATA[MCDD]]></c><c/><c/><c><![CDATA[CAQS]]></c><c/><c/><c/><c/><c/><c/></r><r><c><![CDATA[MIXED]]></c><c/><c/><c><![CDATA[CAQS]]></c><c/><c/><c/><c/><c/><c/></r><r><c><![CDATA[NIAC]]></c><c/><c/><c><![CDATA[CAQS]]></c><c/><c/><c/><c/><c/><c/></r><r><c><![CDATA[NL]]></c><c/><c/><c><![CDATA[CAQS]]></c><c/><c/><c/><c/><c/><c/></r><r><c><![CDATA[NODES]]></c><c/><c/><c><![CDATA[CAQS]]></c><c/><c/><c/><c/><c/><c/></r><r><c><![CDATA[NORMAL_VG]]></c><c/><c/><c><![CDATA[CAQS]]></c><c/><c/><c/><c/><c/><c/></r><r><c><![CDATA[OOFANIN]]></c><c/><c/><c><![CDATA[CAQS]]></c><c/><c/><c/><c/><c/><c/></r><r><c><![CDATA[OPERAND_COUNT]]></c><c/><c/><c><![CDATA[CAQS]]></c><c/><c/><c/><c/><c/><c/></r><r><c><![CDATA[OPERATOR_COUNT]]></c><c/><c/><c><![CDATA[CAQS]]></c><c/><c/><c/><c/><c/><c/></r><r><c><![CDATA[PARAMS]]></c><c/><c/><c><![CDATA[CAQS]]></c><c/><c/><c/><c/><c/><c/></r><r><c><![CDATA[PCT_COMM]]></c><c/><c/><c><![CDATA[CAQS]]></c><c/><c/><c/><c/><c/><c/></r><r><c><![CDATA[PCT_NOTOV]]></c><c/><c/><c><![CDATA[CAQS]]></c><c/><c/><c/><c/><c/><c/></r><r><c><![CDATA[PROG_SUM_VG]]></c><c/><c/><c><![CDATA[CAQS]]></c><c/><c/><c/><c/><c/><c/></r><r><c><![CDATA[PVG]]></c><c/><c/><c><![CDATA[CAQS]]></c><c/><c/><c/><c/><c/><c/></r><r><c><![CDATA[ROOTCNT]]></c><c/><c/><c><![CDATA[CAQS]]></c><c/><c/><c/><c/><c/><c/></r><r><c><![CDATA[S0]]></c><c/><c/><c><![CDATA[CAQS]]></c><c/><c/><c/><c/><c/><c/></r><r><c><![CDATA[S0_DIV_SUMV]]></c><c/><c/><c><![CDATA[CAQS]]></c><c/><c/><c/><c/><c/><c/></r><r><c><![CDATA[S1]]></c><c/><c/><c><![CDATA[CAQS]]></c><c/><c/><c/><c/><c/><c/></r><r><c><![CDATA[SDR]]></c><c/><c/><c><![CDATA[CAQS]]></c><c/><c/><c/><c/><c/><c/></r><r><c><![CDATA[SDV]]></c><c/><c/><c><![CDATA[CAQS]]></c><c/><c/><c/><c/><c/><c/></r><r><c><![CDATA[START_LINE]]></c><c/><c/><c><![CDATA[CAQS]]></c><c/><c/><c/><c/><c/><c/></r><r><c><![CDATA[UNIQUE_OPERANDS]]></c><c/><c/><c><![CDATA[CAQS]]></c><c/><c/><c/><c/><c/><c/></r><r><c><![CDATA[UNIQUE_OPERATORS]]></c><c/><c/><c><![CDATA[CAQS]]></c><c/><c/><c/><c/><c/><c/></r><r><c><![CDATA[LIENS_MANQUANTS]]></c><c><![CDATA[ANTIPATTERN]]></c><c/><c><![CDATA[CAQS]]></c><c/><c/><c/><c/><c/><c/></r><r><c><![CDATA[LIENS_CS]]></c><c><![CDATA[ANTIPATTERN]]></c><c/><c><![CDATA[CAQS]]></c><c/><c/><c/><c/><c/><c/></r><r><c><![CDATA[LIENS_NP]]></c><c><![CDATA[ANTIPATTERN]]></c><c/><c><![CDATA[CAQS]]></c><c/><c/><c/><c/><c/><c/></r><r><c><![CDATA[CALL_PAIR]]></c><c/><c/><c><![CDATA[CAQS]]></c><c/><c/><c/><c/><c/><c/></r><r><c><![CDATA[DEPTH]]></c><c/><c/><c><![CDATA[CAQS]]></c><c/><c/><c/><c/><c/><c/></r><r><c><![CDATA[EVG]]></c><c/><c/><c><![CDATA[CAQS]]></c><c/><c/><c/><c/><c/><c/></r><r><c><![CDATA[IVG]]></c><c/><c/><c><![CDATA[CAQS]]></c><c/><c/><c/><c/><c/><c/></r><r><c><![CDATA[MAX_VG]]></c><c/><c/><c><![CDATA[CAQS]]></c><c/><c/><c/><c/><c/><c/></r><r><c><![CDATA[NOC]]></c><c/><c/><c><![CDATA[CAQS]]></c><c/><c/><c/><c/><c/><c/></r><r><c><![CDATA[RFC]]></c><c/><c/><c><![CDATA[CAQS]]></c><c/><c/><c/><c/><c/><c/></r><r><c><![CDATA[SUM_VG]]></c><c/><c/><c><![CDATA[CAQS]]></c><c/><c/><c/><c/><c/><c/></r><r><c><![CDATA[VG]]></c><c/><c/><c><![CDATA[CAQS]]></c><c/><c/><c/><c/><c/><c/></r><r><c><![CDATA[WMC]]></c><c/><c/><c><![CDATA[CAQS]]></c><c/><c/><c/><c/><c/><c/></r><r><c><![CDATA[CBO]]></c><c/><c/><c><![CDATA[CAQS]]></c><c/><c/><c/><c/><c/><c/></r><r><c><![CDATA[LOCM]]></c><c/><c/><c><![CDATA[CAQS]]></c><c/><c/><c/><c/><c/><c/></r><r><c><![CDATA[PUB_DATA]]></c><c/><c/><c><![CDATA[CAQS]]></c><c/><c/><c/><c/><c/><c/></r><r><c><![CDATA[PUB_ACCESS]]></c><c/><c/><c><![CDATA[CAQS]]></c><c/><c/><c/><c/><c/><c/></r><r><c><![CDATA[MI3]]></c><c/><c/><c><![CDATA[CAQS]]></c><c/><c/><c/><c/><c/><c/></r><r><c><![CDATA[MI4]]></c><c/><c/><c><![CDATA[CAQS]]></c><c/><c/><c/><c/><c/><c/></r><r><c><![CDATA[R0001]]></c><c/><c/><c><![CDATA[OPTIMALADVISOR]]></c><c/><c/><c/><c/><c/><c/></r><r><c><![CDATA[R0002]]></c><c/><c/><c><![CDATA[OPTIMALADVISOR]]></c><c/><c/><c/><c/><c/><c/></r><r><c><![CDATA[R0003]]></c><c/><c/><c><![CDATA[OPTIMALADVISOR]]></c><c/><c/><c/><c/><c/><c/></r><r><c><![CDATA[R0004]]></c><c/><c/><c><![CDATA[OPTIMALADVISOR]]></c><c/><c/><c/><c/><c/><c/></r><r><c><![CDATA[R0005]]></c><c/><c/><c><![CDATA[OPTIMALADVISOR]]></c><c/><c/><c/><c/><c/><c/></r><r><c><![CDATA[R0006]]></c><c/><c/><c><![CDATA[OPTIMALADVISOR]]></c><c/><c/><c/><c/><c/><c/></r><r><c><![CDATA[R0007]]></c><c/><c/><c><![CDATA[OPTIMALADVISOR]]></c><c/><c/><c/><c/><c/><c/></r><r><c><![CDATA[R0008]]></c><c/><c/><c><![CDATA[OPTIMALADVISOR]]></c><c/><c/><c><![CDATA[2008-01-30 11:37:19]]></c><c/><c/><c/></r><r><c><![CDATA[R0009]]></c><c/><c/><c><![CDATA[OPTIMALADVISOR]]></c><c/><c/><c/><c/><c/><c/></r><r><c><![CDATA[R0010]]></c><c/><c/><c><![CDATA[OPTIMALADVISOR]]></c><c/><c/><c/><c/><c/><c/></r><r><c><![CDATA[R0011]]></c><c/><c/><c><![CDATA[OPTIMALADVISOR]]></c><c/><c/><c/><c/><c/><c/></r><r><c><![CDATA[R0012]]></c><c/><c/><c><![CDATA[OPTIMALADVISOR]]></c><c/><c/><c/><c/><c/><c/></r><r><c><![CDATA[R0013]]></c><c/><c/><c><![CDATA[OPTIMALADVISOR]]></c><c/><c/><c/><c/><c/><c/></r><r><c><![CDATA[R0014]]></c><c/><c/><c><![CDATA[OPTIMALADVISOR]]></c><c/><c/><c/><c/><c/><c/></r><r><c><![CDATA[R0015]]></c><c/><c/><c><![CDATA[OPTIMALADVISOR]]></c><c/><c/><c/><c/><c/><c/></r><r><c><![CDATA[R0016]]></c><c/><c/><c><![CDATA[OPTIMALADVISOR]]></c><c/><c/><c/><c/><c/><c/></r><r><c><![CDATA[R0017]]></c><c/><c/><c><![CDATA[OPTIMALADVISOR]]></c><c/><c/><c/><c/><c/><c/></r><r><c><![CDATA[R0018]]></c><c/><c/><c><![CDATA[OPTIMALADVISOR]]></c><c/><c/><c/><c/><c/><c/></r><r><c><![CDATA[R0019]]></c><c/><c/><c><![CDATA[OPTIMALADVISOR]]></c><c/><c/><c/><c/><c/><c/></r><r><c><![CDATA[R0020]]></c><c/><c/><c><![CDATA[OPTIMALADVISOR]]></c><c/><c/><c/><c/><c/><c/></r><r><c><![CDATA[R0021]]></c><c/><c/><c><![CDATA[OPTIMALADVISOR]]></c><c/><c/><c/><c/><c/><c/></r><r><c><![CDATA[R0022]]></c><c/><c/><c><![CDATA[OPTIMALADVISOR]]></c><c/><c/><c/><c/><c/><c/></r><r><c><![CDATA[R0023]]></c><c/><c/><c><![CDATA[OPTIMALADVISOR]]></c><c/><c/><c/><c/><c/><c/></r><r><c><![CDATA[R0024]]></c><c/><c/><c><![CDATA[OPTIMALADVISOR]]></c><c/><c/><c/><c/><c/><c/></r><r><c><![CDATA[R0025]]></c><c/><c/><c><![CDATA[OPTIMALADVISOR]]></c><c/><c/><c/><c/><c/><c/></r><r><c><![CDATA[R0026]]></c><c/><c/><c><![CDATA[OPTIMALADVISOR]]></c><c/><c/><c/><c/><c/><c/></r><r><c><![CDATA[R0027]]></c><c/><c/><c><![CDATA[OPTIMALADVISOR]]></c><c/><c/><c/><c/><c/><c/></r><r><c><![CDATA[R0028]]></c><c/><c/><c><![CDATA[OPTIMALADVISOR]]></c><c/><c/><c/><c/><c/><c/></r><r><c><![CDATA[R0030]]></c><c/><c/><c><![CDATA[OPTIMALADVISOR]]></c><c/><c/><c/><c/><c/><c/></r><r><c><![CDATA[R1004]]></c><c/><c/><c><![CDATA[OPTIMALADVISOR]]></c><c/><c/><c/><c/><c/><c/></r><r><c><![CDATA[R1007]]></c><c/><c/><c><![CDATA[OPTIMALADVISOR]]></c><c/><c/><c/><c/><c/><c/></r><r><c><![CDATA[R1010]]></c><c/><c/><c><![CDATA[OPTIMALADVISOR]]></c><c/><c/><c/><c/><c/><c/></r><r><c><![CDATA[R1011]]></c><c/><c/><c><![CDATA[OPTIMALADVISOR]]></c><c/><c/><c/><c/><c/><c/></r><r><c><![CDATA[R1012]]></c><c/><c/><c><![CDATA[OPTIMALADVISOR]]></c><c/><c/><c/><c/><c/><c/></r><r><c><![CDATA[R1013]]></c><c/><c/><c><![CDATA[OPTIMALADVISOR]]></c><c/><c/><c/><c/><c/><c/></r><r><c><![CDATA[R1017]]></c><c/><c/><c><![CDATA[OPTIMALADVISOR]]></c><c/><c/><c/><c/><c/><c/></r><r><c><![CDATA[R1028]]></c><c/><c/><c><![CDATA[OPTIMALADVISOR]]></c><c/><c/><c/><c/><c/><c/></r><r><c><![CDATA[R1036]]></c><c/><c/><c><![CDATA[OPTIMALADVISOR]]></c><c/><c/><c/><c/><c/><c/></r><r><c><![CDATA[R1046]]></c><c/><c/><c><![CDATA[OPTIMALADVISOR]]></c><c/><c/><c/><c/><c/><c/></r><r><c><![CDATA[R1053]]></c><c/><c/><c><![CDATA[OPTIMALADVISOR]]></c><c/><c/><c/><c/><c/><c/></r><r><c><![CDATA[R1064]]></c><c/><c/><c><![CDATA[OPTIMALADVISOR]]></c><c/><c/><c/><c/><c/><c/></r><r><c><![CDATA[R1069]]></c><c/><c/><c><![CDATA[OPTIMALADVISOR]]></c><c/><c/><c/><c/><c/><c/></r><r><c><![CDATA[R1076]]></c><c/><c/><c><![CDATA[OPTIMALADVISOR]]></c><c/><c/><c/><c/><c/><c/></r><r><c><![CDATA[R1096]]></c><c/><c/><c><![CDATA[OPTIMALADVISOR]]></c><c/><c/><c/><c/><c/><c/></r><r><c><![CDATA[R1097]]></c><c/><c/><c><![CDATA[OPTIMALADVISOR]]></c><c/><c/><c/><c/><c/><c/></r><r><c><![CDATA[R1098]]></c><c/><c/><c><![CDATA[OPTIMALADVISOR]]></c><c/><c/><c/><c/><c/><c/></r><r><c><![CDATA[R1099]]></c><c/><c/><c><![CDATA[OPTIMALADVISOR]]></c><c/><c/><c/><c/><c/><c/></r><r><c><![CDATA[R1100]]></c><c/><c/><c><![CDATA[OPTIMALADVISOR]]></c><c/><c/><c/><c/><c/><c/></r><r><c><![CDATA[R1101]]></c><c/><c/><c><![CDATA[OPTIMALADVISOR]]></c><c/><c/><c/><c/><c/><c/></r><r><c><![CDATA[R1102]]></c><c/><c/><c><![CDATA[OPTIMALADVISOR]]></c><c/><c/><c/><c/><c/><c/></r><r><c><![CDATA[R1103]]></c><c/><c/><c><![CDATA[OPTIMALADVISOR]]></c><c/><c/><c/><c/><c/><c/></r><r><c><![CDATA[R1104]]></c><c/><c/><c><![CDATA[OPTIMALADVISOR]]></c><c/><c/><c/><c/><c/><c/></r><r><c><![CDATA[R1105]]></c><c/><c/><c><![CDATA[OPTIMALADVISOR]]></c><c/><c/><c/><c/><c/><c/></r><r><c><![CDATA[R1106]]></c><c/><c/><c><![CDATA[OPTIMALADVISOR]]></c><c/><c/><c/><c/><c/><c/></r><r><c><![CDATA[R1107]]></c><c/><c/><c><![CDATA[OPTIMALADVISOR]]></c><c/><c/><c/><c/><c/><c/></r><r><c><![CDATA[R1108]]></c><c/><c/><c><![CDATA[OPTIMALADVISOR]]></c><c/><c/><c/><c/><c/><c/></r><r><c><![CDATA[R1109]]></c><c/><c/><c><![CDATA[OPTIMALADVISOR]]></c><c/><c/><c/><c/><c/><c/></r><r><c><![CDATA[R1110]]></c><c/><c/><c><![CDATA[OPTIMALADVISOR]]></c><c/><c/><c/><c/><c/><c/></r><r><c><![CDATA[R1111]]></c><c/><c/><c><![CDATA[OPTIMALADVISOR]]></c><c/><c/><c/><c/><c/><c/></r><r><c><![CDATA[R1112]]></c><c/><c/><c><![CDATA[OPTIMALADVISOR]]></c><c/><c/><c/><c/><c/><c/></r><r><c><![CDATA[R1113]]></c><c/><c/><c><![CDATA[OPTIMALADVISOR]]></c><c/><c/><c/><c/><c/><c/></r><r><c><![CDATA[R1114]]></c><c/><c/><c><![CDATA[OPTIMALADVISOR]]></c><c/><c/><c/><c/><c/><c/></r><r><c><![CDATA[R1115]]></c><c/><c/><c><![CDATA[OPTIMALADVISOR]]></c><c/><c/><c/><c/><c/><c/></r><r><c><![CDATA[R1116]]></c><c/><c/><c><![CDATA[OPTIMALADVISOR]]></c><c/><c/><c/><c/><c/><c/></r><r><c><![CDATA[AVOIDSTARIMPORTCHECK]]></c><c/><c/><c><![CDATA[CHECKSTYLE]]></c><c/><c/><c/><c/><c/><c/></r><r><c><![CDATA[HIDDENFIELDCHECK]]></c><c/><c/><c><![CDATA[CHECKSTYLE]]></c><c/><c/><c/><c/><c/><c/></r><r><c><![CDATA[MAGICNUMBERCHECK]]></c><c/><c/><c><![CDATA[CHECKSTYLE]]></c><c/><c/><c/><c/><c/><c/></r><r><c><![CDATA[NEEDBRACESCHECK]]></c><c/><c/><c><![CDATA[CHECKSTYLE]]></c><c/><c/><c/><c/><c/><c/></r><r><c><![CDATA[JAVADOCSTYLECHECK]]></c><c/><c/><c><![CDATA[CHECKSTYLE]]></c><c/><c/><c/><c/><c/><c/></r><r><c><![CDATA[JAVADOCMETHODCHECK]]></c><c/><c/><c><![CDATA[CHECKSTYLE]]></c><c/><c/><c/><c/><c/><c/></r><r><c><![CDATA[JAVADOCTYPECHECK]]></c><c/><c/><c><![CDATA[CHECKSTYLE]]></c><c/><c/><c/><c/><c/><c/></r><r><c><![CDATA[DECLARATIONORDERCHECK]]></c><c/><c/><c><![CDATA[CHECKSTYLE]]></c><c/><c/><c/><c/><c/><c/></r><r><c><![CDATA[UNUSEDLOCALVARIABLECHECK]]></c><c/><c/><c><![CDATA[CHECKSTYLE]]></c><c/><c/><c/><c/><c/><c/></r><r><c><![CDATA[UNUSEDPARAMETERCHECK]]></c><c/><c/><c><![CDATA[CHECKSTYLE]]></c><c/><c/><c/><c/><c/><c/></r><r><c><![CDATA[UNUSEDPRIVATEFIELDCHECK]]></c><c/><c/><c><![CDATA[CHECKSTYLE]]></c><c/><c/><c/><c/><c/><c/></r><r><c><![CDATA[UNUSEDPRIVATEMETHODCHECK]]></c><c/><c/><c><![CDATA[CHECKSTYLE]]></c><c/><c/><c/><c/><c/><c/></r><r><c><![CDATA[RECURSIVITE]]></c><c><![CDATA[ANTIPATTERN]]></c><c/><c><![CDATA[CAQS]]></c><c/><c/><c/><c/><c/><c/></r><r><c><![CDATA[LOC]]></c><c/><c/><c><![CDATA[CAQS]]></c><c/><c/><c/><c/><c/><c/></r><r><c><![CDATA[CLOC]]></c><c/><c/><c><![CDATA[CAQS]]></c><c/><c/><c/><c/><c/><c/></r><r><c><![CDATA[COMPLEX-COMPUTE]]></c><c/><c/><c><![CDATA[CAQS]]></c><c/><c><![CDATA[2006-07-17 00:00:00]]></c><c><![CDATA[2008-07-23 10:29:10]]></c><c><![CDATA[2006-07-17 00:00:00]]></c><c/><c/></r><r><c><![CDATA[UNKNOWN-DATA-NAME]]></c><c/><c/><c><![CDATA[CAQS]]></c><c/><c/><c><![CDATA[2008-07-23 14:42:05]]></c><c/><c/><c/></r><r><c><![CDATA[UNKNOWN-PROC-NAME]]></c><c/><c/><c><![CDATA[CAQS]]></c><c/><c/><c><![CDATA[2008-07-23 14:41:57]]></c><c/><c/><c/></r><r><c><![CDATA[COPYLIB-INITIALIZED-LINKAGE-VAR]]></c><c/><c/><c><![CDATA[CAQS]]></c><c/><c/><c><![CDATA[2008-07-23 10:38:06]]></c><c/><c/><c/></r><r><c><![CDATA[ALPHANUMIC-TO-ALPHA]]></c><c/><c/><c><![CDATA[CAQS]]></c><c/><c/><c><![CDATA[2008-07-23 11:01:06]]></c><c/><c/><c/></r><r><c><![CDATA[PARAMETERASSIGNMENTCHECK]]></c><c/><c/><c><![CDATA[CHECKSTYLE]]></c><c/><c/><c/><c/><c/><c/></r><r><c><![CDATA[MODIFIEDCONTROLVARIABLECHECK]]></c><c/><c/><c><![CDATA[CHECKSTYLE]]></c><c/><c/><c/><c/><c/><c/></r><r><c><![CDATA[PLANNED]]></c><c/><c/><c><![CDATA[CAQS]]></c><c/><c><![CDATA[2008-06-20 00:00:00]]></c><c/><c><![CDATA[2008-06-20 00:00:00]]></c><c/><c/></r><r><c><![CDATA[ACTUAL]]></c><c/><c/><c><![CDATA[CAQS]]></c><c/><c><![CDATA[2008-06-20 00:00:00]]></c><c/><c><![CDATA[2008-06-20 00:00:00]]></c><c/><c/></r><r><c><![CDATA[TOBEDONE]]></c><c/><c/><c><![CDATA[CAQS]]></c><c/><c><![CDATA[2008-06-20 00:00:00]]></c><c/><c><![CDATA[2008-06-20 00:00:00]]></c><c/><c/></r><r><c><![CDATA[AVOIDCOMPLICATEDLOOP]]></c><c/><c/><c><![CDATA[CHECKSTYLE]]></c><c/><c/><c/><c/><c/><c/></r><r><c><![CDATA[EXCESSIVEMETHODLENGTH]]></c><c/><c/><c><![CDATA[OPTIMALADVISOR]]></c><c/><c/><c/><c/><c/><c/></r><r><c><![CDATA[STRICTDUPLICATECODECHECK]]></c><c/><c/><c><![CDATA[CHECKSTYLE]]></c><c/><c/><c/><c/><c/><c/></r><r><c><![CDATA[AVOIDUSINGGOTO]]></c><c/><c/><c><![CDATA[CHECKSTYLE]]></c><c/><c/><c/><c/><c/><c/></r><r><c><![CDATA[AVOIDCALCULINRETURNCODE]]></c><c/><c/><c><![CDATA[CHECKSTYLE]]></c><c/><c/><c/><c/><c/><c/></r><r><c><![CDATA[NONINITIALIZEDDATA]]></c><c/><c/><c><![CDATA[CHECKSTYLE]]></c><c/><c/><c/><c/><c/><c/></r><r><c><![CDATA[AVOIDUSINGPUBLICDATA]]></c><c/><c/><c><![CDATA[CHECKSTYLE]]></c><c/><c/><c/><c/><c/><c/></r><r><c><![CDATA[AVOIDUSINGLITERALINFORMATION]]></c><c/><c/><c><![CDATA[CHECKSTYLE]]></c><c/><c/><c/><c/><c/><c/></r><r><c><![CDATA[AVOIDUSINGTOOMANYLOCALDATA]]></c><c/><c/><c><![CDATA[CHECKSTYLE]]></c><c/><c/><c/><c/><c/><c/></r><r><c><![CDATA[TYPENAMECHECK]]></c><c/><c/><c><![CDATA[CHECKSTYLE]]></c><c/><c/><c/><c/><c/><c/></r><r><c><![CDATA[MEMBERNAMECHECK]]></c><c/><c/><c><![CDATA[CHECKSTYLE]]></c><c/><c/><c/><c/><c/><c/></r><r><c><![CDATA[STATICVARIABLENAMECHECK]]></c><c/><c/><c><![CDATA[CHECKSTYLE]]></c><c/><c/><c/><c/><c/><c/></r><r><c><![CDATA[LOCALVARIABLENAMEINLOWERCASE]]></c><c/><c/><c><![CDATA[CHECKSTYLE]]></c><c/><c/><c/><c/><c/><c/></r><r><c><![CDATA[LOCALFINALVARIABLENAMEINLOWERCASE]]></c><c/><c/><c><![CDATA[CHECKSTYLE]]></c><c/><c/><c/><c/><c/><c/></r><r><c><![CDATA[PARAMETERNAMEINLOWERCASE]]></c><c/><c/><c><![CDATA[CHECKSTYLE]]></c><c/><c/><c/><c/><c/><c/></r><r><c><![CDATA[LOCALVARIABLENAMEWITHOUTDOLLAR]]></c><c/><c/><c><![CDATA[CHECKSTYLE]]></c><c/><c/><c/><c/><c/><c/></r><r><c><![CDATA[LOCALFINALVARIABLENAMEWITHOUTDOLLAR]]></c><c/><c/><c><![CDATA[CHECKSTYLE]]></c><c/><c/><c/><c/><c/><c/></r><r><c><![CDATA[PARAMETERNAMEWITHOUTDOLLAR]]></c><c/><c/><c><![CDATA[CHECKSTYLE]]></c><c/><c/><c/><c/><c/><c/></r><r><c><![CDATA[CONSTANTNAMECHECK]]></c><c/><c/><c><![CDATA[CHECKSTYLE]]></c><c/><c/><c/><c/><c/><c/></r><r><c><![CDATA[PACKAGENAMEINLOWERCASE]]></c><c/><c/><c><![CDATA[CHECKSTYLE]]></c><c/><c/><c/><c/><c/><c/></r><r><c><![CDATA[PACKAGENAMEWITHAPPLICATIONNAME]]></c><c/><c/><c><![CDATA[CHECKSTYLE]]></c><c/><c/><c/><c/><c/><c/></r><r><c><![CDATA[PACKAGENAMEWITHLIMITEDDEEP]]></c><c/><c/><c><![CDATA[CHECKSTYLE]]></c><c/><c/><c/><c/><c/><c/></r><r><c><![CDATA[GETMETHODNAMING]]></c><c/><c/><c><![CDATA[CHECKSTYLE]]></c><c/><c/><c/><c/><c/><c/></r><r><c><![CDATA[AVOIDMULTIPLEASSIGNEMENT]]></c><c/><c/><c><![CDATA[CHECKSTYLE]]></c><c/><c/><c/><c/><c/><c/></r><r><c><![CDATA[EXCESSIVEPARAMETERLIST]]></c><c/><c/><c><![CDATA[OPTIMALADVISOR]]></c><c/><c/><c/><c/><c/><c/></r><r><c><![CDATA[ONLYONERETURN]]></c><c/><c/><c><![CDATA[OPTIMALADVISOR]]></c><c/><c/><c/><c/><c/><c/></r><r><c><![CDATA[FORLOOPSMUSTUSEBRACES]]></c><c/><c/><c><![CDATA[OPTIMALADVISOR]]></c><c/><c/><c/><c/><c/><c/></r><r><c><![CDATA[WHILELOOPSMUSTUSEBRACES]]></c><c/><c/><c><![CDATA[OPTIMALADVISOR]]></c><c/><c/><c/><c/><c/><c/></r><r><c><![CDATA[IFSTMTSMUSTUSEBRACES]]></c><c/><c/><c><![CDATA[OPTIMALADVISOR]]></c><c/><c/><c/><c/><c/><c/></r><r><c><![CDATA[IFELSESTMTSMUSTUSEBRACES]]></c><c/><c/><c><![CDATA[OPTIMALADVISOR]]></c><c/><c/><c/><c/><c/><c/></r><r><c><![CDATA[UNUSEDLOCALVARIABLE]]></c><c/><c/><c><![CDATA[OPTIMALADVISOR]]></c><c/><c/><c/><c/><c/><c/></r><r><c><![CDATA[UNUSEDFORMALPARAMETER]]></c><c/><c/><c><![CDATA[OPTIMALADVISOR]]></c><c/><c/><c/><c/><c/><c/></r><r><c><![CDATA[UNUSEDPRIVATEMETHOD]]></c><c/><c/><c><![CDATA[OPTIMALADVISOR]]></c><c/><c/><c/><c/><c/><c/></r><r><c><![CDATA[UNUSEDPRIVATEFIELD]]></c><c/><c/><c><![CDATA[OPTIMALADVISOR]]></c><c/><c/><c/><c/><c/><c/></r><r><c><![CDATA[AVOIDTHROWINGCERTAINEXCEPTIONTYPES]]></c><c/><c/><c><![CDATA[OPTIMALADVISOR]]></c><c/><c/><c/><c/><c/><c/></r><r><c><![CDATA[EMPTYCATCHBLOCK]]></c><c/><c/><c><![CDATA[OPTIMALADVISOR]]></c><c/><c/><c/><c/><c/><c/></r><r><c><![CDATA[DUPLICATEIMPORTS]]></c><c/><c/><c><![CDATA[OPTIMALADVISOR]]></c><c/><c/><c/><c/><c/><c/></r><r><c><![CDATA[DONTIMPORTJAVALANG]]></c><c/><c/><c><![CDATA[OPTIMALADVISOR]]></c><c/><c/><c/><c/><c/><c/></r><r><c><![CDATA[UNUSEDIMPORTS]]></c><c/><c/><c><![CDATA[OPTIMALADVISOR]]></c><c/><c/><c/><c/><c/><c/></r><r><c><![CDATA[AVOIDFIELDNAMEMATCHINGMETHODNAME]]></c><c/><c/><c><![CDATA[OPTIMALADVISOR]]></c><c/><c/><c/><c/><c/><c/></r><r><c><![CDATA[AVOIDCONCATENATINGNONLITERALSINSTRINGBUFFER]]></c><c/><c/><c><![CDATA[OPTIMALADVISOR]]></c><c/><c/><c/><c/><c/><c/></r><r><c><![CDATA[AVOIDDUPLICATELITERALS]]></c><c/><c/><c><![CDATA[OPTIMALADVISOR]]></c><c/><c/><c/><c/><c/><c/></r><r><c><![CDATA[STRINGTOSTRING]]></c><c/><c/><c><![CDATA[OPTIMALADVISOR]]></c><c/><c/><c/><c/><c/><c/></r><r><c><![CDATA[STRINGINSTANTIATION]]></c><c/><c/><c><![CDATA[OPTIMALADVISOR]]></c><c/><c/><c/><c/><c/><c/></r><r><c><![CDATA[SETMETHODNAMING]]></c><c/><c/><c><![CDATA[CHECKSTYLE]]></c><c/><c/><c/><c/><c/><c/></r><r><c><![CDATA[ISMETHODNAMING]]></c><c/><c/><c><![CDATA[CHECKSTYLE]]></c><c/><c/><c/><c/><c/><c/></r><r><c><![CDATA[EXCEPTIONNAMING]]></c><c/><c/><c><![CDATA[CHECKSTYLE]]></c><c/><c/><c/><c/><c/><c/></r><r><c><![CDATA[MODIFIERORDERCHECK]]></c><c/><c/><c><![CDATA[CHECKSTYLE]]></c><c/><c/><c/><c/><c/><c/></r><r><c><![CDATA[PARAMETERNUMBERCHECK]]></c><c/><c/><c><![CDATA[CHECKSTYLE]]></c><c/><c/><c/><c/><c/><c/></r><r><c><![CDATA[METHODLENGTHCHECK]]></c><c/><c/><c><![CDATA[CHECKSTYLE]]></c><c/><c/><c/><c/><c/><c/></r><r><c><![CDATA[RETURNCOUNTCHECK]]></c><c/><c/><c><![CDATA[CHECKSTYLE]]></c><c/><c/><c/><c/><c/><c/></r><r><c><![CDATA[METHODNAMEMUSTBEGINBYLOWERCASE]]></c><c/><c/><c><![CDATA[CHECKSTYLE]]></c><c/><c/><c/><c/><c/><c/></r><r><c><![CDATA[PACKAGENAMEWITHMORETHANTWOLEVELS]]></c><c/><c/><c><![CDATA[CHECKSTYLE]]></c><c/><c/><c/><c/><c/><c/></r><r><c><![CDATA[METHODNAMEMUSTBEGINWITHAVERB]]></c><c/><c/><c><![CDATA[CHECKSTYLE]]></c><c/><c/><c/><c/><c/><c/></r><r><c><![CDATA[ARRAYTYPESTYLECHECK]]></c><c/><c/><c><![CDATA[CHECKSTYLE]]></c><c/><c/><c/><c/><c/><c/></r><r><c><![CDATA[AVOIDUSINGSYSTEMFUNCTION]]></c><c/><c/><c><![CDATA[CHECKSTYLE]]></c><c/><c/><c/><c/><c/><c/></r><r><c><![CDATA[EMPTYSTATEMENTNOTINLOOP]]></c><c/><c/><c><![CDATA[OPTIMALADVISOR]]></c><c/><c><![CDATA[2006-02-13 00:00:00]]></c><c><![CDATA[2006-02-13 00:00:00]]></c><c><![CDATA[2006-02-13 00:00:00]]></c><c><![CDATA[2006-02-13 00:00:00]]></c><c/></r><r><c><![CDATA[RETURNBOOLEANEXPRESSIONCOMPLEXITY]]></c><c/><c/><c><![CDATA[CHECKSTYLE]]></c><c/><c><![CDATA[2006-02-13 00:00:00]]></c><c><![CDATA[2006-02-13 00:00:00]]></c><c><![CDATA[2006-02-13 00:00:00]]></c><c><![CDATA[2006-02-13 00:00:00]]></c><c/></r><r><c><![CDATA[FANOUT]]></c><c/><c/><c><![CDATA[CAQS]]></c><c/><c/><c/><c/><c/><c/></r><r><c><![CDATA[COMPAREOBJECTSWITHEQUALS]]></c><c/><c/><c><![CDATA[OPTIMALADVISOR]]></c><c/><c><![CDATA[2006-06-20 00:00:00]]></c><c><![CDATA[2006-06-20 00:00:00]]></c><c><![CDATA[2006-06-20 00:00:00]]></c><c><![CDATA[2006-06-20 00:00:00]]></c><c/></r><r><c><![CDATA[HARDCODEDIP]]></c><c/><c/><c><![CDATA[OPTIMALADVISOR]]></c><c/><c><![CDATA[2006-06-20 00:00:00]]></c><c><![CDATA[2006-06-20 00:00:00]]></c><c><![CDATA[2006-06-20 00:00:00]]></c><c><![CDATA[2006-06-20 00:00:00]]></c><c/></r><r><c><![CDATA[POSITIONLITERALSFIRSTINCOMPARISONS]]></c><c/><c/><c><![CDATA[OPTIMALADVISOR]]></c><c/><c><![CDATA[2006-06-20 00:00:00]]></c><c><![CDATA[2006-06-20 00:00:00]]></c><c><![CDATA[2006-06-20 00:00:00]]></c><c><![CDATA[2006-06-20 00:00:00]]></c><c/></r><r><c><![CDATA[R1063]]></c><c/><c/><c><![CDATA[OPTIMALADVISOR]]></c><c/><c><![CDATA[2006-06-20 00:00:00]]></c><c><![CDATA[2006-06-20 00:00:00]]></c><c><![CDATA[2006-06-20 00:00:00]]></c><c><![CDATA[2006-06-20 00:00:00]]></c><c/></r><r><c><![CDATA[UNCOMMENTEDEMPTYCONSTRUCTOR]]></c><c/><c/><c><![CDATA[OPTIMALADVISOR]]></c><c/><c><![CDATA[2006-06-20 00:00:00]]></c><c><![CDATA[2006-06-20 00:00:00]]></c><c><![CDATA[2006-06-20 00:00:00]]></c><c><![CDATA[2006-06-20 00:00:00]]></c><c/></r><r><c><![CDATA[USELESSOVERRIDINGMETHOD]]></c><c/><c/><c><![CDATA[OPTIMALADVISOR]]></c><c/><c><![CDATA[2006-06-20 00:00:00]]></c><c><![CDATA[2006-06-20 00:00:00]]></c><c><![CDATA[2006-06-20 00:00:00]]></c><c><![CDATA[2006-06-20 00:00:00]]></c><c/></r><r><c><![CDATA[MAXMCD]]></c><c/><c/><c><![CDATA[CAQS]]></c><c/><c/><c/><c/><c/><c/></r><r><c><![CDATA[AVOIDREASSIGNINGPARAMETERS]]></c><c/><c/><c><![CDATA[OPTIMALADVISOR]]></c><c/><c><![CDATA[2006-06-21 00:00:00]]></c><c/><c><![CDATA[2006-06-21 00:00:00]]></c><c/><c/></r><r><c><![CDATA[IMMUTABLEFIELD]]></c><c/><c/><c><![CDATA[OPTIMALADVISOR]]></c><c/><c><![CDATA[2006-06-21 00:00:00]]></c><c><![CDATA[2006-06-21 00:00:00]]></c><c><![CDATA[2006-06-21 00:00:00]]></c><c><![CDATA[2006-06-21 00:00:00]]></c><c/></r><r><c><![CDATA[CYCLICDEPENDENCY]]></c><c/><c/><c><![CDATA[OPTIMALADVISOR]]></c><c/><c><![CDATA[2006-06-21 00:00:00]]></c><c><![CDATA[2006-06-21 00:00:00]]></c><c><![CDATA[2006-06-21 00:00:00]]></c><c/><c/></r><r><c><![CDATA[PARAMETERNAMECHECK]]></c><c/><c/><c><![CDATA[CHECKSTYLE]]></c><c/><c><![CDATA[2006-06-21 00:00:00]]></c><c><![CDATA[2006-06-21 00:00:00]]></c><c><![CDATA[2006-06-21 00:00:00]]></c><c><![CDATA[2006-06-21 00:00:00]]></c><c/></r><r><c><![CDATA[METHODNAMECHECK]]></c><c/><c/><c><![CDATA[CHECKSTYLE]]></c><c/><c><![CDATA[2006-06-21 00:00:00]]></c><c><![CDATA[2006-06-21 00:00:00]]></c><c><![CDATA[2006-06-21 00:00:00]]></c><c><![CDATA[2006-06-21 00:00:00]]></c><c/></r><r><c><![CDATA[LOCALVARIABLENAMECHECK]]></c><c/><c/><c><![CDATA[CHECKSTYLE]]></c><c/><c><![CDATA[2006-06-21 00:00:00]]></c><c><![CDATA[2006-06-21 00:00:00]]></c><c><![CDATA[2006-06-21 00:00:00]]></c><c><![CDATA[2006-06-21 00:00:00]]></c><c/></r><r><c><![CDATA[USESINGLETON]]></c><c/><c/><c><![CDATA[OPTIMALADVISOR]]></c><c/><c><![CDATA[2006-06-28 00:00:00]]></c><c><![CDATA[2006-06-28 00:00:00]]></c><c><![CDATA[2006-06-28 00:00:00]]></c><c><![CDATA[2006-06-28 00:00:00]]></c><c/></r><r><c><![CDATA[NONTHREADSAFESINGLETON]]></c><c/><c/><c><![CDATA[OPTIMALADVISOR]]></c><c/><c><![CDATA[2006-06-28 00:00:00]]></c><c><![CDATA[2006-06-28 00:00:00]]></c><c><![CDATA[2006-06-28 00:00:00]]></c><c/><c/></r><r><c><![CDATA[AVOIDINSTANCEOFCHECKSINCATCHCLAUSE]]></c><c/><c/><c><![CDATA[OPTIMALADVISOR]]></c><c/><c><![CDATA[2006-06-28 00:00:00]]></c><c><![CDATA[2006-06-28 00:00:00]]></c><c><![CDATA[2006-06-28 00:00:00]]></c><c><![CDATA[2006-06-28 00:00:00]]></c><c/></r><r><c><![CDATA[SIMPLIFYBOOLEANEXPRESSIONS]]></c><c/><c/><c><![CDATA[OPTIMALADVISOR]]></c><c/><c><![CDATA[2006-06-28 00:00:00]]></c><c><![CDATA[2006-06-28 00:00:00]]></c><c><![CDATA[2006-06-28 00:00:00]]></c><c/><c/></r><r><c><![CDATA[ABSTRACTCLASSWITHOUTABSTRACTMETHOD]]></c><c/><c/><c><![CDATA[OPTIMALADVISOR]]></c><c/><c><![CDATA[2006-06-28 00:00:00]]></c><c><![CDATA[2006-06-28 00:00:00]]></c><c><![CDATA[2006-06-28 00:00:00]]></c><c/><c/></r><r><c><![CDATA[SWITCHSTMTSSHOULDHAVEDEFAULT]]></c><c/><c/><c><![CDATA[OPTIMALADVISOR]]></c><c/><c><![CDATA[2006-06-28 00:00:00]]></c><c><![CDATA[2006-06-28 00:00:00]]></c><c><![CDATA[2006-06-28 00:00:00]]></c><c/><c/></r><r><c><![CDATA[SWITCHDENSITY]]></c><c/><c/><c><![CDATA[OPTIMALADVISOR]]></c><c/><c><![CDATA[2006-06-28 00:00:00]]></c><c><![CDATA[2006-06-28 00:00:00]]></c><c><![CDATA[2006-06-28 00:00:00]]></c><c/><c/></r><r><c><![CDATA[AVOIDDEEPLYNESTEDIFSTMTS]]></c><c/><c/><c><![CDATA[OPTIMALADVISOR]]></c><c/><c><![CDATA[2006-06-28 00:00:00]]></c><c><![CDATA[2006-06-28 00:00:00]]></c><c><![CDATA[2006-06-28 00:00:00]]></c><c/><c/></r><r><c><![CDATA[COLLAPSIBLEIFSTATEMENTS]]></c><c/><c/><c><![CDATA[OPTIMALADVISOR]]></c><c/><c><![CDATA[2006-06-28 00:00:00]]></c><c><![CDATA[2006-06-28 00:00:00]]></c><c><![CDATA[2006-06-28 00:00:00]]></c><c/><c/></r><r><c><![CDATA[ARRAYISSTOREDDIRECTLY]]></c><c/><c/><c><![CDATA[OPTIMALADVISOR]]></c><c/><c><![CDATA[2006-06-28 00:00:00]]></c><c><![CDATA[2006-06-28 00:00:00]]></c><c><![CDATA[2006-06-28 00:00:00]]></c><c/><c/></r><r><c><![CDATA[AVOIDCATCHINGNPE]]></c><c/><c/><c><![CDATA[OPTIMALADVISOR]]></c><c/><c><![CDATA[2006-06-28 00:00:00]]></c><c><![CDATA[2006-06-28 00:00:00]]></c><c><![CDATA[2006-06-28 00:00:00]]></c><c/><c/></r><r><c><![CDATA[AVOIDCATCHINGTHROWABLE]]></c><c/><c/><c><![CDATA[OPTIMALADVISOR]]></c><c/><c><![CDATA[2006-06-28 00:00:00]]></c><c><![CDATA[2006-06-28 00:00:00]]></c><c><![CDATA[2006-06-28 00:00:00]]></c><c/><c/></r><r><c><![CDATA[AVOIDENUMASIDENTIFIER]]></c><c/><c/><c><![CDATA[OPTIMALADVISOR]]></c><c/><c><![CDATA[2006-06-28 00:00:00]]></c><c><![CDATA[2006-06-28 00:00:00]]></c><c><![CDATA[2006-06-28 00:00:00]]></c><c/><c/></r><r><c><![CDATA[AVOIDINSTANTIATINGOBJECTSINLOOPS]]></c><c/><c/><c><![CDATA[OPTIMALADVISOR]]></c><c/><c><![CDATA[2006-06-28 00:00:00]]></c><c><![CDATA[2006-06-28 00:00:00]]></c><c><![CDATA[2006-06-28 00:00:00]]></c><c/><c/></r><r><c><![CDATA[AVOIDPRINTSTACKTRACE]]></c><c/><c/><c><![CDATA[OPTIMALADVISOR]]></c><c/><c><![CDATA[2006-06-28 00:00:00]]></c><c><![CDATA[2006-06-28 00:00:00]]></c><c><![CDATA[2006-06-28 00:00:00]]></c><c/><c/></r><r><c><![CDATA[AVOIDTHROWINGNULLPOINTEREXCEPTION]]></c><c/><c/><c><![CDATA[OPTIMALADVISOR]]></c><c/><c><![CDATA[2006-06-28 00:00:00]]></c><c><![CDATA[2006-06-28 00:00:00]]></c><c><![CDATA[2006-06-28 00:00:00]]></c><c/><c/></r><r><c><![CDATA[COUPLINGBETWEENOBJECTS]]></c><c/><c/><c><![CDATA[OPTIMALADVISOR]]></c><c/><c><![CDATA[2006-06-28 00:00:00]]></c><c><![CDATA[2006-06-28 00:00:00]]></c><c><![CDATA[2006-06-28 00:00:00]]></c><c/><c/></r><r><c><![CDATA[LOOSECOUPLING]]></c><c/><c/><c><![CDATA[OPTIMALADVISOR]]></c><c/><c><![CDATA[2006-06-28 00:00:00]]></c><c><![CDATA[2006-06-28 00:00:00]]></c><c><![CDATA[2006-06-28 00:00:00]]></c><c/><c/></r><r><c><![CDATA[METHODRETURNSINTERNALARRAY]]></c><c/><c/><c><![CDATA[OPTIMALADVISOR]]></c><c/><c><![CDATA[2006-06-28 00:00:00]]></c><c><![CDATA[2006-06-28 00:00:00]]></c><c><![CDATA[2006-06-28 00:00:00]]></c><c/><c/></r><r><c><![CDATA[MISSINGBREAKINSWITCH]]></c><c/><c/><c><![CDATA[OPTIMALADVISOR]]></c><c/><c><![CDATA[2006-06-28 00:00:00]]></c><c><![CDATA[2006-06-28 00:00:00]]></c><c><![CDATA[2006-06-28 00:00:00]]></c><c/><c/></r><r><c><![CDATA[TOT-CALL-NB]]></c><c/><c/><c><![CDATA[CAQS]]></c><c/><c><![CDATA[2006-07-17 00:00:00]]></c><c><![CDATA[2008-07-23 09:59:32]]></c><c><![CDATA[2006-07-17 00:00:00]]></c><c/><c/></r><r><c><![CDATA[HAL_VOCABULARY]]></c><c/><c/><c><![CDATA[CAQS]]></c><c/><c><![CDATA[2007-11-26 15:16:04]]></c><c><![CDATA[2007-11-26 15:16:04]]></c><c><![CDATA[2007-11-26 15:16:04]]></c><c><![CDATA[2007-11-26 15:16:04]]></c><c/></r><r><c><![CDATA[ADPR_CLASS_LEVEL]]></c><c/><c/><c><![CDATA[OPTIMALADVISOR]]></c><c/><c><![CDATA[2007-04-16 00:00:00]]></c><c><![CDATA[2007-04-16 00:00:00]]></c><c><![CDATA[2007-04-16 00:00:00]]></c><c><![CDATA[2007-04-16 00:00:00]]></c><c/></r><r><c><![CDATA[SIGNATURE_INTERFACE_USE]]></c><c/><c/><c><![CDATA[OPTIMALADVISOR]]></c><c/><c><![CDATA[2007-04-16 00:00:00]]></c><c><![CDATA[2007-04-16 00:00:00]]></c><c><![CDATA[2007-04-16 00:00:00]]></c><c><![CDATA[2007-04-16 00:00:00]]></c><c/></r><r><c><![CDATA[NORMALIZED_DISTANCE]]></c><c/><c/><c><![CDATA[OPTIMALADVISOR]]></c><c/><c><![CDATA[2007-04-16 00:00:00]]></c><c><![CDATA[2007-04-16 00:00:00]]></c><c><![CDATA[2007-04-16 00:00:00]]></c><c><![CDATA[2007-04-16 00:00:00]]></c><c/></r><r><c><![CDATA[SA_RF_LINK]]></c><c/><c/><c><![CDATA[CAQS]]></c><c/><c><![CDATA[2008-01-10 00:00:00]]></c><c/><c><![CDATA[2008-01-10 00:00:00]]></c><c/><c/></r><r><c><![CDATA[JSP-MISSING-END-TAG]]></c><c/><c/><c><![CDATA[CAQS]]></c><c/><c><![CDATA[2008-01-08 00:00:00]]></c><c/><c><![CDATA[2008-01-08 00:00:00]]></c><c/><c/></r><r><c><![CDATA[JSP-UNBALANCED-TAG]]></c><c/><c/><c><![CDATA[CAQS]]></c><c/><c><![CDATA[2008-01-08 00:00:00]]></c><c/><c><![CDATA[2008-01-08 00:00:00]]></c><c/><c/></r><r><c><![CDATA[TEST]]></c><c/><c/><c><![CDATA[CAQS]]></c><c/><c><![CDATA[2007-12-18 00:00:00]]></c><c/><c><![CDATA[2007-12-18 00:00:00]]></c><c/><c/></r><r><c><![CDATA[JS_NOSHOWMODALDIALOG]]></c><c/><c/><c><![CDATA[CAQS]]></c><c/><c><![CDATA[2007-12-11 00:00:00]]></c><c/><c><![CDATA[2007-12-11 00:00:00]]></c><c/><c/></r><r><c><![CDATA[JS_NODEEPCODE]]></c><c/><c/><c><![CDATA[CAQS]]></c><c/><c><![CDATA[2007-12-11 00:00:00]]></c><c><![CDATA[2008-01-29 00:00:00]]></c><c><![CDATA[2007-12-11 00:00:00]]></c><c/><c/></r><r><c><![CDATA[JS_NEEDSBRACES]]></c><c/><c/><c><![CDATA[CAQS]]></c><c/><c><![CDATA[2007-12-11 00:00:00]]></c><c/><c><![CDATA[2007-12-11 00:00:00]]></c><c/><c/></r><r><c><![CDATA[DOC_HISTORIQUEINCOMPREHENSIBLE]]></c><c/><c/><c><![CDATA[CAQS]]></c><c/><c><![CDATA[2007-12-11 00:00:00]]></c><c/><c><![CDATA[2007-12-11 00:00:00]]></c><c/><c/></r><r><c><![CDATA[JS_JSP_SCRIPT_HEAD]]></c><c/><c/><c><![CDATA[CAQS]]></c><c/><c><![CDATA[2007-12-11 00:00:00]]></c><c/><c><![CDATA[2007-12-11 00:00:00]]></c><c/><c/></r><r><c><![CDATA[JS_JSP_SCRIPT_WITHOUT_LANGUAGE]]></c><c/><c/><c><![CDATA[CAQS]]></c><c/><c><![CDATA[2007-12-11 00:00:00]]></c><c/><c><![CDATA[2007-12-11 00:00:00]]></c><c/><c/></r><r><c><![CDATA[JS_EMPTY_BLOCK]]></c><c/><c/><c><![CDATA[CAQS]]></c><c/><c><![CDATA[2007-12-11 00:00:00]]></c><c/><c><![CDATA[2007-12-11 00:00:00]]></c><c/><c/></r><r><c><![CDATA[JS_COMMENT_PERCENT]]></c><c/><c/><c><![CDATA[CAQS]]></c><c/><c><![CDATA[2007-12-11 00:00:00]]></c><c/><c><![CDATA[2007-12-11 00:00:00]]></c><c/><c/></r><r><c><![CDATA[DOC_LIGNES]]></c><c/><c/><c><![CDATA[CAQS]]></c><c/><c><![CDATA[2007-12-11 00:00:00]]></c><c/><c><![CDATA[2007-12-11 00:00:00]]></c><c/><c/></r><r><c><![CDATA[DOC_PAGES]]></c><c/><c/><c><![CDATA[CAQS]]></c><c/><c><![CDATA[2007-12-11 00:00:00]]></c><c/><c><![CDATA[2007-12-11 00:00:00]]></c><c/><c/></r><r><c><![CDATA[DOC_ORTHOGRAPHE]]></c><c/><c/><c><![CDATA[CAQS]]></c><c/><c><![CDATA[2007-12-11 00:00:00]]></c><c/><c><![CDATA[2007-12-11 00:00:00]]></c><c/><c/></r><r><c><![CDATA[JS_JSP_EXTERNALIZE_JS]]></c><c/><c/><c><![CDATA[CAQS]]></c><c/><c><![CDATA[2007-12-11 00:00:00]]></c><c/><c><![CDATA[2007-12-11 00:00:00]]></c><c/><c/></r><r><c><![CDATA[JS_MISSING_HEADERDOC]]></c><c/><c/><c><![CDATA[CAQS]]></c><c/><c><![CDATA[2007-12-11 00:00:00]]></c><c/><c><![CDATA[2007-12-11 00:00:00]]></c><c/><c/></r><r><c><![CDATA[DOC_HISTORIQUECONFORME]]></c><c/><c/><c><![CDATA[CAQS]]></c><c/><c><![CDATA[2007-12-11 00:00:00]]></c><c/><c><![CDATA[2007-12-11 00:00:00]]></c><c/><c/></r><r><c><![CDATA[DOC_HISTORIQUEAMBIGU]]></c><c/><c/><c><![CDATA[CAQS]]></c><c/><c><![CDATA[2007-12-11 00:00:00]]></c><c/><c><![CDATA[2007-12-11 00:00:00]]></c><c/><c/></r><r><c><![CDATA[JS_JSP_HARDCODE_STRING]]></c><c/><c/><c><![CDATA[CAQS]]></c><c/><c><![CDATA[2007-12-11 00:00:00]]></c><c/><c><![CDATA[2007-12-11 00:00:00]]></c><c/><c/></r><r><c><![CDATA[JS_JSP_FACTOR_TAGLIB]]></c><c/><c/><c><![CDATA[CAQS]]></c><c/><c><![CDATA[2007-12-11 00:00:00]]></c><c/><c><![CDATA[2007-12-11 00:00:00]]></c><c/><c/></r><r><c><![CDATA[DOC_HISTORIQUEOK]]></c><c/><c/><c><![CDATA[CAQS]]></c><c/><c><![CDATA[2007-12-11 00:00:00]]></c><c/><c><![CDATA[2007-12-11 00:00:00]]></c><c/><c/></r><r><c><![CDATA[JS_IMPLICIT_CAST_COMPARE]]></c><c/><c/><c><![CDATA[CAQS]]></c><c/><c><![CDATA[2007-12-11 00:00:00]]></c><c/><c><![CDATA[2007-12-11 00:00:00]]></c><c/><c/></r><r><c><![CDATA[JS_NAN_TEST]]></c><c/><c/><c><![CDATA[CAQS]]></c><c/><c><![CDATA[2007-12-11 00:00:00]]></c><c/><c><![CDATA[2007-12-11 00:00:00]]></c><c/><c/></r><r><c><![CDATA[JS_INT_PARSING]]></c><c/><c/><c><![CDATA[CAQS]]></c><c/><c><![CDATA[2007-12-11 00:00:00]]></c><c/><c><![CDATA[2007-12-11 00:00:00]]></c><c/><c/></r><r><c><![CDATA[DOC_HEADERFOOTEROK]]></c><c/><c/><c><![CDATA[CAQS]]></c><c/><c><![CDATA[2007-12-11 00:00:00]]></c><c/><c><![CDATA[2007-12-11 00:00:00]]></c><c/><c/></r><r><c><![CDATA[JS_DBLE_QUOTE]]></c><c/><c/><c><![CDATA[CAQS]]></c><c/><c><![CDATA[2007-12-11 00:00:00]]></c><c/><c><![CDATA[2007-12-11 00:00:00]]></c><c/><c/></r><r><c><![CDATA[COBOL_DIFFICULTY]]></c><c/><c/><c><![CDATA[CAQS]]></c><c/><c><![CDATA[2008-07-23 00:00:00]]></c><c/><c><![CDATA[2008-07-23 00:00:00]]></c><c/><c/></r><r><c><![CDATA[NOPACKAGE]]></c><c/><c/><c><![CDATA[OPTIMALADVISOR]]></c><c/><c><![CDATA[2007-11-29 00:00:00]]></c><c/><c><![CDATA[2007-11-29 00:00:00]]></c><c/><c/></r><r><c><![CDATA[WHITESPACEAROUNDCHECK]]></c><c/><c/><c><![CDATA[CHECKSTYLE]]></c><c/><c><![CDATA[2007-11-30 00:00:00]]></c><c/><c><![CDATA[2007-11-30 00:00:00]]></c><c/><c/></r><r><c><![CDATA[WHITESPACEAFTER]]></c><c/><c/><c><![CDATA[CHECKSTYLE]]></c><c/><c><![CDATA[2007-11-30 00:00:00]]></c><c/><c><![CDATA[2007-11-30 00:00:00]]></c><c/><c/></r><r><c><![CDATA[PARENPADCHECK]]></c><c/><c/><c><![CDATA[CHECKSTYLE]]></c><c/><c><![CDATA[2007-11-30 00:00:00]]></c><c/><c><![CDATA[2007-11-30 00:00:00]]></c><c/><c/></r><r><c><![CDATA[LINELENGTHCHECK]]></c><c/><c/><c><![CDATA[CHECKSTYLE]]></c><c/><c><![CDATA[2007-11-30 00:00:00]]></c><c/><c><![CDATA[2007-11-30 00:00:00]]></c><c/><c/></r><r><c><![CDATA[FILELENGTHCHECK]]></c><c/><c/><c><![CDATA[CHECKSTYLE]]></c><c/><c><![CDATA[2007-11-30 00:00:00]]></c><c/><c><![CDATA[2007-11-30 00:00:00]]></c><c/><c/></r><r><c><![CDATA[PACKAGENAMECHECK]]></c><c/><c/><c><![CDATA[CHECKSTYLE]]></c><c/><c><![CDATA[2007-11-30 00:00:00]]></c><c/><c><![CDATA[2007-11-30 00:00:00]]></c><c/><c/></r><r><c><![CDATA[LOCALFINALVARIABLENAME]]></c><c/><c/><c><![CDATA[CHECKSTYLE]]></c><c/><c><![CDATA[2007-11-30 00:00:00]]></c><c/><c><![CDATA[2007-11-30 00:00:00]]></c><c/><c/></r><r><c><![CDATA[JAVADOCVARIABLECHECK]]></c><c/><c/><c><![CDATA[CHECKSTYLE]]></c><c/><c><![CDATA[2007-11-30 00:00:00]]></c><c/><c><![CDATA[2007-11-30 00:00:00]]></c><c/><c/></r><r><c><![CDATA[INDENTATIONCHECK]]></c><c/><c/><c><![CDATA[CHECKSTYLE]]></c><c/><c><![CDATA[2007-11-30 00:00:00]]></c><c/><c><![CDATA[2007-11-30 00:00:00]]></c><c/><c/></r><r><c><![CDATA[INNERASSIGNMENTCHECK]]></c><c/><c/><c><![CDATA[CHECKSTYLE]]></c><c/><c><![CDATA[2007-11-30 00:00:00]]></c><c/><c><![CDATA[2007-11-30 00:00:00]]></c><c/><c/></r><r><c><![CDATA[RIGHTCURLYCHECK]]></c><c/><c/><c><![CDATA[CHECKSTYLE]]></c><c/><c><![CDATA[2007-11-30 00:00:00]]></c><c/><c><![CDATA[2007-11-30 00:00:00]]></c><c/><c/></r><r><c><![CDATA[LEFTCURLYCHECK]]></c><c/><c/><c><![CDATA[CHECKSTYLE]]></c><c/><c><![CDATA[2007-11-30 00:00:00]]></c><c/><c><![CDATA[2007-11-30 00:00:00]]></c><c/><c/></r><r><c><![CDATA[EMPTYBLOCKCHECK]]></c><c/><c/><c><![CDATA[CHECKSTYLE]]></c><c/><c><![CDATA[2007-11-30 00:00:00]]></c><c/><c><![CDATA[2007-11-30 00:00:00]]></c><c/><c/></r><r><c><![CDATA[THISRETURNCHECK]]></c><c/><c/><c><![CDATA[CHECKSTYLE]]></c><c/><c><![CDATA[2007-11-29 00:00:00]]></c><c/><c><![CDATA[2007-11-29 00:00:00]]></c><c/><c/></r><r><c><![CDATA[THISPARAMETERCHECK]]></c><c/><c/><c><![CDATA[CHECKSTYLE]]></c><c/><c><![CDATA[2007-11-29 00:00:00]]></c><c/><c><![CDATA[2007-11-29 00:00:00]]></c><c/><c/></r><r><c><![CDATA[SESSIONBEANCHECK]]></c><c/><c/><c><![CDATA[CHECKSTYLE]]></c><c/><c><![CDATA[2007-11-29 00:00:00]]></c><c/><c><![CDATA[2007-11-29 00:00:00]]></c><c/><c/></r><r><c><![CDATA[REMOTEINTERFACECHECK]]></c><c/><c/><c><![CDATA[CHECKSTYLE]]></c><c/><c><![CDATA[2007-11-29 00:00:00]]></c><c/><c><![CDATA[2007-11-29 00:00:00]]></c><c/><c/></r><r><c><![CDATA[REMOTEHOMEINTERFACECHECK]]></c><c/><c/><c><![CDATA[CHECKSTYLE]]></c><c/><c><![CDATA[2007-11-29 00:00:00]]></c><c/><c><![CDATA[2007-11-29 00:00:00]]></c><c/><c/></r><r><c><![CDATA[LOCALINTERFACECHECK]]></c><c/><c/><c><![CDATA[CHECKSTYLE]]></c><c/><c><![CDATA[2007-11-29 00:00:00]]></c><c/><c><![CDATA[2007-11-29 00:00:00]]></c><c/><c/></r><r><c><![CDATA[LOCALHOMEINTERFACECHECK]]></c><c/><c/><c><![CDATA[CHECKSTYLE]]></c><c/><c><![CDATA[2007-11-29 00:00:00]]></c><c/><c><![CDATA[2007-11-29 00:00:00]]></c><c/><c/></r><r><c><![CDATA[MESSAGEBEANCHECK]]></c><c/><c/><c><![CDATA[CHECKSTYLE]]></c><c/><c><![CDATA[2007-11-29 00:00:00]]></c><c/><c><![CDATA[2007-11-29 00:00:00]]></c><c/><c/></r><r><c><![CDATA[FINALSTATICCHECK]]></c><c/><c/><c><![CDATA[CHECKSTYLE]]></c><c/><c><![CDATA[2007-11-29 00:00:00]]></c><c/><c><![CDATA[2007-11-29 00:00:00]]></c><c/><c/></r><r><c><![CDATA[ENTITYBEANCHECK]]></c><c/><c/><c><![CDATA[CHECKSTYLE]]></c><c/><c><![CDATA[2007-11-29 00:00:00]]></c><c/><c><![CDATA[2007-11-29 00:00:00]]></c><c/><c/></r><r><c><![CDATA[NAMELENGTHCHECK_LPGP]]></c><c/><c/><c><![CDATA[CHECKSTYLE]]></c><c/><c><![CDATA[2007-11-29 00:00:00]]></c><c/><c><![CDATA[2007-11-29 00:00:00]]></c><c/><c/></r><r><c><![CDATA[ILLEGALCATCHCHECK]]></c><c/><c/><c><![CDATA[CHECKSTYLE]]></c><c/><c><![CDATA[2007-11-29 00:00:00]]></c><c/><c><![CDATA[2007-11-29 00:00:00]]></c><c/><c/></r><r><c><![CDATA[AVOIDINLINECONDITIONALSCHECK]]></c><c/><c/><c><![CDATA[CHECKSTYLE]]></c><c/><c><![CDATA[2007-11-29 00:00:00]]></c><c/><c><![CDATA[2007-11-29 00:00:00]]></c><c/><c/></r><r><c><![CDATA[REGEXPHEADERCHECK]]></c><c/><c/><c><![CDATA[CHECKSTYLE]]></c><c/><c><![CDATA[2007-11-29 00:00:00]]></c><c/><c><![CDATA[2007-11-29 00:00:00]]></c><c/><c/></r><r><c><![CDATA[COBOL_EFFORT]]></c><c/><c/><c><![CDATA[CAQS]]></c><c/><c><![CDATA[2008-07-23 00:00:00]]></c><c/><c><![CDATA[2008-07-23 00:00:00]]></c><c/><c/></r><r><c><![CDATA[COBOL_UNIQUE_OPERATORS]]></c><c/><c/><c><![CDATA[CAQS]]></c><c/><c><![CDATA[2008-07-23 00:00:00]]></c><c/><c><![CDATA[2008-07-23 00:00:00]]></c><c/><c/></r><r><c><![CDATA[COBOL_UNIQUE_OPERANDS]]></c><c/><c/><c><![CDATA[CAQS]]></c><c/><c><![CDATA[2008-07-23 00:00:00]]></c><c/><c><![CDATA[2008-07-23 00:00:00]]></c><c/><c/></r><r><c><![CDATA[COBOL_TOTAL_OPERANDS]]></c><c/><c/><c><![CDATA[CAQS]]></c><c/><c><![CDATA[2008-07-23 00:00:00]]></c><c/><c><![CDATA[2008-07-23 00:00:00]]></c><c/><c/></r><r><c><![CDATA[DOC_DOCUMENTOK]]></c><c/><c/><c><![CDATA[CAQS]]></c><c/><c><![CDATA[2007-12-10 00:00:00]]></c><c><![CDATA[2007-12-10 00:00:00]]></c><c><![CDATA[2007-12-10 00:00:00]]></c><c><![CDATA[2007-12-10 00:00:00]]></c><c/></r><r><c><![CDATA[DOC_DIFFUSIONOK]]></c><c/><c/><c><![CDATA[CAQS]]></c><c/><c><![CDATA[2007-12-11 00:00:00]]></c><c/><c><![CDATA[2007-12-11 00:00:00]]></c><c/><c/></r><r><c><![CDATA[DOC_DESCRIPTIONOK]]></c><c/><c/><c><![CDATA[CAQS]]></c><c/><c><![CDATA[2007-12-11 00:00:00]]></c><c/><c><![CDATA[2007-12-11 00:00:00]]></c><c/><c/></r><r><c><![CDATA[DOC_CHAPITRESPLUS]]></c><c/><c/><c><![CDATA[CAQS]]></c><c/><c><![CDATA[2007-12-11 00:00:00]]></c><c/><c><![CDATA[2007-12-11 00:00:00]]></c><c/><c/></r><r><c><![CDATA[DOC_CHAPITRESNONCONFORMES]]></c><c/><c/><c><![CDATA[CAQS]]></c><c/><c><![CDATA[2007-12-11 00:00:00]]></c><c/><c><![CDATA[2007-12-11 00:00:00]]></c><c/><c/></r><r><c><![CDATA[DOC_CHAPITRESINCOMPREHENSIBLES]]></c><c/><c/><c><![CDATA[CAQS]]></c><c/><c><![CDATA[2007-12-11 00:00:00]]></c><c/><c><![CDATA[2007-12-11 00:00:00]]></c><c/><c/></r><r><c><![CDATA[DOC_CHAPITRESINCOHERENTS]]></c><c/><c/><c><![CDATA[CAQS]]></c><c/><c><![CDATA[2007-12-11 00:00:00]]></c><c/><c><![CDATA[2007-12-11 00:00:00]]></c><c/><c/></r><r><c><![CDATA[DOC_CHAPITRESDT]]></c><c/><c/><c><![CDATA[CAQS]]></c><c/><c><![CDATA[2007-12-11 00:00:00]]></c><c/><c><![CDATA[2007-12-11 00:00:00]]></c><c/><c/></r><r><c><![CDATA[DOC_CHAPITRESAMBIGUS]]></c><c/><c/><c><![CDATA[CAQS]]></c><c/><c><![CDATA[2007-12-11 00:00:00]]></c><c/><c><![CDATA[2007-12-11 00:00:00]]></c><c/><c/></r><r><c><![CDATA[DOC_CHAPITRESABSENTS]]></c><c/><c/><c><![CDATA[CAQS]]></c><c/><c><![CDATA[2007-12-11 00:00:00]]></c><c/><c><![CDATA[2007-12-11 00:00:00]]></c><c/><c/></r><r><c><![CDATA[DOC_CHAPITRES]]></c><c/><c/><c><![CDATA[CAQS]]></c><c/><c><![CDATA[2007-12-11 00:00:00]]></c><c/><c><![CDATA[2007-12-11 00:00:00]]></c><c/><c/></r><r><c><![CDATA[DOC_APPROBATIONOK]]></c><c/><c/><c><![CDATA[CAQS]]></c><c/><c><![CDATA[2007-12-11 00:00:00]]></c><c/><c><![CDATA[2007-12-11 00:00:00]]></c><c/><c/></r><r><c><![CDATA[DOC_VALIDATIONOK]]></c><c/><c/><c><![CDATA[CAQS]]></c><c/><c><![CDATA[2007-12-11 00:00:00]]></c><c/><c><![CDATA[2007-12-11 00:00:00]]></c><c/><c/></r><r><c><![CDATA[DOC_SOMMAIREOK]]></c><c/><c/><c><![CDATA[CAQS]]></c><c/><c><![CDATA[2007-12-11 00:00:00]]></c><c/><c><![CDATA[2007-12-11 00:00:00]]></c><c/><c/></r><r><c><![CDATA[DOC_SCHEMAS]]></c><c/><c/><c><![CDATA[CAQS]]></c><c/><c><![CDATA[2007-12-11 00:00:00]]></c><c/><c><![CDATA[2007-12-11 00:00:00]]></c><c/><c/></r><r><c><![CDATA[DOC_REFERENCESINCOMPREHENSIBLES]]></c><c/><c/><c><![CDATA[CAQS]]></c><c/><c><![CDATA[2007-12-11 00:00:00]]></c><c/><c><![CDATA[2007-12-11 00:00:00]]></c><c/><c/></r><r><c><![CDATA[DOC_REFERENCESINCOHERENTES]]></c><c/><c/><c><![CDATA[CAQS]]></c><c/><c><![CDATA[2007-12-11 00:00:00]]></c><c/><c><![CDATA[2007-12-11 00:00:00]]></c><c/><c/></r><r><c><![CDATA[DOC_REFERENCESAMBIGUES]]></c><c/><c/><c><![CDATA[CAQS]]></c><c/><c><![CDATA[2007-12-11 00:00:00]]></c><c/><c><![CDATA[2007-12-11 00:00:00]]></c><c/><c/></r><r><c><![CDATA[DOC_REFERENCES]]></c><c/><c/><c><![CDATA[CAQS]]></c><c/><c><![CDATA[2007-12-11 00:00:00]]></c><c/><c><![CDATA[2007-12-11 00:00:00]]></c><c/><c/></r><r><c><![CDATA[DOC_PRESENTATIONOK]]></c><c/><c/><c><![CDATA[CAQS]]></c><c/><c><![CDATA[2007-12-11 00:00:00]]></c><c/><c><![CDATA[2007-12-11 00:00:00]]></c><c/><c/></r><r><c><![CDATA[DOC_PAGINATIONOK]]></c><c/><c/><c><![CDATA[CAQS]]></c><c/><c><![CDATA[2007-12-11 00:00:00]]></c><c/><c><![CDATA[2007-12-11 00:00:00]]></c><c/><c/></r><r><c><![CDATA[ENTETE]]></c><c/><c/><c><![CDATA[CAQS]]></c><c/><c><![CDATA[2008-07-23 00:00:00]]></c><c/><c><![CDATA[2008-07-23 00:00:00]]></c><c/><c/></r><r><c><![CDATA[DOC_VERSIONS]]></c><c/><c/><c><![CDATA[CAQS]]></c><c/><c><![CDATA[2007-12-11 00:00:00]]></c><c/><c><![CDATA[2007-12-11 00:00:00]]></c><c/><c/></r><r><c><![CDATA[LPE_CUD_IN_LOOP]]></c><c/><c/><c><![CDATA[CAQS]]></c><c/><c><![CDATA[2008-11-28 00:00:00]]></c><c/><c><![CDATA[2008-11-28 00:00:00]]></c><c/><c/></r><r><c><![CDATA[LPE_TX_SS_CLOSE]]></c><c/><c/><c><![CDATA[CAQS]]></c><c/><c><![CDATA[2008-11-28 00:00:00]]></c><c/><c><![CDATA[2008-11-28 00:00:00]]></c><c/><c/></r><r><c><![CDATA[LPE_TX_SS_COMMIT]]></c><c/><c/><c><![CDATA[CAQS]]></c><c/><c><![CDATA[2008-11-28 00:00:00]]></c><c/><c><![CDATA[2008-11-28 00:00:00]]></c><c/><c/></r><r><c><![CDATA[LPE_TX_SS_ROLLBACK]]></c><c/><c/><c><![CDATA[CAQS]]></c><c/><c><![CDATA[2008-11-28 00:00:00]]></c><c/><c><![CDATA[2008-11-28 00:00:00]]></c><c/><c/></r><r><c><![CDATA[LPE_RETRIEVE_SQL_BINDING]]></c><c/><c/><c><![CDATA[CAQS]]></c><c/><c><![CDATA[2008-11-28 00:00:00]]></c><c/><c><![CDATA[2008-11-28 00:00:00]]></c><c/><c/></r><r><c><![CDATA[LPE_RETRIEVE_SQL_SS_BINDING]]></c><c/><c/><c><![CDATA[CAQS]]></c><c/><c><![CDATA[2008-11-28 00:00:00]]></c><c/><c><![CDATA[2008-11-28 00:00:00]]></c><c/><c/></r><r><c><![CDATA[C_BACKSLASH_DIRECTORY]]></c><c/><c/><c><![CDATA[CAQS]]></c><c/><c/><c><![CDATA[2010-05-06 17:03:35]]></c><c/><c/><c/></r><r><c><![CDATA[SQL_BAD_LIKE]]></c><c/><c/><c><![CDATA[CAQS]]></c><c/><c/><c><![CDATA[2010-05-06 14:26:27]]></c><c/><c/><c/></r><r><c><![CDATA[SQL_SERVER_TIMESTAMP]]></c><c/><c/><c><![CDATA[CAQS]]></c><c/><c/><c><![CDATA[2010-05-06 14:10:10]]></c><c/><c/><c/></r><r><c><![CDATA[SQL_DEFINE_VALUES]]></c><c/><c/><c><![CDATA[CAQS]]></c><c/><c/><c><![CDATA[2010-05-06 14:08:00]]></c><c/><c/><c/></r><r><c><![CDATA[SQL_EXPLICIT_JOIN]]></c><c/><c/><c><![CDATA[CAQS]]></c><c/><c/><c><![CDATA[2010-05-06 12:38:00]]></c><c/><c/><c/></r><r><c><![CDATA[SQL_JOIN_CONDITIONS]]></c><c/><c/><c><![CDATA[CAQS]]></c><c/><c/><c><![CDATA[2010-05-06 11:54:29]]></c><c/><c/><c/></r><r><c><![CDATA[SQL_SELECT_STAR]]></c><c/><c/><c><![CDATA[CAQS]]></c><c/><c/><c><![CDATA[2010-05-06 11:46:57]]></c><c/><c/><c/></r><r><c><![CDATA[STRUTS_USE]]></c><c/><c/><c><![CDATA[CAQS]]></c><c/><c><![CDATA[2007-12-10 00:00:00]]></c><c><![CDATA[2007-12-10 00:00:00]]></c><c><![CDATA[2007-12-10 00:00:00]]></c><c/><c/></r><r><c><![CDATA[SPRING_USE]]></c><c/><c/><c><![CDATA[CAQS]]></c><c/><c><![CDATA[2007-12-10 00:00:00]]></c><c><![CDATA[2007-12-10 00:00:00]]></c><c><![CDATA[2007-12-10 00:00:00]]></c><c/><c/></r><r><c><![CDATA[PROCEDURE-NL]]></c><c/><c/><c><![CDATA[CAQS]]></c><c/><c><![CDATA[2008-07-09 00:00:00]]></c><c/><c><![CDATA[2008-07-09 00:00:00]]></c><c/><c/></r><r><c><![CDATA[PROCEDURE-COMMENTS-NL]]></c><c/><c/><c><![CDATA[CAQS]]></c><c/><c><![CDATA[2008-07-09 00:00:00]]></c><c><![CDATA[2008-07-23 09:01:49]]></c><c><![CDATA[2008-07-09 00:00:00]]></c><c/><c/></r><r><c><![CDATA[JSP-NBSTYLETAG]]></c><c/><c/><c><![CDATA[CAQS]]></c><c/><c><![CDATA[2007-12-10 00:00:00]]></c><c><![CDATA[2007-12-10 00:00:00]]></c><c><![CDATA[2007-12-10 00:00:00]]></c><c/><c/></r><r><c><![CDATA[JSP-NBSTYLEATTR]]></c><c/><c/><c><![CDATA[CAQS]]></c><c/><c><![CDATA[2007-12-10 00:00:00]]></c><c><![CDATA[2007-12-10 00:00:00]]></c><c><![CDATA[2007-12-10 00:00:00]]></c><c/><c/></r><r><c><![CDATA[JSP-NBSCRIPT-WITHOUT-LANGUAGE]]></c><c/><c/><c><![CDATA[CAQS]]></c><c/><c><![CDATA[2007-12-10 00:00:00]]></c><c><![CDATA[2007-12-10 00:00:00]]></c><c><![CDATA[2007-12-10 00:00:00]]></c><c/><c/></r><r><c><![CDATA[JSP-NBSCRIPTLET]]></c><c/><c/><c><![CDATA[CAQS]]></c><c/><c><![CDATA[2007-12-10 00:00:00]]></c><c><![CDATA[2007-12-10 00:00:00]]></c><c><![CDATA[2007-12-10 00:00:00]]></c><c/><c/></r><r><c><![CDATA[JSP-NBSCRIPT]]></c><c/><c/><c><![CDATA[CAQS]]></c><c/><c><![CDATA[2007-12-10 00:00:00]]></c><c><![CDATA[2007-12-10 00:00:00]]></c><c><![CDATA[2007-12-10 00:00:00]]></c><c/><c/></r><r><c><![CDATA[JSP-NBJSPDIRECTIVEINCLUDE]]></c><c/><c/><c><![CDATA[CAQS]]></c><c/><c><![CDATA[2007-12-10 00:00:00]]></c><c><![CDATA[2007-12-10 00:00:00]]></c><c><![CDATA[2007-12-10 00:00:00]]></c><c/><c/></r><r><c><![CDATA[JSP-NBEXPRESSION]]></c><c/><c/><c><![CDATA[CAQS]]></c><c/><c><![CDATA[2007-12-10 00:00:00]]></c><c><![CDATA[2007-12-10 00:00:00]]></c><c><![CDATA[2007-12-10 00:00:00]]></c><c/><c/></r><r><c><![CDATA[JSP-NBCUSTOMTAG]]></c><c/><c/><c><![CDATA[CAQS]]></c><c/><c><![CDATA[2007-12-10 00:00:00]]></c><c><![CDATA[2007-12-10 00:00:00]]></c><c><![CDATA[2007-12-10 00:00:00]]></c><c/><c/></r><r><c><![CDATA[JSP-NBCLASSATTRIBUTE]]></c><c/><c/><c><![CDATA[CAQS]]></c><c/><c><![CDATA[2007-12-10 00:00:00]]></c><c><![CDATA[2007-12-10 00:00:00]]></c><c><![CDATA[2007-12-10 00:00:00]]></c><c/><c/></r><r><c><![CDATA[JSP-NBACTIONINCLUDE]]></c><c/><c/><c><![CDATA[CAQS]]></c><c/><c><![CDATA[2007-12-11 00:00:00]]></c><c/><c><![CDATA[2007-12-11 00:00:00]]></c><c/><c/></r><r><c><![CDATA[JSP-LOC]]></c><c/><c/><c><![CDATA[CAQS]]></c><c/><c><![CDATA[2007-12-11 00:00:00]]></c><c><![CDATA[2007-12-11 00:00:00]]></c><c><![CDATA[2007-12-11 00:00:00]]></c><c/><c/></r><r><c><![CDATA[JSP-HTMLCOMMENT]]></c><c/><c/><c><![CDATA[CAQS]]></c><c/><c><![CDATA[2007-12-10 00:00:00]]></c><c><![CDATA[2007-12-10 00:00:00]]></c><c><![CDATA[2007-12-10 00:00:00]]></c><c/><c/></r><r><c><![CDATA[JSP-CLOC]]></c><c/><c/><c><![CDATA[CAQS]]></c><c/><c><![CDATA[2007-12-11 00:00:00]]></c><c><![CDATA[2007-12-11 00:00:00]]></c><c><![CDATA[2007-12-11 00:00:00]]></c><c/><c/></r><r><c><![CDATA[JS_SWITCH_WITHOUT_DEFAULT]]></c><c/><c/><c><![CDATA[CAQS]]></c><c/><c><![CDATA[2007-12-11 00:00:00]]></c><c/><c><![CDATA[2007-12-11 00:00:00]]></c><c/><c/></r><r><c><![CDATA[JS_ONLYONEINSTRUCTION]]></c><c/><c/><c><![CDATA[CAQS]]></c><c/><c><![CDATA[2007-12-11 00:00:00]]></c><c/><c><![CDATA[2007-12-11 00:00:00]]></c><c/><c/></r><r><c><![CDATA[AVOIDASSERTASIDENTIFIER]]></c><c/><c/><c><![CDATA[OPTIMALADVISOR]]></c><c/><c/><c/><c/><c/><c/></r><r><c><![CDATA[CONSTRUCTORCALLSOVERRIDABLEMETHOD]]></c><c/><c/><c><![CDATA[OPTIMALADVISOR]]></c><c/><c/><c/><c/><c/><c/></r><r><c><![CDATA[ABSTRACTCLASSNAMECHECK]]></c><c/><c/><c><![CDATA[CHECKSTYLE]]></c><c/><c><![CDATA[2009-08-21 00:00:00]]></c><c/><c><![CDATA[2009-08-21 00:00:00]]></c><c/><c/></r><r><c><![CDATA[PACKAGEDECLARATIONCHECK]]></c><c/><c/><c><![CDATA[CHECKSTYLE]]></c><c/><c><![CDATA[2009-08-21 00:00:00]]></c><c/><c><![CDATA[2009-08-21 00:00:00]]></c><c/><c/></r><r><c><![CDATA[STRINGLITERALEQUALITYCHECK]]></c><c/><c/><c><![CDATA[CHECKSTYLE]]></c><c/><c/><c/><c/><c/><c/></r><r><c><![CDATA[SUPERCLONECHECK]]></c><c/><c/><c><![CDATA[CHECKSTYLE]]></c><c/><c/><c/><c/><c/><c/></r><r><c><![CDATA[SUPERFINALIZECHECK]]></c><c/><c/><c><![CDATA[CHECKSTYLE]]></c><c/><c/><c/><c/><c/><c/></r><r><c><![CDATA[HIDEUTILITYCLASSCONSTRUCTORCHECK]]></c><c/><c/><c><![CDATA[CHECKSTYLE]]></c><c/><c/><c/><c/><c/><c/></r><r><c><![CDATA[INTERFACEISTYPECHECK]]></c><c/><c/><c><![CDATA[CHECKSTYLE]]></c><c/><c/><c/><c/><c/><c/></r></e>