<?xml version="1.0"  encoding="UTF-8"?><e><r><c><![CDATA[ARRAYISSTOREDDIRECTLY]]></c><c><![CDATA[ARRAYISSTOREDDIRECTLY]]></c><c><![CDATA[JAVA-RULES-LPGP]]></c><c/><c/></r><r><c><![CDATA[COUPLINGBETWEENOBJECTS]]></c><c><![CDATA[COUPLINGBETWEENOBJECTS]]></c><c><![CDATA[JAVA-RULES-LPGP]]></c><c/><c/></r><r><c><![CDATA[EQUALS]]></c><c><![CDATA[R0023]]></c><c><![CDATA[JAVA-RULES-LPGP]]></c><c/><c/></r><r><c><![CDATA[EQUALS]]></c><c><![CDATA[R0024]]></c><c><![CDATA[JAVA-RULES-LPGP]]></c><c/><c/></r><r><c><![CDATA[UNUSEDLOCALORPRIVATE]]></c><c><![CDATA[UNUSEDPARAMETERCHECK]]></c><c><![CDATA[JAVA-RULES-LPGP]]></c><c/><c/></r><r><c><![CDATA[UNUSEDLOCALORPRIVATE]]></c><c><![CDATA[UNUSEDLOCALVARIABLECHECK]]></c><c><![CDATA[JAVA-RULES-LPGP]]></c><c/><c/></r><r><c><![CDATA[UNUSEDLOCALORPRIVATE]]></c><c><![CDATA[UNUSEDPRIVATEFIELDCHECK]]></c><c><![CDATA[JAVA-RULES-LPGP]]></c><c/><c/></r><r><c><![CDATA[UNUSEDLOCALORPRIVATE]]></c><c><![CDATA[UNUSEDPRIVATEMETHODCHECK]]></c><c><![CDATA[JAVA-RULES-LPGP]]></c><c/><c/></r><r><c><![CDATA[USESINGLETON]]></c><c><![CDATA[USESINGLETON]]></c><c><![CDATA[JAVA-RULES-LPGP]]></c><c/><c/></r><r><c><![CDATA[NONTHREADSAFESINGLETON]]></c><c><![CDATA[NONTHREADSAFESINGLETON]]></c><c><![CDATA[JAVA-RULES-LPGP]]></c><c/><c/></r><r><c><![CDATA[R3]]></c><c><![CDATA[R0003]]></c><c><![CDATA[JAVA-RULES-LPGP]]></c><c><![CDATA[2007-11-29 14:35:10]]></c><c/></r><r><c><![CDATA[R4]]></c><c><![CDATA[CONSTANTNAMECHECK]]></c><c><![CDATA[JAVA-RULES-LPGP]]></c><c><![CDATA[2007-11-29 14:35:10]]></c><c/></r><r><c><![CDATA[R4]]></c><c><![CDATA[LOCALVARIABLENAMECHECK]]></c><c><![CDATA[JAVA-RULES-LPGP]]></c><c><![CDATA[2007-11-29 14:35:10]]></c><c/></r><r><c><![CDATA[R4]]></c><c><![CDATA[MEMBERNAMECHECK]]></c><c><![CDATA[JAVA-RULES-LPGP]]></c><c><![CDATA[2007-11-29 14:35:10]]></c><c/></r><r><c><![CDATA[R4]]></c><c><![CDATA[METHODNAMECHECK]]></c><c><![CDATA[JAVA-RULES-LPGP]]></c><c><![CDATA[2007-11-29 14:35:10]]></c><c/></r><r><c><![CDATA[R4]]></c><c><![CDATA[PARAMETERNAMECHECK]]></c><c><![CDATA[JAVA-RULES-LPGP]]></c><c><![CDATA[2007-11-29 14:35:10]]></c><c/></r><r><c><![CDATA[R4]]></c><c><![CDATA[STATICVARIABLENAMECHECK]]></c><c><![CDATA[JAVA-RULES-LPGP]]></c><c><![CDATA[2007-11-29 14:35:10]]></c><c/></r><r><c><![CDATA[R4]]></c><c><![CDATA[TYPENAMECHECK]]></c><c><![CDATA[JAVA-RULES-LPGP]]></c><c><![CDATA[2007-11-29 14:35:10]]></c><c/></r><r><c><![CDATA[R5]]></c><c><![CDATA[R0005]]></c><c><![CDATA[JAVA-RULES-LPGP]]></c><c><![CDATA[2007-11-29 14:35:10]]></c><c/></r><r><c><![CDATA[R7]]></c><c><![CDATA[CONSTRUCTORCALLSOVERRIDABLEMETHOD]]></c><c><![CDATA[JAVA-RULES-LPGP]]></c><c><![CDATA[2007-11-29 14:35:10]]></c><c/></r><r><c><![CDATA[R8]]></c><c><![CDATA[R0008]]></c><c><![CDATA[JAVA-RULES-LPGP]]></c><c><![CDATA[2007-11-29 14:35:10]]></c><c/></r><r><c><![CDATA[R9]]></c><c><![CDATA[R0009]]></c><c><![CDATA[JAVA-RULES-LPGP]]></c><c><![CDATA[2007-11-29 14:35:10]]></c><c/></r><r><c><![CDATA[R12]]></c><c><![CDATA[R0012]]></c><c><![CDATA[JAVA-RULES-LPGP]]></c><c><![CDATA[2007-11-29 14:35:10]]></c><c/></r><r><c><![CDATA[R14]]></c><c><![CDATA[R0014]]></c><c><![CDATA[JAVA-RULES-LPGP]]></c><c><![CDATA[2007-11-29 14:35:10]]></c><c/></r><r><c><![CDATA[R16]]></c><c><![CDATA[R0016]]></c><c><![CDATA[JAVA-RULES-LPGP]]></c><c><![CDATA[2007-11-29 14:35:10]]></c><c/></r><r><c><![CDATA[R19]]></c><c><![CDATA[R0019]]></c><c><![CDATA[JAVA-RULES-LPGP]]></c><c><![CDATA[2007-11-29 14:35:10]]></c><c/></r><r><c><![CDATA[R20]]></c><c><![CDATA[R0020]]></c><c><![CDATA[JAVA-RULES-LPGP]]></c><c><![CDATA[2007-11-29 14:35:10]]></c><c/></r><r><c><![CDATA[R21]]></c><c><![CDATA[R0021]]></c><c><![CDATA[JAVA-RULES-LPGP]]></c><c><![CDATA[2007-11-29 14:35:10]]></c><c/></r><r><c><![CDATA[R22]]></c><c><![CDATA[R0022]]></c><c><![CDATA[JAVA-RULES-LPGP]]></c><c><![CDATA[2007-11-29 14:35:10]]></c><c/></r><r><c><![CDATA[R25]]></c><c><![CDATA[R0025]]></c><c><![CDATA[JAVA-RULES-LPGP]]></c><c><![CDATA[2007-11-29 14:35:10]]></c><c/></r><r><c><![CDATA[R26]]></c><c><![CDATA[R0026]]></c><c><![CDATA[JAVA-RULES-LPGP]]></c><c><![CDATA[2007-11-29 14:35:10]]></c><c/></r><r><c><![CDATA[R27]]></c><c><![CDATA[R0027]]></c><c><![CDATA[JAVA-RULES-LPGP]]></c><c><![CDATA[2007-11-29 14:35:10]]></c><c/></r><r><c><![CDATA[R28]]></c><c><![CDATA[R0028]]></c><c><![CDATA[JAVA-RULES-LPGP]]></c><c><![CDATA[2007-11-29 14:35:10]]></c><c/></r><r><c><![CDATA[R1004]]></c><c><![CDATA[R1004]]></c><c><![CDATA[JAVA-RULES-LPGP]]></c><c><![CDATA[2007-11-29 14:35:10]]></c><c/></r><r><c><![CDATA[R1007]]></c><c><![CDATA[R1007]]></c><c><![CDATA[JAVA-RULES-LPGP]]></c><c><![CDATA[2007-11-29 14:35:10]]></c><c/></r><r><c><![CDATA[R1017]]></c><c><![CDATA[R1017]]></c><c><![CDATA[JAVA-RULES-LPGP]]></c><c><![CDATA[2007-11-29 14:35:10]]></c><c/></r><r><c><![CDATA[R1036]]></c><c><![CDATA[R1036]]></c><c><![CDATA[JAVA-RULES-LPGP]]></c><c><![CDATA[2007-11-29 14:35:10]]></c><c/></r><r><c><![CDATA[R1064]]></c><c><![CDATA[R1064]]></c><c><![CDATA[JAVA-RULES-LPGP]]></c><c><![CDATA[2007-11-29 14:35:10]]></c><c/></r><r><c><![CDATA[R1076]]></c><c><![CDATA[R1076]]></c><c><![CDATA[JAVA-RULES-LPGP]]></c><c><![CDATA[2007-11-29 14:35:10]]></c><c/></r><r><c><![CDATA[AVOIDSTARIMPORTCHECK]]></c><c><![CDATA[AVOIDSTARIMPORTCHECK]]></c><c><![CDATA[JAVA-RULES-LPGP]]></c><c><![CDATA[2007-11-29 14:35:10]]></c><c/></r><r><c><![CDATA[HIDDENFIELDCHECK]]></c><c><![CDATA[HIDDENFIELDCHECK]]></c><c><![CDATA[JAVA-RULES-LPGP]]></c><c><![CDATA[2007-11-29 14:35:10]]></c><c/></r><r><c><![CDATA[MAGICNUMBERCHECK]]></c><c><![CDATA[MAGICNUMBERCHECK]]></c><c><![CDATA[JAVA-RULES-LPGP]]></c><c><![CDATA[2007-11-29 14:35:10]]></c><c/></r><r><c><![CDATA[NEEDBRACESCHECK]]></c><c><![CDATA[NEEDBRACESCHECK]]></c><c><![CDATA[JAVA-RULES-LPGP]]></c><c><![CDATA[2007-11-29 14:35:10]]></c><c/></r><r><c><![CDATA[JAVADOCMISSING]]></c><c><![CDATA[JAVADOCMETHODCHECK]]></c><c><![CDATA[JAVA-RULES-LPGP]]></c><c><![CDATA[2007-11-29 14:35:10]]></c><c/></r><r><c><![CDATA[JAVADOCMISSING]]></c><c><![CDATA[JAVADOCTYPECHECK]]></c><c><![CDATA[JAVA-RULES-LPGP]]></c><c><![CDATA[2007-11-29 14:35:10]]></c><c/></r><r><c><![CDATA[JAVADOCSYNTAX]]></c><c><![CDATA[JAVADOCSTYLECHECK]]></c><c><![CDATA[JAVA-RULES-LPGP]]></c><c><![CDATA[2007-11-29 14:35:10]]></c><c/></r><r><c><![CDATA[DECLARATIONORDERCHECK]]></c><c><![CDATA[DECLARATIONORDERCHECK]]></c><c><![CDATA[JAVA-RULES-LPGP]]></c><c><![CDATA[2007-11-29 14:35:10]]></c><c/></r><r><c><![CDATA[DEST]]></c><c><![CDATA[EVG]]></c><c><![CDATA[JAVA-RULES-LPGP]]></c><c><![CDATA[2007-11-29 14:35:10]]></c><c/></r><r><c><![CDATA[COMP]]></c><c><![CDATA[LOC]]></c><c><![CDATA[JAVA-RULES-LPGP]]></c><c><![CDATA[2007-11-29 14:35:10]]></c><c/></r><r><c><![CDATA[COMP]]></c><c><![CDATA[CLOC]]></c><c><![CDATA[JAVA-RULES-LPGP]]></c><c><![CDATA[2007-11-29 14:35:10]]></c><c/></r><r><c><![CDATA[COMP]]></c><c><![CDATA[VG]]></c><c><![CDATA[JAVA-RULES-LPGP]]></c><c><![CDATA[2007-11-29 14:35:10]]></c><c/></r><r><c><![CDATA[COMP]]></c><c><![CDATA[NL]]></c><c><![CDATA[JAVA-RULES-LPGP]]></c><c><![CDATA[2007-11-29 14:35:10]]></c><c/></r><r><c><![CDATA[COMP]]></c><c><![CDATA[JAVADOCMETHODCHECK]]></c><c><![CDATA[JAVA-RULES-LPGP]]></c><c><![CDATA[2007-11-29 14:35:10]]></c><c/></r><r><c><![CDATA[PLOG]]></c><c><![CDATA[VG]]></c><c><![CDATA[JAVA-RULES-LPGP]]></c><c><![CDATA[2007-11-29 14:35:10]]></c><c/></r><r><c><![CDATA[PLOG]]></c><c><![CDATA[EVG]]></c><c><![CDATA[JAVA-RULES-LPGP]]></c><c><![CDATA[2007-11-29 14:35:10]]></c><c/></r><r><c><![CDATA[ONLYONERETURN]]></c><c><![CDATA[ONLYONERETURN]]></c><c><![CDATA[JAVA-RULES-LPGP]]></c><c><![CDATA[2007-11-29 14:35:10]]></c><c/></r><r><c><![CDATA[TPRO]]></c><c><![CDATA[NL]]></c><c><![CDATA[JAVA-RULES-LPGP]]></c><c><![CDATA[2007-11-29 14:35:10]]></c><c/></r><r><c><![CDATA[COMPAREOBJECTSWITHEQUALS]]></c><c><![CDATA[COMPAREOBJECTSWITHEQUALS]]></c><c><![CDATA[JAVA-RULES-LPGP]]></c><c><![CDATA[2007-11-29 14:35:10]]></c><c/></r><r><c><![CDATA[HARDCODEDIP]]></c><c><![CDATA[HARDCODEDIP]]></c><c><![CDATA[JAVA-RULES-LPGP]]></c><c><![CDATA[2007-11-29 14:35:10]]></c><c/></r><r><c><![CDATA[POSITIONLITERALSFIRSTINCOMPARISONS]]></c><c><![CDATA[POSITIONLITERALSFIRSTINCOMPARISONS]]></c><c><![CDATA[JAVA-RULES-LPGP]]></c><c><![CDATA[2007-11-29 14:35:10]]></c><c/></r><r><c><![CDATA[UNCOMMENTEDEMPTYCONSTRUCTOR]]></c><c><![CDATA[UNCOMMENTEDEMPTYCONSTRUCTOR]]></c><c><![CDATA[JAVA-RULES-LPGP]]></c><c><![CDATA[2007-11-29 14:35:10]]></c><c/></r><r><c><![CDATA[USELESSOVERRIDINGMETHOD]]></c><c><![CDATA[USELESSOVERRIDINGMETHOD]]></c><c><![CDATA[JAVA-RULES-LPGP]]></c><c><![CDATA[2007-11-29 14:35:10]]></c><c/></r><r><c><![CDATA[AVOIDREASSIGNINGPARAMETERS]]></c><c><![CDATA[AVOIDREASSIGNINGPARAMETERS]]></c><c><![CDATA[JAVA-RULES-LPGP]]></c><c><![CDATA[2007-11-29 14:35:10]]></c><c/></r><r><c><![CDATA[EMPTYCATCHBLOCK]]></c><c><![CDATA[EMPTYCATCHBLOCK]]></c><c><![CDATA[JAVA-RULES-LPGP]]></c><c><![CDATA[2007-11-29 14:35:10]]></c><c/></r><r><c><![CDATA[IMMUTABLEFIELD]]></c><c><![CDATA[IMMUTABLEFIELD]]></c><c><![CDATA[JAVA-RULES-LPGP]]></c><c><![CDATA[2007-11-29 14:35:10]]></c><c/></r><r><c><![CDATA[CTRA]]></c><c><![CDATA[FANOUT]]></c><c><![CDATA[JAVA-RULES-LPGP]]></c><c><![CDATA[2007-11-29 14:35:10]]></c><c/></r><r><c><![CDATA[CTRA]]></c><c><![CDATA[IVG]]></c><c><![CDATA[JAVA-RULES-LPGP]]></c><c><![CDATA[2007-11-29 14:35:10]]></c><c/></r><r><c><![CDATA[INTE]]></c><c><![CDATA[FANOUT]]></c><c><![CDATA[JAVA-RULES-LPGP]]></c><c><![CDATA[2007-11-29 14:35:10]]></c><c/></r><r><c><![CDATA[INTE]]></c><c><![CDATA[IVG]]></c><c><![CDATA[JAVA-RULES-LPGP]]></c><c><![CDATA[2007-11-29 14:35:10]]></c><c/></r><r><c><![CDATA[CYCLICDEPENDENCY]]></c><c><![CDATA[ADPR_CLASS_LEVEL]]></c><c><![CDATA[JAVA-RULES-LPGP]]></c><c><![CDATA[2007-11-29 14:35:10]]></c><c/></r><r><c><![CDATA[UNINITIALIZEDFIELDS]]></c><c><![CDATA[R1010]]></c><c><![CDATA[JAVA-RULES-LPGP]]></c><c><![CDATA[2007-11-29 14:35:10]]></c><c/></r><r><c><![CDATA[UNINITIALIZEDFIELDS]]></c><c><![CDATA[R1011]]></c><c><![CDATA[JAVA-RULES-LPGP]]></c><c><![CDATA[2007-11-29 14:35:10]]></c><c/></r><r><c><![CDATA[UNINITIALIZEDFIELDS]]></c><c><![CDATA[R1012]]></c><c><![CDATA[JAVA-RULES-LPGP]]></c><c><![CDATA[2007-11-29 14:35:10]]></c><c/></r><r><c><![CDATA[UNINITIALIZEDFIELDS]]></c><c><![CDATA[R1013]]></c><c><![CDATA[JAVA-RULES-LPGP]]></c><c><![CDATA[2007-11-29 14:35:10]]></c><c/></r><r><c><![CDATA[EQUALS]]></c><c><![CDATA[R0001]]></c><c><![CDATA[JAVA-RULES-LPGP]]></c><c><![CDATA[2007-11-29 14:35:10]]></c><c/></r><r><c><![CDATA[EQUALS]]></c><c><![CDATA[R1046]]></c><c><![CDATA[JAVA-RULES-LPGP]]></c><c><![CDATA[2007-11-29 14:35:10]]></c><c/></r><r><c><![CDATA[EQUALS]]></c><c><![CDATA[R1069]]></c><c><![CDATA[JAVA-RULES-LPGP]]></c><c><![CDATA[2007-11-29 14:35:10]]></c><c/></r><r><c><![CDATA[EQUALS]]></c><c><![CDATA[R1028]]></c><c><![CDATA[JAVA-RULES-LPGP]]></c><c><![CDATA[2007-11-29 14:35:10]]></c><c/></r><r><c><![CDATA[EQUALS]]></c><c><![CDATA[R0030]]></c><c><![CDATA[JAVA-RULES-LPGP]]></c><c><![CDATA[2007-11-29 14:35:10]]></c><c/></r><r><c><![CDATA[EQUALS]]></c><c><![CDATA[R0002]]></c><c><![CDATA[JAVA-RULES-LPGP]]></c><c><![CDATA[2007-11-29 14:35:10]]></c><c/></r><r><c><![CDATA[AVOIDENUMASIDENTIFIER]]></c><c><![CDATA[AVOIDENUMASIDENTIFIER]]></c><c><![CDATA[JAVA-RULES-LPGP]]></c><c><![CDATA[2007-11-29 14:35:10]]></c><c/></r><r><c><![CDATA[AVOIDENUMASIDENTIFIER]]></c><c><![CDATA[NL]]></c><c><![CDATA[JAVA-RULES-LPGP]]></c><c><![CDATA[2007-11-29 14:35:10]]></c><c/></r><r><c><![CDATA[IFSTMTRULES]]></c><c><![CDATA[AVOIDDEEPLYNESTEDIFSTMTS]]></c><c><![CDATA[JAVA-RULES-LPGP]]></c><c><![CDATA[2007-11-29 14:35:10]]></c><c/></r><r><c><![CDATA[IFSTMTRULES]]></c><c><![CDATA[COLLAPSIBLEIFSTATEMENTS]]></c><c><![CDATA[JAVA-RULES-LPGP]]></c><c><![CDATA[2007-11-29 14:35:10]]></c><c/></r><r><c><![CDATA[SWITCHSTMTRULES]]></c><c><![CDATA[SWITCHDENSITY]]></c><c><![CDATA[JAVA-RULES-LPGP]]></c><c><![CDATA[2007-11-29 14:35:10]]></c><c/></r><r><c><![CDATA[SWITCHSTMTRULES]]></c><c><![CDATA[SWITCHSTMTSSHOULDHAVEDEFAULT]]></c><c><![CDATA[JAVA-RULES-LPGP]]></c><c><![CDATA[2007-11-29 14:35:10]]></c><c/></r><r><c><![CDATA[SWITCHSTMTRULES]]></c><c><![CDATA[MISSINGBREAKINSWITCH]]></c><c><![CDATA[JAVA-RULES-LPGP]]></c><c><![CDATA[2007-11-29 14:35:10]]></c><c/></r><r><c><![CDATA[METHODRETURNSINTERNALARRAY]]></c><c><![CDATA[METHODRETURNSINTERNALARRAY]]></c><c><![CDATA[JAVA-RULES-LPGP]]></c><c><![CDATA[2007-11-29 14:35:10]]></c><c/></r><r><c><![CDATA[LOOSECOUPLING]]></c><c><![CDATA[LOOSECOUPLING]]></c><c><![CDATA[JAVA-RULES-LPGP]]></c><c><![CDATA[2007-11-29 14:35:10]]></c><c/></r><r><c><![CDATA[EXCEPTIONRULES]]></c><c><![CDATA[AVOIDCATCHINGNPE]]></c><c><![CDATA[JAVA-RULES-LPGP]]></c><c><![CDATA[2007-11-29 14:35:10]]></c><c/></r><r><c><![CDATA[EXCEPTIONRULES]]></c><c><![CDATA[AVOIDCATCHINGTHROWABLE]]></c><c><![CDATA[JAVA-RULES-LPGP]]></c><c><![CDATA[2007-11-29 14:35:10]]></c><c/></r><r><c><![CDATA[EXCEPTIONRULES]]></c><c><![CDATA[AVOIDINSTANCEOFCHECKSINCATCHCLAUSE]]></c><c><![CDATA[JAVA-RULES-LPGP]]></c><c><![CDATA[2007-11-29 14:35:10]]></c><c/></r><r><c><![CDATA[EXCEPTIONRULES]]></c><c><![CDATA[AVOIDTHROWINGNULLPOINTEREXCEPTION]]></c><c><![CDATA[JAVA-RULES-LPGP]]></c><c><![CDATA[2007-11-29 14:35:10]]></c><c/></r><r><c><![CDATA[SIMPLIFYBOOLEANEXPRESSIONS]]></c><c><![CDATA[SIMPLIFYBOOLEANEXPRESSIONS]]></c><c><![CDATA[JAVA-RULES-LPGP]]></c><c><![CDATA[2007-11-29 14:35:10]]></c><c/></r><r><c><![CDATA[EMPTYSTATEMENTNOTINLOOP]]></c><c><![CDATA[EMPTYSTATEMENTNOTINLOOP]]></c><c><![CDATA[JAVA-RULES-LPGP]]></c><c><![CDATA[2007-11-29 14:35:10]]></c><c/></r><r><c><![CDATA[AVOIDDUPLICATELITERALS]]></c><c><![CDATA[AVOIDDUPLICATELITERALS]]></c><c><![CDATA[JAVA-RULES-LPGP]]></c><c><![CDATA[2007-11-29 14:35:10]]></c><c/></r><r><c><![CDATA[AVOIDINSTANTIATINGOBJECTSINLOOPS]]></c><c><![CDATA[AVOIDINSTANTIATINGOBJECTSINLOOPS]]></c><c><![CDATA[JAVA-RULES-LPGP]]></c><c><![CDATA[2007-11-29 14:35:10]]></c><c/></r><r><c><![CDATA[AVOIDPRINTSTACKTRACE]]></c><c><![CDATA[AVOIDPRINTSTACKTRACE]]></c><c><![CDATA[JAVA-RULES-LPGP]]></c><c><![CDATA[2007-11-29 14:35:10]]></c><c/></r><r><c><![CDATA[NORMALIZED_DISTANCE]]></c><c><![CDATA[NORMALIZED_DISTANCE]]></c><c><![CDATA[JAVA-RULES-LPGP]]></c><c><![CDATA[2007-11-29 14:35:10]]></c><c/></r><r><c><![CDATA[ARCHITECTURE_TIERS]]></c><c><![CDATA[LIENS_MANQUANTS]]></c><c><![CDATA[JAVA-RULES-LPGP]]></c><c/><c/></r><r><c><![CDATA[SIGNATURE_INTERFACE_USE]]></c><c><![CDATA[SIGNATURE_INTERFACE_USE]]></c><c><![CDATA[JAVA-RULES-LPGP]]></c><c><![CDATA[2007-11-29 14:35:10]]></c><c/></r><r><c><![CDATA[REGEXPHEADER]]></c><c><![CDATA[REGEXPHEADERCHECK]]></c><c><![CDATA[JAVA-RULES-LPGP]]></c><c/><c/></r><r><c><![CDATA[EMPTYBLOCK]]></c><c><![CDATA[EMPTYBLOCKCHECK]]></c><c><![CDATA[JAVA-RULES-LPGP]]></c><c/><c/></r><r><c><![CDATA[CURLYBRACES]]></c><c><![CDATA[LEFTCURLYCHECK]]></c><c><![CDATA[JAVA-RULES-LPGP]]></c><c/><c/></r><r><c><![CDATA[CURLYBRACES]]></c><c><![CDATA[RIGHTCURLYCHECK]]></c><c><![CDATA[JAVA-RULES-LPGP]]></c><c/><c/></r><r><c><![CDATA[AVOIDINLINECONDITIONALS]]></c><c><![CDATA[AVOIDINLINECONDITIONALSCHECK]]></c><c><![CDATA[JAVA-RULES-LPGP]]></c><c/><c/></r><r><c><![CDATA[ILLEGALCATCH]]></c><c><![CDATA[ILLEGALCATCHCHECK]]></c><c><![CDATA[JAVA-RULES-LPGP]]></c><c/><c/></r><r><c><![CDATA[INNERASSIGNMENT]]></c><c><![CDATA[INNERASSIGNMENTCHECK]]></c><c><![CDATA[JAVA-RULES-LPGP]]></c><c/><c/></r><r><c><![CDATA[NOPACKAGE]]></c><c><![CDATA[NOPACKAGE]]></c><c><![CDATA[JAVA-RULES-LPGP]]></c><c/><c/></r><r><c><![CDATA[UNUSEDIMPORTS]]></c><c><![CDATA[UNUSEDIMPORTS]]></c><c><![CDATA[JAVA-RULES-LPGP]]></c><c/><c/></r><r><c><![CDATA[INDENTATION]]></c><c><![CDATA[INDENTATIONCHECK]]></c><c><![CDATA[JAVA-RULES-LPGP]]></c><c/><c/></r><r><c><![CDATA[JAVADOCMISSING]]></c><c><![CDATA[JAVADOCVARIABLECHECK]]></c><c><![CDATA[JAVA-RULES-LPGP]]></c><c/><c/></r><r><c><![CDATA[R4]]></c><c><![CDATA[LOCALFINALVARIABLENAME]]></c><c><![CDATA[JAVA-RULES-LPGP]]></c><c/><c/></r><r><c><![CDATA[R4]]></c><c><![CDATA[PACKAGENAMECHECK]]></c><c><![CDATA[JAVA-RULES-LPGP]]></c><c/><c/></r><r><c><![CDATA[ELEMENTLENGTH]]></c><c><![CDATA[FILELENGTHCHECK]]></c><c><![CDATA[JAVA-RULES-LPGP]]></c><c/><c/></r><r><c><![CDATA[ELEMENTLENGTH]]></c><c><![CDATA[LINELENGTHCHECK]]></c><c><![CDATA[JAVA-RULES-LPGP]]></c><c/><c/></r><r><c><![CDATA[ARCHITECTURE_TIERS]]></c><c><![CDATA[LIENS_NP]]></c><c><![CDATA[JAVA-RULES-LPGP]]></c><c/><c/></r><r><c><![CDATA[ELEMENTLENGTH]]></c><c><![CDATA[NAMELENGTHCHECK_LPGP]]></c><c><![CDATA[JAVA-RULES-LPGP]]></c><c/><c/></r><r><c><![CDATA[PARAMETERNUMBER]]></c><c><![CDATA[PARAMETERNUMBERCHECK]]></c><c><![CDATA[JAVA-RULES-LPGP]]></c><c/><c/></r><r><c><![CDATA[MAINTENABILITE_FORMAT]]></c><c><![CDATA[PARENPADCHECK]]></c><c><![CDATA[JAVA-RULES-LPGP]]></c><c/><c/></r><r><c><![CDATA[MAINTENABILITE_FORMAT]]></c><c><![CDATA[WHITESPACEAFTER]]></c><c><![CDATA[JAVA-RULES-LPGP]]></c><c/><c/></r><r><c><![CDATA[MAINTENABILITE_FORMAT]]></c><c><![CDATA[WHITESPACEAROUNDCHECK]]></c><c><![CDATA[JAVA-RULES-LPGP]]></c><c/><c/></r><r><c><![CDATA[ARCHITECTURE_TIERS]]></c><c><![CDATA[LIENS_CS]]></c><c><![CDATA[JAVA-RULES-LPGP]]></c><c/><c/></r><r><c><![CDATA[FRAMEWORK_USE]]></c><c><![CDATA[SPRING_USE]]></c><c><![CDATA[JAVA-RULES-LPGP]]></c><c/><c/></r><r><c><![CDATA[FRAMEWORK_USE]]></c><c><![CDATA[STRUTS_USE]]></c><c><![CDATA[JAVA-RULES-LPGP]]></c><c/><c/></r><r><c><![CDATA[BUSINESS_VIEW_SPLIT]]></c><c><![CDATA[JSP-NBSCRIPTLET]]></c><c><![CDATA[JAVA-RULES-LPGP]]></c><c/><c/></r><r><c><![CDATA[BUSINESS_VIEW_SPLIT]]></c><c><![CDATA[JSP-LOC]]></c><c><![CDATA[JAVA-RULES-LPGP]]></c><c/><c/></r><r><c><![CDATA[BUSINESS_VIEW_SPLIT]]></c><c><![CDATA[JSP-NBEXPRESSION]]></c><c><![CDATA[JAVA-RULES-LPGP]]></c><c/><c/></r><r><c><![CDATA[ERGONOMICS_CENTRAL]]></c><c><![CDATA[JSP-NBSTYLETAG]]></c><c><![CDATA[JAVA-RULES-LPGP]]></c><c/><c/></r><r><c><![CDATA[ERGONOMICS_CENTRAL]]></c><c><![CDATA[JSP-NBCUSTOMTAG]]></c><c><![CDATA[JAVA-RULES-LPGP]]></c><c/><c/></r><r><c><![CDATA[ERGONOMICS_CENTRAL]]></c><c><![CDATA[JSP-NBSTYLEATTR]]></c><c><![CDATA[JAVA-RULES-LPGP]]></c><c/><c/></r><r><c><![CDATA[JSP-SIZE]]></c><c><![CDATA[JSP-LOC]]></c><c><![CDATA[JAVA-RULES-LPGP]]></c><c/><c/></r><r><c><![CDATA[JSP_COMMENT]]></c><c><![CDATA[JSP-CLOC]]></c><c><![CDATA[JAVA-RULES-LPGP]]></c><c/><c/></r><r><c><![CDATA[JSP_COMMENT]]></c><c><![CDATA[JSP-HTMLCOMMENT]]></c><c><![CDATA[JAVA-RULES-LPGP]]></c><c/><c/></r><r><c><![CDATA[JSP_COMMENT]]></c><c><![CDATA[JSP-LOC]]></c><c><![CDATA[JAVA-RULES-LPGP]]></c><c/><c/></r><r><c><![CDATA[JSP_INTERNAL_SCRIPT]]></c><c><![CDATA[JSP-NBSCRIPT]]></c><c><![CDATA[JAVA-RULES-LPGP]]></c><c/><c/></r><r><c><![CDATA[JSP_INTERNAL_SCRIPT]]></c><c><![CDATA[JSP-NBSCRIPT-WITHOUT-LANGUAGE]]></c><c><![CDATA[JAVA-RULES-LPGP]]></c><c/><c/></r><r><c><![CDATA[JSP-PAGE-INCLUDE]]></c><c><![CDATA[JSP-NBACTIONINCLUDE]]></c><c><![CDATA[JAVA-RULES-LPGP]]></c><c/><c/></r><r><c><![CDATA[JS_DOCUMENTATION]]></c><c><![CDATA[JS_MISSING_HEADERDOC]]></c><c><![CDATA[JAVA-RULES-LPGP]]></c><c/><c/></r><r><c><![CDATA[JS_DOCUMENTATION]]></c><c><![CDATA[JS_COMMENT_PERCENT]]></c><c><![CDATA[JAVA-RULES-LPGP]]></c><c/><c/></r><r><c><![CDATA[JS_DBLQUOTE]]></c><c><![CDATA[JS_DBLE_QUOTE]]></c><c><![CDATA[JAVA-RULES-LPGP]]></c><c/><c/></r><r><c><![CDATA[DOC_COHERENCE]]></c><c><![CDATA[DOC_DOCUMENTOK]]></c><c><![CDATA[JAVA-RULES-LPGP]]></c><c/><c/></r><r><c><![CDATA[DOC_COHERENCE]]></c><c><![CDATA[DOC_DESCRIPTIONOK]]></c><c><![CDATA[JAVA-RULES-LPGP]]></c><c/><c/></r><r><c><![CDATA[DOC_COHERENCE]]></c><c><![CDATA[DOC_DIFFUSIONOK]]></c><c><![CDATA[JAVA-RULES-LPGP]]></c><c/><c/></r><r><c><![CDATA[DOC_COHERENCE]]></c><c><![CDATA[DOC_HISTORIQUEOK]]></c><c><![CDATA[JAVA-RULES-LPGP]]></c><c/><c/></r><r><c><![CDATA[DOC_COHERENCE]]></c><c><![CDATA[DOC_VALIDATIONOK]]></c><c><![CDATA[JAVA-RULES-LPGP]]></c><c/><c/></r><r><c><![CDATA[DOC_COHERENCE]]></c><c><![CDATA[DOC_APPROBATIONOK]]></c><c><![CDATA[JAVA-RULES-LPGP]]></c><c/><c/></r><r><c><![CDATA[DOC_COHERENCE]]></c><c><![CDATA[DOC_SOMMAIREOK]]></c><c><![CDATA[JAVA-RULES-LPGP]]></c><c/><c/></r><r><c><![CDATA[DOC_COHERENCE]]></c><c><![CDATA[DOC_PAGINATIONOK]]></c><c><![CDATA[JAVA-RULES-LPGP]]></c><c/><c/></r><r><c><![CDATA[DOC_COHERENCE]]></c><c><![CDATA[DOC_REFERENCESINCOHERENTES]]></c><c><![CDATA[JAVA-RULES-LPGP]]></c><c/><c/></r><r><c><![CDATA[DOC_COHERENCE]]></c><c><![CDATA[DOC_CHAPITRESINCOHERENTS]]></c><c><![CDATA[JAVA-RULES-LPGP]]></c><c/><c/></r><r><c><![CDATA[DOC_COHERENCE]]></c><c><![CDATA[DOC_CHAPITRES]]></c><c><![CDATA[JAVA-RULES-LPGP]]></c><c/><c/></r><r><c><![CDATA[DOC_COHERENCE]]></c><c><![CDATA[DOC_REFERENCES]]></c><c><![CDATA[JAVA-RULES-LPGP]]></c><c/><c/></r><r><c><![CDATA[DOC_LISIBILITE]]></c><c><![CDATA[DOC_DOCUMENTOK]]></c><c><![CDATA[JAVA-RULES-LPGP]]></c><c/><c/></r><r><c><![CDATA[DOC_LISIBILITE]]></c><c><![CDATA[DOC_PAGES]]></c><c><![CDATA[JAVA-RULES-LPGP]]></c><c/><c/></r><r><c><![CDATA[DOC_LISIBILITE]]></c><c><![CDATA[DOC_SCHEMAS]]></c><c><![CDATA[JAVA-RULES-LPGP]]></c><c/><c/></r><r><c><![CDATA[DOC_LISIBILITE]]></c><c><![CDATA[DOC_REFERENCES]]></c><c><![CDATA[JAVA-RULES-LPGP]]></c><c/><c/></r><r><c><![CDATA[DOC_LISIBILITE]]></c><c><![CDATA[DOC_CHAPITRES]]></c><c><![CDATA[JAVA-RULES-LPGP]]></c><c/><c/></r><r><c><![CDATA[DOC_CONFORMITE]]></c><c><![CDATA[DOC_DOCUMENTOK]]></c><c><![CDATA[JAVA-RULES-LPGP]]></c><c/><c/></r><r><c><![CDATA[DOC_CONFORMITE]]></c><c><![CDATA[DOC_HISTORIQUECONFORME]]></c><c><![CDATA[JAVA-RULES-LPGP]]></c><c/><c/></r><r><c><![CDATA[DOC_CONFORMITE]]></c><c><![CDATA[DOC_PRESENTATIONOK]]></c><c><![CDATA[JAVA-RULES-LPGP]]></c><c/><c/></r><r><c><![CDATA[DOC_CONFORMITE]]></c><c><![CDATA[DOC_HEADERFOOTEROK]]></c><c><![CDATA[JAVA-RULES-LPGP]]></c><c/><c/></r><r><c><![CDATA[DOC_CONFORMITE]]></c><c><![CDATA[DOC_CHAPITRESNONCONFORMES]]></c><c><![CDATA[JAVA-RULES-LPGP]]></c><c/><c/></r><r><c><![CDATA[DOC_CONFORMITE]]></c><c><![CDATA[DOC_CHAPITRESABSENTS]]></c><c><![CDATA[JAVA-RULES-LPGP]]></c><c/><c/></r><r><c><![CDATA[DOC_CONFORMITE]]></c><c><![CDATA[DOC_CHAPITRESPLUS]]></c><c><![CDATA[JAVA-RULES-LPGP]]></c><c/><c/></r><r><c><![CDATA[DOC_CONFORMITE]]></c><c><![CDATA[DOC_CHAPITRESDT]]></c><c><![CDATA[JAVA-RULES-LPGP]]></c><c/><c/></r><r><c><![CDATA[DOC_COMPREHENSION]]></c><c><![CDATA[DOC_DOCUMENTOK]]></c><c><![CDATA[JAVA-RULES-LPGP]]></c><c/><c/></r><r><c><![CDATA[DOC_COMPREHENSION]]></c><c><![CDATA[DOC_HISTORIQUEINCOMPREHENSIBLE]]></c><c><![CDATA[JAVA-RULES-LPGP]]></c><c/><c/></r><r><c><![CDATA[DOC_COMPREHENSION]]></c><c><![CDATA[DOC_CHAPITRESINCOMPREHENSIBLES]]></c><c><![CDATA[JAVA-RULES-LPGP]]></c><c/><c/></r><r><c><![CDATA[DOC_COMPREHENSION]]></c><c><![CDATA[DOC_REFERENCESINCOMPREHENSIBLES]]></c><c><![CDATA[JAVA-RULES-LPGP]]></c><c/><c/></r><r><c><![CDATA[DOC_COMPREHENSION]]></c><c><![CDATA[DOC_ORTHOGRAPHE]]></c><c><![CDATA[JAVA-RULES-LPGP]]></c><c/><c/></r><r><c><![CDATA[DOC_COMPREHENSION]]></c><c><![CDATA[DOC_CHAPITRES]]></c><c><![CDATA[JAVA-RULES-LPGP]]></c><c/><c/></r><r><c><![CDATA[DOC_COMPREHENSION]]></c><c><![CDATA[DOC_REFERENCES]]></c><c><![CDATA[JAVA-RULES-LPGP]]></c><c/><c/></r><r><c><![CDATA[DOC_COMPREHENSION]]></c><c><![CDATA[DOC_VERSIONS]]></c><c><![CDATA[JAVA-RULES-LPGP]]></c><c/><c/></r><r><c><![CDATA[DOC_COMPREHENSION]]></c><c><![CDATA[DOC_PAGES]]></c><c><![CDATA[JAVA-RULES-LPGP]]></c><c/><c/></r><r><c><![CDATA[DOC_AMBIGUITE]]></c><c><![CDATA[DOC_DOCUMENTOK]]></c><c><![CDATA[JAVA-RULES-LPGP]]></c><c/><c/></r><r><c><![CDATA[DOC_AMBIGUITE]]></c><c><![CDATA[DOC_HISTORIQUEAMBIGU]]></c><c><![CDATA[JAVA-RULES-LPGP]]></c><c/><c/></r><r><c><![CDATA[DOC_AMBIGUITE]]></c><c><![CDATA[DOC_CHAPITRESAMBIGUS]]></c><c><![CDATA[JAVA-RULES-LPGP]]></c><c/><c/></r><r><c><![CDATA[DOC_AMBIGUITE]]></c><c><![CDATA[DOC_REFERENCESAMBIGUES]]></c><c><![CDATA[JAVA-RULES-LPGP]]></c><c/><c/></r><r><c><![CDATA[DOC_AMBIGUITE]]></c><c><![CDATA[DOC_REFERENCES]]></c><c><![CDATA[JAVA-RULES-LPGP]]></c><c/><c/></r><r><c><![CDATA[DOC_AMBIGUITE]]></c><c><![CDATA[DOC_CHAPITRES]]></c><c><![CDATA[JAVA-RULES-LPGP]]></c><c/><c/></r><r><c><![CDATA[DOC_AMBIGUITE]]></c><c><![CDATA[DOC_VERSIONS]]></c><c><![CDATA[JAVA-RULES-LPGP]]></c><c/><c/></r><r><c><![CDATA[JS_EMPTYBLOCK]]></c><c><![CDATA[JS_EMPTY_BLOCK]]></c><c><![CDATA[JAVA-RULES-LPGP]]></c><c/><c/></r><r><c><![CDATA[JS_INT_PARSING]]></c><c><![CDATA[JS_INT_PARSING]]></c><c><![CDATA[JAVA-RULES-LPGP]]></c><c/><c/></r><r><c><![CDATA[JS_INT_PARSING]]></c><c><![CDATA[JS_NAN_TEST]]></c><c><![CDATA[JAVA-RULES-LPGP]]></c><c/><c/></r><r><c><![CDATA[JS_IMPLICIT_CAST_COMPARE]]></c><c><![CDATA[JS_IMPLICIT_CAST_COMPARE]]></c><c><![CDATA[JAVA-RULES-LPGP]]></c><c/><c/></r><r><c><![CDATA[JS_SWITCH_WITHOUT_DEFAULT]]></c><c><![CDATA[JS_SWITCH_WITHOUT_DEFAULT]]></c><c><![CDATA[JAVA-RULES-LPGP]]></c><c/><c/></r><r><c><![CDATA[JS_NEEDSBRACES]]></c><c><![CDATA[JS_NEEDSBRACES]]></c><c><![CDATA[JAVA-RULES-LPGP]]></c><c/><c/></r><r><c><![CDATA[JS_NODEEPCODE]]></c><c><![CDATA[JS_NODEEPCODE]]></c><c><![CDATA[JAVA-RULES-LPGP]]></c><c/><c/></r><r><c><![CDATA[JS_ONLYONEINSTRUCTION]]></c><c><![CDATA[JS_ONLYONEINSTRUCTION]]></c><c><![CDATA[JAVA-RULES-LPGP]]></c><c/><c/></r><r><c><![CDATA[JS_NO_IE_SPECIFIC]]></c><c><![CDATA[JS_NOSHOWMODALDIALOG]]></c><c><![CDATA[JAVA-RULES-LPGP]]></c><c/><c/></r><r><c><![CDATA[JS_JSP_REFACTORING]]></c><c><![CDATA[JS_JSP_FACTOR_TAGLIB]]></c><c><![CDATA[JAVA-RULES-LPGP]]></c><c/><c/></r><r><c><![CDATA[JS_JSP_REFACTORING]]></c><c><![CDATA[JS_JSP_EXTERNALIZE_JS]]></c><c><![CDATA[JAVA-RULES-LPGP]]></c><c/><c/></r><r><c><![CDATA[JS_JSP_HARDCODE_STRING]]></c><c><![CDATA[JS_JSP_HARDCODE_STRING]]></c><c><![CDATA[JAVA-RULES-LPGP]]></c><c/><c/></r><r><c><![CDATA[JSP_ERROR]]></c><c><![CDATA[JSP-MISSING-END-TAG]]></c><c><![CDATA[JAVA-RULES-LPGP]]></c><c/><c/></r><r><c><![CDATA[JSP_ERROR]]></c><c><![CDATA[JSP-UNBALANCED-TAG]]></c><c><![CDATA[JAVA-RULES-LPGP]]></c><c/><c/></r><r><c><![CDATA[ARCHITECTURE_TIERS]]></c><c><![CDATA[SA_RF_LINK]]></c><c><![CDATA[JAVA-RULES-LPGP]]></c><c/><c/></r></e>