<?xml version="1.0"  encoding="UTF-8"?><e><r><c><![CDATA[critere]]></c><c><![CDATA[compl]]></c><c><![CDATA[COMP]]></c><c><![CDATA[fr]]></c><c><![CDATA[La compréhension d'une méthode est proportionnelle au taux de commentaire et à la complexité de celle-ci.]]></c></r><r><c><![CDATA[critere]]></c><c><![CDATA[desc]]></c><c><![CDATA[COMP]]></c><c><![CDATA[en]]></c><c><![CDATA[Comprehension depends on comment ratio and method complexity. The more the method is complex and the less it is documented, the worst the comprehension will be.]]></c></r><r><c><![CDATA[critere]]></c><c><![CDATA[desc]]></c><c><![CDATA[COMP]]></c><c><![CDATA[fr]]></c><c><![CDATA[Fonction du taux de commentaire de traitement (intra procédures) et de la complexité cyclomatique (v(G)) de la procédure.]]></c></r><r><c><![CDATA[critere]]></c><c><![CDATA[lib]]></c><c><![CDATA[COMP]]></c><c><![CDATA[en]]></c><c><![CDATA[Comprehension]]></c></r><r><c><![CDATA[critere]]></c><c><![CDATA[lib]]></c><c><![CDATA[COMP]]></c><c><![CDATA[fr]]></c><c><![CDATA[Compréhension]]></c></r><r><c><![CDATA[critere]]></c><c><![CDATA[compl]]></c><c><![CDATA[EXCEPTIONRULES]]></c><c><![CDATA[fr]]></c><c><![CDATA[Ces règles sont :<BR/>- Eviter d'attraper NullPointerException.<BR/>- Eviter d'attraper Trowable.<BR/>- Ne pas utiliser d'instruction instanceof dans un bloc catch.<BR/>- Eviter de lancer une NullPointerException.]]></c></r><r><c><![CDATA[critere]]></c><c><![CDATA[desc]]></c><c><![CDATA[EXCEPTIONRULES]]></c><c><![CDATA[en]]></c><c><![CDATA[Rules on managing exceptions should be satisfied.]]></c></r><r><c><![CDATA[critere]]></c><c><![CDATA[desc]]></c><c><![CDATA[EXCEPTIONRULES]]></c><c><![CDATA[fr]]></c><c><![CDATA[Les règles de gestion des exceptions doivent être respectées.]]></c></r><r><c><![CDATA[critere]]></c><c><![CDATA[lib]]></c><c><![CDATA[EXCEPTIONRULES]]></c><c><![CDATA[en]]></c><c><![CDATA[Exception rules]]></c></r><r><c><![CDATA[critere]]></c><c><![CDATA[lib]]></c><c><![CDATA[EXCEPTIONRULES]]></c><c><![CDATA[fr]]></c><c><![CDATA[Gestion des exceptions]]></c></r><r><c><![CDATA[critere]]></c><c><![CDATA[compl]]></c><c><![CDATA[PERFORMANCE_CPU_CONSUMPTION]]></c><c><![CDATA[en]]></c><c><![CDATA[Check the statements used in the program and the algorithms and refactor it if necessary.]]></c></r><r><c><![CDATA[critere]]></c><c><![CDATA[compl]]></c><c><![CDATA[PERFORMANCE_CPU_CONSUMPTION]]></c><c><![CDATA[fr]]></c><c><![CDATA[Vérifier les instructions et les algorithmes du programme et refactoriser le code si nécessaire.]]></c></r><r><c><![CDATA[critere]]></c><c><![CDATA[desc]]></c><c><![CDATA[PERFORMANCE_CPU_CONSUMPTION]]></c><c><![CDATA[en]]></c><c><![CDATA[An program should limit its CPU consumption to not slow the application response time down.]]></c></r><r><c><![CDATA[critere]]></c><c><![CDATA[desc]]></c><c><![CDATA[PERFORMANCE_CPU_CONSUMPTION]]></c><c><![CDATA[es]]></c><c><![CDATA[PERFORMANCE_CPU_CONSUMPTION]]></c></r><r><c><![CDATA[critere]]></c><c><![CDATA[desc]]></c><c><![CDATA[PERFORMANCE_CPU_CONSUMPTION]]></c><c><![CDATA[fr]]></c><c><![CDATA[Il est recommander de limiter la consommation CPU des programmes afin de ne pas ralentir les temps de réponse de l'application.]]></c></r><r><c><![CDATA[critere]]></c><c><![CDATA[lib]]></c><c><![CDATA[PERFORMANCE_CPU_CONSUMPTION]]></c><c><![CDATA[en]]></c><c><![CDATA[CPU consumption]]></c></r><r><c><![CDATA[critere]]></c><c><![CDATA[lib]]></c><c><![CDATA[PERFORMANCE_CPU_CONSUMPTION]]></c><c><![CDATA[es]]></c><c><![CDATA[PERFORMANCE_CPU_CONSUMPTION]]></c></r><r><c><![CDATA[critere]]></c><c><![CDATA[lib]]></c><c><![CDATA[PERFORMANCE_CPU_CONSUMPTION]]></c><c><![CDATA[fr]]></c><c><![CDATA[Consommation CPU]]></c></r></e>