<?xml version="1.0"  encoding="UTF-8"?><e><r><c><![CDATA[metrique]]></c><c><![CDATA[lib]]></c><c><![CDATA[NAT_DIFFERENT_EXTERNAL_SUBROUTINE_NAME_AND_MODULE_NAME]]></c><c><![CDATA[es]]></c><c><![CDATA[Different External subroutine name and Module name]]></c></r><r><c><![CDATA[metrique]]></c><c><![CDATA[lib]]></c><c><![CDATA[NAT_DIFFERENT_EXTERNAL_SUBROUTINE_NAME_AND_MODULE_NAME]]></c><c><![CDATA[fr]]></c><c><![CDATA[Different External subroutine name and Module name]]></c></r><r><c><![CDATA[metrique]]></c><c><![CDATA[lib]]></c><c><![CDATA[NAT_ESCAPE_BOTTOM_AS_DEFAULT]]></c><c><![CDATA[en]]></c><c><![CDATA[ESCAPE BOTTOM as default]]></c></r><r><c><![CDATA[metrique]]></c><c><![CDATA[lib]]></c><c><![CDATA[NAT_ESCAPE_BOTTOM_AS_DEFAULT]]></c><c><![CDATA[es]]></c><c><![CDATA[ESCAPE BOTTOM as default]]></c></r><r><c><![CDATA[metrique]]></c><c><![CDATA[lib]]></c><c><![CDATA[NAT_ESCAPE_BOTTOM_AS_DEFAULT]]></c><c><![CDATA[fr]]></c><c><![CDATA[ESCAPE BOTTOM as default]]></c></r><r><c><![CDATA[metrique]]></c><c><![CDATA[lib]]></c><c><![CDATA[NAT_ESCAPE_FETCH_WITH_DEAD_CODE]]></c><c><![CDATA[en]]></c><c><![CDATA[ESCAPE / FETCH with dead code]]></c></r><r><c><![CDATA[metrique]]></c><c><![CDATA[lib]]></c><c><![CDATA[NAT_ESCAPE_FETCH_WITH_DEAD_CODE]]></c><c><![CDATA[es]]></c><c><![CDATA[ESCAPE / FETCH with dead code]]></c></r><r><c><![CDATA[metrique]]></c><c><![CDATA[lib]]></c><c><![CDATA[NAT_ESCAPE_FETCH_WITH_DEAD_CODE]]></c><c><![CDATA[fr]]></c><c><![CDATA[ESCAPE / FETCH with dead code]]></c></r><r><c><![CDATA[metrique]]></c><c><![CDATA[lib]]></c><c><![CDATA[NAT_FETCH_FROM_SUBPROG_OR_EXTER_SUBR]]></c><c><![CDATA[en]]></c><c><![CDATA[FETCH from subprogram or external subroutine]]></c></r><r><c><![CDATA[metrique]]></c><c><![CDATA[lib]]></c><c><![CDATA[NAT_FETCH_FROM_SUBPROG_OR_EXTER_SUBR]]></c><c><![CDATA[es]]></c><c><![CDATA[FETCH from subprogram or external subroutine]]></c></r><r><c><![CDATA[metrique]]></c><c><![CDATA[lib]]></c><c><![CDATA[NAT_FETCH_FROM_SUBPROG_OR_EXTER_SUBR]]></c><c><![CDATA[fr]]></c><c><![CDATA[FETCH from subprogram or external subroutine]]></c></r><r><c><![CDATA[metrique]]></c><c><![CDATA[lib]]></c><c><![CDATA[NAT_FIND_SORTED]]></c><c><![CDATA[en]]></c><c><![CDATA[FIND SORTED]]></c></r><r><c><![CDATA[metrique]]></c><c><![CDATA[lib]]></c><c><![CDATA[NAT_FIND_SORTED]]></c><c><![CDATA[es]]></c><c><![CDATA[FIND SORTED]]></c></r><r><c><![CDATA[metrique]]></c><c><![CDATA[lib]]></c><c><![CDATA[NAT_FIND_SORTED]]></c><c><![CDATA[fr]]></c><c><![CDATA[FIND SORTED]]></c></r><r><c><![CDATA[metrique]]></c><c><![CDATA[lib]]></c><c><![CDATA[NAT_FOUT]]></c><c><![CDATA[en]]></c><c><![CDATA[Call out count]]></c></r><r><c><![CDATA[metrique]]></c><c><![CDATA[lib]]></c><c><![CDATA[NAT_FOUT]]></c><c><![CDATA[es]]></c><c><![CDATA[Call out count]]></c></r><r><c><![CDATA[metrique]]></c><c><![CDATA[lib]]></c><c><![CDATA[NAT_FOUT]]></c><c><![CDATA[fr]]></c><c><![CDATA[Call out count]]></c></r><r><c><![CDATA[metrique]]></c><c><![CDATA[lib]]></c><c><![CDATA[NAT_INSTR]]></c><c><![CDATA[en]]></c><c><![CDATA[Instruction Count]]></c></r><r><c><![CDATA[metrique]]></c><c><![CDATA[lib]]></c><c><![CDATA[NAT_INSTR]]></c><c><![CDATA[es]]></c><c><![CDATA[Instruction Count]]></c></r><r><c><![CDATA[metrique]]></c><c><![CDATA[lib]]></c><c><![CDATA[NAT_INSTR]]></c><c><![CDATA[fr]]></c><c><![CDATA[Instruction Count]]></c></r><r><c><![CDATA[metrique]]></c><c><![CDATA[lib]]></c><c><![CDATA[NAT_LINES]]></c><c><![CDATA[en]]></c><c><![CDATA[NAT_LINES]]></c></r><r><c><![CDATA[metrique]]></c><c><![CDATA[lib]]></c><c><![CDATA[NAT_LINES]]></c><c><![CDATA[es]]></c><c><![CDATA[NAT_LINES]]></c></r><r><c><![CDATA[metrique]]></c><c><![CDATA[lib]]></c><c><![CDATA[NAT_LINES]]></c><c><![CDATA[fr]]></c><c><![CDATA[NAT_LINES]]></c></r><r><c><![CDATA[metrique]]></c><c><![CDATA[lib]]></c><c><![CDATA[NAT_MISSING_INTERNAL_SUBROUTINES]]></c><c><![CDATA[en]]></c><c><![CDATA[Missing internal subroutines]]></c></r><r><c><![CDATA[metrique]]></c><c><![CDATA[lib]]></c><c><![CDATA[NAT_MISSING_INTERNAL_SUBROUTINES]]></c><c><![CDATA[es]]></c><c><![CDATA[Missing internal subroutines]]></c></r><r><c><![CDATA[metrique]]></c><c><![CDATA[lib]]></c><c><![CDATA[NAT_MISSING_INTERNAL_SUBROUTINES]]></c><c><![CDATA[fr]]></c><c><![CDATA[Missing internal subroutines]]></c></r><r><c><![CDATA[metrique]]></c><c><![CDATA[lib]]></c><c><![CDATA[NAT_MISSING_OBJECTS]]></c><c><![CDATA[en]]></c><c><![CDATA[NAT_MISSING_OBJECTS]]></c></r><r><c><![CDATA[metrique]]></c><c><![CDATA[lib]]></c><c><![CDATA[NAT_MISSING_OBJECTS]]></c><c><![CDATA[es]]></c><c><![CDATA[NAT_MISSING_OBJECTS]]></c></r><r><c><![CDATA[metrique]]></c><c><![CDATA[lib]]></c><c><![CDATA[NAT_MISSING_OBJECTS]]></c><c><![CDATA[fr]]></c><c><![CDATA[NAT_MISSING_OBJECTS]]></c></r><r><c><![CDATA[metrique]]></c><c><![CDATA[lib]]></c><c><![CDATA[NAT_MULTIPLE_STATEMENTS_ON_THE_SAME_LINE]]></c><c><![CDATA[en]]></c><c><![CDATA[Multiple statements on the same line]]></c></r><r><c><![CDATA[metrique]]></c><c><![CDATA[lib]]></c><c><![CDATA[NAT_MULTIPLE_STATEMENTS_ON_THE_SAME_LINE]]></c><c><![CDATA[es]]></c><c><![CDATA[Multiple statements on the same line]]></c></r><r><c><![CDATA[metrique]]></c><c><![CDATA[lib]]></c><c><![CDATA[NAT_MULTIPLE_STATEMENTS_ON_THE_SAME_LINE]]></c><c><![CDATA[fr]]></c><c><![CDATA[Multiple statements on the same line]]></c></r><r><c><![CDATA[metrique]]></c><c><![CDATA[lib]]></c><c><![CDATA[NAT_NEST]]></c><c><![CDATA[en]]></c><c><![CDATA[Maximal nesting]]></c></r><r><c><![CDATA[metrique]]></c><c><![CDATA[lib]]></c><c><![CDATA[NAT_NEST]]></c><c><![CDATA[es]]></c><c><![CDATA[Maximal nesting]]></c></r><r><c><![CDATA[metrique]]></c><c><![CDATA[lib]]></c><c><![CDATA[NAT_NEST]]></c><c><![CDATA[fr]]></c><c><![CDATA[Maximal nesting]]></c></r><r><c><![CDATA[metrique]]></c><c><![CDATA[lib]]></c><c><![CDATA[NAT_NONE_BEFORE_ANY_IN_DECIDE]]></c><c><![CDATA[en]]></c><c><![CDATA[NONE before ANY in DECIDE]]></c></r><r><c><![CDATA[metrique]]></c><c><![CDATA[lib]]></c><c><![CDATA[NAT_NONE_BEFORE_ANY_IN_DECIDE]]></c><c><![CDATA[es]]></c><c><![CDATA[NONE before ANY in DECIDE]]></c></r><r><c><![CDATA[metrique]]></c><c><![CDATA[lib]]></c><c><![CDATA[NAT_NONE_BEFORE_ANY_IN_DECIDE]]></c><c><![CDATA[fr]]></c><c><![CDATA[NONE before ANY in DECIDE]]></c></r><r><c><![CDATA[metrique]]></c><c><![CDATA[lib]]></c><c><![CDATA[NAT_NONE_MISSING]]></c><c><![CDATA[en]]></c><c><![CDATA[NAT_NONE_MISSING]]></c></r><r><c><![CDATA[metrique]]></c><c><![CDATA[lib]]></c><c><![CDATA[NAT_NONE_MISSING]]></c><c><![CDATA[es]]></c><c><![CDATA[NAT_NONE_MISSING]]></c></r><r><c><![CDATA[metrique]]></c><c><![CDATA[lib]]></c><c><![CDATA[NAT_NONE_MISSING]]></c><c><![CDATA[fr]]></c><c><![CDATA[NAT_NONE_MISSING]]></c></r><r><c><![CDATA[metrique]]></c><c><![CDATA[lib]]></c><c><![CDATA[NAT_NON_STRUCTURAL_ESCAPE]]></c><c><![CDATA[en]]></c><c><![CDATA[Non structural ESCAPE]]></c></r><r><c><![CDATA[metrique]]></c><c><![CDATA[lib]]></c><c><![CDATA[NAT_NON_STRUCTURAL_ESCAPE]]></c><c><![CDATA[es]]></c><c><![CDATA[Non structural ESCAPE]]></c></r><r><c><![CDATA[metrique]]></c><c><![CDATA[lib]]></c><c><![CDATA[NAT_NON_STRUCTURAL_ESCAPE]]></c><c><![CDATA[fr]]></c><c><![CDATA[Non structural ESCAPE]]></c></r><r><c><![CDATA[metrique]]></c><c><![CDATA[lib]]></c><c><![CDATA[NAT_REINPUT_WITH_DEAD_CODE]]></c><c><![CDATA[en]]></c><c><![CDATA[REINPUT with dead code]]></c></r><r><c><![CDATA[metrique]]></c><c><![CDATA[lib]]></c><c><![CDATA[NAT_REINPUT_WITH_DEAD_CODE]]></c><c><![CDATA[es]]></c><c><![CDATA[REINPUT with dead code]]></c></r><r><c><![CDATA[metrique]]></c><c><![CDATA[lib]]></c><c><![CDATA[NAT_REINPUT_WITH_DEAD_CODE]]></c><c><![CDATA[fr]]></c><c><![CDATA[REINPUT with dead code]]></c></r><r><c><![CDATA[metrique]]></c><c><![CDATA[lib]]></c><c><![CDATA[NAT_SHORT_DECIDE]]></c><c><![CDATA[en]]></c><c><![CDATA[NAT_SHORT_DECIDE]]></c></r><r><c><![CDATA[metrique]]></c><c><![CDATA[lib]]></c><c><![CDATA[NAT_SHORT_DECIDE]]></c><c><![CDATA[es]]></c><c><![CDATA[NAT_SHORT_DECIDE]]></c></r><r><c><![CDATA[metrique]]></c><c><![CDATA[lib]]></c><c><![CDATA[NAT_SHORT_DECIDE]]></c><c><![CDATA[fr]]></c><c><![CDATA[NAT_SHORT_DECIDE]]></c></r><r><c><![CDATA[metrique]]></c><c><![CDATA[lib]]></c><c><![CDATA[NAT_STATEMENT_NUMBER_REFERENCE]]></c><c><![CDATA[en]]></c><c><![CDATA[Statement number reference]]></c></r><r><c><![CDATA[metrique]]></c><c><![CDATA[lib]]></c><c><![CDATA[NAT_STATEMENT_NUMBER_REFERENCE]]></c><c><![CDATA[es]]></c><c><![CDATA[Statement number reference]]></c></r><r><c><![CDATA[metrique]]></c><c><![CDATA[lib]]></c><c><![CDATA[NAT_STATEMENT_NUMBER_REFERENCE]]></c><c><![CDATA[fr]]></c><c><![CDATA[Statement number reference]]></c></r><r><c><![CDATA[metrique]]></c><c><![CDATA[lib]]></c><c><![CDATA[NAT_SUBR]]></c><c><![CDATA[en]]></c><c><![CDATA[Internal Subroutines count]]></c></r><r><c><![CDATA[metrique]]></c><c><![CDATA[lib]]></c><c><![CDATA[NAT_SUBR]]></c><c><![CDATA[es]]></c><c><![CDATA[Internal Subroutines count]]></c></r><r><c><![CDATA[metrique]]></c><c><![CDATA[lib]]></c><c><![CDATA[NAT_SUBR]]></c><c><![CDATA[fr]]></c><c><![CDATA[Internal Subroutines count]]></c></r><r><c><![CDATA[metrique]]></c><c><![CDATA[lib]]></c><c><![CDATA[NAT_TRIVIAL_TEST]]></c><c><![CDATA[en]]></c><c><![CDATA[NAT_TRIVIAL_TEST]]></c></r><r><c><![CDATA[metrique]]></c><c><![CDATA[lib]]></c><c><![CDATA[NAT_TRIVIAL_TEST]]></c><c><![CDATA[es]]></c><c><![CDATA[NAT_TRIVIAL_TEST]]></c></r><r><c><![CDATA[metrique]]></c><c><![CDATA[lib]]></c><c><![CDATA[NAT_TRIVIAL_TEST]]></c><c><![CDATA[fr]]></c><c><![CDATA[NAT_TRIVIAL_TEST]]></c></r><r><c><![CDATA[metrique]]></c><c><![CDATA[lib]]></c><c><![CDATA[NAT_UNUSED_DEFINED_DATA_AERA]]></c><c><![CDATA[en]]></c><c><![CDATA[NAT_UNUSED_DEFINED_DATA_AERA]]></c></r><r><c><![CDATA[metrique]]></c><c><![CDATA[lib]]></c><c><![CDATA[NAT_UNUSED_DEFINED_DATA_AERA]]></c><c><![CDATA[es]]></c><c><![CDATA[NAT_UNUSED_DEFINED_DATA_AERA]]></c></r><r><c><![CDATA[metrique]]></c><c><![CDATA[lib]]></c><c><![CDATA[NAT_UNUSED_DEFINED_DATA_AERA]]></c><c><![CDATA[fr]]></c><c><![CDATA[NAT_UNUSED_DEFINED_DATA_AERA]]></c></r><r><c><![CDATA[metrique]]></c><c><![CDATA[lib]]></c><c><![CDATA[NAT_UNUSED_DEFINED_FIELD]]></c><c><![CDATA[en]]></c><c><![CDATA[NAT_UNUSED_DEFINED_FIELD]]></c></r><r><c><![CDATA[metrique]]></c><c><![CDATA[lib]]></c><c><![CDATA[NAT_UNUSED_DEFINED_FIELD]]></c><c><![CDATA[es]]></c><c><![CDATA[NAT_UNUSED_DEFINED_FIELD]]></c></r><r><c><![CDATA[metrique]]></c><c><![CDATA[lib]]></c><c><![CDATA[NAT_UNUSED_DEFINED_FIELD]]></c><c><![CDATA[fr]]></c><c><![CDATA[NAT_UNUSED_DEFINED_FIELD]]></c></r><r><c><![CDATA[metrique]]></c><c><![CDATA[lib]]></c><c><![CDATA[NAT_UNUSED_DEFINED_FILE]]></c><c><![CDATA[en]]></c><c><![CDATA[NAT_UNUSED_DEFINED_FILE]]></c></r><r><c><![CDATA[metrique]]></c><c><![CDATA[lib]]></c><c><![CDATA[NAT_UNUSED_DEFINED_FILE]]></c><c><![CDATA[es]]></c><c><![CDATA[NAT_UNUSED_DEFINED_FILE]]></c></r><r><c><![CDATA[metrique]]></c><c><![CDATA[lib]]></c><c><![CDATA[NAT_UNUSED_DEFINED_FILE]]></c><c><![CDATA[fr]]></c><c><![CDATA[NAT_UNUSED_DEFINED_FILE]]></c></r><r><c><![CDATA[metrique]]></c><c><![CDATA[lib]]></c><c><![CDATA[NAT_UNUSED_INTERNAL_SUBROUTINES]]></c><c><![CDATA[en]]></c><c><![CDATA[NAT_UNUSED_INTERNAL_SUBROUTINES]]></c></r><r><c><![CDATA[metrique]]></c><c><![CDATA[lib]]></c><c><![CDATA[NAT_UNUSED_INTERNAL_SUBROUTINES]]></c><c><![CDATA[es]]></c><c><![CDATA[NAT_UNUSED_INTERNAL_SUBROUTINES]]></c></r><r><c><![CDATA[metrique]]></c><c><![CDATA[lib]]></c><c><![CDATA[NAT_UNUSED_INTERNAL_SUBROUTINES]]></c><c><![CDATA[fr]]></c><c><![CDATA[NAT_UNUSED_INTERNAL_SUBROUTINES]]></c></r><r><c><![CDATA[metrique]]></c><c><![CDATA[lib]]></c><c><![CDATA[NAT_UNUSED_VARIABLES]]></c><c><![CDATA[en]]></c><c><![CDATA[NAT_UNUSED_VARIABLES]]></c></r><r><c><![CDATA[metrique]]></c><c><![CDATA[lib]]></c><c><![CDATA[NAT_UNUSED_VARIABLES]]></c><c><![CDATA[es]]></c><c><![CDATA[NAT_UNUSED_VARIABLES]]></c></r><r><c><![CDATA[metrique]]></c><c><![CDATA[lib]]></c><c><![CDATA[NAT_UNUSED_VARIABLES]]></c><c><![CDATA[fr]]></c><c><![CDATA[NAT_UNUSED_VARIABLES]]></c></r><r><c><![CDATA[metrique]]></c><c><![CDATA[lib]]></c><c><![CDATA[NAT_VG]]></c><c><![CDATA[en]]></c><c><![CDATA[Cyclomatic complexity]]></c></r><r><c><![CDATA[metrique]]></c><c><![CDATA[lib]]></c><c><![CDATA[NAT_VG]]></c><c><![CDATA[es]]></c><c><![CDATA[Cyclomatic complexity]]></c></r><r><c><![CDATA[metrique]]></c><c><![CDATA[lib]]></c><c><![CDATA[NAT_VG]]></c><c><![CDATA[fr]]></c><c><![CDATA[Cyclomatic complexity]]></c></r><r><c><![CDATA[metrique]]></c><c><![CDATA[compl]]></c><c><![CDATA[NAT_DIFFERENT_EXTERNAL_SUBROUTINE_NAME_AND_MODULE_NAME]]></c><c><![CDATA[en]]></c><c><![CDATA[Action : Modifier l'instruction DEFINE SUBROUTINE pour donner le même nom que l'objet la contenant.]]></c></r><r><c><![CDATA[metrique]]></c><c><![CDATA[compl]]></c><c><![CDATA[NAT_DIFFERENT_EXTERNAL_SUBROUTINE_NAME_AND_MODULE_NAME]]></c><c><![CDATA[es]]></c><c><![CDATA[Action : Modifier l'instruction DEFINE SUBROUTINE pour donner le même nom que l'objet la contenant.]]></c></r><r><c><![CDATA[metrique]]></c><c><![CDATA[compl]]></c><c><![CDATA[NAT_DIFFERENT_EXTERNAL_SUBROUTINE_NAME_AND_MODULE_NAME]]></c><c><![CDATA[fr]]></c><c><![CDATA[Action : Modifier l'instruction DEFINE SUBROUTINE pour donner le même nom que l'objet la contenant.]]></c></r><r><c><![CDATA[metrique]]></c><c><![CDATA[compl]]></c><c><![CDATA[NAT_ESCAPE_BOTTOM_AS_DEFAULT]]></c><c><![CDATA[en]]></c><c><![CDATA[Action : Conditionner l'exécution de l'instruction ESCAPE\nBOTTOM.]]></c></r><r><c><![CDATA[metrique]]></c><c><![CDATA[compl]]></c><c><![CDATA[NAT_ESCAPE_BOTTOM_AS_DEFAULT]]></c><c><![CDATA[es]]></c><c><![CDATA[Action : Conditionner l'exécution de l'instruction ESCAPE\nBOTTOM.]]></c></r><r><c><![CDATA[metrique]]></c><c><![CDATA[compl]]></c><c><![CDATA[NAT_ESCAPE_BOTTOM_AS_DEFAULT]]></c><c><![CDATA[fr]]></c><c><![CDATA[Action : Conditionner l'exécution de l'instruction ESCAPE\nBOTTOM.]]></c></r><r><c><![CDATA[metrique]]></c><c><![CDATA[compl]]></c><c><![CDATA[NAT_FETCH_FROM_SUBPROG_OR_EXTER_SUBR]]></c><c><![CDATA[en]]></c><c><![CDATA[Un FETCH à ce niveau a pour effet d'arrêter l'exécution de la routine en cours, mais aussi du programme principal à l'origine de l'appel de cette routine.\nAction : Revoir le mode d'enchaînement des programmes pour remonter l'instruction FETCH dans le programme principal.]]></c></r><r><c><![CDATA[metrique]]></c><c><![CDATA[compl]]></c><c><![CDATA[NAT_FETCH_FROM_SUBPROG_OR_EXTER_SUBR]]></c><c><![CDATA[es]]></c><c><![CDATA[Un FETCH à ce niveau a pour effet d'arrêter l'exécution de la routine en cours, mais aussi du programme principal à l'origine de l'appel de cette routine.\nAction : Revoir le mode d'enchaînement des programmes pour remonter l'instruction FETCH dans le programme principal.]]></c></r><r><c><![CDATA[metrique]]></c><c><![CDATA[compl]]></c><c><![CDATA[NAT_FETCH_FROM_SUBPROG_OR_EXTER_SUBR]]></c><c><![CDATA[fr]]></c><c><![CDATA[Un FETCH à ce niveau a pour effet d'arrêter l'exécution de la routine en cours, mais aussi du programme principal à l'origine de l'appel de cette routine.\nAction : Revoir le mode d'enchaînement des programmes pour remonter l'instruction FETCH dans le programme principal.]]></c></r><r><c><![CDATA[metrique]]></c><c><![CDATA[compl]]></c><c><![CDATA[NAT_FIND_SORTED]]></c><c><![CDATA[en]]></c><c><![CDATA[Elle ne devrait pas apparaître car elle concerne surtout ADABAS.\nAction : Utiliser l'instruction READ BY.]]></c></r><r><c><![CDATA[metrique]]></c><c><![CDATA[compl]]></c><c><![CDATA[NAT_FIND_SORTED]]></c><c><![CDATA[es]]></c><c><![CDATA[Elle ne devrait pas apparaître car elle concerne surtout ADABAS.\nAction : Utiliser l'instruction READ BY.]]></c></r><r><c><![CDATA[metrique]]></c><c><![CDATA[compl]]></c><c><![CDATA[NAT_FIND_SORTED]]></c><c><![CDATA[fr]]></c><c><![CDATA[Elle ne devrait pas apparaître car elle concerne surtout ADABAS.\nAction : Utiliser l'instruction READ BY.]]></c></r><r><c><![CDATA[metrique]]></c><c><![CDATA[compl]]></c><c><![CDATA[NAT_FOUT]]></c><c><![CDATA[en]]></c><c><![CDATA[Action : Vérifier que le découpage en sous-programmes n'est pas trop élémentaire et regrouper ceux qui doivent toujours être appelés en même temps.]]></c></r><r><c><![CDATA[metrique]]></c><c><![CDATA[compl]]></c><c><![CDATA[NAT_FOUT]]></c><c><![CDATA[es]]></c><c><![CDATA[Action : Vérifier que le découpage en sous-programmes n'est pas trop élémentaire et regrouper ceux qui doivent toujours être appelés en même temps.]]></c></r><r><c><![CDATA[metrique]]></c><c><![CDATA[compl]]></c><c><![CDATA[NAT_FOUT]]></c><c><![CDATA[fr]]></c><c><![CDATA[Action : Vérifier que le découpage en sous-programmes n'est pas trop élémentaire et regrouper ceux qui doivent toujours être appelés en même temps.]]></c></r><r><c><![CDATA[metrique]]></c><c><![CDATA[compl]]></c><c><![CDATA[NAT_INSTR]]></c><c><![CDATA[en]]></c><c><![CDATA[Ce n'est pas le nombre de lignes de code étant donné qu'on peut écrire plusieurs instructions sur la même ligne ou qu'une instruction peut s'étendre sur plusieurs lignes.\nELSE, THEN et WHEN ne sont pas considérés comme des instructions.\nAction : Modulariser le traitement en interne (PERFORM) ou en externe (CALLNAT).]]></c></r><r><c><![CDATA[metrique]]></c><c><![CDATA[compl]]></c><c><![CDATA[NAT_INSTR]]></c><c><![CDATA[es]]></c><c><![CDATA[Ce n'est pas le nombre de lignes de code étant donné qu'on peut écrire plusieurs instructions sur la même ligne ou qu'une instruction peut s'étendre sur plusieurs lignes.\nELSE, THEN et WHEN ne sont pas considérés comme des instructions.\nAction : Modulariser le traitement en interne (PERFORM) ou en externe (CALLNAT).]]></c></r><r><c><![CDATA[metrique]]></c><c><![CDATA[compl]]></c><c><![CDATA[NAT_INSTR]]></c><c><![CDATA[fr]]></c><c><![CDATA[Ce n'est pas le nombre de lignes de code étant donné qu'on peut écrire plusieurs instructions sur la même ligne ou qu'une instruction peut s'étendre sur plusieurs lignes.\nELSE, THEN et WHEN ne sont pas considérés comme des instructions.\nAction : Modulariser le traitement en interne (PERFORM) ou en externe (CALLNAT).]]></c></r><r><c><![CDATA[metrique]]></c><c><![CDATA[compl]]></c><c><![CDATA[NAT_MISSING_INTERNAL_SUBROUTINES]]></c><c><![CDATA[en]]></c><c><![CDATA[Cette anomalie permet de s'assurer de la présence de la subroutine.\nAction : Ecrire la subroutine manquante.]]></c></r><r><c><![CDATA[metrique]]></c><c><![CDATA[compl]]></c><c><![CDATA[NAT_MISSING_INTERNAL_SUBROUTINES]]></c><c><![CDATA[es]]></c><c><![CDATA[Cette anomalie permet de s'assurer de la présence de la subroutine.\nAction : Ecrire la subroutine manquante.]]></c></r><r><c><![CDATA[metrique]]></c><c><![CDATA[compl]]></c><c><![CDATA[NAT_MISSING_INTERNAL_SUBROUTINES]]></c><c><![CDATA[fr]]></c><c><![CDATA[Cette anomalie permet de s'assurer de la présence de la subroutine.\nAction : Ecrire la subroutine manquante.]]></c></r><r><c><![CDATA[metrique]]></c><c><![CDATA[compl]]></c><c><![CDATA[NAT_MULTIPLE_STATEMENTS_ON_THE_SAME_LINE]]></c><c><![CDATA[en]]></c><c><![CDATA[Action : Ecrire chaque instruction sur une ligne différente.]]></c></r><r><c><![CDATA[metrique]]></c><c><![CDATA[compl]]></c><c><![CDATA[NAT_MULTIPLE_STATEMENTS_ON_THE_SAME_LINE]]></c><c><![CDATA[es]]></c><c><![CDATA[Action : Ecrire chaque instruction sur une ligne différente.]]></c></r><r><c><![CDATA[metrique]]></c><c><![CDATA[compl]]></c><c><![CDATA[NAT_MULTIPLE_STATEMENTS_ON_THE_SAME_LINE]]></c><c><![CDATA[fr]]></c><c><![CDATA[Action : Ecrire chaque instruction sur une ligne différente.]]></c></r><r><c><![CDATA[metrique]]></c><c><![CDATA[compl]]></c><c><![CDATA[NAT_NEST]]></c><c><![CDATA[en]]></c><c><![CDATA[Les instructions concernées sont IF, DECIDE, READ, SELECT, REPEAT, FOR ... en fait toute instruction générant une boucle ou une décision.\nAction : Modulariser le traitement en externe (CALLNAT).]]></c></r><r><c><![CDATA[metrique]]></c><c><![CDATA[compl]]></c><c><![CDATA[NAT_NEST]]></c><c><![CDATA[es]]></c><c><![CDATA[Les instructions concernées sont IF, DECIDE, READ, SELECT, REPEAT, FOR ... en fait toute instruction générant une boucle ou une décision.\nAction : Modulariser le traitement en externe (CALLNAT).]]></c></r><r><c><![CDATA[metrique]]></c><c><![CDATA[compl]]></c><c><![CDATA[NAT_NEST]]></c><c><![CDATA[fr]]></c><c><![CDATA[Les instructions concernées sont IF, DECIDE, READ, SELECT, REPEAT, FOR ... en fait toute instruction générant une boucle ou une décision.\nAction : Modulariser le traitement en externe (CALLNAT).]]></c></r><r><c><![CDATA[metrique]]></c><c><![CDATA[compl]]></c><c><![CDATA[NAT_NONE_BEFORE_ANY_IN_DECIDE]]></c><c><![CDATA[en]]></c><c><![CDATA[Elle est conservée dans RestNat afin d'assurer la compatibilité avec les anciennes versions.]]></c></r><r><c><![CDATA[metrique]]></c><c><![CDATA[compl]]></c><c><![CDATA[NAT_NONE_BEFORE_ANY_IN_DECIDE]]></c><c><![CDATA[es]]></c><c><![CDATA[Elle est conservée dans RestNat afin d'assurer la compatibilité avec les anciennes versions.]]></c></r><r><c><![CDATA[metrique]]></c><c><![CDATA[compl]]></c><c><![CDATA[NAT_NONE_BEFORE_ANY_IN_DECIDE]]></c><c><![CDATA[fr]]></c><c><![CDATA[Elle est conservée dans RestNat afin d'assurer la compatibilité avec les anciennes versions.]]></c></r><r><c><![CDATA[metrique]]></c><c><![CDATA[compl]]></c><c><![CDATA[NAT_NON_STRUCTURAL_ESCAPE]]></c><c><![CDATA[en]]></c><c><![CDATA[L'effet d'une telle programmation est très difficile à analyser et à comprendre, voir provoquer un plantage si l'appel de cette subroutine se fait en dehors d'une boucle.\nAction : Remonter l'instruction ESCAPE BOTTOM dans la boucle de lecture de l'appelant et conditionner son exécution par un code retour retourné par la subroutine.]]></c></r><r><c><![CDATA[metrique]]></c><c><![CDATA[compl]]></c><c><![CDATA[NAT_NON_STRUCTURAL_ESCAPE]]></c><c><![CDATA[es]]></c><c><![CDATA[L'effet d'une telle programmation est très difficile à analyser et à comprendre, voir provoquer un plantage si l'appel de cette subroutine se fait en dehors d'une boucle.\nAction : Remonter l'instruction ESCAPE BOTTOM dans la boucle de lecture de l'appelant et conditionner son exécution par un code retour retourné par la subroutine.]]></c></r><r><c><![CDATA[metrique]]></c><c><![CDATA[compl]]></c><c><![CDATA[NAT_NON_STRUCTURAL_ESCAPE]]></c><c><![CDATA[fr]]></c><c><![CDATA[L'effet d'une telle programmation est très difficile à analyser et à comprendre, voir provoquer un plantage si l'appel de cette subroutine se fait en dehors d'une boucle.\nAction : Remonter l'instruction ESCAPE BOTTOM dans la boucle de lecture de l'appelant et conditionner son exécution par un code retour retourné par la subroutine.]]></c></r><r><c><![CDATA[metrique]]></c><c><![CDATA[compl]]></c><c><![CDATA[NAT_STATEMENT_NUMBER_REFERENCE]]></c><c><![CDATA[en]]></c><c><![CDATA[Action : Utiliser une référence par label.]]></c></r><r><c><![CDATA[metrique]]></c><c><![CDATA[compl]]></c><c><![CDATA[NAT_STATEMENT_NUMBER_REFERENCE]]></c><c><![CDATA[es]]></c><c><![CDATA[Action : Utiliser une référence par label.]]></c></r><r><c><![CDATA[metrique]]></c><c><![CDATA[compl]]></c><c><![CDATA[NAT_STATEMENT_NUMBER_REFERENCE]]></c><c><![CDATA[fr]]></c><c><![CDATA[Action : Utiliser une référence par label.]]></c></r><r><c><![CDATA[metrique]]></c><c><![CDATA[compl]]></c><c><![CDATA[NAT_SUBR]]></c><c><![CDATA[en]]></c><c><![CDATA[Elle n'inclut pas le code principal de l'objet (main).\nAction : Vérifier que le découpage en subroutines est justifié par la réutilisation du code.]]></c></r><r><c><![CDATA[metrique]]></c><c><![CDATA[compl]]></c><c><![CDATA[NAT_SUBR]]></c><c><![CDATA[es]]></c><c><![CDATA[Elle n'inclut pas le code principal de l'objet (main).\nAction : Vérifier que le découpage en subroutines est justifié par la réutilisation du code.]]></c></r><r><c><![CDATA[metrique]]></c><c><![CDATA[compl]]></c><c><![CDATA[NAT_SUBR]]></c><c><![CDATA[fr]]></c><c><![CDATA[Elle n'inclut pas le code principal de l'objet (main).\nAction : Vérifier que le découpage en subroutines est justifié par la réutilisation du code.]]></c></r><r><c><![CDATA[metrique]]></c><c><![CDATA[compl]]></c><c><![CDATA[NAT_VG]]></c><c><![CDATA[en]]></c><c><![CDATA[Pour cela, RestNat compte le nombre de branches dans un graphe d'exécution de la routine.\nPlus cette valeur est élevée, plus le risque de bug est grand.\nAction : Modulariser le traitement en interne (PERFORM) ou en externe (CALLNAT).]]></c></r><r><c><![CDATA[metrique]]></c><c><![CDATA[compl]]></c><c><![CDATA[NAT_VG]]></c><c><![CDATA[es]]></c><c><![CDATA[Pour cela, RestNat compte le nombre de branches dans un graphe d'exécution de la routine.\nPlus cette valeur est élevée, plus le risque de bug est grand.\nAction : Modulariser le traitement en interne (PERFORM) ou en externe (CALLNAT).]]></c></r><r><c><![CDATA[metrique]]></c><c><![CDATA[compl]]></c><c><![CDATA[NAT_VG]]></c><c><![CDATA[fr]]></c><c><![CDATA[Pour cela, RestNat compte le nombre de branches dans un graphe d'exécution de la routine.\nPlus cette valeur est élevée, plus le risque de bug est grand.\nAction : Modulariser le traitement en interne (PERFORM) ou en externe (CALLNAT).]]></c></r><r><c><![CDATA[metrique]]></c><c><![CDATA[desc]]></c><c><![CDATA[NAT_COMPLEX_LOGICAL_EXPRESSION]]></c><c><![CDATA[en]]></c><c><![CDATA[Les constructions complexes réduisent la lisibilité du code et compliquent les tests.]]></c></r><r><c><![CDATA[metrique]]></c><c><![CDATA[desc]]></c><c><![CDATA[NAT_COMPLEX_LOGICAL_EXPRESSION]]></c><c><![CDATA[es]]></c><c><![CDATA[Les constructions complexes réduisent la lisibilité du code et compliquent les tests.]]></c></r><r><c><![CDATA[metrique]]></c><c><![CDATA[desc]]></c><c><![CDATA[NAT_COMPLEX_LOGICAL_EXPRESSION]]></c><c><![CDATA[fr]]></c><c><![CDATA[Les constructions complexes réduisent la lisibilité du code et compliquent les tests.]]></c></r><r><c><![CDATA[metrique]]></c><c><![CDATA[desc]]></c><c><![CDATA[NAT_DEEP_NEST]]></c><c><![CDATA[en]]></c><c><![CDATA[Nombre de niveaux d'imbrication des structures]]></c></r><r><c><![CDATA[metrique]]></c><c><![CDATA[desc]]></c><c><![CDATA[NAT_DEEP_NEST]]></c><c><![CDATA[es]]></c><c><![CDATA[Nombre de niveaux d'imbrication des structures]]></c></r><r><c><![CDATA[metrique]]></c><c><![CDATA[desc]]></c><c><![CDATA[NAT_DEEP_NEST]]></c><c><![CDATA[fr]]></c><c><![CDATA[Nombre de niveaux d'imbrication des structures]]></c></r><r><c><![CDATA[metrique]]></c><c><![CDATA[desc]]></c><c><![CDATA[NAT_DIFFERENT_EXTERNAL_SUBROUTINE_NAME_AND_MODULE_NAME]]></c><c><![CDATA[en]]></c><c><![CDATA[Dans un objet de type Subroutine, le nom donné par l'instruction DEFINE SUBROUTINE doit être identique au nom de l'objet.\nDans le cas contraire, la recherche est compliquée et ralentie.]]></c></r><r><c><![CDATA[metrique]]></c><c><![CDATA[desc]]></c><c><![CDATA[NAT_DIFFERENT_EXTERNAL_SUBROUTINE_NAME_AND_MODULE_NAME]]></c><c><![CDATA[es]]></c><c><![CDATA[Dans un objet de type Subroutine, le nom donné par l'instruction DEFINE SUBROUTINE doit être identique au nom de l'objet.\nDans le cas contraire, la recherche est compliquée et ralentie.]]></c></r><r><c><![CDATA[metrique]]></c><c><![CDATA[desc]]></c><c><![CDATA[NAT_DIFFERENT_EXTERNAL_SUBROUTINE_NAME_AND_MODULE_NAME]]></c><c><![CDATA[fr]]></c><c><![CDATA[Dans un objet de type Subroutine, le nom donné par l'instruction DEFINE SUBROUTINE doit être identique au nom de l'objet.\nDans le cas contraire, la recherche est compliquée et ralentie.]]></c></r><r><c><![CDATA[metrique]]></c><c><![CDATA[desc]]></c><c><![CDATA[NAT_ESCAPE_BOTTOM_AS_DEFAULT]]></c><c><![CDATA[en]]></c><c><![CDATA[Une instruction ESCAPE BOTTOM dans une boucle de lecture sans la conditionner déclenche cette anomalie.\nLa sortie de la boucle est alors systématique.]]></c></r><r><c><![CDATA[metrique]]></c><c><![CDATA[desc]]></c><c><![CDATA[NAT_ESCAPE_BOTTOM_AS_DEFAULT]]></c><c><![CDATA[es]]></c><c><![CDATA[Une instruction ESCAPE BOTTOM dans une boucle de lecture sans la conditionner déclenche cette anomalie.\nLa sortie de la boucle est alors systématique.]]></c></r><r><c><![CDATA[metrique]]></c><c><![CDATA[desc]]></c><c><![CDATA[NAT_ESCAPE_BOTTOM_AS_DEFAULT]]></c><c><![CDATA[fr]]></c><c><![CDATA[Une instruction ESCAPE BOTTOM dans une boucle de lecture sans la conditionner déclenche cette anomalie.\nLa sortie de la boucle est alors systématique.]]></c></r><r><c><![CDATA[metrique]]></c><c><![CDATA[desc]]></c><c><![CDATA[NAT_ESCAPE_FETCH_WITH_DEAD_CODE]]></c><c><![CDATA[en]]></c><c><![CDATA[Une instruction ESCAPE ou FETCH suivie par des instructions qui ne seront jamais exécutées déclenche cette anomalie.]]></c></r><r><c><![CDATA[metrique]]></c><c><![CDATA[desc]]></c><c><![CDATA[NAT_ESCAPE_FETCH_WITH_DEAD_CODE]]></c><c><![CDATA[es]]></c><c><![CDATA[Une instruction ESCAPE ou FETCH suivie par des instructions qui ne seront jamais exécutées déclenche cette anomalie.]]></c></r><r><c><![CDATA[metrique]]></c><c><![CDATA[desc]]></c><c><![CDATA[NAT_ESCAPE_FETCH_WITH_DEAD_CODE]]></c><c><![CDATA[fr]]></c><c><![CDATA[Une instruction ESCAPE ou FETCH suivie par des instructions qui ne seront jamais exécutées déclenche cette anomalie.]]></c></r><r><c><![CDATA[metrique]]></c><c><![CDATA[desc]]></c><c><![CDATA[NAT_FETCH_FROM_SUBPROG_OR_EXTER_SUBR]]></c><c><![CDATA[en]]></c><c><![CDATA[Un FETCH dans un sous-programme ou une subroutine externe déclenche cette anomalie.]]></c></r><r><c><![CDATA[metrique]]></c><c><![CDATA[desc]]></c><c><![CDATA[NAT_FETCH_FROM_SUBPROG_OR_EXTER_SUBR]]></c><c><![CDATA[es]]></c><c><![CDATA[Un FETCH dans un sous-programme ou une subroutine externe déclenche cette anomalie.]]></c></r><r><c><![CDATA[metrique]]></c><c><![CDATA[desc]]></c><c><![CDATA[NAT_FETCH_FROM_SUBPROG_OR_EXTER_SUBR]]></c><c><![CDATA[fr]]></c><c><![CDATA[Un FETCH dans un sous-programme ou une subroutine externe déclenche cette anomalie.]]></c></r><r><c><![CDATA[metrique]]></c><c><![CDATA[desc]]></c><c><![CDATA[NAT_FIND_SORTED]]></c><c><![CDATA[en]]></c><c><![CDATA[Cette instruction n'est pas performante, elle risque de manipuler de très nombreuses lignes, même si on n'en utilise que 10-15 (notamment pour un affichage en TP).]]></c></r><r><c><![CDATA[metrique]]></c><c><![CDATA[desc]]></c><c><![CDATA[NAT_FIND_SORTED]]></c><c><![CDATA[es]]></c><c><![CDATA[Cette instruction n'est pas performante, elle risque de manipuler de très nombreuses lignes, même si on n'en utilise que 10-15 (notamment pour un affichage en TP).]]></c></r><r><c><![CDATA[metrique]]></c><c><![CDATA[desc]]></c><c><![CDATA[NAT_FIND_SORTED]]></c><c><![CDATA[fr]]></c><c><![CDATA[Cette instruction n'est pas performante, elle risque de manipuler de très nombreuses lignes, même si on n'en utilise que 10-15 (notamment pour un affichage en TP).]]></c></r><r><c><![CDATA[metrique]]></c><c><![CDATA[desc]]></c><c><![CDATA[NAT_FOUT]]></c><c><![CDATA[en]]></c><c><![CDATA[Cette métrique indique le nombre d'objets appelés par un objet.]]></c></r><r><c><![CDATA[metrique]]></c><c><![CDATA[desc]]></c><c><![CDATA[NAT_FOUT]]></c><c><![CDATA[es]]></c><c><![CDATA[Cette métrique indique le nombre d'objets appelés par un objet.]]></c></r><r><c><![CDATA[metrique]]></c><c><![CDATA[desc]]></c><c><![CDATA[NAT_FOUT]]></c><c><![CDATA[fr]]></c><c><![CDATA[Cette métrique indique le nombre d'objets appelés par un objet.]]></c></r><r><c><![CDATA[metrique]]></c><c><![CDATA[desc]]></c><c><![CDATA[NAT_INSTR]]></c><c><![CDATA[en]]></c><c><![CDATA[Cette métrique indique le nombre d'instructions contenues dans une routine.]]></c></r><r><c><![CDATA[metrique]]></c><c><![CDATA[desc]]></c><c><![CDATA[NAT_INSTR]]></c><c><![CDATA[es]]></c><c><![CDATA[Cette métrique indique le nombre d'instructions contenues dans une routine.]]></c></r><r><c><![CDATA[metrique]]></c><c><![CDATA[desc]]></c><c><![CDATA[NAT_INSTR]]></c><c><![CDATA[fr]]></c><c><![CDATA[Cette métrique indique le nombre d'instructions contenues dans une routine.]]></c></r><r><c><![CDATA[metrique]]></c><c><![CDATA[desc]]></c><c><![CDATA[NAT_MISSING_INTERNAL_SUBROUTINES]]></c><c><![CDATA[en]]></c><c><![CDATA[Une instruction PERFORM fait référence à une subroutine, mais celle-ci est introuvable. Cette erreur n'est pas détectée par le compilateur, seulement lors de l'exécution si le jeu de test active le PERFORM.]]></c></r><r><c><![CDATA[metrique]]></c><c><![CDATA[desc]]></c><c><![CDATA[NAT_MISSING_INTERNAL_SUBROUTINES]]></c><c><![CDATA[es]]></c><c><![CDATA[Une instruction PERFORM fait référence à une subroutine, mais celle-ci est introuvable. Cette erreur n'est pas détectée par le compilateur, seulement lors de l'exécution si le jeu de test active le PERFORM.]]></c></r><r><c><![CDATA[metrique]]></c><c><![CDATA[desc]]></c><c><![CDATA[NAT_MISSING_INTERNAL_SUBROUTINES]]></c><c><![CDATA[fr]]></c><c><![CDATA[Une instruction PERFORM fait référence à une subroutine, mais celle-ci est introuvable. Cette erreur n'est pas détectée par le compilateur, seulement lors de l'exécution si le jeu de test active le PERFORM.]]></c></r><r><c><![CDATA[metrique]]></c><c><![CDATA[desc]]></c><c><![CDATA[NAT_MULTIPLE_STATEMENTS_ON_THE_SAME_LINE]]></c><c><![CDATA[en]]></c><c><![CDATA[L'écriture d'au moins 2 instructions sur la même ligne de code déclenche cette anomalie.]]></c></r><r><c><![CDATA[metrique]]></c><c><![CDATA[desc]]></c><c><![CDATA[NAT_MULTIPLE_STATEMENTS_ON_THE_SAME_LINE]]></c><c><![CDATA[es]]></c><c><![CDATA[L'écriture d'au moins 2 instructions sur la même ligne de code déclenche cette anomalie.]]></c></r><r><c><![CDATA[metrique]]></c><c><![CDATA[desc]]></c><c><![CDATA[NAT_MULTIPLE_STATEMENTS_ON_THE_SAME_LINE]]></c><c><![CDATA[fr]]></c><c><![CDATA[L'écriture d'au moins 2 instructions sur la même ligne de code déclenche cette anomalie.]]></c></r><r><c><![CDATA[metrique]]></c><c><![CDATA[desc]]></c><c><![CDATA[NAT_NEST]]></c><c><![CDATA[en]]></c><c><![CDATA[Cette métrique indique le nombre maximum de structures imbriquées dans un objet.]]></c></r><r><c><![CDATA[metrique]]></c><c><![CDATA[desc]]></c><c><![CDATA[NAT_NEST]]></c><c><![CDATA[es]]></c><c><![CDATA[Cette métrique indique le nombre maximum de structures imbriquées dans un objet.]]></c></r><r><c><![CDATA[metrique]]></c><c><![CDATA[desc]]></c><c><![CDATA[NAT_NEST]]></c><c><![CDATA[fr]]></c><c><![CDATA[Cette métrique indique le nombre maximum de structures imbriquées dans un objet.]]></c></r><r><c><![CDATA[metrique]]></c><c><![CDATA[desc]]></c><c><![CDATA[NAT_NONE_BEFORE_ANY_IN_DECIDE]]></c><c><![CDATA[en]]></c><c><![CDATA[Cette erreur ne devrait plus apparaître car le compilateur actuel la détecte. Sa présence est historique pour pallier à une insuffisance du compilateur Natural dans une ancienne version.]]></c></r><r><c><![CDATA[metrique]]></c><c><![CDATA[desc]]></c><c><![CDATA[NAT_NONE_BEFORE_ANY_IN_DECIDE]]></c><c><![CDATA[es]]></c><c><![CDATA[Cette erreur ne devrait plus apparaître car le compilateur actuel la détecte. Sa présence est historique pour pallier à une insuffisance du compilateur Natural dans une ancienne version.]]></c></r><r><c><![CDATA[metrique]]></c><c><![CDATA[desc]]></c><c><![CDATA[NAT_NONE_BEFORE_ANY_IN_DECIDE]]></c><c><![CDATA[fr]]></c><c><![CDATA[Cette erreur ne devrait plus apparaître car le compilateur actuel la détecte. Sa présence est historique pour pallier à une insuffisance du compilateur Natural dans une ancienne version.]]></c></r><r><c><![CDATA[metrique]]></c><c><![CDATA[desc]]></c><c><![CDATA[NAT_NON_STRUCTURAL_ESCAPE]]></c><c><![CDATA[en]]></c><c><![CDATA[Un ESCAPE BOTTOM dans une subroutine sans instruction de boucle (FIND, READ, SELECT, REPEAT, FOR, ...) déclenche cette anomalie.]]></c></r><r><c><![CDATA[metrique]]></c><c><![CDATA[desc]]></c><c><![CDATA[NAT_NON_STRUCTURAL_ESCAPE]]></c><c><![CDATA[es]]></c><c><![CDATA[Un ESCAPE BOTTOM dans une subroutine sans instruction de boucle (FIND, READ, SELECT, REPEAT, FOR, ...) déclenche cette anomalie.]]></c></r><r><c><![CDATA[metrique]]></c><c><![CDATA[desc]]></c><c><![CDATA[NAT_NON_STRUCTURAL_ESCAPE]]></c><c><![CDATA[fr]]></c><c><![CDATA[Un ESCAPE BOTTOM dans une subroutine sans instruction de boucle (FIND, READ, SELECT, REPEAT, FOR, ...) déclenche cette anomalie.]]></c></r><r><c><![CDATA[metrique]]></c><c><![CDATA[desc]]></c><c><![CDATA[NAT_REINPUT_WITH_DEAD_CODE]]></c><c><![CDATA[en]]></c><c><![CDATA[Une instruction REINPUT suivie par des instructions qui ne seront jamais exécutées déclenche cette anomalie.]]></c></r><r><c><![CDATA[metrique]]></c><c><![CDATA[desc]]></c><c><![CDATA[NAT_REINPUT_WITH_DEAD_CODE]]></c><c><![CDATA[es]]></c><c><![CDATA[Une instruction REINPUT suivie par des instructions qui ne seront jamais exécutées déclenche cette anomalie.]]></c></r><r><c><![CDATA[metrique]]></c><c><![CDATA[desc]]></c><c><![CDATA[NAT_REINPUT_WITH_DEAD_CODE]]></c><c><![CDATA[fr]]></c><c><![CDATA[Une instruction REINPUT suivie par des instructions qui ne seront jamais exécutées déclenche cette anomalie.]]></c></r><r><c><![CDATA[metrique]]></c><c><![CDATA[desc]]></c><c><![CDATA[NAT_STATEMENT_NUMBER_REFERENCE]]></c><c><![CDATA[en]]></c><c><![CDATA[Une instruction UPDATE, DELETE ou ESCAPE BOTTOM faisant référence à une instruction de lecture ou de boucle par son numéro de ligne déclenche cette anomalie.]]></c></r><r><c><![CDATA[metrique]]></c><c><![CDATA[desc]]></c><c><![CDATA[NAT_STATEMENT_NUMBER_REFERENCE]]></c><c><![CDATA[es]]></c><c><![CDATA[Une instruction UPDATE, DELETE ou ESCAPE BOTTOM faisant référence à une instruction de lecture ou de boucle par son numéro de ligne déclenche cette anomalie.]]></c></r><r><c><![CDATA[metrique]]></c><c><![CDATA[desc]]></c><c><![CDATA[NAT_STATEMENT_NUMBER_REFERENCE]]></c><c><![CDATA[fr]]></c><c><![CDATA[Une instruction UPDATE, DELETE ou ESCAPE BOTTOM faisant référence à une instruction de lecture ou de boucle par son numéro de ligne déclenche cette anomalie.]]></c></r><r><c><![CDATA[metrique]]></c><c><![CDATA[desc]]></c><c><![CDATA[NAT_SUBR]]></c><c><![CDATA[en]]></c><c><![CDATA[Cette métrique indique le nombre de subroutines internes contenues dans un objet.]]></c></r><r><c><![CDATA[metrique]]></c><c><![CDATA[desc]]></c><c><![CDATA[NAT_SUBR]]></c><c><![CDATA[es]]></c><c><![CDATA[Cette métrique indique le nombre de subroutines internes contenues dans un objet.]]></c></r><r><c><![CDATA[metrique]]></c><c><![CDATA[desc]]></c><c><![CDATA[NAT_SUBR]]></c><c><![CDATA[fr]]></c><c><![CDATA[Cette métrique indique le nombre de subroutines internes contenues dans un objet.]]></c></r><r><c><![CDATA[metrique]]></c><c><![CDATA[desc]]></c><c><![CDATA[NAT_VG]]></c><c><![CDATA[en]]></c><c><![CDATA[Cette métrique indique la quantité de logique contenue dans une routine.]]></c></r><r><c><![CDATA[metrique]]></c><c><![CDATA[desc]]></c><c><![CDATA[NAT_VG]]></c><c><![CDATA[es]]></c><c><![CDATA[Cette métrique indique la quantité de logique contenue dans une routine.]]></c></r><r><c><![CDATA[metrique]]></c><c><![CDATA[desc]]></c><c><![CDATA[NAT_VG]]></c><c><![CDATA[fr]]></c><c><![CDATA[Cette métrique indique la quantité de logique contenue dans une routine.]]></c></r><r><c><![CDATA[metrique]]></c><c><![CDATA[lib]]></c><c><![CDATA[NAT_COMPLEX_LOGICAL_EXPRESSION]]></c><c><![CDATA[en]]></c><c><![CDATA[Logical expression complexity]]></c></r><r><c><![CDATA[metrique]]></c><c><![CDATA[lib]]></c><c><![CDATA[NAT_COMPLEX_LOGICAL_EXPRESSION]]></c><c><![CDATA[es]]></c><c><![CDATA[Logical expression complexity]]></c></r><r><c><![CDATA[metrique]]></c><c><![CDATA[lib]]></c><c><![CDATA[NAT_COMPLEX_LOGICAL_EXPRESSION]]></c><c><![CDATA[fr]]></c><c><![CDATA[Logical expression complexity]]></c></r><r><c><![CDATA[metrique]]></c><c><![CDATA[lib]]></c><c><![CDATA[NAT_DEAD_CODE]]></c><c><![CDATA[en]]></c><c><![CDATA[Dead code]]></c></r><r><c><![CDATA[metrique]]></c><c><![CDATA[lib]]></c><c><![CDATA[NAT_DEAD_CODE]]></c><c><![CDATA[es]]></c><c><![CDATA[NAT_DEAD_CODE]]></c></r><r><c><![CDATA[metrique]]></c><c><![CDATA[lib]]></c><c><![CDATA[NAT_DEAD_CODE]]></c><c><![CDATA[fr]]></c><c><![CDATA[Code mort]]></c></r><r><c><![CDATA[metrique]]></c><c><![CDATA[lib]]></c><c><![CDATA[NAT_DEEP_NEST]]></c><c><![CDATA[en]]></c><c><![CDATA[Nesting depth]]></c></r><r><c><![CDATA[metrique]]></c><c><![CDATA[lib]]></c><c><![CDATA[NAT_DEEP_NEST]]></c><c><![CDATA[es]]></c><c><![CDATA[Nesting depth]]></c></r><r><c><![CDATA[metrique]]></c><c><![CDATA[lib]]></c><c><![CDATA[NAT_DEEP_NEST]]></c><c><![CDATA[fr]]></c><c><![CDATA[Nesting depth]]></c></r><r><c><![CDATA[metrique]]></c><c><![CDATA[lib]]></c><c><![CDATA[NAT_DEFINE_REPORT]]></c><c><![CDATA[en]]></c><c><![CDATA[NAT_DEFINE_REPORT]]></c></r><r><c><![CDATA[metrique]]></c><c><![CDATA[lib]]></c><c><![CDATA[NAT_DEFINE_REPORT]]></c><c><![CDATA[es]]></c><c><![CDATA[NAT_DEFINE_REPORT]]></c></r><r><c><![CDATA[metrique]]></c><c><![CDATA[lib]]></c><c><![CDATA[NAT_DEFINE_REPORT]]></c><c><![CDATA[fr]]></c><c><![CDATA[NAT_DEFINE_REPORT]]></c></r><r><c><![CDATA[metrique]]></c><c><![CDATA[lib]]></c><c><![CDATA[NAT_DIFFERENT_DEFINITION_CONTRARY_DDM]]></c><c><![CDATA[en]]></c><c><![CDATA[NAT_DIFFERENT_DEFINITION_CONTRARY_DDM]]></c></r><r><c><![CDATA[metrique]]></c><c><![CDATA[lib]]></c><c><![CDATA[NAT_DIFFERENT_DEFINITION_CONTRARY_DDM]]></c><c><![CDATA[es]]></c><c><![CDATA[NAT_DIFFERENT_DEFINITION_CONTRARY_DDM]]></c></r><r><c><![CDATA[metrique]]></c><c><![CDATA[lib]]></c><c><![CDATA[NAT_DIFFERENT_DEFINITION_CONTRARY_DDM]]></c><c><![CDATA[fr]]></c><c><![CDATA[NAT_DIFFERENT_DEFINITION_CONTRARY_DDM]]></c></r><r><c><![CDATA[metrique]]></c><c><![CDATA[lib]]></c><c><![CDATA[NAT_DIFFERENT_EXTERNAL_SUBROUTINE_NAME_AND_MODULE_NAME]]></c><c><![CDATA[en]]></c><c><![CDATA[Different External subroutine name and Module name]]></c></r></e>