<?xml version="1.0"  encoding="UTF-8"?><e><r><c><![CDATA[facteur]]></c><c><![CDATA[compl]]></c><c><![CDATA[MAIN]]></c><c><![CDATA[en]]></c><c><![CDATA[MAIN]]></c></r><r><c><![CDATA[facteur]]></c><c><![CDATA[compl]]></c><c><![CDATA[MAIN]]></c><c><![CDATA[fr]]></c><c><![CDATA[MAIN]]></c></r><r><c><![CDATA[facteur]]></c><c><![CDATA[desc]]></c><c><![CDATA[MAIN]]></c><c><![CDATA[en]]></c><c><![CDATA[Evaluating the ability to make changes with minimal side effects.]]></c></r><r><c><![CDATA[facteur]]></c><c><![CDATA[desc]]></c><c><![CDATA[MAIN]]></c><c><![CDATA[fr]]></c><c><![CDATA[Cet objectif a pour but d'évaluer l'aptitude de l'application à être réparée et à évoluer.]]></c></r><r><c><![CDATA[facteur]]></c><c><![CDATA[lib]]></c><c><![CDATA[MAIN]]></c><c><![CDATA[en]]></c><c><![CDATA[Maintainability]]></c></r><r><c><![CDATA[facteur]]></c><c><![CDATA[lib]]></c><c><![CDATA[MAIN]]></c><c><![CDATA[fr]]></c><c><![CDATA[Maintenabilité]]></c></r><r><c><![CDATA[facteur]]></c><c><![CDATA[desc]]></c><c><![CDATA[PERFORMANCES]]></c><c><![CDATA[en]]></c><c><![CDATA[Evaluating the ability to run the application efficiently, and to determine which sections of a program to optimize, usually either to increase its speed or decrease its memory requirement (or sometimes both).]]></c></r><r><c><![CDATA[facteur]]></c><c><![CDATA[desc]]></c><c><![CDATA[PERFORMANCES]]></c><c><![CDATA[fr]]></c><c><![CDATA[Performances]]></c></r><r><c><![CDATA[facteur]]></c><c><![CDATA[lib]]></c><c><![CDATA[PERFORMANCES]]></c><c><![CDATA[en]]></c><c><![CDATA[Performances]]></c></r><r><c><![CDATA[facteur]]></c><c><![CDATA[lib]]></c><c><![CDATA[PERFORMANCES]]></c><c><![CDATA[fr]]></c><c><![CDATA[Performances]]></c></r><r><c><![CDATA[facteur]]></c><c><![CDATA[compl]]></c><c><![CDATA[ROBU]]></c><c><![CDATA[en]]></c><c><![CDATA[ROBU]]></c></r><r><c><![CDATA[facteur]]></c><c><![CDATA[compl]]></c><c><![CDATA[ROBU]]></c><c><![CDATA[fr]]></c><c><![CDATA[ROBU]]></c></r><r><c><![CDATA[facteur]]></c><c><![CDATA[desc]]></c><c><![CDATA[ROBU]]></c><c><![CDATA[en]]></c><c><![CDATA[Evaluating the ability to keep the application running under stress (load testing, etc).]]></c></r><r><c><![CDATA[facteur]]></c><c><![CDATA[desc]]></c><c><![CDATA[ROBU]]></c><c><![CDATA[fr]]></c><c><![CDATA[Cet objectif permet d'évaluer la capacité de l'application à rester opérationnelle (montée en charge, etc) et stable.]]></c></r><r><c><![CDATA[facteur]]></c><c><![CDATA[lib]]></c><c><![CDATA[ROBU]]></c><c><![CDATA[en]]></c><c><![CDATA[Robustness]]></c></r><r><c><![CDATA[facteur]]></c><c><![CDATA[lib]]></c><c><![CDATA[ROBU]]></c><c><![CDATA[fr]]></c><c><![CDATA[Robustesse]]></c></r></e>