<?xml version="1.0" encoding="UTF-8"?>
<METHOD>
  <USAGE id="NATURAL">
    <CRITDEF id="COMP">
      <AGGREG id="AVG" telt="ALL" />
      <COSTFORMULA>
        <VAL value="1" type="NUMERIC" />
      </COSTFORMULA>
      <FORMULA value="1">
        <OP id="gt" type="BOOLEAN">
          <VAR id="NAT_VG" type="NUMERIC" />
          <VAL value="10" type="NUMERIC" />
        </OP>
      </FORMULA>
      <FORMULA value="4">
        <VAL value="true" type="BOOLEAN" />
      </FORMULA>
    </CRITDEF>
  </USAGE>
</METHOD>

