<?xml version="1.0"  encoding="UTF-8"?><e><r><c><![CDATA[NAT_COMPLEX_LOGICAL_EXPRESSION]]></c><c/><c/><c><![CDATA[RESTNAT]]></c><c/><c/><c><![CDATA[2011-05-19 00:00:00]]></c><c/><c/><c/></r><r><c><![CDATA[NAT_DEAD_CODE]]></c><c/><c/><c><![CDATA[RESTNAT]]></c><c/><c/><c><![CDATA[2011-06-30 00:00:00]]></c><c/><c/><c/></r><r><c><![CDATA[NAT_DEEP_NEST]]></c><c/><c/><c><![CDATA[RESTNAT]]></c><c/><c/><c><![CDATA[2011-05-19 00:00:00]]></c><c/><c/><c/></r><r><c><![CDATA[NAT_DEFINE_REPORT]]></c><c/><c/><c><![CDATA[RESTNAT]]></c><c/><c/><c><![CDATA[2011-05-19 00:00:00]]></c><c/><c/><c/></r><r><c><![CDATA[NAT_DIFFERENT_DEFINITION_CONTRARY_DDM]]></c><c/><c/><c><![CDATA[RESTNAT]]></c><c/><c/><c><![CDATA[2011-05-19 00:00:00]]></c><c/><c/><c/></r><r><c><![CDATA[NAT_DIFFERENT_EXTERNAL_SUBROUTINE_NAME_AND_MODULE_NAME]]></c><c/><c/><c><![CDATA[RESTNAT]]></c><c/><c/><c><![CDATA[2011-05-19 00:00:00]]></c><c/><c/><c/></r><r><c><![CDATA[NAT_ESCAPE_BOTTOM_AS_DEFAULT]]></c><c/><c/><c><![CDATA[RESTNAT]]></c><c/><c/><c><![CDATA[2011-05-19 00:00:00]]></c><c/><c/><c/></r><r><c><![CDATA[NAT_ESCAPE_FETCH_WITH_DEAD_CODE]]></c><c/><c/><c><![CDATA[RESTNAT]]></c><c/><c/><c><![CDATA[2011-05-19 00:00:00]]></c><c/><c/><c/></r><r><c><![CDATA[NAT_FETCH_FROM_SUBPROG_OR_EXTER_SUBR]]></c><c/><c/><c><![CDATA[RESTNAT]]></c><c/><c/><c><![CDATA[2011-05-19 00:00:00]]></c><c/><c/><c/></r><r><c><![CDATA[NAT_FIND_SORTED]]></c><c/><c/><c><![CDATA[RESTNAT]]></c><c/><c/><c><![CDATA[2011-05-19 00:00:00]]></c><c/><c/><c/></r><r><c><![CDATA[NAT_FOUT]]></c><c/><c/><c><![CDATA[RESTNAT]]></c><c/><c/><c><![CDATA[2011-05-19 00:00:00]]></c><c/><c/><c/></r><r><c><![CDATA[NAT_INSTR]]></c><c/><c/><c><![CDATA[RESTNAT]]></c><c/><c/><c><![CDATA[2011-05-19 00:00:00]]></c><c/><c/><c/></r><r><c><![CDATA[NAT_LINES]]></c><c/><c/><c><![CDATA[RESTNAT]]></c><c/><c/><c><![CDATA[2011-05-19 00:00:00]]></c><c/><c/><c/></r><r><c><![CDATA[NAT_MISSING_INTERNAL_SUBROUTINES]]></c><c/><c/><c><![CDATA[RESTNAT]]></c><c/><c/><c><![CDATA[2011-05-19 00:00:00]]></c><c/><c/><c/></r><r><c><![CDATA[NAT_MISSING_OBJECTS]]></c><c/><c/><c><![CDATA[RESTNAT]]></c><c/><c/><c><![CDATA[2011-05-19 00:00:00]]></c><c/><c/><c/></r><r><c><![CDATA[NAT_MULTIPLE_STATEMENTS_ON_THE_SAME_LINE]]></c><c/><c/><c><![CDATA[RESTNAT]]></c><c/><c/><c><![CDATA[2011-05-19 00:00:00]]></c><c/><c/><c/></r><r><c><![CDATA[NAT_NEST]]></c><c/><c/><c><![CDATA[RESTNAT]]></c><c/><c/><c><![CDATA[2011-05-19 00:00:00]]></c><c/><c/><c/></r><r><c><![CDATA[NAT_NONE_BEFORE_ANY_IN_DECIDE]]></c><c/><c/><c><![CDATA[RESTNAT]]></c><c/><c/><c><![CDATA[2011-05-19 00:00:00]]></c><c/><c/><c/></r><r><c><![CDATA[NAT_NONE_MISSING]]></c><c/><c/><c><![CDATA[RESTNAT]]></c><c/><c/><c><![CDATA[2011-05-19 00:00:00]]></c><c/><c/><c/></r><r><c><![CDATA[NAT_NON_STRUCTURAL_ESCAPE]]></c><c/><c/><c><![CDATA[RESTNAT]]></c><c/><c/><c><![CDATA[2011-05-19 00:00:00]]></c><c/><c/><c/></r><r><c><![CDATA[NAT_REINPUT_WITH_DEAD_CODE]]></c><c/><c/><c><![CDATA[RESTNAT]]></c><c/><c/><c><![CDATA[2011-05-19 00:00:00]]></c><c/><c/><c/></r><r><c><![CDATA[NAT_SHORT_DECIDE]]></c><c/><c/><c><![CDATA[RESTNAT]]></c><c/><c/><c><![CDATA[2011-05-19 00:00:00]]></c><c/><c/><c/></r><r><c><![CDATA[NAT_STATEMENT_NUMBER_REFERENCE]]></c><c/><c/><c><![CDATA[RESTNAT]]></c><c/><c/><c><![CDATA[2011-05-19 00:00:00]]></c><c/><c/><c/></r><r><c><![CDATA[NAT_SUBR]]></c><c/><c/><c><![CDATA[RESTNAT]]></c><c/><c/><c><![CDATA[2011-05-19 00:00:00]]></c><c/><c/><c/></r><r><c><![CDATA[NAT_TRIVIAL_TEST]]></c><c/><c/><c><![CDATA[RESTNAT]]></c><c/><c/><c><![CDATA[2011-05-19 00:00:00]]></c><c/><c/><c/></r><r><c><![CDATA[NAT_UNUSED_DEFINED_DATA_AERA]]></c><c/><c/><c><![CDATA[RESTNAT]]></c><c/><c/><c><![CDATA[2011-05-19 00:00:00]]></c><c/><c/><c/></r><r><c><![CDATA[NAT_UNUSED_DEFINED_FIELD]]></c><c/><c/><c><![CDATA[RESTNAT]]></c><c/><c/><c><![CDATA[2011-05-19 00:00:00]]></c><c/><c/><c/></r><r><c><![CDATA[NAT_UNUSED_DEFINED_FILE]]></c><c/><c/><c><![CDATA[RESTNAT]]></c><c/><c/><c><![CDATA[2011-05-19 00:00:00]]></c><c/><c/><c/></r><r><c><![CDATA[NAT_UNUSED_INTERNAL_SUBROUTINES]]></c><c/><c/><c><![CDATA[RESTNAT]]></c><c/><c/><c><![CDATA[2011-05-19 00:00:00]]></c><c/><c/><c/></r><r><c><![CDATA[NAT_UNUSED_VARIABLES]]></c><c/><c/><c><![CDATA[RESTNAT]]></c><c/><c/><c><![CDATA[2011-05-19 00:00:00]]></c><c/><c/><c/></r><r><c><![CDATA[NAT_VG]]></c><c/><c/><c><![CDATA[RESTNAT]]></c><c/><c/><c><![CDATA[2011-05-19 00:00:00]]></c><c/><c/><c/></r></e>