<?xml version="1.0"  encoding="UTF-8"?><e><r><c><![CDATA[COBOL_V1]]></c><c><![CDATA[EVOL]]></c><c><![CDATA[FILE-TOO-LONG]]></c><c><![CDATA[1]]></c><c><![CDATA[2008-07-21 09:24:23]]></c><c/></r><r><c><![CDATA[COBOL_V1]]></c><c><![CDATA[MAIN]]></c><c><![CDATA[FILE-TOO-LONG]]></c><c><![CDATA[1]]></c><c><![CDATA[2008-07-21 09:24:23]]></c><c/></r><r><c><![CDATA[COBOL_V1]]></c><c><![CDATA[PORTABILITY]]></c><c><![CDATA[ALTER-STATEMENT]]></c><c><![CDATA[1]]></c><c><![CDATA[2008-07-21 09:24:23]]></c><c/></r><r><c><![CDATA[COBOL_V1]]></c><c><![CDATA[MAIN]]></c><c><![CDATA[UNUSED-CODE]]></c><c><![CDATA[2]]></c><c><![CDATA[2008-07-21 09:24:23]]></c><c/></r><r><c><![CDATA[COBOL_V1]]></c><c><![CDATA[MAIN]]></c><c><![CDATA[EMPTY-PARAGRAPH]]></c><c><![CDATA[1]]></c><c><![CDATA[2008-07-21 09:24:23]]></c><c/></r><r><c><![CDATA[COBOL_V1]]></c><c><![CDATA[PORTABILITY]]></c><c><![CDATA[IDENTIFIER-TOO-LONG]]></c><c><![CDATA[1]]></c><c><![CDATA[2008-07-21 09:24:23]]></c><c/></r><r><c><![CDATA[COBOL_V1]]></c><c><![CDATA[PORTABILITY]]></c><c><![CDATA[TABS-PRESENT]]></c><c><![CDATA[1]]></c><c><![CDATA[2008-07-21 09:24:23]]></c><c/></r><r><c><![CDATA[COBOL_V1]]></c><c><![CDATA[MAIN]]></c><c><![CDATA[GOTO-AND-PERFORM]]></c><c><![CDATA[3]]></c><c><![CDATA[2008-07-21 09:24:23]]></c><c/></r><r><c><![CDATA[COBOL_V1]]></c><c><![CDATA[PORTABILITY]]></c><c><![CDATA[EXEC-STATEMENT]]></c><c><![CDATA[1]]></c><c><![CDATA[2008-07-21 09:24:23]]></c><c/></r><r><c><![CDATA[COBOL_V1]]></c><c><![CDATA[EVOL]]></c><c><![CDATA[PROCEDURE-LOC]]></c><c><![CDATA[2]]></c><c><![CDATA[2008-07-21 09:24:23]]></c><c/></r><r><c><![CDATA[COBOL_V1]]></c><c><![CDATA[MAIN]]></c><c><![CDATA[PROCEDURE-LOC]]></c><c><![CDATA[1]]></c><c><![CDATA[2008-07-21 09:24:23]]></c><c/></r><r><c><![CDATA[COBOL_V1]]></c><c><![CDATA[MAIN]]></c><c><![CDATA[INITIALIZED-LINKAGE-VAR]]></c><c><![CDATA[1]]></c><c><![CDATA[2008-07-21 09:24:23]]></c><c/></r><r><c><![CDATA[COBOL_V1]]></c><c><![CDATA[MAIN]]></c><c><![CDATA[LINKAGE-IN-COPYBOOK]]></c><c><![CDATA[1]]></c><c><![CDATA[2008-07-21 09:24:23]]></c><c/></r><r><c><![CDATA[COBOL_V1]]></c><c><![CDATA[EVOL]]></c><c><![CDATA[COMPLEXITY]]></c><c><![CDATA[2]]></c><c><![CDATA[2008-07-21 09:24:23]]></c><c/></r><r><c><![CDATA[COBOL_V1]]></c><c><![CDATA[MAIN]]></c><c><![CDATA[COMPLEXITY]]></c><c><![CDATA[2]]></c><c><![CDATA[2008-07-21 09:24:23]]></c><c/></r><r><c><![CDATA[COBOL_V1]]></c><c><![CDATA[EVOL]]></c><c><![CDATA[COMP]]></c><c><![CDATA[2]]></c><c><![CDATA[2008-07-21 09:24:23]]></c><c/></r><r><c><![CDATA[COBOL_V1]]></c><c><![CDATA[MAIN]]></c><c><![CDATA[COMP]]></c><c><![CDATA[2]]></c><c><![CDATA[2008-07-21 09:24:23]]></c><c/></r><r><c><![CDATA[COBOL_V1]]></c><c><![CDATA[PORTABILITY]]></c><c><![CDATA[NUMERIC-VAR-TOO-BIG]]></c><c><![CDATA[1]]></c><c><![CDATA[2008-07-21 09:24:23]]></c><c/></r><r><c><![CDATA[COBOL_V1]]></c><c><![CDATA[MAIN]]></c><c><![CDATA[PARAGRAPH-FALLS-THROUGH]]></c><c><![CDATA[1]]></c><c><![CDATA[2008-07-21 09:24:23]]></c><c/></r><r><c><![CDATA[COBOL_V1]]></c><c><![CDATA[EVOL]]></c><c><![CDATA[PARAGRAPH-FALLS-THROUGH]]></c><c><![CDATA[2]]></c><c/><c/></r><r><c><![CDATA[COBOL_V1]]></c><c><![CDATA[FIAB]]></c><c><![CDATA[ALPHANUMERIC-MOVE]]></c><c><![CDATA[2]]></c><c><![CDATA[2008-07-21 09:24:23]]></c><c/></r><r><c><![CDATA[COBOL_V1]]></c><c><![CDATA[MAIN]]></c><c><![CDATA[NB-GOTOS]]></c><c><![CDATA[3]]></c><c/><c/></r><r><c><![CDATA[COBOL_V1]]></c><c><![CDATA[EVOL]]></c><c><![CDATA[NB-GOTOS]]></c><c><![CDATA[1]]></c><c/><c/></r><r><c><![CDATA[COBOL_V1]]></c><c><![CDATA[FIAB]]></c><c><![CDATA[SIGNED-OPERATION]]></c><c><![CDATA[2]]></c><c><![CDATA[2008-07-21 09:24:23]]></c><c/></r><r><c><![CDATA[COBOL_V1]]></c><c><![CDATA[FIAB]]></c><c><![CDATA[TRUNCATION-DURING-MOVE]]></c><c><![CDATA[2]]></c><c><![CDATA[2008-07-21 09:24:23]]></c><c/></r><r><c><![CDATA[COBOL_V1]]></c><c><![CDATA[EVOL]]></c><c><![CDATA[GOTO-AND-PERFORM]]></c><c><![CDATA[2]]></c><c/><c/></r><r><c><![CDATA[COBOL_V1]]></c><c><![CDATA[MAIN]]></c><c><![CDATA[LITERAL]]></c><c><![CDATA[2]]></c><c><![CDATA[2008-07-21 09:24:23]]></c><c/></r><r><c><![CDATA[COBOL_V1]]></c><c><![CDATA[MAIN]]></c><c><![CDATA[COMMENT_BEFORE_PARAGRAPH]]></c><c><![CDATA[1]]></c><c/><c/></r><r><c><![CDATA[COBOL_V1]]></c><c><![CDATA[FIAB]]></c><c><![CDATA[COBOL-CORRESPONDING-USE]]></c><c><![CDATA[1]]></c><c/><c/></r><r><c><![CDATA[COBOL_V1]]></c><c><![CDATA[EVOL]]></c><c><![CDATA[LITERAL]]></c><c><![CDATA[1]]></c><c/><c/></r><r><c><![CDATA[COBOL_V1]]></c><c><![CDATA[PERFORMANCES]]></c><c><![CDATA[STRING_UNSTRING_USE]]></c><c><![CDATA[2]]></c><c/><c/></r><r><c><![CDATA[COBOL_V1]]></c><c><![CDATA[PERFORMANCES]]></c><c><![CDATA[COBOL-CORRESPONDING-USE]]></c><c><![CDATA[1]]></c><c/><c/></r><r><c><![CDATA[COBOL_V1]]></c><c><![CDATA[PERFORMANCES]]></c><c><![CDATA[CALL-STMT-NB]]></c><c><![CDATA[1]]></c><c/><c/></r><r><c><![CDATA[COBOL_V1]]></c><c><![CDATA[PERFORMANCES]]></c><c><![CDATA[SIMPLE_COMPUTE]]></c><c><![CDATA[2]]></c><c/><c/></r><r><c><![CDATA[COBOL_V1]]></c><c><![CDATA[FIAB]]></c><c><![CDATA[GOTO-AND-PERFORM]]></c><c><![CDATA[1]]></c><c/><c/></r><r><c><![CDATA[COBOL_V1]]></c><c><![CDATA[PERFORMANCES]]></c><c><![CDATA[ARITHMETIC_OP_WITH_DISPLAY_OPERAND]]></c><c><![CDATA[3]]></c><c/><c/></r><r><c><![CDATA[COBOL_V1]]></c><c><![CDATA[PERFORMANCES]]></c><c><![CDATA[ARITHMETIC_OP_WITH_UNSIGNED_OPERAND]]></c><c><![CDATA[2]]></c><c/><c/></r><r><c><![CDATA[COBOL_V1]]></c><c><![CDATA[FIAB]]></c><c><![CDATA[ALTER-STATEMENT]]></c><c><![CDATA[3]]></c><c/><c/></r><r><c><![CDATA[COBOL_V1]]></c><c><![CDATA[ROBU]]></c><c><![CDATA[NO_WHEN_OTHER_IN_EVALUATE]]></c><c><![CDATA[2]]></c><c/><c/></r><r><c><![CDATA[COBOL_V1]]></c><c><![CDATA[ROBU]]></c><c><![CDATA[COMPLEXITY]]></c><c><![CDATA[1]]></c><c/><c/></r><r><c><![CDATA[COBOL_V1]]></c><c><![CDATA[ROBU]]></c><c><![CDATA[ALPHANUMERIC-MOVE]]></c><c><![CDATA[2]]></c><c/><c/></r><r><c><![CDATA[COBOL_V1]]></c><c><![CDATA[ROBU]]></c><c><![CDATA[ARITHMETIC-OVERFLOW]]></c><c><![CDATA[1]]></c><c/><c/></r><r><c><![CDATA[COBOL_V1]]></c><c><![CDATA[ROBU]]></c><c><![CDATA[PRECISION-LOSS]]></c><c><![CDATA[1]]></c><c/><c/></r><r><c><![CDATA[COBOL_V1]]></c><c><![CDATA[ROBU]]></c><c><![CDATA[SIGNED-OPERATION]]></c><c><![CDATA[2]]></c><c/><c/></r><r><c><![CDATA[COBOL_V1]]></c><c><![CDATA[ROBU]]></c><c><![CDATA[GOTO-AND-PERFORM]]></c><c><![CDATA[1]]></c><c/><c/></r><r><c><![CDATA[COBOL_V1]]></c><c><![CDATA[ROBU]]></c><c><![CDATA[TRUNCATION-DURING-MOVE]]></c><c><![CDATA[1]]></c><c/><c/></r><r><c><![CDATA[COBOL_V1]]></c><c><![CDATA[ROBU]]></c><c><![CDATA[ALTER-STATEMENT]]></c><c><![CDATA[3]]></c><c/><c/></r><r><c><![CDATA[COBOL_V1]]></c><c><![CDATA[ROBU]]></c><c><![CDATA[COBOL-CORRESPONDING-USE]]></c><c><![CDATA[1]]></c><c/><c/></r><r><c><![CDATA[COBOL_V1]]></c><c><![CDATA[EVOL]]></c><c><![CDATA[ALTER-STATEMENT]]></c><c><![CDATA[4]]></c><c/><c/></r></e>