<?xml version="1.0"  encoding="UTF-8"?><e><r><c><![CDATA[critere]]></c><c><![CDATA[compl]]></c><c><![CDATA[COMP]]></c><c><![CDATA[fr]]></c><c><![CDATA[La compréhension d'une méthode est proportionnelle au taux de commentaire et à la complexité de celle-ci.]]></c></r><r><c><![CDATA[critere]]></c><c><![CDATA[desc]]></c><c><![CDATA[COMP]]></c><c><![CDATA[en]]></c><c><![CDATA[Comprehension depends on comment ratio and method complexity. The more the method is complex and the less it is documented, the worst the comprehension will be.]]></c></r><r><c><![CDATA[critere]]></c><c><![CDATA[desc]]></c><c><![CDATA[COMP]]></c><c><![CDATA[fr]]></c><c><![CDATA[Fonction du taux de commentaire de traitement (intra procédures) et de la complexité cyclomatique (v(G)) de la procédure.]]></c></r><r><c><![CDATA[critere]]></c><c><![CDATA[lib]]></c><c><![CDATA[COMP]]></c><c><![CDATA[en]]></c><c><![CDATA[Comprehension]]></c></r><r><c><![CDATA[critere]]></c><c><![CDATA[lib]]></c><c><![CDATA[COMP]]></c><c><![CDATA[fr]]></c><c><![CDATA[Compréhension]]></c></r><r><c><![CDATA[critere]]></c><c><![CDATA[lib]]></c><c><![CDATA[COMMENT_BEFORE_PARAGRAPH]]></c><c><![CDATA[fr]]></c><c><![CDATA[Présence de commentaires avant un paragraphe]]></c></r><r><c><![CDATA[critere]]></c><c><![CDATA[lib]]></c><c><![CDATA[COMPLEXITY]]></c><c><![CDATA[en]]></c><c><![CDATA[Complexity]]></c></r><r><c><![CDATA[critere]]></c><c><![CDATA[lib]]></c><c><![CDATA[COMPLEXITY]]></c><c><![CDATA[es]]></c><c><![CDATA[COMPLEXITY]]></c></r><r><c><![CDATA[critere]]></c><c><![CDATA[lib]]></c><c><![CDATA[EMPTY-PARAGRAPH]]></c><c><![CDATA[en]]></c><c><![CDATA[Empty Paragraph]]></c></r><r><c><![CDATA[critere]]></c><c><![CDATA[lib]]></c><c><![CDATA[EMPTY-PARAGRAPH]]></c><c><![CDATA[es]]></c><c><![CDATA[EMPTY-PARAGRAPH]]></c></r><r><c><![CDATA[critere]]></c><c><![CDATA[lib]]></c><c><![CDATA[EXEC-STATEMENT]]></c><c><![CDATA[en]]></c><c><![CDATA[EXEC statement]]></c></r><r><c><![CDATA[critere]]></c><c><![CDATA[lib]]></c><c><![CDATA[EXEC-STATEMENT]]></c><c><![CDATA[es]]></c><c><![CDATA[EXEC-STATEMENT]]></c></r><r><c><![CDATA[critere]]></c><c><![CDATA[lib]]></c><c><![CDATA[FILE-TOO-LONG]]></c><c><![CDATA[en]]></c><c><![CDATA[Too long source code file]]></c></r><r><c><![CDATA[critere]]></c><c><![CDATA[lib]]></c><c><![CDATA[FILE-TOO-LONG]]></c><c><![CDATA[es]]></c><c><![CDATA[FILE-TOO-LONG]]></c></r><r><c><![CDATA[critere]]></c><c><![CDATA[lib]]></c><c><![CDATA[FILE-TOO-LONG]]></c><c><![CDATA[fr]]></c><c><![CDATA[Fichier source trop long]]></c></r><r><c><![CDATA[critere]]></c><c><![CDATA[lib]]></c><c><![CDATA[GOTO-AND-PERFORM]]></c><c><![CDATA[en]]></c><c><![CDATA[GOTO and PERFORM statement rules]]></c></r><r><c><![CDATA[critere]]></c><c><![CDATA[lib]]></c><c><![CDATA[GOTO-AND-PERFORM]]></c><c><![CDATA[es]]></c><c><![CDATA[GOTO-AND-PERFORM]]></c></r><r><c><![CDATA[critere]]></c><c><![CDATA[lib]]></c><c><![CDATA[IDENTIFIER-TOO-LONG]]></c><c><![CDATA[en]]></c><c><![CDATA[Identifier too long]]></c></r><r><c><![CDATA[critere]]></c><c><![CDATA[lib]]></c><c><![CDATA[IDENTIFIER-TOO-LONG]]></c><c><![CDATA[es]]></c><c><![CDATA[IDENTIFIER-TOO-LONG]]></c></r><r><c><![CDATA[critere]]></c><c><![CDATA[lib]]></c><c><![CDATA[INITIALIZED-LINKAGE-VAR]]></c><c><![CDATA[en]]></c><c><![CDATA[Initialized Linkage Var]]></c></r><r><c><![CDATA[critere]]></c><c><![CDATA[lib]]></c><c><![CDATA[INITIALIZED-LINKAGE-VAR]]></c><c><![CDATA[es]]></c><c><![CDATA[INITIALIZED-LINKAGE-VAR]]></c></r><r><c><![CDATA[critere]]></c><c><![CDATA[lib]]></c><c><![CDATA[LINKAGE-IN-COPYBOOK]]></c><c><![CDATA[en]]></c><c><![CDATA[Linkage in copybook]]></c></r><r><c><![CDATA[critere]]></c><c><![CDATA[lib]]></c><c><![CDATA[LINKAGE-IN-COPYBOOK]]></c><c><![CDATA[es]]></c><c><![CDATA[LINKAGE-IN-COPYBOOK]]></c></r><r><c><![CDATA[critere]]></c><c><![CDATA[lib]]></c><c><![CDATA[LITERAL]]></c><c><![CDATA[en]]></c><c><![CDATA[Use of literals in the procedure division]]></c></r><r><c><![CDATA[critere]]></c><c><![CDATA[lib]]></c><c><![CDATA[LITERAL]]></c><c><![CDATA[es]]></c><c><![CDATA[LITERAL]]></c></r><r><c><![CDATA[critere]]></c><c><![CDATA[lib]]></c><c><![CDATA[NB-GOTOS]]></c><c><![CDATA[en]]></c><c><![CDATA[Use of GOTO statements]]></c></r><r><c><![CDATA[critere]]></c><c><![CDATA[lib]]></c><c><![CDATA[NB-GOTOS]]></c><c><![CDATA[es]]></c><c><![CDATA[NB-GOTOS]]></c></r><r><c><![CDATA[critere]]></c><c><![CDATA[lib]]></c><c><![CDATA[NB-GOTOS]]></c><c><![CDATA[fr]]></c><c><![CDATA[Utilisation de l'instruction GOTO]]></c></r><r><c><![CDATA[critere]]></c><c><![CDATA[lib]]></c><c><![CDATA[NO_WHEN_OTHER_IN_EVALUATE]]></c><c><![CDATA[en]]></c><c><![CDATA[EVALUATE statement without a WHEN OTHER clause]]></c></r><r><c><![CDATA[critere]]></c><c><![CDATA[lib]]></c><c><![CDATA[NO_WHEN_OTHER_IN_EVALUATE]]></c><c><![CDATA[es]]></c><c><![CDATA[NO_WHEN_OTHER_IN_EVALUATE]]></c></r><r><c><![CDATA[critere]]></c><c><![CDATA[lib]]></c><c><![CDATA[NO_WHEN_OTHER_IN_EVALUATE]]></c><c><![CDATA[fr]]></c><c><![CDATA[Instruction EVALUATE sans clause WHEN OTHER]]></c></r><r><c><![CDATA[critere]]></c><c><![CDATA[lib]]></c><c><![CDATA[NUMERIC-VAR-TOO-BIG]]></c><c><![CDATA[en]]></c><c><![CDATA[Numeric var too big]]></c></r><r><c><![CDATA[critere]]></c><c><![CDATA[lib]]></c><c><![CDATA[NUMERIC-VAR-TOO-BIG]]></c><c><![CDATA[es]]></c><c><![CDATA[NUMERIC-VAR-TOO-BIG]]></c></r><r><c><![CDATA[critere]]></c><c><![CDATA[lib]]></c><c><![CDATA[PARAGRAPH-FALLS-THROUGH]]></c><c><![CDATA[en]]></c><c><![CDATA[Paragraph Falls Through]]></c></r><r><c><![CDATA[critere]]></c><c><![CDATA[lib]]></c><c><![CDATA[PARAGRAPH-FALLS-THROUGH]]></c><c><![CDATA[es]]></c><c><![CDATA[PARAGRAPH-FALLS-THROUGH]]></c></r><r><c><![CDATA[critere]]></c><c><![CDATA[lib]]></c><c><![CDATA[PRECISION-LOSS]]></c><c><![CDATA[en]]></c><c><![CDATA[Precision loss]]></c></r><r><c><![CDATA[critere]]></c><c><![CDATA[lib]]></c><c><![CDATA[PRECISION-LOSS]]></c><c><![CDATA[es]]></c><c><![CDATA[PRECISION-LOSS]]></c></r><r><c><![CDATA[critere]]></c><c><![CDATA[lib]]></c><c><![CDATA[PROCEDURE-LOC]]></c><c><![CDATA[en]]></c><c><![CDATA[Size of the PROCEDURE DIVISION]]></c></r><r><c><![CDATA[critere]]></c><c><![CDATA[lib]]></c><c><![CDATA[PROCEDURE-LOC]]></c><c><![CDATA[es]]></c><c><![CDATA[PROCEDURE-LOC]]></c></r><r><c><![CDATA[critere]]></c><c><![CDATA[lib]]></c><c><![CDATA[SIGNED-OPERATION]]></c><c><![CDATA[en]]></c><c><![CDATA[Signed operation rules]]></c></r><r><c><![CDATA[critere]]></c><c><![CDATA[lib]]></c><c><![CDATA[SIGNED-OPERATION]]></c><c><![CDATA[es]]></c><c><![CDATA[SIGNED-OPERATION]]></c></r><r><c><![CDATA[critere]]></c><c><![CDATA[lib]]></c><c><![CDATA[SIMPLE_COMPUTE]]></c><c><![CDATA[en]]></c><c><![CDATA[Use of COMPUTE on simple operation involving two operands ]]></c></r><r><c><![CDATA[critere]]></c><c><![CDATA[desc]]></c><c><![CDATA[ALTER-STATEMENT]]></c><c><![CDATA[fr]]></c><c><![CDATA[Identifie l'utilisation de l'instruction ALTER dans le programme.]]></c></r><r><c><![CDATA[critere]]></c><c><![CDATA[desc]]></c><c><![CDATA[NUMERIC-VAR-TOO-BIG]]></c><c><![CDATA[fr]]></c><c><![CDATA[Identifie les variables numériques de plus de 18 chiffres.]]></c></r><r><c><![CDATA[critere]]></c><c><![CDATA[desc]]></c><c><![CDATA[TABS-PRESENT]]></c><c><![CDATA[fr]]></c><c><![CDATA[Identifie quand un fichier source contient des tabulations.]]></c></r><r><c><![CDATA[critere]]></c><c><![CDATA[desc]]></c><c><![CDATA[INITIALIZED-LINKAGE-VAR]]></c><c><![CDATA[fr]]></c><c><![CDATA[Identifie les éléments DATA dans la section LINKAGE, déclarés dans le programme principal, ayant une clause VALUE. Elles sont ignorées car elle est explicitement initialisée quand le programme est appelé.]]></c></r><r><c><![CDATA[critere]]></c><c><![CDATA[desc]]></c><c><![CDATA[PARAGRAPH-FALLS-THROUGH]]></c><c><![CDATA[fr]]></c><c><![CDATA[Identifies paragraphs from which control can fall through into the succeeding paragraph.]]></c></r><r><c><![CDATA[critere]]></c><c><![CDATA[desc]]></c><c><![CDATA[CALL-STMT-NB]]></c><c><![CDATA[fr]]></c><c><![CDATA[Utilisation de l'instruction CALL]]></c></r><r><c><![CDATA[critere]]></c><c><![CDATA[desc]]></c><c><![CDATA[PROCEDURE-LOC]]></c><c><![CDATA[fr]]></c><c><![CDATA[Taille de la PROCEDURE DIVISION]]></c></r><r><c><![CDATA[critere]]></c><c><![CDATA[desc]]></c><c><![CDATA[ARITHMETIC-OVERFLOW]]></c><c><![CDATA[fr]]></c><c><![CDATA[Identifie les cas où la variable devant contenir le résultat d'une opération arithmétique ne peut contenir que l'équivalent ou plus petit que les opérandes de l'opération. Il est alors possible d'avoir un dépassement de capacité dans certains cas.]]></c></r><r><c><![CDATA[critere]]></c><c><![CDATA[desc]]></c><c><![CDATA[EXEC-STATEMENT]]></c><c><![CDATA[fr]]></c><c><![CDATA[Identifie les utilisations de l'instruction EXECUTE dans le code source.]]></c></r><r><c><![CDATA[critere]]></c><c><![CDATA[desc]]></c><c><![CDATA[GOTO-AND-PERFORM]]></c><c><![CDATA[fr]]></c><c><![CDATA[Ce critère permet de vérifier les violations de saut avec les instructions GOTO et PERFORM.]]></c></r><r><c><![CDATA[critere]]></c><c><![CDATA[desc]]></c><c><![CDATA[IDENTIFIER-TOO-LONG]]></c><c><![CDATA[fr]]></c><c><![CDATA[Identifie les identifiants qui dépassent le standard ANSI de 30 caractères.]]></c></r><r><c><![CDATA[critere]]></c><c><![CDATA[desc]]></c><c><![CDATA[LINKAGE-IN-COPYBOOK]]></c><c><![CDATA[fr]]></c><c><![CDATA[Identifie les éléments DATA dans la section LINKAGE qui sont déclarés dans le fichier principal.]]></c></r><r><c><![CDATA[critere]]></c><c><![CDATA[desc]]></c><c><![CDATA[LITERAL]]></c><c><![CDATA[fr]]></c><c><![CDATA[Identifie l'utilisation de littéraux dans la PROCEDURE DIVISION au lieu de constantes symboliques définies dans les ENVIRONMENT ou DATA DIVISION.]]></c></r><r><c><![CDATA[critere]]></c><c><![CDATA[desc]]></c><c><![CDATA[PRECISION-LOSS]]></c><c><![CDATA[fr]]></c><c><![CDATA[Identifie les opérations qui déplacent des données d'un élément DATA à un autre élément DATA, où le nombre de décimales spécifié dans la clause PICTURE d'un premier élément DATA est plus grand que celui du second.]]></c></r><r><c><![CDATA[critere]]></c><c><![CDATA[desc]]></c><c><![CDATA[SIGNED-OPERATION]]></c><c><![CDATA[fr]]></c><c><![CDATA[Identifie les violations concernant les opérations signées.]]></c></r><r><c><![CDATA[critere]]></c><c><![CDATA[desc]]></c><c><![CDATA[TRUNCATION-DURING-MOVE]]></c><c><![CDATA[fr]]></c><c><![CDATA[Identifie les opérations qui déplacent les DATA d'un élément DATA à un autre et où le nombre d'octets spécifié dans la clause PICTURE du premier est plus grand que celui du second.]]></c></r><r><c><![CDATA[critere]]></c><c><![CDATA[desc]]></c><c><![CDATA[UNUSED-CODE]]></c><c><![CDATA[fr]]></c><c><![CDATA[Identifie le code qui ne sera jamais exécuté.]]></c></r><r><c><![CDATA[critere]]></c><c><![CDATA[desc]]></c><c><![CDATA[COMPLEXITY]]></c><c><![CDATA[fr]]></c><c><![CDATA[Complexité cyclomatique McCabe]]></c></r><r><c><![CDATA[critere]]></c><c><![CDATA[desc]]></c><c><![CDATA[ALPHANUMERIC-MOVE]]></c><c><![CDATA[fr]]></c><c><![CDATA[Règles concernant les affectations de données alphanumériques.]]></c></r><r><c><![CDATA[critere]]></c><c><![CDATA[lib]]></c><c><![CDATA[EMPTY-PARAGRAPH]]></c><c><![CDATA[fr]]></c><c><![CDATA[Paragraphe vide]]></c></r><r><c><![CDATA[critere]]></c><c><![CDATA[lib]]></c><c><![CDATA[INITIALIZED-LINKAGE-VAR]]></c><c><![CDATA[fr]]></c><c><![CDATA[Initialisation de variables dans la section LINKAGE]]></c></r><r><c><![CDATA[critere]]></c><c><![CDATA[lib]]></c><c><![CDATA[PARAGRAPH-FALLS-THROUGH]]></c><c><![CDATA[fr]]></c><c><![CDATA[Paragraph Falls Through]]></c></r><r><c><![CDATA[critere]]></c><c><![CDATA[lib]]></c><c><![CDATA[ALTER-STATEMENT]]></c><c><![CDATA[fr]]></c><c><![CDATA[Utilisation de l'instruction ALTER]]></c></r><r><c><![CDATA[critere]]></c><c><![CDATA[lib]]></c><c><![CDATA[NUMERIC-VAR-TOO-BIG]]></c><c><![CDATA[fr]]></c><c><![CDATA[Variable numérique trop grande]]></c></r><r><c><![CDATA[critere]]></c><c><![CDATA[lib]]></c><c><![CDATA[TABS-PRESENT]]></c><c><![CDATA[fr]]></c><c><![CDATA[Tabulations dans le code source]]></c></r><r><c><![CDATA[critere]]></c><c><![CDATA[lib]]></c><c><![CDATA[CALL-STMT-NB]]></c><c><![CDATA[fr]]></c><c><![CDATA[Utilisation de l'instruction CALL]]></c></r><r><c><![CDATA[critere]]></c><c><![CDATA[lib]]></c><c><![CDATA[PROCEDURE-LOC]]></c><c><![CDATA[fr]]></c><c><![CDATA[Taille de la PROCEDURE DIVISION]]></c></r><r><c><![CDATA[critere]]></c><c><![CDATA[lib]]></c><c><![CDATA[PRECISION-LOSS]]></c><c><![CDATA[fr]]></c><c><![CDATA[Perte de précision]]></c></r><r><c><![CDATA[critere]]></c><c><![CDATA[lib]]></c><c><![CDATA[SIGNED-OPERATION]]></c><c><![CDATA[fr]]></c><c><![CDATA[Règles sur les opérations signées]]></c></r><r><c><![CDATA[critere]]></c><c><![CDATA[lib]]></c><c><![CDATA[TRUNCATION-DURING-MOVE]]></c><c><![CDATA[fr]]></c><c><![CDATA[Troncature durant un MOVE]]></c></r><r><c><![CDATA[critere]]></c><c><![CDATA[lib]]></c><c><![CDATA[UNUSED-CODE]]></c><c><![CDATA[fr]]></c><c><![CDATA[Code mort]]></c></r><r><c><![CDATA[critere]]></c><c><![CDATA[lib]]></c><c><![CDATA[COMPLEXITY]]></c><c><![CDATA[fr]]></c><c><![CDATA[Complexité]]></c></r><r><c><![CDATA[critere]]></c><c><![CDATA[desc]]></c><c><![CDATA[EMPTY-PARAGRAPH]]></c><c><![CDATA[fr]]></c><c><![CDATA[Identifie les procédures qui ne contiennent aucune instruction.]]></c></r><r><c><![CDATA[critere]]></c><c><![CDATA[lib]]></c><c><![CDATA[ALPHANUMERIC-MOVE]]></c><c><![CDATA[fr]]></c><c><![CDATA[Affectations de données alphanumériques.]]></c></r><r><c><![CDATA[critere]]></c><c><![CDATA[lib]]></c><c><![CDATA[ARITHMETIC-OVERFLOW]]></c><c><![CDATA[fr]]></c><c><![CDATA[Dépassement possible lors d'une opération arithmétique]]></c></r><r><c><![CDATA[critere]]></c><c><![CDATA[lib]]></c><c><![CDATA[EXEC-STATEMENT]]></c><c><![CDATA[fr]]></c><c><![CDATA[Utilisation de l'instruction EXECUTE]]></c></r><r><c><![CDATA[critere]]></c><c><![CDATA[lib]]></c><c><![CDATA[GOTO-AND-PERFORM]]></c><c><![CDATA[fr]]></c><c><![CDATA[Règles concernant les instructions GOTO et PERFORM ]]></c></r><r><c><![CDATA[critere]]></c><c><![CDATA[lib]]></c><c><![CDATA[IDENTIFIER-TOO-LONG]]></c><c><![CDATA[fr]]></c><c><![CDATA[Identifiant trop long]]></c></r><r><c><![CDATA[critere]]></c><c><![CDATA[lib]]></c><c><![CDATA[LINKAGE-IN-COPYBOOK]]></c><c><![CDATA[fr]]></c><c><![CDATA[Linkage dans le copybook]]></c></r><r><c><![CDATA[critere]]></c><c><![CDATA[lib]]></c><c><![CDATA[LITERAL]]></c><c><![CDATA[fr]]></c><c><![CDATA[Utilisation de littéraux dans la PROCEDURE DIVISION]]></c></r><r><c><![CDATA[critere]]></c><c><![CDATA[compl]]></c><c><![CDATA[ALPHANUMERIC-MOVE]]></c><c><![CDATA[en]]></c><c><![CDATA[ALPHANUMERIC-MOVE]]></c></r><r><c><![CDATA[critere]]></c><c><![CDATA[compl]]></c><c><![CDATA[ALPHANUMERIC-MOVE]]></c><c><![CDATA[es]]></c><c><![CDATA[ALPHANUMERIC-MOVE]]></c></r><r><c><![CDATA[critere]]></c><c><![CDATA[compl]]></c><c><![CDATA[ALPHANUMERIC-MOVE]]></c><c><![CDATA[fr]]></c><c><![CDATA[ALPHANUMERIC-MOVE]]></c></r><r><c><![CDATA[critere]]></c><c><![CDATA[compl]]></c><c><![CDATA[ALTER-STATEMENT]]></c><c><![CDATA[en]]></c><c><![CDATA[ALTER statements are flagged since they are an obsolete element in Standard COBOL and was deleted in the 2000 revision of Standard COBOL.]]></c></r><r><c><![CDATA[critere]]></c><c><![CDATA[compl]]></c><c><![CDATA[ALTER-STATEMENT]]></c><c><![CDATA[fr]]></c><c><![CDATA[Cette instruction est prohibée depuis qu'elle est un élément obsolète du COBOL standard et qu'elle a été supprimée de la révision 2000 du COBOL standard.]]></c></r><r><c><![CDATA[critere]]></c><c><![CDATA[compl]]></c><c><![CDATA[LITERAL]]></c><c><![CDATA[en]]></c><c><![CDATA[u]]></c></r><r><c><![CDATA[critere]]></c><c><![CDATA[desc]]></c><c><![CDATA[ALPHANUMERIC-MOVE]]></c><c><![CDATA[en]]></c><c><![CDATA[Rules over alphanumeric data move.]]></c></r><r><c><![CDATA[critere]]></c><c><![CDATA[desc]]></c><c><![CDATA[ALPHANUMERIC-MOVE]]></c><c><![CDATA[es]]></c><c><![CDATA[Rules over alphanumeric data move.]]></c></r><r><c><![CDATA[critere]]></c><c><![CDATA[desc]]></c><c><![CDATA[ALTER-STATEMENT]]></c><c><![CDATA[en]]></c><c><![CDATA[Identifies usage of ALTER statements within the program.]]></c></r><r><c><![CDATA[critere]]></c><c><![CDATA[desc]]></c><c><![CDATA[ALTER-STATEMENT]]></c><c><![CDATA[es]]></c><c><![CDATA[ALTER-STATEMENT]]></c></r><r><c><![CDATA[critere]]></c><c><![CDATA[desc]]></c><c><![CDATA[ARITHMETIC_OP_WITH_DISPLAY_OPERAND]]></c><c><![CDATA[en]]></c><c><![CDATA[The use of DISPLAY operand in arithmetic operation should be avoided for performance reason.]]></c></r><r><c><![CDATA[critere]]></c><c><![CDATA[desc]]></c><c><![CDATA[ARITHMETIC_OP_WITH_DISPLAY_OPERAND]]></c><c><![CDATA[es]]></c><c><![CDATA[ARITHMETIC_OP_WITH_DISPLAY_OPERAND]]></c></r><r><c><![CDATA[critere]]></c><c><![CDATA[desc]]></c><c><![CDATA[ARITHMETIC_OP_WITH_DISPLAY_OPERAND]]></c><c><![CDATA[fr]]></c><c><![CDATA[L'utilisation d'opérandes de type DISPLAY dans une opération arithmétique est déconseillée pour des raisons de performance.]]></c></r><r><c><![CDATA[critere]]></c><c><![CDATA[desc]]></c><c><![CDATA[ARITHMETIC_OP_WITH_UNSIGNED_OPERAND]]></c><c><![CDATA[en]]></c><c><![CDATA[The use of unsigned operand in arithmetic operation should be avoided for performance reason.]]></c></r><r><c><![CDATA[critere]]></c><c><![CDATA[desc]]></c><c><![CDATA[ARITHMETIC_OP_WITH_UNSIGNED_OPERAND]]></c><c><![CDATA[es]]></c><c><![CDATA[ARITHMETIC_OP_WITH_UNSIGNED_OPERAND]]></c></r><r><c><![CDATA[critere]]></c><c><![CDATA[desc]]></c><c><![CDATA[PRECISION-LOSS]]></c><c><![CDATA[es]]></c><c><![CDATA[PRECISION-LOSS]]></c></r><r><c><![CDATA[critere]]></c><c><![CDATA[desc]]></c><c><![CDATA[PROCEDURE-LOC]]></c><c><![CDATA[en]]></c><c><![CDATA[Size of the PROCEDURE DIVISION]]></c></r><r><c><![CDATA[critere]]></c><c><![CDATA[desc]]></c><c><![CDATA[PROCEDURE-LOC]]></c><c><![CDATA[es]]></c><c><![CDATA[PROCEDURE-LOC]]></c></r><r><c><![CDATA[critere]]></c><c><![CDATA[desc]]></c><c><![CDATA[SIGNED-OPERATION]]></c><c><![CDATA[en]]></c><c><![CDATA[Identifies rule violations for signed operations.]]></c></r><r><c><![CDATA[critere]]></c><c><![CDATA[desc]]></c><c><![CDATA[SIGNED-OPERATION]]></c><c><![CDATA[es]]></c><c><![CDATA[SIGNED-OPERATION]]></c></r><r><c><![CDATA[critere]]></c><c><![CDATA[desc]]></c><c><![CDATA[SIMPLE_COMPUTE]]></c><c><![CDATA[en]]></c><c><![CDATA[Use of COMPUTE on simple operation involving two operands ]]></c></r><r><c><![CDATA[critere]]></c><c><![CDATA[desc]]></c><c><![CDATA[SIMPLE_COMPUTE]]></c><c><![CDATA[es]]></c><c><![CDATA[SIMPLE_COMPUTE]]></c></r><r><c><![CDATA[critere]]></c><c><![CDATA[desc]]></c><c><![CDATA[SIMPLE_COMPUTE]]></c><c><![CDATA[fr]]></c><c><![CDATA[Utilisation de l'instruction COMPUTE pour des opération simples à deux opérandes]]></c></r><r><c><![CDATA[critere]]></c><c><![CDATA[desc]]></c><c><![CDATA[STRING_UNSTRING_USE]]></c><c><![CDATA[en]]></c><c><![CDATA[Do not use the STRING or UNSTRING verbs : they create a lot of code.<BR/>For manipulating file-names use the COBOL System Library Routines CBL_SPLIT_FILENAME and CBL_JOIN_FILENAME. For other purposes, create your own loops; they are almost always more efficient.]]></c></r><r><c><![CDATA[critere]]></c><c><![CDATA[desc]]></c><c><![CDATA[STRING_UNSTRING_USE]]></c><c><![CDATA[es]]></c><c><![CDATA[STRING_UNSTRING_USE]]></c></r><r><c><![CDATA[critere]]></c><c><![CDATA[desc]]></c><c><![CDATA[STRING_UNSTRING_USE]]></c><c><![CDATA[fr]]></c><c><![CDATA[Ne pas utiliser les instructions STRING ou UNSTRING : elles génèrent beaucoup de code.<BR/> Pour manipuler les noms de fichiers, utiliser les routines des librairies système COBOL CBL_SPLIT_FILENAME et CBL_JOIN_FILENAME. Pour les autres cas, créer ses propres boucles, elles sont presques toujours plus efficaces.]]></c></r><r><c><![CDATA[critere]]></c><c><![CDATA[desc]]></c><c><![CDATA[TABS-PRESENT]]></c><c><![CDATA[en]]></c><c><![CDATA[Identifies when source file(s) contains tab characters.]]></c></r><r><c><![CDATA[critere]]></c><c><![CDATA[desc]]></c><c><![CDATA[TABS-PRESENT]]></c><c><![CDATA[es]]></c><c><![CDATA[TABS-PRESENT]]></c></r><r><c><![CDATA[critere]]></c><c><![CDATA[desc]]></c><c><![CDATA[TRUNCATION-DURING-MOVE]]></c><c><![CDATA[en]]></c><c><![CDATA[Identifies operations that move data from one data element to another data element where the number of bytes specified by the picture clause of the first data element is larger than the number of bytes specified by the picture clause of the second data element.]]></c></r><r><c><![CDATA[critere]]></c><c><![CDATA[desc]]></c><c><![CDATA[TRUNCATION-DURING-MOVE]]></c><c><![CDATA[es]]></c><c><![CDATA[TRUNCATION-DURING-MOVE]]></c></r><r><c><![CDATA[critere]]></c><c><![CDATA[desc]]></c><c><![CDATA[UNUSED-CODE]]></c><c><![CDATA[en]]></c><c><![CDATA[Identifies unused code.]]></c></r><r><c><![CDATA[critere]]></c><c><![CDATA[desc]]></c><c><![CDATA[UNUSED-CODE]]></c><c><![CDATA[es]]></c><c><![CDATA[UNUSED-CODE]]></c></r><r><c><![CDATA[critere]]></c><c><![CDATA[lib]]></c><c><![CDATA[ALPHANUMERIC-MOVE]]></c><c><![CDATA[en]]></c><c><![CDATA[Rules over alphanumeric data move.]]></c></r><r><c><![CDATA[critere]]></c><c><![CDATA[lib]]></c><c><![CDATA[ALPHANUMERIC-MOVE]]></c><c><![CDATA[es]]></c><c><![CDATA[Rules over alphanumeric data move.]]></c></r><r><c><![CDATA[critere]]></c><c><![CDATA[lib]]></c><c><![CDATA[ALTER-STATEMENT]]></c><c><![CDATA[en]]></c><c><![CDATA[ALTER statement use]]></c></r><r><c><![CDATA[critere]]></c><c><![CDATA[lib]]></c><c><![CDATA[ALTER-STATEMENT]]></c><c><![CDATA[es]]></c><c><![CDATA[ALTER-STATEMENT]]></c></r><r><c><![CDATA[critere]]></c><c><![CDATA[lib]]></c><c><![CDATA[ARITHMETIC_OP_WITH_DISPLAY_OPERAND]]></c><c><![CDATA[en]]></c><c><![CDATA[Use of DISPLAY operand in arithmetic operation]]></c></r><r><c><![CDATA[critere]]></c><c><![CDATA[lib]]></c><c><![CDATA[ARITHMETIC_OP_WITH_DISPLAY_OPERAND]]></c><c><![CDATA[es]]></c><c><![CDATA[ARITHMETIC_OP_WITH_DISPLAY_OPERAND]]></c></r><r><c><![CDATA[critere]]></c><c><![CDATA[lib]]></c><c><![CDATA[ARITHMETIC_OP_WITH_DISPLAY_OPERAND]]></c><c><![CDATA[fr]]></c><c><![CDATA[Utilisation d'opérandes de type DISPLAY dans une opération arithmétique]]></c></r><r><c><![CDATA[critere]]></c><c><![CDATA[lib]]></c><c><![CDATA[ARITHMETIC_OP_WITH_UNSIGNED_OPERAND]]></c><c><![CDATA[en]]></c><c><![CDATA[Use of unsigned operand in arithmetic operation]]></c></r><r><c><![CDATA[critere]]></c><c><![CDATA[lib]]></c><c><![CDATA[ARITHMETIC_OP_WITH_UNSIGNED_OPERAND]]></c><c><![CDATA[es]]></c><c><![CDATA[ARITHMETIC_OP_WITH_UNSIGNED_OPERAND]]></c></r><r><c><![CDATA[critere]]></c><c><![CDATA[lib]]></c><c><![CDATA[ARITHMETIC_OP_WITH_UNSIGNED_OPERAND]]></c><c><![CDATA[fr]]></c><c><![CDATA[Utilisation d'opérandes non signées dans un opération arithmétique]]></c></r><r><c><![CDATA[critere]]></c><c><![CDATA[lib]]></c><c><![CDATA[ARITHMETIC-OVERFLOW]]></c><c><![CDATA[en]]></c><c><![CDATA[Possible arithmetic overflow]]></c></r><r><c><![CDATA[critere]]></c><c><![CDATA[lib]]></c><c><![CDATA[ARITHMETIC-OVERFLOW]]></c><c><![CDATA[es]]></c><c><![CDATA[ARITHMETIC-OVERFLOW]]></c></r><r><c><![CDATA[critere]]></c><c><![CDATA[lib]]></c><c><![CDATA[CALL-STMT-NB]]></c><c><![CDATA[en]]></c><c><![CDATA[Use of CALL statements]]></c></r><r><c><![CDATA[critere]]></c><c><![CDATA[lib]]></c><c><![CDATA[CALL-STMT-NB]]></c><c><![CDATA[es]]></c><c><![CDATA[CALL-STMT-NB]]></c></r><r><c><![CDATA[critere]]></c><c><![CDATA[lib]]></c><c><![CDATA[COBOL-CORRESPONDING-USE]]></c><c><![CDATA[en]]></c><c><![CDATA[Use of the CORRESPONDING keyword]]></c></r><r><c><![CDATA[critere]]></c><c><![CDATA[lib]]></c><c><![CDATA[COBOL-CORRESPONDING-USE]]></c><c><![CDATA[es]]></c><c><![CDATA[COBOL-CORRESPONDING-USE]]></c></r><r><c><![CDATA[critere]]></c><c><![CDATA[lib]]></c><c><![CDATA[COBOL-CORRESPONDING-USE]]></c><c><![CDATA[fr]]></c><c><![CDATA[Utilisation du mot-clé CORRESPONDING]]></c></r><r><c><![CDATA[critere]]></c><c><![CDATA[lib]]></c><c><![CDATA[SIMPLE_COMPUTE]]></c><c><![CDATA[es]]></c><c><![CDATA[SIMPLE_COMPUTE]]></c></r><r><c><![CDATA[critere]]></c><c><![CDATA[lib]]></c><c><![CDATA[SIMPLE_COMPUTE]]></c><c><![CDATA[fr]]></c><c><![CDATA[Utilisation de l'instruction COMPUTE pour des opération simples à deux opérandes]]></c></r><r><c><![CDATA[critere]]></c><c><![CDATA[lib]]></c><c><![CDATA[STRING_UNSTRING_USE]]></c><c><![CDATA[en]]></c><c><![CDATA[Use of STRING or UNSTRING statements]]></c></r><r><c><![CDATA[critere]]></c><c><![CDATA[lib]]></c><c><![CDATA[STRING_UNSTRING_USE]]></c><c><![CDATA[es]]></c><c><![CDATA[STRING_UNSTRING_USE]]></c></r><r><c><![CDATA[critere]]></c><c><![CDATA[lib]]></c><c><![CDATA[STRING_UNSTRING_USE]]></c><c><![CDATA[fr]]></c><c><![CDATA[Utilisation des instructions STRING et UNSTRING]]></c></r><r><c><![CDATA[critere]]></c><c><![CDATA[lib]]></c><c><![CDATA[TABS-PRESENT]]></c><c><![CDATA[en]]></c><c><![CDATA[Tabs Present in Source file]]></c></r><r><c><![CDATA[critere]]></c><c><![CDATA[lib]]></c><c><![CDATA[TABS-PRESENT]]></c><c><![CDATA[es]]></c><c><![CDATA[TABS-PRESENT]]></c></r><r><c><![CDATA[critere]]></c><c><![CDATA[lib]]></c><c><![CDATA[TRUNCATION-DURING-MOVE]]></c><c><![CDATA[en]]></c><c><![CDATA[Truncation during MOVE]]></c></r><r><c><![CDATA[critere]]></c><c><![CDATA[lib]]></c><c><![CDATA[TRUNCATION-DURING-MOVE]]></c><c><![CDATA[es]]></c><c><![CDATA[TRUNCATION-DURING-MOVE]]></c></r><r><c><![CDATA[critere]]></c><c><![CDATA[lib]]></c><c><![CDATA[UNUSED-CODE]]></c><c><![CDATA[en]]></c><c><![CDATA[Unused code]]></c></r><r><c><![CDATA[critere]]></c><c><![CDATA[lib]]></c><c><![CDATA[UNUSED-CODE]]></c><c><![CDATA[es]]></c><c><![CDATA[UNUSED-CODE]]></c></r><r><c><![CDATA[critere]]></c><c><![CDATA[desc]]></c><c><![CDATA[ARITHMETIC_OP_WITH_UNSIGNED_OPERAND]]></c><c><![CDATA[fr]]></c><c><![CDATA[L'utilisation d'opérandes non signées dans un opération arithmétique est déconseillée pour des raisons de performance.]]></c></r><r><c><![CDATA[critere]]></c><c><![CDATA[desc]]></c><c><![CDATA[ARITHMETIC-OVERFLOW]]></c><c><![CDATA[en]]></c><c><![CDATA[Identifies when the variable meant to hold the result of an arithmetic operation can be too small.]]></c></r><r><c><![CDATA[critere]]></c><c><![CDATA[desc]]></c><c><![CDATA[ARITHMETIC-OVERFLOW]]></c><c><![CDATA[es]]></c><c><![CDATA[ARITHMETIC-OVERFLOW]]></c></r><r><c><![CDATA[critere]]></c><c><![CDATA[desc]]></c><c><![CDATA[CALL-STMT-NB]]></c><c><![CDATA[en]]></c><c><![CDATA[Use of CALL statements]]></c></r><r><c><![CDATA[critere]]></c><c><![CDATA[desc]]></c><c><![CDATA[CALL-STMT-NB]]></c><c><![CDATA[es]]></c><c><![CDATA[CALL-STMT-NB]]></c></r><r><c><![CDATA[critere]]></c><c><![CDATA[desc]]></c><c><![CDATA[COBOL-CORRESPONDING-USE]]></c><c><![CDATA[en]]></c><c><![CDATA[The keyword CORRESPONDING should not be used with the instructions MOVE, SUBTRACT and ADD.]]></c></r><r><c><![CDATA[critere]]></c><c><![CDATA[desc]]></c><c><![CDATA[COBOL-CORRESPONDING-USE]]></c><c><![CDATA[es]]></c><c><![CDATA[COBOL-CORRESPONDING-USE]]></c></r><r><c><![CDATA[critere]]></c><c><![CDATA[desc]]></c><c><![CDATA[COBOL-CORRESPONDING-USE]]></c><c><![CDATA[fr]]></c><c><![CDATA[Le mot-clé CORRESPONDING ne doit pas être utilisé avec les instructions MOVE, SUBTRACT et ADD.]]></c></r><r><c><![CDATA[critere]]></c><c><![CDATA[desc]]></c><c><![CDATA[COMMENT_BEFORE_PARAGRAPH]]></c><c><![CDATA[en]]></c><c><![CDATA[Comments before paragraphe present]]></c></r><r><c><![CDATA[critere]]></c><c><![CDATA[desc]]></c><c><![CDATA[COMMENT_BEFORE_PARAGRAPH]]></c><c><![CDATA[es]]></c><c><![CDATA[COMMENT_BEFORE_PARAGRAPH]]></c></r><r><c><![CDATA[critere]]></c><c><![CDATA[desc]]></c><c><![CDATA[COMMENT_BEFORE_PARAGRAPH]]></c><c><![CDATA[fr]]></c><c><![CDATA[Présence de commentaires avant un paragraphe]]></c></r><r><c><![CDATA[critere]]></c><c><![CDATA[desc]]></c><c><![CDATA[COMPLEXITY]]></c><c><![CDATA[en]]></c><c><![CDATA[McCabe Cyclomatic Complexity]]></c></r><r><c><![CDATA[critere]]></c><c><![CDATA[desc]]></c><c><![CDATA[COMPLEXITY]]></c><c><![CDATA[es]]></c><c><![CDATA[COMPLEXITY]]></c></r><r><c><![CDATA[critere]]></c><c><![CDATA[desc]]></c><c><![CDATA[EMPTY-PARAGRAPH]]></c><c><![CDATA[en]]></c><c><![CDATA[Identifies procedure paragraphs that contain no statements.]]></c></r><r><c><![CDATA[critere]]></c><c><![CDATA[desc]]></c><c><![CDATA[EMPTY-PARAGRAPH]]></c><c><![CDATA[es]]></c><c><![CDATA[EMPTY-PARAGRAPH]]></c></r><r><c><![CDATA[critere]]></c><c><![CDATA[desc]]></c><c><![CDATA[EXEC-STATEMENT]]></c><c><![CDATA[en]]></c><c><![CDATA[Identifies instances of EXECUTE statements in the source code.]]></c></r><r><c><![CDATA[critere]]></c><c><![CDATA[desc]]></c><c><![CDATA[EXEC-STATEMENT]]></c><c><![CDATA[es]]></c><c><![CDATA[EXEC-STATEMENT]]></c></r><r><c><![CDATA[critere]]></c><c><![CDATA[desc]]></c><c><![CDATA[FILE-TOO-LONG]]></c><c><![CDATA[en]]></c><c><![CDATA[The code source file is too long]]></c></r><r><c><![CDATA[critere]]></c><c><![CDATA[desc]]></c><c><![CDATA[FILE-TOO-LONG]]></c><c><![CDATA[es]]></c><c><![CDATA[FILE-TOO-LONG]]></c></r><r><c><![CDATA[critere]]></c><c><![CDATA[desc]]></c><c><![CDATA[FILE-TOO-LONG]]></c><c><![CDATA[fr]]></c><c><![CDATA[Le fichier source est trop long]]></c></r><r><c><![CDATA[critere]]></c><c><![CDATA[desc]]></c><c><![CDATA[GOTO-AND-PERFORM]]></c><c><![CDATA[en]]></c><c><![CDATA[This criterion permits to verify jump violations with GOTO and PERFORM statements.]]></c></r><r><c><![CDATA[critere]]></c><c><![CDATA[desc]]></c><c><![CDATA[GOTO-AND-PERFORM]]></c><c><![CDATA[es]]></c><c><![CDATA[GOTO-AND-PERFORM]]></c></r><r><c><![CDATA[critere]]></c><c><![CDATA[desc]]></c><c><![CDATA[IDENTIFIER-TOO-LONG]]></c><c><![CDATA[en]]></c><c><![CDATA[Identifies identifiers that exceeds the ANSI standard of 30 characters.]]></c></r><r><c><![CDATA[critere]]></c><c><![CDATA[desc]]></c><c><![CDATA[IDENTIFIER-TOO-LONG]]></c><c><![CDATA[es]]></c><c><![CDATA[IDENTIFIER-TOO-LONG]]></c></r><r><c><![CDATA[critere]]></c><c><![CDATA[desc]]></c><c><![CDATA[INITIALIZED-LINKAGE-VAR]]></c><c><![CDATA[en]]></c><c><![CDATA[Identifies data elements in the linkage section, declared in the main program file, having a value clause.  Such values are ignored since they are explicitly set when the program is called.]]></c></r><r><c><![CDATA[critere]]></c><c><![CDATA[desc]]></c><c><![CDATA[INITIALIZED-LINKAGE-VAR]]></c><c><![CDATA[es]]></c><c><![CDATA[INITIALIZED-LINKAGE-VAR]]></c></r><r><c><![CDATA[critere]]></c><c><![CDATA[desc]]></c><c><![CDATA[LINKAGE-IN-COPYBOOK]]></c><c><![CDATA[en]]></c><c><![CDATA[Identifies data elements in the linkage section that are declared in the main file.]]></c></r><r><c><![CDATA[critere]]></c><c><![CDATA[desc]]></c><c><![CDATA[LINKAGE-IN-COPYBOOK]]></c><c><![CDATA[es]]></c><c><![CDATA[LINKAGE-IN-COPYBOOK]]></c></r><r><c><![CDATA[critere]]></c><c><![CDATA[desc]]></c><c><![CDATA[LITERAL]]></c><c><![CDATA[en]]></c><c><![CDATA[Identifies use of literals in the procedure division (rather than symbolic constants defined in the environment or data division).]]></c></r><r><c><![CDATA[critere]]></c><c><![CDATA[desc]]></c><c><![CDATA[LITERAL]]></c><c><![CDATA[es]]></c><c><![CDATA[LITERAL]]></c></r><r><c><![CDATA[critere]]></c><c><![CDATA[desc]]></c><c><![CDATA[NB-GOTOS]]></c><c><![CDATA[en]]></c><c><![CDATA[Use of GOTO statements]]></c></r><r><c><![CDATA[critere]]></c><c><![CDATA[desc]]></c><c><![CDATA[NB-GOTOS]]></c><c><![CDATA[es]]></c><c><![CDATA[NB-GOTOS]]></c></r><r><c><![CDATA[critere]]></c><c><![CDATA[desc]]></c><c><![CDATA[NB-GOTOS]]></c><c><![CDATA[fr]]></c><c><![CDATA[Utilisation de l'instruction GOTO]]></c></r><r><c><![CDATA[critere]]></c><c><![CDATA[desc]]></c><c><![CDATA[NO_WHEN_OTHER_IN_EVALUATE]]></c><c><![CDATA[en]]></c><c><![CDATA[The EVALUATE statement should have a WHEN OTHER clause for unexpected cases.]]></c></r><r><c><![CDATA[critere]]></c><c><![CDATA[desc]]></c><c><![CDATA[NO_WHEN_OTHER_IN_EVALUATE]]></c><c><![CDATA[es]]></c><c><![CDATA[NO_WHEN_OTHER_IN_EVALUATE]]></c></r><r><c><![CDATA[critere]]></c><c><![CDATA[desc]]></c><c><![CDATA[NO_WHEN_OTHER_IN_EVALUATE]]></c><c><![CDATA[fr]]></c><c><![CDATA[L'instruction EVALUATE doit avoir une clause WHEN OTHER pour traiter les cas non prévus.]]></c></r><r><c><![CDATA[critere]]></c><c><![CDATA[desc]]></c><c><![CDATA[NUMERIC-VAR-TOO-BIG]]></c><c><![CDATA[en]]></c><c><![CDATA[Numeric variable has more than 18 digits.]]></c></r><r><c><![CDATA[critere]]></c><c><![CDATA[desc]]></c><c><![CDATA[NUMERIC-VAR-TOO-BIG]]></c><c><![CDATA[es]]></c><c><![CDATA[NUMERIC-VAR-TOO-BIG]]></c></r><r><c><![CDATA[critere]]></c><c><![CDATA[desc]]></c><c><![CDATA[PARAGRAPH-FALLS-THROUGH]]></c><c><![CDATA[en]]></c><c><![CDATA[Identifies paragraphs from which control can fall through into the succeeding paragraph.]]></c></r><r><c><![CDATA[critere]]></c><c><![CDATA[desc]]></c><c><![CDATA[PARAGRAPH-FALLS-THROUGH]]></c><c><![CDATA[es]]></c><c><![CDATA[PARAGRAPH-FALLS-THROUGH]]></c></r><r><c><![CDATA[critere]]></c><c><![CDATA[desc]]></c><c><![CDATA[PRECISION-LOSS]]></c><c><![CDATA[en]]></c><c><![CDATA[Identifies operations that move data from one data element to another data element where the number of decimal places specified by the picture clause of the first data element is larger than the number of decimal places specified by the picture clause of the second data element.]]></c></r><r><c><![CDATA[critere]]></c><c><![CDATA[lib]]></c><c><![CDATA[COMMENT_BEFORE_PARAGRAPH]]></c><c><![CDATA[en]]></c><c><![CDATA[Comments before paragraph present]]></c></r><r><c><![CDATA[critere]]></c><c><![CDATA[lib]]></c><c><![CDATA[COMMENT_BEFORE_PARAGRAPH]]></c><c><![CDATA[es]]></c><c><![CDATA[COMMENT_BEFORE_PARAGRAPH]]></c></r></e>