<?xml version="1.0"  encoding="UTF-8"?><e><r><c><![CDATA[modele]]></c><c><![CDATA[desc]]></c><c><![CDATA[COBOL_V1]]></c><c><![CDATA[en]]></c><c><![CDATA[COBOL_V1]]></c></r><r><c><![CDATA[modele]]></c><c><![CDATA[desc]]></c><c><![CDATA[COBOL_V1]]></c><c><![CDATA[es]]></c><c><![CDATA[COBOL_V1]]></c></r><r><c><![CDATA[modele]]></c><c><![CDATA[desc]]></c><c><![CDATA[COBOL_V1]]></c><c><![CDATA[fr]]></c><c><![CDATA[COBOL_V1]]></c></r><r><c><![CDATA[modele]]></c><c><![CDATA[lib]]></c><c><![CDATA[COBOL_V1]]></c><c><![CDATA[en]]></c><c><![CDATA[-- COBOL_V1 -- Not used at Renault]]></c></r><r><c><![CDATA[modele]]></c><c><![CDATA[lib]]></c><c><![CDATA[COBOL_V1]]></c><c><![CDATA[es]]></c><c><![CDATA[COBOL_V1]]></c></r><r><c><![CDATA[modele]]></c><c><![CDATA[lib]]></c><c><![CDATA[COBOL_V1]]></c><c><![CDATA[fr]]></c><c><![CDATA[-- COBOL_V1 -- Not used at Renault]]></c></r></e>