<?xml version="1.0"  encoding="UTF-8"?><e><r><c><![CDATA[FILE-TOO-LONG]]></c><c><![CDATA[NL]]></c><c><![CDATA[COBOL_V1]]></c><c><![CDATA[2008-07-21 09:24:23]]></c><c/></r><r><c><![CDATA[UNUSED-CODE]]></c><c><![CDATA[UNREACHABLE-PARAGRAPH]]></c><c><![CDATA[COBOL_V1]]></c><c><![CDATA[2008-07-21 09:24:23]]></c><c/></r><r><c><![CDATA[IDENTIFIER-TOO-LONG]]></c><c><![CDATA[IDENTIFIER-TOO-LONG]]></c><c><![CDATA[COBOL_V1]]></c><c><![CDATA[2008-07-21 09:24:23]]></c><c/></r><r><c><![CDATA[TABS-PRESENT]]></c><c><![CDATA[TABS-PRESENT]]></c><c><![CDATA[COBOL_V1]]></c><c><![CDATA[2008-07-21 09:24:23]]></c><c/></r><r><c><![CDATA[GOTO-AND-PERFORM]]></c><c><![CDATA[GOTO-INTO-PERFORM]]></c><c><![CDATA[COBOL_V1]]></c><c><![CDATA[2008-07-21 09:24:23]]></c><c/></r><r><c><![CDATA[GOTO-AND-PERFORM]]></c><c><![CDATA[GOTO-OUT-OF-PERFORM]]></c><c><![CDATA[COBOL_V1]]></c><c><![CDATA[2008-07-21 09:24:23]]></c><c/></r><r><c><![CDATA[INITIALIZED-LINKAGE-VAR]]></c><c><![CDATA[INITIALIZED-LINKAGE-VAR]]></c><c><![CDATA[COBOL_V1]]></c><c><![CDATA[2008-07-21 09:24:23]]></c><c/></r><r><c><![CDATA[LINKAGE-IN-COPYBOOK]]></c><c><![CDATA[LINKAGE-IN-COPYBOOK]]></c><c><![CDATA[COBOL_V1]]></c><c><![CDATA[2008-07-21 09:24:23]]></c><c/></r><r><c><![CDATA[COMP]]></c><c><![CDATA[MCCABE-CYCLOMATIC]]></c><c><![CDATA[COBOL_V1]]></c><c><![CDATA[2008-07-21 09:24:23]]></c><c/></r><r><c><![CDATA[NUMERIC-VAR-TOO-BIG]]></c><c><![CDATA[NUMERIC-VAR-TOO-BIG]]></c><c><![CDATA[COBOL_V1]]></c><c><![CDATA[2008-07-21 09:24:23]]></c><c/></r><r><c><![CDATA[PARAGRAPH-FALLS-THROUGH]]></c><c><![CDATA[PARAGRAPH-FALLS-THROUGH]]></c><c><![CDATA[COBOL_V1]]></c><c><![CDATA[2008-07-21 09:24:23]]></c><c/></r><r><c><![CDATA[ALPHANUMERIC-MOVE]]></c><c><![CDATA[ALPHA-TO-NUMERIC]]></c><c><![CDATA[COBOL_V1]]></c><c><![CDATA[2008-07-21 09:24:23]]></c><c/></r><r><c><![CDATA[ALPHANUMERIC-MOVE]]></c><c><![CDATA[ALPHANUMERIC-TO-ALPHA]]></c><c><![CDATA[COBOL_V1]]></c><c><![CDATA[2008-07-21 09:24:23]]></c><c/></r><r><c><![CDATA[ALPHANUMERIC-MOVE]]></c><c><![CDATA[ALPHANUMERIC-TO-NUMERIC]]></c><c><![CDATA[COBOL_V1]]></c><c><![CDATA[2008-07-21 09:24:23]]></c><c/></r><r><c><![CDATA[ALPHANUMERIC-MOVE]]></c><c><![CDATA[NUMERIC-TO-ALPHA]]></c><c><![CDATA[COBOL_V1]]></c><c><![CDATA[2008-07-21 09:24:23]]></c><c/></r><r><c><![CDATA[PRECISION-LOSS]]></c><c><![CDATA[PRECISION-LOSS]]></c><c><![CDATA[COBOL_V1]]></c><c><![CDATA[2008-07-21 09:24:23]]></c><c/></r><r><c><![CDATA[SIGNED-OPERATION]]></c><c><![CDATA[SIGNED-TO-UNSIGNED]]></c><c><![CDATA[COBOL_V1]]></c><c><![CDATA[2008-07-21 09:24:23]]></c><c/></r><r><c><![CDATA[TRUNCATION-DURING-MOVE]]></c><c><![CDATA[TRUNCATION-DURING-MOVE]]></c><c><![CDATA[COBOL_V1]]></c><c><![CDATA[2008-07-21 09:24:23]]></c><c/></r><r><c><![CDATA[ARITHMETIC-OVERFLOW]]></c><c><![CDATA[ARITHMETIC-OVERFLOW]]></c><c><![CDATA[COBOL_V1]]></c><c><![CDATA[2008-07-21 09:24:23]]></c><c/></r><r><c><![CDATA[UNUSED-CODE]]></c><c><![CDATA[INEXECUTABLE-STATEMENT]]></c><c><![CDATA[COBOL_V1]]></c><c/><c/></r><r><c><![CDATA[NB-GOTOS]]></c><c><![CDATA[NB-GOTOS]]></c><c><![CDATA[COBOL_V1]]></c><c/><c/></r><r><c><![CDATA[COMP]]></c><c><![CDATA[CLOC]]></c><c><![CDATA[COBOL_V1]]></c><c/><c/></r><r><c><![CDATA[CALL-STMT-NB]]></c><c><![CDATA[COBOL_TOTAL_OPERATORS]]></c><c><![CDATA[COBOL_V1]]></c><c/><c/></r><r><c><![CDATA[COMPLEXITY]]></c><c><![CDATA[NB_PARAGRAPHS]]></c><c><![CDATA[COBOL_V1]]></c><c/><c/></r><r><c><![CDATA[EMPTY-PARAGRAPH]]></c><c><![CDATA[NL]]></c><c><![CDATA[COBOL_V1]]></c><c/><c/></r><r><c><![CDATA[EMPTY-PARAGRAPH]]></c><c><![CDATA[CLOC]]></c><c><![CDATA[COBOL_V1]]></c><c/><c/></r><r><c><![CDATA[COMP]]></c><c><![CDATA[LOC]]></c><c><![CDATA[COBOL_V1]]></c><c/><c/></r><r><c><![CDATA[COMPLEXITY]]></c><c><![CDATA[MCCABE-CYCLOMATIC]]></c><c><![CDATA[COBOL_V1]]></c><c/><c/></r><r><c><![CDATA[PROCEDURE-LOC]]></c><c><![CDATA[PROCEDURE_DIV_LOC]]></c><c><![CDATA[COBOL_V1]]></c><c/><c/></r><r><c><![CDATA[ALTER-STATEMENT]]></c><c><![CDATA[NB_ALTER]]></c><c><![CDATA[COBOL_V1]]></c><c/><c/></r><r><c><![CDATA[EXEC-STATEMENT]]></c><c><![CDATA[NB_EXECUTE]]></c><c><![CDATA[COBOL_V1]]></c><c/><c/></r><r><c><![CDATA[LITERAL]]></c><c><![CDATA[LITERAL-IN-PROC-DIV]]></c><c><![CDATA[COBOL_V1]]></c><c/><c/></r><r><c><![CDATA[COMMENT_BEFORE_PARAGRAPH]]></c><c><![CDATA[COMMENT_BEFORE_PARAGRAPH]]></c><c><![CDATA[COBOL_V1]]></c><c/><c/></r><r><c><![CDATA[COBOL-CORRESPONDING-USE]]></c><c><![CDATA[NB_MOVECORRESPONDING]]></c><c><![CDATA[COBOL_V1]]></c><c/><c/></r><r><c><![CDATA[COBOL-CORRESPONDING-USE]]></c><c><![CDATA[NB_SUBSTRACTCORRESPONDING]]></c><c><![CDATA[COBOL_V1]]></c><c/><c/></r><r><c><![CDATA[COBOL-CORRESPONDING-USE]]></c><c><![CDATA[NB_ADDCORRESPONDING]]></c><c><![CDATA[COBOL_V1]]></c><c/><c/></r><r><c><![CDATA[CALL-STMT-NB]]></c><c><![CDATA[NB_CALL]]></c><c><![CDATA[COBOL_V1]]></c><c/><c/></r><r><c><![CDATA[COMP]]></c><c><![CDATA[NB_PARAGRAPHS]]></c><c><![CDATA[COBOL_V1]]></c><c/><c/></r><r><c><![CDATA[STRING_UNSTRING_USE]]></c><c><![CDATA[NB_STRING]]></c><c><![CDATA[COBOL_V1]]></c><c/><c/></r><r><c><![CDATA[STRING_UNSTRING_USE]]></c><c><![CDATA[NB_UNSTRING]]></c><c><![CDATA[COBOL_V1]]></c><c/><c/></r><r><c><![CDATA[ARITHMETIC_OP_WITH_DISPLAY_OPERAND]]></c><c><![CDATA[NB_ARITHMETIC_OP_WITH_DISPLAY_OPERAND]]></c><c><![CDATA[COBOL_V1]]></c><c/><c/></r><r><c><![CDATA[ARITHMETIC_OP_WITH_UNSIGNED_OPERAND]]></c><c><![CDATA[NB_ARITHMETIC_OP_WITH_UNSIGNED_OPERAND]]></c><c><![CDATA[COBOL_V1]]></c><c/><c/></r><r><c><![CDATA[NO_WHEN_OTHER_IN_EVALUATE]]></c><c><![CDATA[NO_WHEN_OTHER_IN_EVALUATE]]></c><c><![CDATA[COBOL_V1]]></c><c/><c/></r><r><c><![CDATA[SIMPLE_COMPUTE]]></c><c><![CDATA[NB_TWO_OPERANDS_COMPUTE]]></c><c><![CDATA[COBOL_V1]]></c><c/><c/></r></e>