<?xml version="1.0"  encoding="UTF-8"?><e><r><c><![CDATA[USESINGLETON]]></c><c><![CDATA[2006-06-28 00:00:00]]></c><c><![CDATA[2006-06-28 00:00:00]]></c><c><![CDATA[2006-06-28 00:00:00]]></c><c/></r><r><c><![CDATA[NONTHREADSAFESINGLETON]]></c><c><![CDATA[2006-06-28 00:00:00]]></c><c><![CDATA[2006-06-28 00:00:00]]></c><c><![CDATA[2006-06-28 00:00:00]]></c><c/></r><r><c><![CDATA[SIGNATURE_INTERFACE_USE]]></c><c><![CDATA[2007-04-16 00:00:00]]></c><c><![CDATA[2007-04-16 00:00:00]]></c><c><![CDATA[2007-04-16 00:00:00]]></c><c><![CDATA[2007-04-16 00:00:00]]></c></r><r><c><![CDATA[R1064]]></c><c><![CDATA[2006-11-15 00:00:00]]></c><c><![CDATA[2006-11-15 00:00:00]]></c><c><![CDATA[2006-11-15 00:00:00]]></c><c/></r><r><c><![CDATA[R10]]></c><c><![CDATA[2008-01-17 00:00:00]]></c><c><![CDATA[2008-01-17 00:00:00]]></c><c><![CDATA[2008-01-17 00:00:00]]></c><c/></r><r><c><![CDATA[NEEDBRACESCHECK]]></c><c><![CDATA[2006-11-15 00:00:00]]></c><c/><c><![CDATA[2006-11-15 00:00:00]]></c><c/></r><r><c><![CDATA[R11]]></c><c><![CDATA[2006-11-15 00:00:00]]></c><c><![CDATA[2006-11-15 00:00:00]]></c><c><![CDATA[2006-11-15 00:00:00]]></c><c/></r><r><c><![CDATA[R12]]></c><c><![CDATA[2006-11-15 00:00:00]]></c><c><![CDATA[2006-11-15 00:00:00]]></c><c><![CDATA[2006-11-15 00:00:00]]></c><c/></r><r><c><![CDATA[R14]]></c><c><![CDATA[2006-11-15 00:00:00]]></c><c><![CDATA[2006-11-15 00:00:00]]></c><c><![CDATA[2006-11-15 00:00:00]]></c><c/></r><r><c><![CDATA[R16]]></c><c><![CDATA[2006-11-15 15:39:43]]></c><c><![CDATA[2006-11-15 15:39:43]]></c><c><![CDATA[2006-11-15 15:39:43]]></c><c/></r><r><c><![CDATA[HIDDENFIELDCHECK]]></c><c><![CDATA[2006-11-15 00:00:00]]></c><c><![CDATA[2008-11-18 17:21:24]]></c><c><![CDATA[2006-11-15 00:00:00]]></c><c/></r><r><c><![CDATA[R17]]></c><c><![CDATA[2008-01-17 00:00:00]]></c><c><![CDATA[2008-01-17 00:00:00]]></c><c><![CDATA[2008-01-17 00:00:00]]></c><c/></r><r><c><![CDATA[R19]]></c><c><![CDATA[2006-11-15 00:00:00]]></c><c><![CDATA[2006-11-15 00:00:00]]></c><c><![CDATA[2006-11-15 00:00:00]]></c><c/></r><r><c><![CDATA[LOOSECOUPLING]]></c><c><![CDATA[2006-06-28 00:00:00]]></c><c><![CDATA[2006-06-28 00:00:00]]></c><c><![CDATA[2006-06-28 00:00:00]]></c><c/></r><r><c><![CDATA[SIMPLIFYBOOLEANEXPRESSIONS]]></c><c><![CDATA[2006-06-28 00:00:00]]></c><c><![CDATA[2006-06-28 00:00:00]]></c><c><![CDATA[2006-06-28 00:00:00]]></c><c/></r><r><c><![CDATA[TYPE_SAFETY]]></c><c><![CDATA[2009-04-30 00:00:00]]></c><c/><c><![CDATA[2009-04-30 00:00:00]]></c><c/></r><r><c><![CDATA[UNINITIALIZEDFIELDS]]></c><c><![CDATA[2006-06-21 00:00:00]]></c><c><![CDATA[2006-06-21 00:00:00]]></c><c><![CDATA[2006-06-21 00:00:00]]></c><c/></r><r><c><![CDATA[R18]]></c><c><![CDATA[2008-01-17 00:00:00]]></c><c><![CDATA[2008-01-17 00:00:00]]></c><c><![CDATA[2008-01-17 00:00:00]]></c><c/></r><r><c><![CDATA[EXCEPTIONRULES]]></c><c><![CDATA[2006-06-28 00:00:00]]></c><c><![CDATA[2006-06-28 00:00:00]]></c><c><![CDATA[2006-06-28 00:00:00]]></c><c/></r><r><c><![CDATA[AVOIDINSTANTIATINGOBJECTSINLOOPS]]></c><c><![CDATA[2006-06-28 00:00:00]]></c><c><![CDATA[2006-06-28 00:00:00]]></c><c><![CDATA[2006-06-28 00:00:00]]></c><c/></r><r><c><![CDATA[ANTI_COPIER_COLLER]]></c><c><![CDATA[2008-02-06 00:00:00]]></c><c><![CDATA[2008-06-20 10:50:32]]></c><c><![CDATA[2008-02-06 00:00:00]]></c><c/></r><r><c><![CDATA[UNUSEDLOCALORPRIVATE]]></c><c><![CDATA[2006-11-15 00:00:00]]></c><c/><c><![CDATA[2006-11-15 00:00:00]]></c><c/></r><r><c><![CDATA[COMP]]></c><c><![CDATA[2006-11-15 15:39:43]]></c><c/><c><![CDATA[2006-11-15 15:39:43]]></c><c/></r><r><c><![CDATA[R1076]]></c><c><![CDATA[2006-11-15 00:00:00]]></c><c><![CDATA[2006-11-15 00:00:00]]></c><c><![CDATA[2006-11-15 00:00:00]]></c><c/></r><r><c><![CDATA[R20]]></c><c><![CDATA[2006-11-15 15:39:43]]></c><c><![CDATA[2006-11-15 15:39:43]]></c><c><![CDATA[2006-11-15 15:39:43]]></c><c/></r><r><c><![CDATA[IFSTMTRULES]]></c><c><![CDATA[2006-06-28 00:00:00]]></c><c><![CDATA[2008-11-04 11:11:50]]></c><c><![CDATA[2006-06-28 00:00:00]]></c><c/></r><r><c><![CDATA[MAGICNUMBERCHECK]]></c><c><![CDATA[2006-11-15 15:39:43]]></c><c/><c><![CDATA[2006-11-15 15:39:43]]></c><c/></r><r><c><![CDATA[R21]]></c><c><![CDATA[2006-11-15 00:00:00]]></c><c><![CDATA[2006-11-15 00:00:00]]></c><c><![CDATA[2006-11-15 00:00:00]]></c><c/></r><r><c><![CDATA[R22]]></c><c><![CDATA[2006-11-15 00:00:00]]></c><c><![CDATA[2006-11-15 00:00:00]]></c><c><![CDATA[2006-11-15 00:00:00]]></c><c/></r><r><c><![CDATA[R25]]></c><c><![CDATA[2006-11-15 00:00:00]]></c><c><![CDATA[2006-11-15 00:00:00]]></c><c><![CDATA[2006-11-15 00:00:00]]></c><c/></r><r><c><![CDATA[R1036]]></c><c><![CDATA[2006-11-15 00:00:00]]></c><c><![CDATA[2008-11-06 17:31:17]]></c><c><![CDATA[2006-11-15 00:00:00]]></c><c/></r><r><c><![CDATA[R28]]></c><c><![CDATA[2006-11-15 00:00:00]]></c><c><![CDATA[2006-11-15 00:00:00]]></c><c><![CDATA[2006-11-15 00:00:00]]></c><c/></r><r><c><![CDATA[JAVADOCSYNTAX]]></c><c><![CDATA[2006-11-15 15:39:43]]></c><c/><c><![CDATA[2006-11-15 15:39:43]]></c><c/></r><r><c><![CDATA[R27]]></c><c><![CDATA[2006-11-15 00:00:00]]></c><c><![CDATA[2006-11-15 00:00:00]]></c><c><![CDATA[2006-11-15 00:00:00]]></c><c/></r><r><c><![CDATA[AVOIDPRINTSTACKTRACE]]></c><c><![CDATA[2006-06-28 00:00:00]]></c><c><![CDATA[2006-06-28 00:00:00]]></c><c><![CDATA[2006-06-28 00:00:00]]></c><c/></r><r><c><![CDATA[R26]]></c><c><![CDATA[2006-11-15 00:00:00]]></c><c><![CDATA[2006-11-15 00:00:00]]></c><c><![CDATA[2006-11-15 00:00:00]]></c><c/></r><r><c><![CDATA[HARDCODEDIP]]></c><c><![CDATA[2006-06-20 00:00:00]]></c><c><![CDATA[2006-06-20 00:00:00]]></c><c><![CDATA[2006-06-20 00:00:00]]></c><c><![CDATA[2006-06-20 00:00:00]]></c></r><r><c><![CDATA[EMPTYCATCHBLOCK]]></c><c><![CDATA[2006-06-21 00:00:00]]></c><c><![CDATA[2006-06-21 00:00:00]]></c><c><![CDATA[2006-06-21 00:00:00]]></c><c><![CDATA[2006-06-21 00:00:00]]></c></r><r><c><![CDATA[R3]]></c><c><![CDATA[2006-11-15 00:00:00]]></c><c><![CDATA[2006-11-15 00:00:00]]></c><c><![CDATA[2006-11-15 00:00:00]]></c><c/></r><r><c><![CDATA[R4]]></c><c><![CDATA[2006-11-15 00:00:00]]></c><c><![CDATA[2006-11-15 00:00:00]]></c><c><![CDATA[2006-11-15 00:00:00]]></c><c/></r><r><c><![CDATA[R5]]></c><c><![CDATA[2006-11-15 00:00:00]]></c><c><![CDATA[2006-11-15 00:00:00]]></c><c><![CDATA[2006-11-15 00:00:00]]></c><c/></r><r><c><![CDATA[TCOU]]></c><c><![CDATA[2006-11-15 00:00:00]]></c><c/><c><![CDATA[2006-11-15 00:00:00]]></c><c/></r><r><c><![CDATA[R7]]></c><c><![CDATA[2006-11-15 00:00:00]]></c><c><![CDATA[2006-11-15 00:00:00]]></c><c><![CDATA[2006-11-15 00:00:00]]></c><c/></r><r><c><![CDATA[R8]]></c><c><![CDATA[2006-11-15 00:00:00]]></c><c><![CDATA[2008-01-30 11:37:00]]></c><c><![CDATA[2006-11-15 00:00:00]]></c><c/></r><r><c><![CDATA[R9]]></c><c><![CDATA[2006-11-15 00:00:00]]></c><c><![CDATA[2006-11-15 00:00:00]]></c><c><![CDATA[2006-11-15 00:00:00]]></c><c/></r><r><c><![CDATA[DEST]]></c><c><![CDATA[2006-11-15 00:00:00]]></c><c><![CDATA[2008-11-06 17:20:37]]></c><c><![CDATA[2006-11-15 00:00:00]]></c><c/></r><r><c><![CDATA[USELESSOVERRIDINGMETHOD]]></c><c><![CDATA[2006-06-20 00:00:00]]></c><c><![CDATA[2006-06-20 00:00:00]]></c><c><![CDATA[2006-06-20 00:00:00]]></c><c><![CDATA[2006-06-20 00:00:00]]></c></r><r><c><![CDATA[POSITIONLITERALSFIRSTINCOMPARISONS]]></c><c><![CDATA[2006-06-20 00:00:00]]></c><c><![CDATA[2006-06-20 00:00:00]]></c><c><![CDATA[2006-06-20 00:00:00]]></c><c><![CDATA[2006-06-20 00:00:00]]></c></r><r><c><![CDATA[R6]]></c><c><![CDATA[2008-01-17 00:00:00]]></c><c><![CDATA[2008-01-17 00:00:00]]></c><c><![CDATA[2008-01-17 00:00:00]]></c><c/></r><r><c><![CDATA[NULL_CHECK]]></c><c><![CDATA[2009-04-30 00:00:00]]></c><c/><c><![CDATA[2009-04-30 00:00:00]]></c><c/></r><r><c><![CDATA[AVOIDENUMASIDENTIFIER]]></c><c><![CDATA[2006-06-28 00:00:00]]></c><c><![CDATA[2008-11-06 17:29:12]]></c><c><![CDATA[2006-06-28 00:00:00]]></c><c/></r><r><c><![CDATA[UNCOMMENTEDEMPTYCONSTRUCTOR]]></c><c><![CDATA[2006-06-20 00:00:00]]></c><c><![CDATA[2006-06-20 00:00:00]]></c><c><![CDATA[2006-06-20 00:00:00]]></c><c><![CDATA[2006-06-20 00:00:00]]></c></r><r><c><![CDATA[R1004]]></c><c><![CDATA[2006-11-15 00:00:00]]></c><c><![CDATA[2006-11-15 00:00:00]]></c><c><![CDATA[2006-11-15 00:00:00]]></c><c/></r><r><c><![CDATA[R1007]]></c><c><![CDATA[2006-11-15 00:00:00]]></c><c><![CDATA[2006-11-15 00:00:00]]></c><c><![CDATA[2006-11-15 00:00:00]]></c><c/></r><r><c><![CDATA[IMMUTABLEFIELD]]></c><c><![CDATA[2006-06-21 00:00:00]]></c><c><![CDATA[2006-06-21 00:00:00]]></c><c><![CDATA[2006-06-21 00:00:00]]></c><c><![CDATA[2006-06-21 00:00:00]]></c></r><r><c><![CDATA[TPRO]]></c><c><![CDATA[2006-11-15 00:00:00]]></c><c/><c><![CDATA[2006-11-15 00:00:00]]></c><c/></r><r><c><![CDATA[METHODRETURNSINTERNALARRAY]]></c><c><![CDATA[2006-06-28 00:00:00]]></c><c><![CDATA[2008-11-06 17:42:36]]></c><c><![CDATA[2006-06-28 00:00:00]]></c><c/></r><r><c><![CDATA[ARRAYISSTOREDDIRECTLY]]></c><c><![CDATA[2006-06-28 00:00:00]]></c><c><![CDATA[2008-11-06 17:38:40]]></c><c><![CDATA[2006-06-28 00:00:00]]></c><c/></r><r><c><![CDATA[EMPTYSTATEMENTNOTINLOOP]]></c><c><![CDATA[2006-06-28 00:00:00]]></c><c><![CDATA[2006-06-28 00:00:00]]></c><c><![CDATA[2006-06-28 00:00:00]]></c><c/></r><r><c><![CDATA[NORMALIZED_DISTANCE]]></c><c><![CDATA[2007-04-16 00:00:00]]></c><c><![CDATA[2008-11-06 15:45:23]]></c><c><![CDATA[2007-04-16 00:00:00]]></c><c><![CDATA[2007-04-16 00:00:00]]></c></r><r><c><![CDATA[EQUALS]]></c><c><![CDATA[2006-06-21 00:00:00]]></c><c><![CDATA[2006-06-21 00:00:00]]></c><c><![CDATA[2006-06-21 00:00:00]]></c><c/></r><r><c><![CDATA[CYCLICDEPENDENCY]]></c><c><![CDATA[2006-06-21 00:00:00]]></c><c><![CDATA[2006-06-21 00:00:00]]></c><c><![CDATA[2006-06-21 00:00:00]]></c><c/></r><r><c><![CDATA[AVOIDDEPRECATED]]></c><c><![CDATA[2008-10-17 00:00:00]]></c><c/><c><![CDATA[2008-10-17 00:00:00]]></c><c/></r><r><c><![CDATA[COUPLINGBETWEENOBJECTS]]></c><c><![CDATA[2006-06-28 00:00:00]]></c><c><![CDATA[2006-06-28 00:00:00]]></c><c><![CDATA[2006-06-28 00:00:00]]></c><c/></r><r><c><![CDATA[ONLYONERETURN]]></c><c><![CDATA[2006-06-09 00:00:00]]></c><c><![CDATA[2006-06-09 00:00:00]]></c><c><![CDATA[2006-06-09 00:00:00]]></c><c/></r><r><c><![CDATA[JAVADOCMISSING]]></c><c><![CDATA[2006-11-15 00:00:00]]></c><c/><c><![CDATA[2006-11-15 00:00:00]]></c><c/></r><r><c><![CDATA[PLOG]]></c><c><![CDATA[2006-11-15 00:00:00]]></c><c><![CDATA[2008-11-18 09:27:10]]></c><c><![CDATA[2006-11-15 00:00:00]]></c><c/></r><r><c><![CDATA[COMPAREOBJECTSWITHEQUALS]]></c><c><![CDATA[2006-06-20 00:00:00]]></c><c><![CDATA[2006-06-20 00:00:00]]></c><c><![CDATA[2006-06-20 00:00:00]]></c><c><![CDATA[2006-06-20 00:00:00]]></c></r><r><c><![CDATA[INTE]]></c><c><![CDATA[2006-11-15 00:00:00]]></c><c><![CDATA[2008-11-18 09:31:04]]></c><c><![CDATA[2006-11-15 00:00:00]]></c><c/></r><r><c><![CDATA[R1017]]></c><c><![CDATA[2006-11-15 00:00:00]]></c><c><![CDATA[2008-12-15 09:54:07]]></c><c><![CDATA[2006-11-15 00:00:00]]></c><c/></r><r><c><![CDATA[AVOIDREASSIGNINGPARAMETERS]]></c><c><![CDATA[2006-06-21 00:00:00]]></c><c><![CDATA[2006-06-21 00:00:00]]></c><c><![CDATA[2006-06-21 00:00:00]]></c><c><![CDATA[2006-06-21 00:00:00]]></c></r><r><c><![CDATA[DECLARATIONORDERCHECK]]></c><c><![CDATA[2006-11-15 00:00:00]]></c><c><![CDATA[2008-11-18 17:30:22]]></c><c><![CDATA[2006-11-15 00:00:00]]></c><c/></r><r><c><![CDATA[SWITCHSTMTRULES]]></c><c><![CDATA[2006-06-28 00:00:00]]></c><c><![CDATA[2008-11-04 11:18:13]]></c><c><![CDATA[2006-06-28 00:00:00]]></c><c/></r><r><c><![CDATA[AVOIDSTARIMPORTCHECK]]></c><c><![CDATA[2006-11-15 00:00:00]]></c><c><![CDATA[2008-11-18 17:19:20]]></c><c><![CDATA[2006-11-15 00:00:00]]></c><c/></r><r><c><![CDATA[AVOIDDUPLICATELITERALS]]></c><c><![CDATA[2006-06-28 00:00:00]]></c><c><![CDATA[2006-06-28 00:00:00]]></c><c><![CDATA[2006-06-28 00:00:00]]></c><c/></r><r><c><![CDATA[CTRA]]></c><c><![CDATA[2006-11-15 00:00:00]]></c><c><![CDATA[2008-11-06 17:27:59]]></c><c><![CDATA[2006-11-15 00:00:00]]></c><c/></r></e>