<?xml version="1.0"  encoding="UTF-8"?><e><r><c><![CDATA[JAVA-RULES]]></c><c><![CDATA[MAIN]]></c><c><![CDATA[R4]]></c><c><![CDATA[1]]></c><c><![CDATA[2007-08-28 00:00:00]]></c><c><![CDATA[2007-08-28 00:00:00]]></c></r><r><c><![CDATA[JAVA-RULES]]></c><c><![CDATA[MAIN]]></c><c><![CDATA[R11]]></c><c><![CDATA[1]]></c><c><![CDATA[2007-08-28 00:00:00]]></c><c><![CDATA[2007-08-28 00:00:00]]></c></r><r><c><![CDATA[JAVA-RULES]]></c><c><![CDATA[MAIN]]></c><c><![CDATA[MAGICNUMBERCHECK]]></c><c><![CDATA[3]]></c><c><![CDATA[2007-08-28 00:00:00]]></c><c><![CDATA[2007-08-28 00:00:00]]></c></r><r><c><![CDATA[JAVA-RULES]]></c><c><![CDATA[MAIN]]></c><c><![CDATA[NEEDBRACESCHECK]]></c><c><![CDATA[3]]></c><c><![CDATA[2007-08-28 00:00:00]]></c><c><![CDATA[2007-08-28 00:00:00]]></c></r><r><c><![CDATA[JAVA-RULES]]></c><c><![CDATA[EVOL]]></c><c><![CDATA[R20]]></c><c><![CDATA[2]]></c><c><![CDATA[2007-08-28 00:00:00]]></c><c><![CDATA[2007-08-28 00:00:00]]></c></r><r><c><![CDATA[JAVA-RULES]]></c><c><![CDATA[EVOL]]></c><c><![CDATA[R26]]></c><c><![CDATA[2]]></c><c><![CDATA[2007-08-28 00:00:00]]></c><c><![CDATA[2007-08-28 00:00:00]]></c></r><r><c><![CDATA[JAVA-RULES]]></c><c><![CDATA[ROBU]]></c><c><![CDATA[R5]]></c><c><![CDATA[2]]></c><c><![CDATA[2007-08-28 00:00:00]]></c><c><![CDATA[2007-08-28 00:00:00]]></c></r><r><c><![CDATA[JAVA-RULES]]></c><c><![CDATA[ROBU]]></c><c><![CDATA[R7]]></c><c><![CDATA[3]]></c><c><![CDATA[2007-08-28 00:00:00]]></c><c><![CDATA[2007-08-28 00:00:00]]></c></r><r><c><![CDATA[JAVA-RULES]]></c><c><![CDATA[ROBU]]></c><c><![CDATA[R14]]></c><c><![CDATA[2]]></c><c><![CDATA[2007-08-28 00:00:00]]></c><c><![CDATA[2007-08-28 00:00:00]]></c></r><r><c><![CDATA[JAVA-RULES]]></c><c><![CDATA[ROBU]]></c><c><![CDATA[R19]]></c><c><![CDATA[3]]></c><c><![CDATA[2007-08-28 00:00:00]]></c><c><![CDATA[2007-08-28 00:00:00]]></c></r><r><c><![CDATA[JAVA-RULES]]></c><c><![CDATA[PERT]]></c><c><![CDATA[R26]]></c><c><![CDATA[2]]></c><c><![CDATA[2007-08-28 00:00:00]]></c><c><![CDATA[2007-08-28 00:00:00]]></c></r><r><c><![CDATA[JAVA-RULES]]></c><c><![CDATA[PERT]]></c><c><![CDATA[R27]]></c><c><![CDATA[2]]></c><c><![CDATA[2007-08-28 00:00:00]]></c><c><![CDATA[2007-08-28 00:00:00]]></c></r><r><c><![CDATA[JAVA-RULES]]></c><c><![CDATA[REUT]]></c><c><![CDATA[R3]]></c><c><![CDATA[2]]></c><c><![CDATA[2007-08-28 00:00:00]]></c><c><![CDATA[2007-08-28 00:00:00]]></c></r><r><c><![CDATA[JAVA-RULES]]></c><c><![CDATA[REUT]]></c><c><![CDATA[R4]]></c><c><![CDATA[1]]></c><c><![CDATA[2007-08-28 00:00:00]]></c><c><![CDATA[2007-08-28 00:00:00]]></c></r><r><c><![CDATA[JAVA-RULES]]></c><c><![CDATA[REUT]]></c><c><![CDATA[R20]]></c><c><![CDATA[2]]></c><c><![CDATA[2007-08-28 00:00:00]]></c><c><![CDATA[2007-08-28 00:00:00]]></c></r><r><c><![CDATA[JAVA-RULES]]></c><c><![CDATA[REUT]]></c><c><![CDATA[AVOIDSTARIMPORTCHECK]]></c><c><![CDATA[3]]></c><c><![CDATA[2007-08-28 00:00:00]]></c><c><![CDATA[2007-08-28 00:00:00]]></c></r><r><c><![CDATA[JAVA-RULES]]></c><c><![CDATA[REUT]]></c><c><![CDATA[HIDDENFIELDCHECK]]></c><c><![CDATA[3]]></c><c><![CDATA[2007-08-28 00:00:00]]></c><c><![CDATA[2007-08-28 00:00:00]]></c></r><r><c><![CDATA[JAVA-RULES]]></c><c><![CDATA[REUT]]></c><c><![CDATA[MAGICNUMBERCHECK]]></c><c><![CDATA[3]]></c><c><![CDATA[2007-08-28 00:00:00]]></c><c><![CDATA[2007-08-28 00:00:00]]></c></r><r><c><![CDATA[JAVA-RULES]]></c><c><![CDATA[REUT]]></c><c><![CDATA[NEEDBRACESCHECK]]></c><c><![CDATA[3]]></c><c><![CDATA[2007-08-28 00:00:00]]></c><c><![CDATA[2007-08-28 00:00:00]]></c></r><r><c><![CDATA[JAVA-RULES]]></c><c><![CDATA[REUT]]></c><c><![CDATA[JAVADOCMISSING]]></c><c><![CDATA[3]]></c><c><![CDATA[2007-08-28 00:00:00]]></c><c><![CDATA[2007-08-28 00:00:00]]></c></r><r><c><![CDATA[JAVA-RULES]]></c><c><![CDATA[REUT]]></c><c><![CDATA[JAVADOCSYNTAX]]></c><c><![CDATA[3]]></c><c><![CDATA[2007-08-28 00:00:00]]></c><c><![CDATA[2007-08-28 00:00:00]]></c></r><r><c><![CDATA[JAVA-RULES]]></c><c><![CDATA[REUT]]></c><c><![CDATA[DECLARATIONORDERCHECK]]></c><c><![CDATA[3]]></c><c><![CDATA[2007-08-28 00:00:00]]></c><c><![CDATA[2007-08-28 00:00:00]]></c></r><r><c><![CDATA[JAVA-RULES]]></c><c><![CDATA[REUT]]></c><c><![CDATA[UNUSEDLOCALORPRIVATE]]></c><c><![CDATA[3]]></c><c><![CDATA[2007-08-28 00:00:00]]></c><c><![CDATA[2007-08-28 00:00:00]]></c></r><r><c><![CDATA[JAVA-RULES]]></c><c><![CDATA[FIAB]]></c><c><![CDATA[R7]]></c><c><![CDATA[3]]></c><c><![CDATA[2007-08-28 00:00:00]]></c><c><![CDATA[2007-08-28 00:00:00]]></c></r><r><c><![CDATA[JAVA-RULES]]></c><c><![CDATA[FIAB]]></c><c><![CDATA[R21]]></c><c><![CDATA[1]]></c><c><![CDATA[2007-08-28 00:00:00]]></c><c><![CDATA[2007-08-28 00:00:00]]></c></r><r><c><![CDATA[JAVA-RULES]]></c><c><![CDATA[EVOL]]></c><c><![CDATA[R3]]></c><c><![CDATA[2]]></c><c><![CDATA[2007-08-28 00:00:00]]></c><c><![CDATA[2007-08-28 00:00:00]]></c></r><r><c><![CDATA[JAVA-RULES]]></c><c><![CDATA[EVOL]]></c><c><![CDATA[R4]]></c><c><![CDATA[1]]></c><c><![CDATA[2007-08-28 00:00:00]]></c><c><![CDATA[2007-08-28 00:00:00]]></c></r><r><c><![CDATA[JAVA-RULES]]></c><c><![CDATA[EVOL]]></c><c><![CDATA[R8]]></c><c><![CDATA[1]]></c><c><![CDATA[2007-08-28 00:00:00]]></c><c><![CDATA[2007-08-28 00:00:00]]></c></r><r><c><![CDATA[JAVA-RULES]]></c><c><![CDATA[FIAB]]></c><c><![CDATA[R22]]></c><c><![CDATA[1]]></c><c><![CDATA[2007-08-28 00:00:00]]></c><c><![CDATA[2007-08-28 00:00:00]]></c></r><r><c><![CDATA[JAVA-RULES]]></c><c><![CDATA[MAIN]]></c><c><![CDATA[DEST]]></c><c><![CDATA[3]]></c><c/><c/></r><r><c><![CDATA[JAVA-RULES]]></c><c><![CDATA[MAIN]]></c><c><![CDATA[COMP]]></c><c><![CDATA[3]]></c><c/><c/></r><r><c><![CDATA[JAVA-RULES]]></c><c><![CDATA[EVOL]]></c><c><![CDATA[DEST]]></c><c><![CDATA[30]]></c><c/><c/></r><r><c><![CDATA[JAVA-RULES]]></c><c><![CDATA[FIAB]]></c><c><![CDATA[DEST]]></c><c><![CDATA[3]]></c><c/><c/></r><r><c><![CDATA[JAVA-RULES]]></c><c><![CDATA[FIAB]]></c><c><![CDATA[PLOG]]></c><c><![CDATA[3]]></c><c/><c/></r><r><c><![CDATA[JAVA-RULES]]></c><c><![CDATA[MAIN]]></c><c><![CDATA[PLOG]]></c><c><![CDATA[3]]></c><c/><c/></r><r><c><![CDATA[JAVA-RULES]]></c><c><![CDATA[EVOL]]></c><c><![CDATA[PLOG]]></c><c><![CDATA[20]]></c><c/><c/></r><r><c><![CDATA[JAVA-RULES]]></c><c><![CDATA[MAIN]]></c><c><![CDATA[ONLYONERETURN]]></c><c><![CDATA[2]]></c><c/><c/></r><r><c><![CDATA[JAVA-RULES]]></c><c><![CDATA[FIAB]]></c><c><![CDATA[ONLYONERETURN]]></c><c><![CDATA[1]]></c><c/><c/></r><r><c><![CDATA[JAVA-RULES]]></c><c><![CDATA[MAIN]]></c><c><![CDATA[TPRO]]></c><c><![CDATA[2]]></c><c/><c/></r><r><c><![CDATA[JAVA-RULES]]></c><c><![CDATA[REUT]]></c><c><![CDATA[TPRO]]></c><c><![CDATA[3]]></c><c/><c/></r><r><c><![CDATA[JAVA-RULES]]></c><c><![CDATA[ROBU]]></c><c><![CDATA[COMPAREOBJECTSWITHEQUALS]]></c><c><![CDATA[1]]></c><c/><c/></r><r><c><![CDATA[JAVA-RULES]]></c><c><![CDATA[EVOL]]></c><c><![CDATA[HARDCODEDIP]]></c><c><![CDATA[1]]></c><c/><c/></r><r><c><![CDATA[JAVA-RULES]]></c><c><![CDATA[ROBU]]></c><c><![CDATA[POSITIONLITERALSFIRSTINCOMPARISONS]]></c><c><![CDATA[1]]></c><c/><c/></r><r><c><![CDATA[JAVA-RULES]]></c><c><![CDATA[ROBU]]></c><c><![CDATA[UNCOMMENTEDEMPTYCONSTRUCTOR]]></c><c><![CDATA[1]]></c><c/><c/></r><r><c><![CDATA[JAVA-RULES]]></c><c><![CDATA[MAIN]]></c><c><![CDATA[USELESSOVERRIDINGMETHOD]]></c><c><![CDATA[1]]></c><c/><c/></r><r><c><![CDATA[JAVA-RULES]]></c><c><![CDATA[MAIN]]></c><c><![CDATA[AVOIDREASSIGNINGPARAMETERS]]></c><c><![CDATA[1]]></c><c/><c/></r><r><c><![CDATA[JAVA-RULES]]></c><c><![CDATA[ROBU]]></c><c><![CDATA[EMPTYCATCHBLOCK]]></c><c><![CDATA[3]]></c><c/><c/></r><r><c><![CDATA[JAVA-RULES]]></c><c><![CDATA[MAIN]]></c><c><![CDATA[IMMUTABLEFIELD]]></c><c><![CDATA[1]]></c><c/><c/></r><r><c><![CDATA[JAVA-RULES]]></c><c><![CDATA[FIAB]]></c><c><![CDATA[CTRA]]></c><c><![CDATA[1]]></c><c/><c/></r><r><c><![CDATA[JAVA-RULES]]></c><c><![CDATA[FIAB]]></c><c><![CDATA[INTE]]></c><c><![CDATA[1]]></c><c/><c/></r><r><c><![CDATA[JAVA-RULES]]></c><c><![CDATA[PERT]]></c><c><![CDATA[CYCLICDEPENDENCY]]></c><c><![CDATA[3]]></c><c/><c/></r><r><c><![CDATA[JAVA-RULES]]></c><c><![CDATA[ROBU]]></c><c><![CDATA[UNINITIALIZEDFIELDS]]></c><c><![CDATA[1]]></c><c/><c/></r><r><c><![CDATA[JAVA-RULES]]></c><c><![CDATA[ROBU]]></c><c><![CDATA[EQUALS]]></c><c><![CDATA[2]]></c><c/><c/></r><r><c><![CDATA[JAVA-RULES]]></c><c><![CDATA[REUT]]></c><c><![CDATA[EQUALS]]></c><c><![CDATA[1]]></c><c/><c/></r><r><c><![CDATA[JAVA-RULES]]></c><c><![CDATA[EVOL]]></c><c><![CDATA[AVOIDENUMASIDENTIFIER]]></c><c><![CDATA[5]]></c><c/><c/></r><r><c><![CDATA[JAVA-RULES]]></c><c><![CDATA[MAIN]]></c><c><![CDATA[IFSTMTRULES]]></c><c><![CDATA[2]]></c><c/><c/></r><r><c><![CDATA[JAVA-RULES]]></c><c><![CDATA[MAIN]]></c><c><![CDATA[SWITCHSTMTRULES]]></c><c><![CDATA[2]]></c><c/><c/></r><r><c><![CDATA[JAVA-RULES]]></c><c><![CDATA[PERT]]></c><c><![CDATA[USESINGLETON]]></c><c><![CDATA[2]]></c><c/><c/></r><r><c><![CDATA[JAVA-RULES]]></c><c><![CDATA[PERT]]></c><c><![CDATA[NONTHREADSAFESINGLETON]]></c><c><![CDATA[3]]></c><c/><c/></r><r><c><![CDATA[JAVA-RULES]]></c><c><![CDATA[PERT]]></c><c><![CDATA[ARRAYISSTOREDDIRECTLY]]></c><c><![CDATA[3]]></c><c/><c/></r><r><c><![CDATA[JAVA-RULES]]></c><c><![CDATA[PERT]]></c><c><![CDATA[METHODRETURNSINTERNALARRAY]]></c><c><![CDATA[3]]></c><c/><c/></r><r><c><![CDATA[JAVA-RULES]]></c><c><![CDATA[PERT]]></c><c><![CDATA[COUPLINGBETWEENOBJECTS]]></c><c><![CDATA[2]]></c><c/><c/></r><r><c><![CDATA[JAVA-RULES]]></c><c><![CDATA[PERT]]></c><c><![CDATA[LOOSECOUPLING]]></c><c><![CDATA[2]]></c><c/><c/></r><r><c><![CDATA[JAVA-RULES]]></c><c><![CDATA[ROBU]]></c><c><![CDATA[EXCEPTIONRULES]]></c><c><![CDATA[3]]></c><c/><c/></r><r><c><![CDATA[JAVA-RULES]]></c><c><![CDATA[FIAB]]></c><c><![CDATA[EXCEPTIONRULES]]></c><c><![CDATA[1]]></c><c/><c/></r><r><c><![CDATA[JAVA-RULES]]></c><c><![CDATA[MAIN]]></c><c><![CDATA[SIMPLIFYBOOLEANEXPRESSIONS]]></c><c><![CDATA[1]]></c><c/><c/></r><r><c><![CDATA[JAVA-RULES]]></c><c><![CDATA[ROBU]]></c><c><![CDATA[EMPTYSTATEMENTNOTINLOOP]]></c><c><![CDATA[1]]></c><c/><c/></r><r><c><![CDATA[JAVA-RULES]]></c><c><![CDATA[REUT]]></c><c><![CDATA[AVOIDDUPLICATELITERALS]]></c><c><![CDATA[2]]></c><c/><c/></r><r><c><![CDATA[JAVA-RULES]]></c><c><![CDATA[ROBU]]></c><c><![CDATA[AVOIDINSTANTIATINGOBJECTSINLOOPS]]></c><c><![CDATA[2]]></c><c/><c/></r><r><c><![CDATA[JAVA-RULES]]></c><c><![CDATA[PERT]]></c><c><![CDATA[AVOIDINSTANTIATINGOBJECTSINLOOPS]]></c><c><![CDATA[1]]></c><c/><c/></r><r><c><![CDATA[JAVA-RULES]]></c><c><![CDATA[PERT]]></c><c><![CDATA[AVOIDPRINTSTACKTRACE]]></c><c><![CDATA[1]]></c><c/><c/></r><r><c><![CDATA[JAVA-RULES]]></c><c><![CDATA[PERT]]></c><c><![CDATA[SIGNATURE_INTERFACE_USE]]></c><c><![CDATA[1]]></c><c/><c/></r><r><c><![CDATA[JAVA-RULES]]></c><c><![CDATA[PERT]]></c><c><![CDATA[NORMALIZED_DISTANCE]]></c><c><![CDATA[1]]></c><c/><c/></r><r><c><![CDATA[JAVA-RULES]]></c><c><![CDATA[EVOL]]></c><c><![CDATA[AVOIDDEPRECATED]]></c><c><![CDATA[1]]></c><c/><c/></r><r><c><![CDATA[JAVA-RULES]]></c><c><![CDATA[ROBU]]></c><c><![CDATA[NULL_CHECK]]></c><c><![CDATA[1]]></c><c/><c/></r><r><c><![CDATA[JAVA-RULES]]></c><c><![CDATA[ROBU]]></c><c><![CDATA[TYPE_SAFETY]]></c><c><![CDATA[1]]></c><c/><c/></r><r><c><![CDATA[JAVA-RULES]]></c><c><![CDATA[REUT]]></c><c><![CDATA[ANTI_COPIER_COLLER]]></c><c><![CDATA[1]]></c><c/><c/></r><r><c><![CDATA[JAVA-RULES]]></c><c><![CDATA[EVOL]]></c><c><![CDATA[SIGNATURE_INTERFACE_USE]]></c><c><![CDATA[1]]></c><c/><c/></r><r><c><![CDATA[JAVA-RULES]]></c><c><![CDATA[EVOL]]></c><c><![CDATA[NORMALIZED_DISTANCE]]></c><c><![CDATA[1]]></c><c/><c/></r><r><c><![CDATA[JAVA-RULES]]></c><c><![CDATA[REUT]]></c><c><![CDATA[NORMALIZED_DISTANCE]]></c><c><![CDATA[1]]></c><c/><c/></r><r><c><![CDATA[JAVA-RULES]]></c><c><![CDATA[FIAB]]></c><c><![CDATA[TCOU]]></c><c><![CDATA[1]]></c><c/><c/></r><r><c><![CDATA[JAVA-RULES]]></c><c><![CDATA[EVOL]]></c><c><![CDATA[HIDDENFIELDCHECK]]></c><c><![CDATA[1]]></c><c/><c/></r><r><c><![CDATA[JAVA-RULES]]></c><c><![CDATA[ROBU]]></c><c><![CDATA[R21]]></c><c><![CDATA[1]]></c><c><![CDATA[2007-08-28 00:00:00]]></c><c><![CDATA[2007-08-28 00:00:00]]></c></r><r><c><![CDATA[JAVA-RULES]]></c><c><![CDATA[ROBU]]></c><c><![CDATA[R25]]></c><c><![CDATA[2]]></c><c><![CDATA[2007-08-28 00:00:00]]></c><c><![CDATA[2007-08-28 00:00:00]]></c></r><r><c><![CDATA[JAVA-RULES]]></c><c><![CDATA[ROBU]]></c><c><![CDATA[R28]]></c><c><![CDATA[2]]></c><c><![CDATA[2007-08-28 00:00:00]]></c><c><![CDATA[2007-08-28 00:00:00]]></c></r><r><c><![CDATA[JAVA-RULES]]></c><c><![CDATA[ROBU]]></c><c><![CDATA[R1004]]></c><c><![CDATA[1]]></c><c><![CDATA[2007-08-28 00:00:00]]></c><c><![CDATA[2007-08-28 00:00:00]]></c></r><r><c><![CDATA[JAVA-RULES]]></c><c><![CDATA[ROBU]]></c><c><![CDATA[R1007]]></c><c><![CDATA[3]]></c><c><![CDATA[2007-08-28 00:00:00]]></c><c><![CDATA[2007-08-28 00:00:00]]></c></r><r><c><![CDATA[JAVA-RULES]]></c><c><![CDATA[ROBU]]></c><c><![CDATA[R1017]]></c><c><![CDATA[3]]></c><c><![CDATA[2007-08-28 00:00:00]]></c><c><![CDATA[2007-08-28 00:00:00]]></c></r><r><c><![CDATA[JAVA-RULES]]></c><c><![CDATA[ROBU]]></c><c><![CDATA[R1036]]></c><c><![CDATA[2]]></c><c><![CDATA[2007-08-28 00:00:00]]></c><c><![CDATA[2007-08-28 00:00:00]]></c></r><r><c><![CDATA[JAVA-RULES]]></c><c><![CDATA[ROBU]]></c><c><![CDATA[R1064]]></c><c><![CDATA[2]]></c><c><![CDATA[2007-08-28 00:00:00]]></c><c><![CDATA[2007-08-28 00:00:00]]></c></r><r><c><![CDATA[JAVA-RULES]]></c><c><![CDATA[ROBU]]></c><c><![CDATA[R1076]]></c><c><![CDATA[3]]></c><c><![CDATA[2007-08-28 00:00:00]]></c><c><![CDATA[2007-08-28 00:00:00]]></c></r><r><c><![CDATA[JAVA-RULES]]></c><c><![CDATA[PERT]]></c><c><![CDATA[R8]]></c><c><![CDATA[1]]></c><c><![CDATA[2007-08-28 00:00:00]]></c><c><![CDATA[2007-08-28 00:00:00]]></c></r><r><c><![CDATA[JAVA-RULES]]></c><c><![CDATA[PERT]]></c><c><![CDATA[R9]]></c><c><![CDATA[1]]></c><c><![CDATA[2007-08-28 00:00:00]]></c><c><![CDATA[2007-08-28 00:00:00]]></c></r><r><c><![CDATA[JAVA-RULES]]></c><c><![CDATA[PERT]]></c><c><![CDATA[R11]]></c><c><![CDATA[1]]></c><c><![CDATA[2007-08-28 00:00:00]]></c><c><![CDATA[2007-08-28 00:00:00]]></c></r><r><c><![CDATA[JAVA-RULES]]></c><c><![CDATA[PERT]]></c><c><![CDATA[R12]]></c><c><![CDATA[1]]></c><c><![CDATA[2007-08-28 00:00:00]]></c><c><![CDATA[2007-08-28 00:00:00]]></c></r><r><c><![CDATA[JAVA-RULES]]></c><c><![CDATA[PERT]]></c><c><![CDATA[R16]]></c><c><![CDATA[3]]></c><c><![CDATA[2007-08-28 00:00:00]]></c><c><![CDATA[2007-08-28 00:00:00]]></c></r><r><c><![CDATA[JAVA-RULES]]></c><c><![CDATA[MAIN]]></c><c><![CDATA[R3]]></c><c><![CDATA[2]]></c><c><![CDATA[2007-08-28 00:00:00]]></c><c><![CDATA[2007-08-28 00:00:00]]></c></r><r><c><![CDATA[JAVA-RULES]]></c><c><![CDATA[MAIN]]></c><c><![CDATA[JAVADOCMISSING]]></c><c><![CDATA[3]]></c><c><![CDATA[2007-08-28 00:00:00]]></c><c><![CDATA[2007-08-28 00:00:00]]></c></r><r><c><![CDATA[JAVA-RULES]]></c><c><![CDATA[MAIN]]></c><c><![CDATA[DECLARATIONORDERCHECK]]></c><c><![CDATA[3]]></c><c><![CDATA[2007-08-28 00:00:00]]></c><c><![CDATA[2007-08-28 00:00:00]]></c></r><r><c><![CDATA[JAVA-RULES]]></c><c><![CDATA[MAIN]]></c><c><![CDATA[UNUSEDLOCALORPRIVATE]]></c><c><![CDATA[3]]></c><c><![CDATA[2007-08-28 00:00:00]]></c><c><![CDATA[2007-08-28 00:00:00]]></c></r></e>