<?xml version="1.0"  encoding="UTF-8"?><e><r><c><![CDATA[modele]]></c><c><![CDATA[compl]]></c><c><![CDATA[JAVA-RULES]]></c><c><![CDATA[en]]></c><c><![CDATA[JAVA-RULES]]></c></r><r><c><![CDATA[modele]]></c><c><![CDATA[compl]]></c><c><![CDATA[JAVA-RULES]]></c><c><![CDATA[es]]></c><c><![CDATA[JAVA-RULES]]></c></r><r><c><![CDATA[modele]]></c><c><![CDATA[compl]]></c><c><![CDATA[JAVA-RULES]]></c><c><![CDATA[fr]]></c><c><![CDATA[JAVA-RULES]]></c></r><r><c><![CDATA[modele]]></c><c><![CDATA[desc]]></c><c><![CDATA[JAVA-RULES]]></c><c><![CDATA[en]]></c><c><![CDATA[Java rules]]></c></r><r><c><![CDATA[modele]]></c><c><![CDATA[desc]]></c><c><![CDATA[JAVA-RULES]]></c><c><![CDATA[es]]></c><c><![CDATA[JAVA-RULES]]></c></r><r><c><![CDATA[modele]]></c><c><![CDATA[desc]]></c><c><![CDATA[JAVA-RULES]]></c><c><![CDATA[fr]]></c><c><![CDATA[Java rules]]></c></r><r><c><![CDATA[modele]]></c><c><![CDATA[lib]]></c><c><![CDATA[JAVA-RULES]]></c><c><![CDATA[en]]></c><c><![CDATA[JAVA-RULES]]></c></r><r><c><![CDATA[modele]]></c><c><![CDATA[lib]]></c><c><![CDATA[JAVA-RULES]]></c><c><![CDATA[es]]></c><c><![CDATA[JAVA-RULES]]></c></r><r><c><![CDATA[modele]]></c><c><![CDATA[lib]]></c><c><![CDATA[JAVA-RULES]]></c><c><![CDATA[fr]]></c><c><![CDATA[JAVA-RULES]]></c></r></e>