<?xml version="1.0"  encoding="UTF-8"?><critere_usages><critere_usage><id_crit><![CDATA[FILE-TOO-LONG]]></id_crit><id_usa><![CDATA[COBOL_PHOENIX_V2]]></id_usa><id_telt><![CDATA[FILE]]></id_telt></critere_usage><critere_usage><id_crit><![CDATA[CHECK-FILE-STATUS]]></id_crit><id_usa><![CDATA[COBOL_PHOENIX_V2]]></id_usa><id_telt><![CDATA[FILE]]></id_telt></critere_usage><critere_usage><id_crit><![CDATA[CICS-RULES]]></id_crit><id_usa><![CDATA[COBOL_PHOENIX_V2]]></id_usa><id_telt><![CDATA[FILE]]></id_telt></critere_usage><critere_usage><id_crit><![CDATA[ALTER-STATEMENT]]></id_crit><id_usa><![CDATA[COBOL_PHOENIX_V2]]></id_usa><id_telt><![CDATA[FILE]]></id_telt></critere_usage><critere_usage><id_crit><![CDATA[AMBIGUOUS-DATA-NAME]]></id_crit><id_usa><![CDATA[COBOL_PHOENIX_V2]]></id_usa><id_telt><![CDATA[FILE]]></id_telt></critere_usage><critere_usage><id_crit><![CDATA[AMBIGUOUS-PROC-NAME]]></id_crit><id_usa><![CDATA[COBOL_PHOENIX_V2]]></id_usa><id_telt><![CDATA[FILE]]></id_telt></critere_usage><critere_usage><id_crit><![CDATA[NESTED-IF]]></id_crit><id_usa><![CDATA[COBOL_PHOENIX_V2]]></id_usa><id_telt><![CDATA[FILE]]></id_telt></critere_usage><critere_usage><id_crit><![CDATA[PARAMETERS-IN-COPYBOOK]]></id_crit><id_usa><![CDATA[COBOL_PHOENIX_V2]]></id_usa><id_telt><![CDATA[FILE]]></id_telt></critere_usage><critere_usage><id_crit><![CDATA[PERFORM-RANGE]]></id_crit><id_usa><![CDATA[COBOL_PHOENIX_V2]]></id_usa><id_telt><![CDATA[FILE]]></id_telt></critere_usage><critere_usage><id_crit><![CDATA[TOO-COMPLEX-CONTROL-FLOW]]></id_crit><id_usa><![CDATA[COBOL_PHOENIX_V2]]></id_usa><id_telt><![CDATA[FILE]]></id_telt></critere_usage><critere_usage><id_crit><![CDATA[UNUSED-CODE]]></id_crit><id_usa><![CDATA[COBOL_PHOENIX_V2]]></id_usa><id_telt><![CDATA[FILE]]></id_telt></critere_usage><critere_usage><id_crit><![CDATA[MALFORMED-DATA-DESCRIPTOR]]></id_crit><id_usa><![CDATA[COBOL_PHOENIX_V2]]></id_usa><id_telt><![CDATA[FILE]]></id_telt></critere_usage><critere_usage><id_crit><![CDATA[EMPTY-PARAGRAPH]]></id_crit><id_usa><![CDATA[COBOL_PHOENIX_V2]]></id_usa><id_telt><![CDATA[FILE]]></id_telt></critere_usage><critere_usage><id_crit><![CDATA[PARSE-PROBLEMS]]></id_crit><id_usa><![CDATA[COBOL_PHOENIX_V2]]></id_usa><id_telt><![CDATA[FILE]]></id_telt></critere_usage><critere_usage><id_crit><![CDATA[POSSIBLY-INCORRECT-SET-USE]]></id_crit><id_usa><![CDATA[COBOL_PHOENIX_V2]]></id_usa><id_telt><![CDATA[FILE]]></id_telt></critere_usage><critere_usage><id_crit><![CDATA[IDENTIFIER-TOO-LONG]]></id_crit><id_usa><![CDATA[COBOL_PHOENIX_V2]]></id_usa><id_telt><![CDATA[FILE]]></id_telt></critere_usage><critere_usage><id_crit><![CDATA[UNABLE-TO-MODEL-SEMANTICS]]></id_crit><id_usa><![CDATA[COBOL_PHOENIX_V2]]></id_usa><id_telt><![CDATA[FILE]]></id_telt></critere_usage><critere_usage><id_crit><![CDATA[PROHIBITED-CODE]]></id_crit><id_usa><![CDATA[COBOL_PHOENIX_V2]]></id_usa><id_telt><![CDATA[FILE]]></id_telt></critere_usage><critere_usage><id_crit><![CDATA[DATA-ELEMENT-SET-NOT-USED]]></id_crit><id_usa><![CDATA[COBOL_PHOENIX_V2]]></id_usa><id_telt><![CDATA[FILE]]></id_telt></critere_usage><critere_usage><id_crit><![CDATA[END-IF]]></id_crit><id_usa><![CDATA[COBOL_PHOENIX_V2]]></id_usa><id_telt><![CDATA[FILE]]></id_telt></critere_usage><critere_usage><id_crit><![CDATA[TABS-PRESENT]]></id_crit><id_usa><![CDATA[COBOL_PHOENIX_V2]]></id_usa><id_telt><![CDATA[FILE]]></id_telt></critere_usage><critere_usage><id_crit><![CDATA[GOTO-AND-PERFORM]]></id_crit><id_usa><![CDATA[COBOL_PHOENIX_V2]]></id_usa><id_telt><![CDATA[FILE]]></id_telt></critere_usage><critere_usage><id_crit><![CDATA[UNKNOWN-NAME]]></id_crit><id_usa><![CDATA[COBOL_PHOENIX_V2]]></id_usa><id_telt><![CDATA[FILE]]></id_telt></critere_usage><critere_usage><id_crit><![CDATA[BAD-DECIMAL-POINT]]></id_crit><id_usa><![CDATA[COBOL_PHOENIX_V2]]></id_usa><id_telt><![CDATA[FILE]]></id_telt></critere_usage><critere_usage><id_crit><![CDATA[COMPLEX-COMPUTE]]></id_crit><id_usa><![CDATA[COBOL_PHOENIX_V2]]></id_usa><id_telt><![CDATA[FILE]]></id_telt></critere_usage><critere_usage><id_crit><![CDATA[EXEC-STATEMENT]]></id_crit><id_usa><![CDATA[COBOL_PHOENIX_V2]]></id_usa><id_telt><![CDATA[FILE]]></id_telt></critere_usage><critere_usage><id_crit><![CDATA[STOP-RUN-IN-SORT]]></id_crit><id_usa><![CDATA[COBOL_PHOENIX_V2]]></id_usa><id_telt><![CDATA[FILE]]></id_telt></critere_usage><critere_usage><id_crit><![CDATA[SWITCHES-SPECIAL-NAMES]]></id_crit><id_usa><![CDATA[COBOL_PHOENIX_V2]]></id_usa><id_telt><![CDATA[FILE]]></id_telt></critere_usage><critere_usage><id_crit><![CDATA[HARD-CODED-INTERFACE]]></id_crit><id_usa><![CDATA[COBOL_PHOENIX_V2]]></id_usa><id_telt><![CDATA[FILE]]></id_telt></critere_usage><critere_usage><id_crit><![CDATA[TEST-FILE-STATUS-NON-ZERO]]></id_crit><id_usa><![CDATA[COBOL_PHOENIX_V2]]></id_usa><id_telt><![CDATA[FILE]]></id_telt></critere_usage><critere_usage><id_crit><![CDATA[EMPTY-SECTION]]></id_crit><id_usa><![CDATA[COBOL_PHOENIX_V2]]></id_usa><id_telt><![CDATA[PROCEDURE]]></id_telt></critere_usage><critere_usage><id_crit><![CDATA[PROCEDURE-LOC]]></id_crit><id_usa><![CDATA[COBOL_PHOENIX_V2]]></id_usa><id_telt><![CDATA[FILE]]></id_telt></critere_usage><critere_usage><id_crit><![CDATA[FLOW-STMT-NB]]></id_crit><id_usa><![CDATA[COBOL_PHOENIX_V2]]></id_usa><id_telt><![CDATA[FILE]]></id_telt></critere_usage><critere_usage><id_crit><![CDATA[INITIALIZED-LINKAGE-VAR]]></id_crit><id_usa><![CDATA[COBOL_PHOENIX_V2]]></id_usa><id_telt><![CDATA[FILE]]></id_telt></critere_usage><critere_usage><id_crit><![CDATA[CALL-STMT-NB]]></id_crit><id_usa><![CDATA[COBOL_PHOENIX_V2]]></id_usa><id_telt><![CDATA[FILE]]></id_telt></critere_usage><critere_usage><id_crit><![CDATA[LINKAGE-IN-COPYBOOK]]></id_crit><id_usa><![CDATA[COBOL_PHOENIX_V2]]></id_usa><id_telt><![CDATA[FILE]]></id_telt></critere_usage><critere_usage><id_crit><![CDATA[AVE-VAR-DEPTH]]></id_crit><id_usa><![CDATA[COBOL_PHOENIX_V2]]></id_usa><id_telt><![CDATA[FILE]]></id_telt></critere_usage><critere_usage><id_crit><![CDATA[NAME-CONFLICT]]></id_crit><id_usa><![CDATA[COBOL_PHOENIX_V2]]></id_usa><id_telt><![CDATA[FILE]]></id_telt></critere_usage><critere_usage><id_crit><![CDATA[COMPLEXITY]]></id_crit><id_usa><![CDATA[COBOL_PHOENIX_V2]]></id_usa><id_telt><![CDATA[FILE]]></id_telt></critere_usage><critere_usage><id_crit><![CDATA[COMP]]></id_crit><id_usa><![CDATA[COBOL_PHOENIX_V2]]></id_usa><id_telt><![CDATA[PROCEDURE]]></id_telt></critere_usage><critere_usage><id_crit><![CDATA[DATA-ELEMENT-USED-NOT-SET]]></id_crit><id_usa><![CDATA[COBOL_PHOENIX_V2]]></id_usa><id_telt><![CDATA[FILE]]></id_telt></critere_usage><critere_usage><id_crit><![CDATA[NUMERIC-VAR-TOO-BIG]]></id_crit><id_usa><![CDATA[COBOL_PHOENIX_V2]]></id_usa><id_telt><![CDATA[FILE]]></id_telt></critere_usage><critere_usage><id_crit><![CDATA[OVERLAPPING-PERFORM-RANGES]]></id_crit><id_usa><![CDATA[COBOL_PHOENIX_V2]]></id_usa><id_telt><![CDATA[FILE]]></id_telt></critere_usage><critere_usage><id_crit><![CDATA[PARAGRAPH-FALLS-THROUGH]]></id_crit><id_usa><![CDATA[COBOL_PHOENIX_V2]]></id_usa><id_telt><![CDATA[FILE]]></id_telt></critere_usage><critere_usage><id_crit><![CDATA[PARAGRAPH-GOTO]]></id_crit><id_usa><![CDATA[COBOL_PHOENIX_V2]]></id_usa><id_telt><![CDATA[FILE]]></id_telt></critere_usage><critere_usage><id_crit><![CDATA[ALPHANUMERIC-MOVE]]></id_crit><id_usa><![CDATA[COBOL_PHOENIX_V2]]></id_usa><id_telt><![CDATA[FILE]]></id_telt></critere_usage><critere_usage><id_crit><![CDATA[FILE-ACCESS]]></id_crit><id_usa><![CDATA[COBOL_PHOENIX_V2]]></id_usa><id_telt><![CDATA[FILE]]></id_telt></critere_usage><critere_usage><id_crit><![CDATA[MISLEADING-IF]]></id_crit><id_usa><![CDATA[COBOL_PHOENIX_V2]]></id_usa><id_telt><![CDATA[FILE]]></id_telt></critere_usage><critere_usage><id_crit><![CDATA[PRECISION-LOSS]]></id_crit><id_usa><![CDATA[COBOL_PHOENIX_V2]]></id_usa><id_telt><![CDATA[FILE]]></id_telt></critere_usage><critere_usage><id_crit><![CDATA[SIGNED-OPERATION]]></id_crit><id_usa><![CDATA[COBOL_PHOENIX_V2]]></id_usa><id_telt><![CDATA[FILE]]></id_telt></critere_usage><critere_usage><id_crit><![CDATA[TRUNCATION-DURING-MOVE]]></id_crit><id_usa><![CDATA[COBOL_PHOENIX_V2]]></id_usa><id_telt><![CDATA[FILE]]></id_telt></critere_usage><critere_usage><id_crit><![CDATA[USED-WHEN-OTHER]]></id_crit><id_usa><![CDATA[COBOL_PHOENIX_V2]]></id_usa><id_telt><![CDATA[FILE]]></id_telt></critere_usage><critere_usage><id_crit><![CDATA[VARIABLE-SIZE-FILE]]></id_crit><id_usa><![CDATA[COBOL_PHOENIX_V2]]></id_usa><id_telt><![CDATA[FILE]]></id_telt></critere_usage><critere_usage><id_crit><![CDATA[LITERAL]]></id_crit><id_usa><![CDATA[COBOL_PHOENIX_V2]]></id_usa><id_telt><![CDATA[FILE]]></id_telt></critere_usage><critere_usage><id_crit><![CDATA[MULTI-RECORD-FILE]]></id_crit><id_usa><![CDATA[COBOL_PHOENIX_V2]]></id_usa><id_telt><![CDATA[FILE]]></id_telt></critere_usage><critere_usage><id_crit><![CDATA[ARITHMETIC-OVERFLOW]]></id_crit><id_usa><![CDATA[COBOL_PHOENIX_V2]]></id_usa><id_telt><![CDATA[FILE]]></id_telt></critere_usage></critere_usages>