<?xml version="1.0"  encoding="UTF-8"?><criteres><critere><id_crit><![CDATA[EMPTY-PARAGRAPH]]></id_crit><lib_crit><![CDATA[EMPTY-PARAGRAPH]]></lib_crit><desc_crit><![CDATA[Identifies procedure paragraphs that contain no statements.]]></desc_crit><dinst_crit/><dmaj_crit/><dapplication_crit/><dperemption_crit/></critere><critere><id_crit><![CDATA[EMPTY-SECTION]]></id_crit><lib_crit><![CDATA[EMPTY-SECTION]]></lib_crit><desc_crit><![CDATA[Identifies procedure sections that contain no paragraphs.]]></desc_crit><dinst_crit/><dmaj_crit/><dapplication_crit/><dperemption_crit/></critere><critere><id_crit><![CDATA[INITIALIZED-LINKAGE-VAR]]></id_crit><lib_crit><![CDATA[INITIALIZED-LINKAGE-VAR]]></lib_crit><desc_crit><![CDATA[Identifies data elements in the linkage section, declared in the main program file, having a value clause.  Such values are ignored since they are explicitly set when the program is called.]]></desc_crit><dinst_crit/><dmaj_crit/><dapplication_crit/><dperemption_crit/></critere><critere><id_crit><![CDATA[OVERLAPPING-PERFORM-RANGES]]></id_crit><lib_crit><![CDATA[OVERLAPPING-PERFORM-RANGES]]></lib_crit><desc_crit><![CDATA[Identifies sets of perform ranges that contain a common group of paragraphs, where each perform range in the set contains paragraphs that are not in the other perform ranges.  For example, perform ranges PP-1 thru PP-2 and PP-2 thru PP-3 overlap on paragraph PP-2.]]></desc_crit><dinst_crit/><dmaj_crit/><dapplication_crit/><dperemption_crit/></critere><critere><id_crit><![CDATA[PARAGRAPH-FALLS-THROUGH]]></id_crit><lib_crit><![CDATA[PARAGRAPH-FALLS-THROUGH]]></lib_crit><desc_crit><![CDATA[Identifies paragraphs from which control can fall through into the succeeding paragraph.]]></desc_crit><dinst_crit/><dmaj_crit/><dapplication_crit/><dperemption_crit/></critere><critere><id_crit><![CDATA[PARAGRAPH-GOTO]]></id_crit><lib_crit><![CDATA[PARAGRAPH-GOTO]]></lib_crit><desc_crit><![CDATA[Identifies GOTO statements where the target paragraph occurs in the source code after the GOTO statement.]]></desc_crit><dinst_crit/><dmaj_crit/><dapplication_crit/><dperemption_crit/></critere><critere><id_crit><![CDATA[ALTER-STATEMENT]]></id_crit><lib_crit><![CDATA[ALTER-STATEMENT]]></lib_crit><desc_crit><![CDATA[Identifies usage of ALTER statements within the program.  ALTER statements are flagged since they are an obsolete element in Standard COBOL and was deleted in the 2000 revision of Standard COBOL.]]></desc_crit><dinst_crit/><dmaj_crit/><dapplication_crit/><dperemption_crit/></critere><critere><id_crit><![CDATA[NUMERIC-VAR-TOO-BIG]]></id_crit><lib_crit><![CDATA[Numeric-Var-Too-Big]]></lib_crit><desc_crit><![CDATA[Numeric variable has more than 18 digits.]]></desc_crit><dinst_crit/><dmaj_crit/><dapplication_crit/><dperemption_crit/></critere><critere><id_crit><![CDATA[TABS-PRESENT]]></id_crit><lib_crit><![CDATA[TABS-PRESENT]]></lib_crit><desc_crit><![CDATA[Identifies when source file(s) contains tab characters.]]></desc_crit><dinst_crit/><dmaj_crit/><dapplication_crit/><dperemption_crit/></critere><critere><id_crit><![CDATA[BAD-DECIMAL-POINT]]></id_crit><lib_crit><![CDATA[Bad-Decimal-Point]]></lib_crit><desc_crit><![CDATA[Decimal-point in real literal does not match DECIMAL POINT clause.]]></desc_crit><dinst_crit/><dmaj_crit/><dapplication_crit/><dperemption_crit/></critere><critere><id_crit><![CDATA[COMP]]></id_crit><lib_crit><![CDATA[Compréhension]]></lib_crit><desc_crit><![CDATA[Fonction du taux de commentaire de traitement (intra procédures) et de la complexité cyclomatique (v(G)) de la procédure.]]></desc_crit><dinst_crit><![CDATA[2006-11-15 15:39:43]]></dinst_crit><dmaj_crit/><dapplication_crit><![CDATA[2006-11-15 15:39:43]]></dapplication_crit><dperemption_crit/></critere><critere><id_crit><![CDATA[AVE-VAR-DEPTH]]></id_crit><lib_crit><![CDATA[Ave-Var-Depth]]></lib_crit><desc_crit><![CDATA[Average depth (nesting level) of an elementary variable)]]></desc_crit><dinst_crit/><dmaj_crit/><dapplication_crit/><dperemption_crit/></critere><critere><id_crit><![CDATA[CALL-STMT-NB]]></id_crit><lib_crit><![CDATA[CALL-Stmt-Nb]]></lib_crit><desc_crit><![CDATA[Total number of inter-program control-flow statements (CALL, GOBACK, STOP RUN, EXECUTE, etc.)]]></desc_crit><dinst_crit/><dmaj_crit/><dapplication_crit/><dperemption_crit/></critere><critere><id_crit><![CDATA[FLOW-STMT-NB]]></id_crit><lib_crit><![CDATA[FLOW-Stmt-Nb]]></lib_crit><desc_crit><![CDATA[Total number of intra-program control-flow statements (IF, GO TO, EVALUATE, PERFORM, etc.)]]></desc_crit><dinst_crit/><dmaj_crit/><dapplication_crit/><dperemption_crit/></critere><critere><id_crit><![CDATA[PROCEDURE-LOC]]></id_crit><lib_crit><![CDATA[Procedure-LOC]]></lib_crit><desc_crit><![CDATA[Total number of lines in the Procedure Division]]></desc_crit><dinst_crit/><dmaj_crit/><dapplication_crit/><dperemption_crit/></critere><critere><id_crit><![CDATA[AMBIGUOUS-DATA-NAME]]></id_crit><lib_crit><![CDATA[AMBIGUOUS-DATA-NAME]]></lib_crit><desc_crit><![CDATA[Identifies variables that are ambiguous and can refer to more than one data element.]]></desc_crit><dinst_crit/><dmaj_crit/><dapplication_crit/><dperemption_crit/></critere><critere><id_crit><![CDATA[AMBIGUOUS-PROC-NAME]]></id_crit><lib_crit><![CDATA[AMBIGUOUS-PROC-NAME]]></lib_crit><desc_crit><![CDATA[Identifies references to paragraph or section names that have multiple declarations.  If it is a paragraph name, the multiple declarations occur in the same section (pargraphs with the same name in different sections are legal in COBOL and do not give ris]]></desc_crit><dinst_crit/><dmaj_crit/><dapplication_crit/><dperemption_crit/></critere><critere><id_crit><![CDATA[NAME-CONFLICT]]></id_crit><lib_crit><![CDATA[NAME-CONFLICT]]></lib_crit><desc_crit><![CDATA[Identifies declaration of multiple data elements with the same name.  A conflict is detected only if both declarations are at the 01 level, or are at the same level below another data element.  Note: COBOL compilers frequently accept source containing suc]]></desc_crit><dinst_crit/><dmaj_crit/><dapplication_crit/><dperemption_crit/></critere><critere><id_crit><![CDATA[ALPHANUMERIC-MOVE]]></id_crit><lib_crit><![CDATA[Rules over alphanumeric data move.]]></lib_crit><desc_crit><![CDATA[Rules over alphanumeric data move.]]></desc_crit><dinst_crit><![CDATA[2006-07-17 00:00:00]]></dinst_crit><dmaj_crit><![CDATA[2008-06-05 11:20:00]]></dmaj_crit><dapplication_crit><![CDATA[2006-07-17 00:00:00]]></dapplication_crit><dperemption_crit/></critere><critere><id_crit><![CDATA[ARITHMETIC-OVERFLOW]]></id_crit><lib_crit><![CDATA[Arithmetic overflow]]></lib_crit><desc_crit><![CDATA[Identifies when the variable meant to hold the result of an arithmetic operation is too small. Deprecator: OVERFLOW-CASES-SMALL: Overflow cases small in relationship to number of values that can be assigned. Parameters: threshold on overflow ratio for deprecator to apply.]]></desc_crit><dinst_crit><![CDATA[2006-07-17 00:00:00]]></dinst_crit><dmaj_crit><![CDATA[2006-07-17 00:00:00]]></dmaj_crit><dapplication_crit><![CDATA[2006-07-17 00:00:00]]></dapplication_crit><dperemption_crit/></critere><critere><id_crit><![CDATA[CHECK-FILE-STATUS]]></id_crit><lib_crit><![CDATA[Check file status]]></lib_crit><desc_crit><![CDATA[Identifies I/O statements which should have file status checked after them but do not. Deprecators (exclusive): FILE-STATUS-OPEN, FILE-STATUS-WRITE, FILE-STATUS-REWRITE, FILE-STATUS-CLOSE, FILE-STATUS-START, FILE-STATUS-DELETE: identifies operations for which this violation is less severe than on the others (READ).]]></desc_crit><dinst_crit><![CDATA[2006-07-17 00:00:00]]></dinst_crit><dmaj_crit><![CDATA[2006-07-17 00:00:00]]></dmaj_crit><dapplication_crit><![CDATA[2006-07-17 00:00:00]]></dapplication_crit><dperemption_crit/></critere><critere><id_crit><![CDATA[CICS-RULES]]></id_crit><lib_crit><![CDATA[CICS rules]]></lib_crit><desc_crit><![CDATA[Specific rules for CICS commands.]]></desc_crit><dinst_crit><![CDATA[2006-07-17 00:00:00]]></dinst_crit><dmaj_crit><![CDATA[2006-07-17 00:00:00]]></dmaj_crit><dapplication_crit><![CDATA[2006-07-17 00:00:00]]></dapplication_crit><dperemption_crit/></critere><critere><id_crit><![CDATA[COMPLEX-COMPUTE]]></id_crit><lib_crit><![CDATA[Complex compute]]></lib_crit><desc_crit><![CDATA[Identifies arithmetic operations involving more than three variables.  These operations may behave slightly differently on other platforms.]]></desc_crit><dinst_crit><![CDATA[2006-07-17 00:00:00]]></dinst_crit><dmaj_crit><![CDATA[2006-07-17 00:00:00]]></dmaj_crit><dapplication_crit><![CDATA[2006-07-17 00:00:00]]></dapplication_crit><dperemption_crit/></critere><critere><id_crit><![CDATA[DATA-ELEMENT-SET-NOT-USED]]></id_crit><lib_crit><![CDATA[Data element set not used]]></lib_crit><desc_crit><![CDATA[Identifies data elements declared in the main program file that are set or initalized but not used.]]></desc_crit><dinst_crit><![CDATA[2006-07-17 00:00:00]]></dinst_crit><dmaj_crit><![CDATA[2006-07-17 00:00:00]]></dmaj_crit><dapplication_crit><![CDATA[2006-07-17 00:00:00]]></dapplication_crit><dperemption_crit/></critere><critere><id_crit><![CDATA[DATA-ELEMENT-USED-NOT-SET]]></id_crit><lib_crit><![CDATA[Data element used not set]]></lib_crit><desc_crit><![CDATA[Identifies data elements that are used but aren't set or initialized. Deprecators: DATA-ELEMENT-USED-NOT-SET-FREE-INIT: deprecates used not set violations where all used data elements are usage display (because it is then assumed that the compiler gives free initializations); SET-USE-UNKNOWN-DATA-NAME: deprecates set-use violations where the data element is an unknown (undeclared) data name; USED-NOT-SET-CAUSED-BY-PARSE-ERROR: deprecates Used But Not Set instances likely caused by parse errors.]]></desc_crit><dinst_crit><![CDATA[2006-07-17 00:00:00]]></dinst_crit><dmaj_crit><![CDATA[2006-07-17 00:00:00]]></dmaj_crit><dapplication_crit><![CDATA[2006-07-17 00:00:00]]></dapplication_crit><dperemption_crit/></critere><critere><id_crit><![CDATA[END-IF]]></id_crit><lib_crit><![CDATA[If without end]]></lib_crit><desc_crit><![CDATA[Identifies IF statements with no END-IF keyword.]]></desc_crit><dinst_crit><![CDATA[2006-07-17 00:00:00]]></dinst_crit><dmaj_crit><![CDATA[2006-07-17 00:00:00]]></dmaj_crit><dapplication_crit><![CDATA[2006-07-17 00:00:00]]></dapplication_crit><dperemption_crit/></critere><critere><id_crit><![CDATA[EXEC-STATEMENT]]></id_crit><lib_crit><![CDATA[Exec statement]]></lib_crit><desc_crit><![CDATA[Identifies instances of EXECUTE statements in the source code.]]></desc_crit><dinst_crit><![CDATA[2006-07-17 00:00:00]]></dinst_crit><dmaj_crit><![CDATA[2006-07-17 00:00:00]]></dmaj_crit><dapplication_crit><![CDATA[2006-07-17 00:00:00]]></dapplication_crit><dperemption_crit/></critere><critere><id_crit><![CDATA[FILE-ACCESS]]></id_crit><lib_crit><![CDATA[File access rules]]></lib_crit><desc_crit><![CDATA[Identifie file access specific rules violations.]]></desc_crit><dinst_crit><![CDATA[2006-07-17 00:00:00]]></dinst_crit><dmaj_crit><![CDATA[2006-07-17 00:00:00]]></dmaj_crit><dapplication_crit><![CDATA[2006-07-17 00:00:00]]></dapplication_crit><dperemption_crit/></critere><critere><id_crit><![CDATA[GOTO-AND-PERFORM]]></id_crit><lib_crit><![CDATA[Goto and perform statement rules]]></lib_crit><desc_crit><![CDATA[Identifies GOTO statement violating perform range rules.]]></desc_crit><dinst_crit><![CDATA[2006-07-17 00:00:00]]></dinst_crit><dmaj_crit><![CDATA[2006-07-17 00:00:00]]></dmaj_crit><dapplication_crit><![CDATA[2006-07-17 00:00:00]]></dapplication_crit><dperemption_crit/></critere><critere><id_crit><![CDATA[HARD-CODED-INTERFACE]]></id_crit><lib_crit><![CDATA[Hardcoded interface]]></lib_crit><desc_crit><![CDATA[Identifies data elements in the linkage section or in the file section that are declared in the main file.]]></desc_crit><dinst_crit><![CDATA[2006-07-17 00:00:00]]></dinst_crit><dmaj_crit><![CDATA[2006-07-17 00:00:00]]></dmaj_crit><dapplication_crit><![CDATA[2006-07-17 00:00:00]]></dapplication_crit><dperemption_crit/></critere><critere><id_crit><![CDATA[IDENTIFIER-TOO-LONG]]></id_crit><lib_crit><![CDATA[Identifier too long]]></lib_crit><desc_crit><![CDATA[Identifies identifiers that exceeds the ANSI standard of 30 characters. Parameter: this threshold of 30 characters.]]></desc_crit><dinst_crit><![CDATA[2006-07-17 00:00:00]]></dinst_crit><dmaj_crit><![CDATA[2006-07-17 00:00:00]]></dmaj_crit><dapplication_crit><![CDATA[2006-07-17 00:00:00]]></dapplication_crit><dperemption_crit/></critere><critere><id_crit><![CDATA[LINKAGE-IN-COPYBOOK]]></id_crit><lib_crit><![CDATA[Linkage in copybook]]></lib_crit><desc_crit><![CDATA[Identifies data elements in the linkage section that are declared in the main file.]]></desc_crit><dinst_crit><![CDATA[2006-07-17 00:00:00]]></dinst_crit><dmaj_crit><![CDATA[2006-07-17 00:00:00]]></dmaj_crit><dapplication_crit><![CDATA[2006-07-17 00:00:00]]></dapplication_crit><dperemption_crit/></critere><critere><id_crit><![CDATA[LITERAL]]></id_crit><lib_crit><![CDATA[Use of literals in the procedure division]]></lib_crit><desc_crit><![CDATA[Identifies use of literals in the procedure division (rather than symbolic constants defined in the environment or data division).]]></desc_crit><dinst_crit><![CDATA[2006-07-17 00:00:00]]></dinst_crit><dmaj_crit><![CDATA[2006-07-17 00:00:00]]></dmaj_crit><dapplication_crit><![CDATA[2006-07-17 00:00:00]]></dapplication_crit><dperemption_crit/></critere><critere><id_crit><![CDATA[MALFORMED-DATA-DESCRIPTOR]]></id_crit><lib_crit><![CDATA[Malformed data descriptor]]></lib_crit><desc_crit><![CDATA[Identifies data description entries which violate Cobol consistency rules. Sub-categories are: Data-Descriptor-Malformed, Data-Descriptor-No-Parent, Data-Descriptor-Unnamed, Description-Entry-Hierarchicalize-DDES, Find-Renamed-Entries, Screen-01-Unnamed, Screen-Item-No-01.]]></desc_crit><dinst_crit><![CDATA[2006-07-17 00:00:00]]></dinst_crit><dmaj_crit><![CDATA[2006-07-17 00:00:00]]></dmaj_crit><dapplication_crit><![CDATA[2006-07-17 00:00:00]]></dapplication_crit><dperemption_crit/></critere><critere><id_crit><![CDATA[MISLEADING-IF]]></id_crit><lib_crit><![CDATA[Misleading IF]]></lib_crit><desc_crit><![CDATA[Identifies subordinate statements in IF statements that are not indented, suggesting they are not part of the IF statement.]]></desc_crit><dinst_crit><![CDATA[2006-07-17 00:00:00]]></dinst_crit><dmaj_crit><![CDATA[2006-07-17 00:00:00]]></dmaj_crit><dapplication_crit><![CDATA[2006-07-17 00:00:00]]></dapplication_crit><dperemption_crit/></critere><critere><id_crit><![CDATA[MULTI-RECORD-FILE]]></id_crit><lib_crit><![CDATA[Multi record file]]></lib_crit><desc_crit><![CDATA[Identifies logical files (FD) with more than one 01-level record description. Such implicit, global redefinitions may cause problems when the type or size of some field changes, e.g. in case of maintenance or when migrating to other Cobol platforms.]]></desc_crit><dinst_crit><![CDATA[2006-07-17 00:00:00]]></dinst_crit><dmaj_crit><![CDATA[2006-07-17 00:00:00]]></dmaj_crit><dapplication_crit><![CDATA[2006-07-17 00:00:00]]></dapplication_crit><dperemption_crit/></critere><critere><id_crit><![CDATA[PARAMETERS-IN-COPYBOOK]]></id_crit><lib_crit><![CDATA[Parameters in copybook]]></lib_crit><desc_crit><![CDATA[Identifies parameters in a CALL statement that are declared in the main file.]]></desc_crit><dinst_crit><![CDATA[2006-07-17 00:00:00]]></dinst_crit><dmaj_crit><![CDATA[2006-07-17 00:00:00]]></dmaj_crit><dapplication_crit><![CDATA[2006-07-17 00:00:00]]></dapplication_crit><dperemption_crit/></critere><critere><id_crit><![CDATA[PARSE-PROBLEMS]]></id_crit><lib_crit><![CDATA[Parsing problems]]></lib_crit><desc_crit><![CDATA[Problems detected during parsing.]]></desc_crit><dinst_crit><![CDATA[2006-07-17 00:00:00]]></dinst_crit><dmaj_crit><![CDATA[2006-07-17 00:00:00]]></dmaj_crit><dapplication_crit><![CDATA[2006-07-17 00:00:00]]></dapplication_crit><dperemption_crit/></critere><critere><id_crit><![CDATA[PERFORM-RANGE]]></id_crit><lib_crit><![CDATA[Perform range specifications]]></lib_crit><desc_crit><![CDATA[identifies perform range specifications in bad conditions.]]></desc_crit><dinst_crit><![CDATA[2006-07-17 00:00:00]]></dinst_crit><dmaj_crit><![CDATA[2006-07-17 00:00:00]]></dmaj_crit><dapplication_crit><![CDATA[2006-07-17 00:00:00]]></dapplication_crit><dperemption_crit/></critere><critere><id_crit><![CDATA[POSSIBLY-INCORRECT-SET-USE]]></id_crit><lib_crit><![CDATA[Possibly incorrect set use]]></lib_crit><desc_crit><![CDATA[Identifies instances where Set/Use analysis may be incorrect.  Reports set/usage assumed in such cases.]]></desc_crit><dinst_crit><![CDATA[2006-07-17 00:00:00]]></dinst_crit><dmaj_crit><![CDATA[2006-07-17 00:00:00]]></dmaj_crit><dapplication_crit><![CDATA[2006-07-17 00:00:00]]></dapplication_crit><dperemption_crit/></critere><critere><id_crit><![CDATA[PRECISION-LOSS]]></id_crit><lib_crit><![CDATA[Precision loss]]></lib_crit><desc_crit><![CDATA[Identifies operations that move data from one data element to another data element where the number of decimal places specified by the picture clause of the first data element is larger than the number of decimal places specified by the picture clause of the second data element. Deprecator: TRUNCATION-NON-NUMERIC: deprecates truncations with non-numeric target picture clauses.]]></desc_crit><dinst_crit><![CDATA[2006-07-17 00:00:00]]></dinst_crit><dmaj_crit><![CDATA[2006-07-17 00:00:00]]></dmaj_crit><dapplication_crit><![CDATA[2006-07-17 00:00:00]]></dapplication_crit><dperemption_crit/></critere><critere><id_crit><![CDATA[PROHIBITED-CODE]]></id_crit><lib_crit><![CDATA[Prohibited code]]></lib_crit><desc_crit><![CDATA[Identifies instances of prohibited clauses or verb in the source code.]]></desc_crit><dinst_crit><![CDATA[2006-07-17 00:00:00]]></dinst_crit><dmaj_crit><![CDATA[2006-07-17 00:00:00]]></dmaj_crit><dapplication_crit><![CDATA[2006-07-17 00:00:00]]></dapplication_crit><dperemption_crit/></critere><critere><id_crit><![CDATA[SIGNED-OPERATION]]></id_crit><lib_crit><![CDATA[Signed operation rules]]></lib_crit><desc_crit><![CDATA[Identifies rule violations for signed operations.]]></desc_crit><dinst_crit><![CDATA[2006-07-17 00:00:00]]></dinst_crit><dmaj_crit><![CDATA[2006-07-17 00:00:00]]></dmaj_crit><dapplication_crit><![CDATA[2006-07-17 00:00:00]]></dapplication_crit><dperemption_crit/></critere><critere><id_crit><![CDATA[STOP-RUN-IN-SORT]]></id_crit><lib_crit><![CDATA[Stop run in sort]]></lib_crit><desc_crit><![CDATA[Identifies SORT or MERGE statements whose INPUT or OUTPUT procedure contains a STOP RUN statement.  This construct may be rejected by the compiler on other platforms.  Note that, if the procedures contain more than one such STOP RUN, only one of them is reported.]]></desc_crit><dinst_crit><![CDATA[2006-07-17 00:00:00]]></dinst_crit><dmaj_crit><![CDATA[2006-07-17 00:00:00]]></dmaj_crit><dapplication_crit><![CDATA[2006-07-17 00:00:00]]></dapplication_crit><dperemption_crit/></critere><critere><id_crit><![CDATA[SWITCHES-SPECIAL-NAMES]]></id_crit><lib_crit><![CDATA[Switches special names]]></lib_crit><desc_crit><![CDATA[Identifies declarations of SWITCH mnemonic names which are actually used in the program.  This kind of device may behave slightly differently on other platforms.]]></desc_crit><dinst_crit><![CDATA[2006-07-17 00:00:00]]></dinst_crit><dmaj_crit><![CDATA[2006-07-17 00:00:00]]></dmaj_crit><dapplication_crit><![CDATA[2006-07-17 00:00:00]]></dapplication_crit><dperemption_crit/></critere><critere><id_crit><![CDATA[TEST-FILE-STATUS-NON-ZERO]]></id_crit><lib_crit><![CDATA[Test file status non zero]]></lib_crit><desc_crit><![CDATA[Identifies comparisons of a FILE STATUS variable with some non-zero literal. These literals denote some (combination of) condition(s) in the I/O system or underlying OS which might behave differently or be associated with a different value on other Cobol platforms.]]></desc_crit><dinst_crit><![CDATA[2006-07-17 00:00:00]]></dinst_crit><dmaj_crit><![CDATA[2006-07-17 00:00:00]]></dmaj_crit><dapplication_crit><![CDATA[2006-07-17 00:00:00]]></dapplication_crit><dperemption_crit/></critere><critere><id_crit><![CDATA[TOO-COMPLEX-CONTROL-FLOW]]></id_crit><lib_crit><![CDATA[Too complex control flow]]></lib_crit><desc_crit><![CDATA[Identifies cases when Control-Flow analysis will be incorrect because the program is REALLY too complex.]]></desc_crit><dinst_crit><![CDATA[2006-07-17 00:00:00]]></dinst_crit><dmaj_crit><![CDATA[2006-07-17 00:00:00]]></dmaj_crit><dapplication_crit><![CDATA[2006-07-17 00:00:00]]></dapplication_crit><dperemption_crit/></critere><critere><id_crit><![CDATA[TRUNCATION-DURING-MOVE]]></id_crit><lib_crit><![CDATA[Truncation during MOVE]]></lib_crit><desc_crit><![CDATA[Identifies operations that move data from one data element to another data element where the number of bytes specified by the picture clause of the first data element is larger than the number of bytes specified by the picture clause of the second data element. Deprecator: TRUNCATION-NON-NUMERIC: deprecates truncations with non-numeric target picture clauses.]]></desc_crit><dinst_crit><![CDATA[2006-07-17 00:00:00]]></dinst_crit><dmaj_crit><![CDATA[2006-07-17 00:00:00]]></dmaj_crit><dapplication_crit><![CDATA[2006-07-17 00:00:00]]></dapplication_crit><dperemption_crit/></critere><critere><id_crit><![CDATA[UNABLE-TO-MODEL-SEMANTICS]]></id_crit><lib_crit><![CDATA[Unable to model semantics]]></lib_crit><desc_crit><![CDATA[Source code is translated into an internal model that describes the semantics of the source. Instances of constructs for which we were unable to build a semantic model are reported here.]]></desc_crit><dinst_crit><![CDATA[2006-07-17 00:00:00]]></dinst_crit><dmaj_crit><![CDATA[2006-07-17 00:00:00]]></dmaj_crit><dapplication_crit><![CDATA[2006-07-17 00:00:00]]></dapplication_crit><dperemption_crit/></critere><critere><id_crit><![CDATA[UNKNOWN-NAME]]></id_crit><lib_crit><![CDATA[Unknown name]]></lib_crit><desc_crit><![CDATA[Identifies references to undeclared data elements or undefined paragraph or section.]]></desc_crit><dinst_crit><![CDATA[2006-07-17 00:00:00]]></dinst_crit><dmaj_crit><![CDATA[2006-07-17 00:00:00]]></dmaj_crit><dapplication_crit><![CDATA[2006-07-17 00:00:00]]></dapplication_crit><dperemption_crit/></critere><critere><id_crit><![CDATA[UNUSED-CODE]]></id_crit><lib_crit><![CDATA[Unused code]]></lib_crit><desc_crit><![CDATA[Identifies unused code.]]></desc_crit><dinst_crit><![CDATA[2006-07-17 00:00:00]]></dinst_crit><dmaj_crit><![CDATA[2006-07-17 00:00:00]]></dmaj_crit><dapplication_crit><![CDATA[2006-07-17 00:00:00]]></dapplication_crit><dperemption_crit/></critere><critere><id_crit><![CDATA[USED-WHEN-OTHER]]></id_crit><lib_crit><![CDATA[Used when other]]></lib_crit><desc_crit><![CDATA[Identifies EVALUATE statements with no WHEN OTHER clause.]]></desc_crit><dinst_crit><![CDATA[2006-07-17 00:00:00]]></dinst_crit><dmaj_crit><![CDATA[2006-07-17 00:00:00]]></dmaj_crit><dapplication_crit><![CDATA[2006-07-17 00:00:00]]></dapplication_crit><dperemption_crit/></critere><critere><id_crit><![CDATA[VARIABLE-SIZE-FILE]]></id_crit><lib_crit><![CDATA[Variable size file]]></lib_crit><desc_crit><![CDATA[Identifies logical files (FD) with variable record size. Such files may behave slightly differently on other Cobol platforms.]]></desc_crit><dinst_crit><![CDATA[2006-07-17 00:00:00]]></dinst_crit><dmaj_crit><![CDATA[2006-07-17 00:00:00]]></dmaj_crit><dapplication_crit><![CDATA[2006-07-17 00:00:00]]></dapplication_crit><dperemption_crit/></critere><critere><id_crit><![CDATA[NESTED-IF]]></id_crit><lib_crit><![CDATA[Nested If]]></lib_crit><desc_crit><![CDATA[Identifies IF statements that have too many levels of nested IF statements within them. Parameter: threshold defining "too many levels" (more than 3).]]></desc_crit><dinst_crit><![CDATA[2006-07-17 00:00:00]]></dinst_crit><dmaj_crit><![CDATA[2006-07-17 00:00:00]]></dmaj_crit><dapplication_crit><![CDATA[2006-07-17 00:00:00]]></dapplication_crit><dperemption_crit/></critere><critere><id_crit><![CDATA[COMPLEXITY]]></id_crit><lib_crit><![CDATA[Complexity]]></lib_crit><desc_crit><![CDATA[McCabe Cyclomatic Complexity]]></desc_crit><dinst_crit><![CDATA[2006-07-20 00:00:00]]></dinst_crit><dmaj_crit><![CDATA[2006-07-20 00:00:00]]></dmaj_crit><dapplication_crit><![CDATA[2006-07-20 00:00:00]]></dapplication_crit><dperemption_crit/></critere><critere><id_crit><![CDATA[FILE-TOO-LONG]]></id_crit><lib_crit/><desc_crit/><dinst_crit><![CDATA[2008-07-09 00:00:00]]></dinst_crit><dmaj_crit/><dapplication_crit><![CDATA[2008-07-09 00:00:00]]></dapplication_crit><dperemption_crit/></critere></criteres>