<?xml version="1.0"  encoding="UTF-8"?><facteurs><facteur><id_fact><![CDATA[ANO]]></id_fact><lib_fact><![CDATA[Anomalies]]></lib_fact><desc_fact><![CDATA[une erreur dans cet objectif signifie un risque de problème de compilation et donc de justesse de l'analyse]]></desc_fact><dinst_fact><![CDATA[2006-07-19 00:00:00]]></dinst_fact><dmaj_fact/><dapplication_fact><![CDATA[2006-07-19 00:00:00]]></dapplication_fact><dperemption_fact/></facteur><facteur><id_fact><![CDATA[EVOL]]></id_fact><lib_fact><![CDATA[Evolutivity]]></lib_fact><desc_fact><![CDATA[Evaluating how easy it is to add functionality to the application]]></desc_fact><dinst_fact><![CDATA[2006-07-19 00:00:00]]></dinst_fact><dmaj_fact><![CDATA[2008-01-29 15:28:07]]></dmaj_fact><dapplication_fact><![CDATA[2006-07-19 00:00:00]]></dapplication_fact><dperemption_fact/></facteur><facteur><id_fact><![CDATA[FIAB]]></id_fact><lib_fact><![CDATA[Reliability]]></lib_fact><desc_fact><![CDATA[Evaluating the effort to reach the application's reliability (including testing effort)]]></desc_fact><dinst_fact><![CDATA[2006-07-19 00:00:00]]></dinst_fact><dmaj_fact/><dapplication_fact><![CDATA[2006-07-19 00:00:00]]></dapplication_fact><dperemption_fact/></facteur><facteur><id_fact><![CDATA[MAIN]]></id_fact><lib_fact><![CDATA[Maintenability]]></lib_fact><desc_fact><![CDATA[Evaluating the ability to make hot changes with minimal side effects.]]></desc_fact><dinst_fact><![CDATA[2006-07-19 00:00:00]]></dinst_fact><dmaj_fact/><dapplication_fact><![CDATA[2006-07-19 00:00:00]]></dapplication_fact><dperemption_fact/></facteur><facteur><id_fact><![CDATA[PORTABILITY]]></id_fact><lib_fact><![CDATA[Portability]]></lib_fact><desc_fact><![CDATA[Evaluating the ease to port the application to other environments]]></desc_fact><dinst_fact><![CDATA[2006-07-19 00:00:00]]></dinst_fact><dmaj_fact/><dapplication_fact><![CDATA[2006-07-19 00:00:00]]></dapplication_fact><dperemption_fact/></facteur></facteurs>