<?xml version="1.0"  encoding="UTF-8"?><i18ns><i18n><table_name><![CDATA[critere]]></table_name><column_name><![CDATA[desc]]></column_name><id_table><![CDATA[INITIALIZED-LINKAGE-VAR]]></id_table><id_langue><![CDATA[fr]]></id_langue><text><![CDATA[Identifies data elements in the linkage section, declared in the main program file, having a value clause.  Such values are ignored since they are explicitly set when the program is called.]]></text></i18n><i18n><table_name><![CDATA[critere]]></table_name><column_name><![CDATA[desc]]></column_name><id_table><![CDATA[OVERLAPPING-PERFORM-RANGES]]></id_table><id_langue><![CDATA[fr]]></id_langue><text><![CDATA[Identifies sets of perform ranges that contain a common group of paragraphs, where each perform range in the set contains paragraphs that are not in the other perform ranges.  For example, perform ranges PP-1 thru PP-2 and PP-2 thru PP-3 overlap on paragraph PP-2.]]></text></i18n><i18n><table_name><![CDATA[critere]]></table_name><column_name><![CDATA[desc]]></column_name><id_table><![CDATA[PARAGRAPH-FALLS-THROUGH]]></id_table><id_langue><![CDATA[fr]]></id_langue><text><![CDATA[Identifies paragraphs from which control can fall through into the succeeding paragraph.]]></text></i18n><i18n><table_name><![CDATA[critere]]></table_name><column_name><![CDATA[desc]]></column_name><id_table><![CDATA[PARAGRAPH-GOTO]]></id_table><id_langue><![CDATA[fr]]></id_langue><text><![CDATA[Identifies GOTO statements where the target paragraph occurs in the source code after the GOTO statement.]]></text></i18n><i18n><table_name><![CDATA[critere]]></table_name><column_name><![CDATA[desc]]></column_name><id_table><![CDATA[ALTER-STATEMENT]]></id_table><id_langue><![CDATA[fr]]></id_langue><text><![CDATA[Identifies usage of ALTER statements within the program.  ALTER statements are flagged since they are an obsolete element in Standard COBOL and was deleted in the 2000 revision of Standard COBOL.]]></text></i18n><i18n><table_name><![CDATA[critere]]></table_name><column_name><![CDATA[desc]]></column_name><id_table><![CDATA[NUMERIC-VAR-TOO-BIG]]></id_table><id_langue><![CDATA[fr]]></id_langue><text><![CDATA[Numeric variable has more than 18 digits.]]></text></i18n><i18n><table_name><![CDATA[critere]]></table_name><column_name><![CDATA[desc]]></column_name><id_table><![CDATA[TABS-PRESENT]]></id_table><id_langue><![CDATA[fr]]></id_langue><text><![CDATA[Identifies when source file(s) contains tab characters.]]></text></i18n><i18n><table_name><![CDATA[critere]]></table_name><column_name><![CDATA[desc]]></column_name><id_table><![CDATA[BAD-DECIMAL-POINT]]></id_table><id_langue><![CDATA[fr]]></id_langue><text><![CDATA[Decimal-point in real literal does not match DECIMAL POINT clause.]]></text></i18n><i18n><table_name><![CDATA[critere]]></table_name><column_name><![CDATA[lib]]></column_name><id_table><![CDATA[COMP]]></id_table><id_langue><![CDATA[en]]></id_langue><text><![CDATA[Comprehension]]></text></i18n><i18n><table_name><![CDATA[critere]]></table_name><column_name><![CDATA[desc]]></column_name><id_table><![CDATA[COMP]]></id_table><id_langue><![CDATA[en]]></id_langue><text><![CDATA[Comprehension depends on comment ratio and method complexity. The more the method is complex and the less it is documented, the worst the comprehension will be.]]></text></i18n><i18n><table_name><![CDATA[critere]]></table_name><column_name><![CDATA[desc]]></column_name><id_table><![CDATA[AVE-VAR-DEPTH]]></id_table><id_langue><![CDATA[fr]]></id_langue><text><![CDATA[Average depth (nesting level) of an elementary variable)]]></text></i18n><i18n><table_name><![CDATA[critere]]></table_name><column_name><![CDATA[desc]]></column_name><id_table><![CDATA[CALL-STMT-NB]]></id_table><id_langue><![CDATA[fr]]></id_langue><text><![CDATA[Total number of inter-program control-flow statements (CALL, GOBACK, STOP RUN, EXECUTE, etc.)]]></text></i18n><i18n><table_name><![CDATA[critere]]></table_name><column_name><![CDATA[desc]]></column_name><id_table><![CDATA[FLOW-STMT-NB]]></id_table><id_langue><![CDATA[fr]]></id_langue><text><![CDATA[Total number of intra-program control-flow statements (IF, GO TO, EVALUATE, PERFORM, etc.)]]></text></i18n><i18n><table_name><![CDATA[critere]]></table_name><column_name><![CDATA[desc]]></column_name><id_table><![CDATA[PROCEDURE-LOC]]></id_table><id_langue><![CDATA[fr]]></id_langue><text><![CDATA[Total number of lines in the Procedure Division]]></text></i18n><i18n><table_name><![CDATA[critere]]></table_name><column_name><![CDATA[desc]]></column_name><id_table><![CDATA[AMBIGUOUS-DATA-NAME]]></id_table><id_langue><![CDATA[fr]]></id_langue><text><![CDATA[Identifies variables that are ambiguous and can refer to more than one data element.]]></text></i18n><i18n><table_name><![CDATA[critere]]></table_name><column_name><![CDATA[desc]]></column_name><id_table><![CDATA[AMBIGUOUS-PROC-NAME]]></id_table><id_langue><![CDATA[fr]]></id_langue><text><![CDATA[Identifies references to paragraph or section names that have multiple declarations.  If it is a paragraph name, the multiple declarations occur in the same section (pargraphs with the same name in different sections are legal in COBOL and do not give ris]]></text></i18n><i18n><table_name><![CDATA[critere]]></table_name><column_name><![CDATA[desc]]></column_name><id_table><![CDATA[NAME-CONFLICT]]></id_table><id_langue><![CDATA[fr]]></id_langue><text><![CDATA[Identifies declaration of multiple data elements with the same name.  A conflict is detected only if both declarations are at the 01 level, or are at the same level below another data element.  Note: COBOL compilers frequently accept source containing suc]]></text></i18n><i18n><table_name><![CDATA[critere]]></table_name><column_name><![CDATA[desc]]></column_name><id_table><![CDATA[ARITHMETIC-OVERFLOW]]></id_table><id_langue><![CDATA[fr]]></id_langue><text><![CDATA[Identifies when the variable meant to hold the result of an arithmetic operation is too small. Deprecator: OVERFLOW-CASES-SMALL: Overflow cases small in relationship to number of values that can be assigned. Parameters: threshold on overflow ratio for deprecator to apply.]]></text></i18n><i18n><table_name><![CDATA[critere]]></table_name><column_name><![CDATA[desc]]></column_name><id_table><![CDATA[CHECK-FILE-STATUS]]></id_table><id_langue><![CDATA[fr]]></id_langue><text><![CDATA[Identifies I/O statements which should have file status checked after them but do not. Deprecators (exclusive): FILE-STATUS-OPEN, FILE-STATUS-WRITE, FILE-STATUS-REWRITE, FILE-STATUS-CLOSE, FILE-STATUS-START, FILE-STATUS-DELETE: identifies operations for which this violation is less severe than on the others (READ).]]></text></i18n><i18n><table_name><![CDATA[critere]]></table_name><column_name><![CDATA[desc]]></column_name><id_table><![CDATA[CICS-RULES]]></id_table><id_langue><![CDATA[fr]]></id_langue><text><![CDATA[Specific rules for CICS commands.]]></text></i18n><i18n><table_name><![CDATA[critere]]></table_name><column_name><![CDATA[desc]]></column_name><id_table><![CDATA[COMPLEX-COMPUTE]]></id_table><id_langue><![CDATA[fr]]></id_langue><text><![CDATA[Identifies arithmetic operations involving more than three variables.  These operations may behave slightly differently on other platforms.]]></text></i18n><i18n><table_name><![CDATA[critere]]></table_name><column_name><![CDATA[desc]]></column_name><id_table><![CDATA[DATA-ELEMENT-SET-NOT-USED]]></id_table><id_langue><![CDATA[fr]]></id_langue><text><![CDATA[Identifies data elements declared in the main program file that are set or initalized but not used.]]></text></i18n><i18n><table_name><![CDATA[critere]]></table_name><column_name><![CDATA[desc]]></column_name><id_table><![CDATA[DATA-ELEMENT-USED-NOT-SET]]></id_table><id_langue><![CDATA[fr]]></id_langue><text><![CDATA[Identifies data elements that are used but aren't set or initialized. Deprecators: DATA-ELEMENT-USED-NOT-SET-FREE-INIT: deprecates used not set violations where all used data elements are usage display (because it is then assumed that the compiler gives free initializations); SET-USE-UNKNOWN-DATA-NAME: deprecates set-use violations where the data element is an unknown (undeclared) data name; USED-NOT-SET-CAUSED-BY-PARSE-ERROR: deprecates Used But Not Set instances likely caused by parse errors.]]></text></i18n><i18n><table_name><![CDATA[critere]]></table_name><column_name><![CDATA[desc]]></column_name><id_table><![CDATA[END-IF]]></id_table><id_langue><![CDATA[fr]]></id_langue><text><![CDATA[Identifies IF statements with no END-IF keyword.]]></text></i18n><i18n><table_name><![CDATA[critere]]></table_name><column_name><![CDATA[desc]]></column_name><id_table><![CDATA[EXEC-STATEMENT]]></id_table><id_langue><![CDATA[fr]]></id_langue><text><![CDATA[Identifies instances of EXECUTE statements in the source code.]]></text></i18n><i18n><table_name><![CDATA[critere]]></table_name><column_name><![CDATA[desc]]></column_name><id_table><![CDATA[FILE-ACCESS]]></id_table><id_langue><![CDATA[fr]]></id_langue><text><![CDATA[Identifie file access specific rules violations.]]></text></i18n><i18n><table_name><![CDATA[critere]]></table_name><column_name><![CDATA[desc]]></column_name><id_table><![CDATA[GOTO-AND-PERFORM]]></id_table><id_langue><![CDATA[fr]]></id_langue><text><![CDATA[Identifies GOTO statement violating perform range rules.]]></text></i18n><i18n><table_name><![CDATA[critere]]></table_name><column_name><![CDATA[desc]]></column_name><id_table><![CDATA[HARD-CODED-INTERFACE]]></id_table><id_langue><![CDATA[fr]]></id_langue><text><![CDATA[Identifies data elements in the linkage section or in the file section that are declared in the main file.]]></text></i18n><i18n><table_name><![CDATA[critere]]></table_name><column_name><![CDATA[desc]]></column_name><id_table><![CDATA[IDENTIFIER-TOO-LONG]]></id_table><id_langue><![CDATA[fr]]></id_langue><text><![CDATA[Identifies identifiers that exceeds the ANSI standard of 30 characters. Parameter: this threshold of 30 characters.]]></text></i18n><i18n><table_name><![CDATA[critere]]></table_name><column_name><![CDATA[desc]]></column_name><id_table><![CDATA[LINKAGE-IN-COPYBOOK]]></id_table><id_langue><![CDATA[fr]]></id_langue><text><![CDATA[Identifies data elements in the linkage section that are declared in the main file.]]></text></i18n><i18n><table_name><![CDATA[critere]]></table_name><column_name><![CDATA[desc]]></column_name><id_table><![CDATA[LITERAL]]></id_table><id_langue><![CDATA[fr]]></id_langue><text><![CDATA[Identifies use of literals in the procedure division (rather than symbolic constants defined in the environment or data division).]]></text></i18n><i18n><table_name><![CDATA[critere]]></table_name><column_name><![CDATA[desc]]></column_name><id_table><![CDATA[MALFORMED-DATA-DESCRIPTOR]]></id_table><id_langue><![CDATA[fr]]></id_langue><text><![CDATA[Identifies data description entries which violate Cobol consistency rules. Sub-categories are: Data-Descriptor-Malformed, Data-Descriptor-No-Parent, Data-Descriptor-Unnamed, Description-Entry-Hierarchicalize-DDES, Find-Renamed-Entries, Screen-01-Unnamed, Screen-Item-No-01.]]></text></i18n><i18n><table_name><![CDATA[critere]]></table_name><column_name><![CDATA[desc]]></column_name><id_table><![CDATA[MISLEADING-IF]]></id_table><id_langue><![CDATA[fr]]></id_langue><text><![CDATA[Identifies subordinate statements in IF statements that are not indented, suggesting they are not part of the IF statement.]]></text></i18n><i18n><table_name><![CDATA[critere]]></table_name><column_name><![CDATA[desc]]></column_name><id_table><![CDATA[MULTI-RECORD-FILE]]></id_table><id_langue><![CDATA[fr]]></id_langue><text><![CDATA[Identifies logical files (FD) with more than one 01-level record description. Such implicit, global redefinitions may cause problems when the type or size of some field changes, e.g. in case of maintenance or when migrating to other Cobol platforms.]]></text></i18n><i18n><table_name><![CDATA[critere]]></table_name><column_name><![CDATA[desc]]></column_name><id_table><![CDATA[PARAMETERS-IN-COPYBOOK]]></id_table><id_langue><![CDATA[fr]]></id_langue><text><![CDATA[Identifies parameters in a CALL statement that are declared in the main file.]]></text></i18n><i18n><table_name><![CDATA[critere]]></table_name><column_name><![CDATA[desc]]></column_name><id_table><![CDATA[PARSE-PROBLEMS]]></id_table><id_langue><![CDATA[fr]]></id_langue><text><![CDATA[Problems detected during parsing.]]></text></i18n><i18n><table_name><![CDATA[critere]]></table_name><column_name><![CDATA[desc]]></column_name><id_table><![CDATA[PERFORM-RANGE]]></id_table><id_langue><![CDATA[fr]]></id_langue><text><![CDATA[identifies perform range specifications in bad conditions.]]></text></i18n><i18n><table_name><![CDATA[critere]]></table_name><column_name><![CDATA[desc]]></column_name><id_table><![CDATA[POSSIBLY-INCORRECT-SET-USE]]></id_table><id_langue><![CDATA[fr]]></id_langue><text><![CDATA[Identifies instances where Set/Use analysis may be incorrect.  Reports set/usage assumed in such cases.]]></text></i18n><i18n><table_name><![CDATA[critere]]></table_name><column_name><![CDATA[desc]]></column_name><id_table><![CDATA[PRECISION-LOSS]]></id_table><id_langue><![CDATA[fr]]></id_langue><text><![CDATA[Identifies operations that move data from one data element to another data element where the number of decimal places specified by the picture clause of the first data element is larger than the number of decimal places specified by the picture clause of the second data element. Deprecator: TRUNCATION-NON-NUMERIC: deprecates truncations with non-numeric target picture clauses.]]></text></i18n><i18n><table_name><![CDATA[critere]]></table_name><column_name><![CDATA[desc]]></column_name><id_table><![CDATA[PROHIBITED-CODE]]></id_table><id_langue><![CDATA[fr]]></id_langue><text><![CDATA[Identifies instances of prohibited clauses or verb in the source code.]]></text></i18n><i18n><table_name><![CDATA[critere]]></table_name><column_name><![CDATA[desc]]></column_name><id_table><![CDATA[SIGNED-OPERATION]]></id_table><id_langue><![CDATA[fr]]></id_langue><text><![CDATA[Identifies rule violations for signed operations.]]></text></i18n><i18n><table_name><![CDATA[critere]]></table_name><column_name><![CDATA[desc]]></column_name><id_table><![CDATA[STOP-RUN-IN-SORT]]></id_table><id_langue><![CDATA[fr]]></id_langue><text><![CDATA[Identifies SORT or MERGE statements whose INPUT or OUTPUT procedure contains a STOP RUN statement.  This construct may be rejected by the compiler on other platforms.  Note that, if the procedures contain more than one such STOP RUN, only one of them is reported.]]></text></i18n><i18n><table_name><![CDATA[critere]]></table_name><column_name><![CDATA[desc]]></column_name><id_table><![CDATA[SWITCHES-SPECIAL-NAMES]]></id_table><id_langue><![CDATA[fr]]></id_langue><text><![CDATA[Identifies declarations of SWITCH mnemonic names which are actually used in the program.  This kind of device may behave slightly differently on other platforms.]]></text></i18n><i18n><table_name><![CDATA[critere]]></table_name><column_name><![CDATA[desc]]></column_name><id_table><![CDATA[TEST-FILE-STATUS-NON-ZERO]]></id_table><id_langue><![CDATA[fr]]></id_langue><text><![CDATA[Identifies comparisons of a FILE STATUS variable with some non-zero literal. These literals denote some (combination of) condition(s) in the I/O system or underlying OS which might behave differently or be associated with a different value on other Cobol platforms.]]></text></i18n><i18n><table_name><![CDATA[critere]]></table_name><column_name><![CDATA[desc]]></column_name><id_table><![CDATA[TOO-COMPLEX-CONTROL-FLOW]]></id_table><id_langue><![CDATA[fr]]></id_langue><text><![CDATA[Identifies cases when Control-Flow analysis will be incorrect because the program is REALLY too complex.]]></text></i18n><i18n><table_name><![CDATA[critere]]></table_name><column_name><![CDATA[desc]]></column_name><id_table><![CDATA[TRUNCATION-DURING-MOVE]]></id_table><id_langue><![CDATA[fr]]></id_langue><text><![CDATA[Identifies operations that move data from one data element to another data element where the number of bytes specified by the picture clause of the first data element is larger than the number of bytes specified by the picture clause of the second data element. Deprecator: TRUNCATION-NON-NUMERIC: deprecates truncations with non-numeric target picture clauses.]]></text></i18n><i18n><table_name><![CDATA[critere]]></table_name><column_name><![CDATA[desc]]></column_name><id_table><![CDATA[UNABLE-TO-MODEL-SEMANTICS]]></id_table><id_langue><![CDATA[fr]]></id_langue><text><![CDATA[Source code is translated into an internal model that describes the semantics of the source. Instances of constructs for which we were unable to build a semantic model are reported here.]]></text></i18n><i18n><table_name><![CDATA[critere]]></table_name><column_name><![CDATA[desc]]></column_name><id_table><![CDATA[UNKNOWN-NAME]]></id_table><id_langue><![CDATA[fr]]></id_langue><text><![CDATA[Identifies references to undeclared data elements or undefined paragraph or section.]]></text></i18n><i18n><table_name><![CDATA[critere]]></table_name><column_name><![CDATA[desc]]></column_name><id_table><![CDATA[UNUSED-CODE]]></id_table><id_langue><![CDATA[fr]]></id_langue><text><![CDATA[Identifies unused code.]]></text></i18n><i18n><table_name><![CDATA[critere]]></table_name><column_name><![CDATA[desc]]></column_name><id_table><![CDATA[VARIABLE-SIZE-FILE]]></id_table><id_langue><![CDATA[fr]]></id_langue><text><![CDATA[Identifies logical files (FD) with variable record size. Such files may behave slightly differently on other Cobol platforms.]]></text></i18n><i18n><table_name><![CDATA[critere]]></table_name><column_name><![CDATA[desc]]></column_name><id_table><![CDATA[NESTED-IF]]></id_table><id_langue><![CDATA[fr]]></id_langue><text><![CDATA[Identifies IF statements that have too many levels of nested IF statements within them. Parameter: threshold defining "too many levels" (more than 3).]]></text></i18n><i18n><table_name><![CDATA[critere]]></table_name><column_name><![CDATA[desc]]></column_name><id_table><![CDATA[COMPLEXITY]]></id_table><id_langue><![CDATA[fr]]></id_langue><text><![CDATA[McCabe Cyclomatic Complexity]]></text></i18n><i18n><table_name><![CDATA[critere]]></table_name><column_name><![CDATA[desc]]></column_name><id_table><![CDATA[USED-WHEN-OTHER]]></id_table><id_langue><![CDATA[fr]]></id_langue><text><![CDATA[Identifies EVALUATE statements with no WHEN OTHER clause.]]></text></i18n><i18n><table_name><![CDATA[critere]]></table_name><column_name><![CDATA[desc]]></column_name><id_table><![CDATA[ALPHANUMERIC-MOVE]]></id_table><id_langue><![CDATA[fr]]></id_langue><text><![CDATA[Rules over alphanumeric data move.]]></text></i18n><i18n><table_name><![CDATA[critere]]></table_name><column_name><![CDATA[lib]]></column_name><id_table><![CDATA[BAD-DECIMAL-POINT]]></id_table><id_langue><![CDATA[fr]]></id_langue><text><![CDATA[Bad-Decimal-Point]]></text></i18n><i18n><table_name><![CDATA[critere]]></table_name><column_name><![CDATA[lib]]></column_name><id_table><![CDATA[EMPTY-PARAGRAPH]]></id_table><id_langue><![CDATA[fr]]></id_langue><text><![CDATA[Empty Paragraph]]></text></i18n><i18n><table_name><![CDATA[critere]]></table_name><column_name><![CDATA[lib]]></column_name><id_table><![CDATA[EMPTY-SECTION]]></id_table><id_langue><![CDATA[fr]]></id_langue><text><![CDATA[Empty Section]]></text></i18n><i18n><table_name><![CDATA[critere]]></table_name><column_name><![CDATA[lib]]></column_name><id_table><![CDATA[INITIALIZED-LINKAGE-VAR]]></id_table><id_langue><![CDATA[fr]]></id_langue><text><![CDATA[Initialized Linkage Var]]></text></i18n><i18n><table_name><![CDATA[critere]]></table_name><column_name><![CDATA[lib]]></column_name><id_table><![CDATA[OVERLAPPING-PERFORM-RANGES]]></id_table><id_langue><![CDATA[fr]]></id_langue><text><![CDATA[Overlapping Perform Ranges]]></text></i18n><i18n><table_name><![CDATA[critere]]></table_name><column_name><![CDATA[lib]]></column_name><id_table><![CDATA[PARAGRAPH-FALLS-THROUGH]]></id_table><id_langue><![CDATA[fr]]></id_langue><text><![CDATA[Paragraph Falls Through]]></text></i18n><i18n><table_name><![CDATA[critere]]></table_name><column_name><![CDATA[lib]]></column_name><id_table><![CDATA[PARAGRAPH-GOTO]]></id_table><id_langue><![CDATA[fr]]></id_langue><text><![CDATA[Paragraph Goto]]></text></i18n><i18n><table_name><![CDATA[critere]]></table_name><column_name><![CDATA[lib]]></column_name><id_table><![CDATA[ALTER-STATEMENT]]></id_table><id_langue><![CDATA[fr]]></id_langue><text><![CDATA[Alter Statement]]></text></i18n><i18n><table_name><![CDATA[critere]]></table_name><column_name><![CDATA[lib]]></column_name><id_table><![CDATA[NUMERIC-VAR-TOO-BIG]]></id_table><id_langue><![CDATA[fr]]></id_langue><text><![CDATA[Numeric-Var-Too-Big]]></text></i18n><i18n><table_name><![CDATA[critere]]></table_name><column_name><![CDATA[lib]]></column_name><id_table><![CDATA[TABS-PRESENT]]></id_table><id_langue><![CDATA[fr]]></id_langue><text><![CDATA[Tabs Present in Source file]]></text></i18n><i18n><table_name><![CDATA[critere]]></table_name><column_name><![CDATA[lib]]></column_name><id_table><![CDATA[AVE-VAR-DEPTH]]></id_table><id_langue><![CDATA[fr]]></id_langue><text><![CDATA[Average Var Depth]]></text></i18n><i18n><table_name><![CDATA[critere]]></table_name><column_name><![CDATA[lib]]></column_name><id_table><![CDATA[CALL-STMT-NB]]></id_table><id_langue><![CDATA[fr]]></id_langue><text><![CDATA[CALL Statement Nb]]></text></i18n><i18n><table_name><![CDATA[critere]]></table_name><column_name><![CDATA[lib]]></column_name><id_table><![CDATA[FLOW-STMT-NB]]></id_table><id_langue><![CDATA[fr]]></id_langue><text><![CDATA[Flow Statement Nb]]></text></i18n><i18n><table_name><![CDATA[critere]]></table_name><column_name><![CDATA[lib]]></column_name><id_table><![CDATA[PROCEDURE-LOC]]></id_table><id_langue><![CDATA[fr]]></id_langue><text><![CDATA[Procedure LOC]]></text></i18n><i18n><table_name><![CDATA[critere]]></table_name><column_name><![CDATA[lib]]></column_name><id_table><![CDATA[AMBIGUOUS-DATA-NAME]]></id_table><id_langue><![CDATA[fr]]></id_langue><text><![CDATA[Ambiguous Data Name]]></text></i18n><i18n><table_name><![CDATA[critere]]></table_name><column_name><![CDATA[lib]]></column_name><id_table><![CDATA[AMBIGUOUS-PROC-NAME]]></id_table><id_langue><![CDATA[fr]]></id_langue><text><![CDATA[Ambigious Proc Name]]></text></i18n><i18n><table_name><![CDATA[critere]]></table_name><column_name><![CDATA[lib]]></column_name><id_table><![CDATA[NAME-CONFLICT]]></id_table><id_langue><![CDATA[fr]]></id_langue><text><![CDATA[Name Conflict]]></text></i18n><i18n><table_name><![CDATA[critere]]></table_name><column_name><![CDATA[lib]]></column_name><id_table><![CDATA[MISLEADING-IF]]></id_table><id_langue><![CDATA[fr]]></id_langue><text><![CDATA[Misleading IF]]></text></i18n><i18n><table_name><![CDATA[critere]]></table_name><column_name><![CDATA[lib]]></column_name><id_table><![CDATA[MULTI-RECORD-FILE]]></id_table><id_langue><![CDATA[fr]]></id_langue><text><![CDATA[Multi record file]]></text></i18n><i18n><table_name><![CDATA[critere]]></table_name><column_name><![CDATA[lib]]></column_name><id_table><![CDATA[PARAMETERS-IN-COPYBOOK]]></id_table><id_langue><![CDATA[fr]]></id_langue><text><![CDATA[Parameters in copybook]]></text></i18n><i18n><table_name><![CDATA[critere]]></table_name><column_name><![CDATA[lib]]></column_name><id_table><![CDATA[PARSE-PROBLEMS]]></id_table><id_langue><![CDATA[fr]]></id_langue><text><![CDATA[Parsing problems]]></text></i18n><i18n><table_name><![CDATA[critere]]></table_name><column_name><![CDATA[lib]]></column_name><id_table><![CDATA[PERFORM-RANGE]]></id_table><id_langue><![CDATA[fr]]></id_langue><text><![CDATA[Perform range specifications]]></text></i18n><i18n><table_name><![CDATA[critere]]></table_name><column_name><![CDATA[lib]]></column_name><id_table><![CDATA[POSSIBLY-INCORRECT-SET-USE]]></id_table><id_langue><![CDATA[fr]]></id_langue><text><![CDATA[Possibly incorrect set use]]></text></i18n><i18n><table_name><![CDATA[critere]]></table_name><column_name><![CDATA[lib]]></column_name><id_table><![CDATA[PRECISION-LOSS]]></id_table><id_langue><![CDATA[fr]]></id_langue><text><![CDATA[Precision loss]]></text></i18n><i18n><table_name><![CDATA[critere]]></table_name><column_name><![CDATA[lib]]></column_name><id_table><![CDATA[PROHIBITED-CODE]]></id_table><id_langue><![CDATA[fr]]></id_langue><text><![CDATA[Prohibited code]]></text></i18n><i18n><table_name><![CDATA[critere]]></table_name><column_name><![CDATA[lib]]></column_name><id_table><![CDATA[SIGNED-OPERATION]]></id_table><id_langue><![CDATA[fr]]></id_langue><text><![CDATA[Signed operation rules]]></text></i18n><i18n><table_name><![CDATA[critere]]></table_name><column_name><![CDATA[lib]]></column_name><id_table><![CDATA[STOP-RUN-IN-SORT]]></id_table><id_langue><![CDATA[fr]]></id_langue><text><![CDATA[Stop run in sort]]></text></i18n><i18n><table_name><![CDATA[critere]]></table_name><column_name><![CDATA[lib]]></column_name><id_table><![CDATA[SWITCHES-SPECIAL-NAMES]]></id_table><id_langue><![CDATA[fr]]></id_langue><text><![CDATA[Switches special names]]></text></i18n><i18n><table_name><![CDATA[critere]]></table_name><column_name><![CDATA[lib]]></column_name><id_table><![CDATA[TEST-FILE-STATUS-NON-ZERO]]></id_table><id_langue><![CDATA[fr]]></id_langue><text><![CDATA[Test file status non zero]]></text></i18n><i18n><table_name><![CDATA[critere]]></table_name><column_name><![CDATA[lib]]></column_name><id_table><![CDATA[TOO-COMPLEX-CONTROL-FLOW]]></id_table><id_langue><![CDATA[fr]]></id_langue><text><![CDATA[Too complex control flow]]></text></i18n><i18n><table_name><![CDATA[critere]]></table_name><column_name><![CDATA[lib]]></column_name><id_table><![CDATA[TRUNCATION-DURING-MOVE]]></id_table><id_langue><![CDATA[fr]]></id_langue><text><![CDATA[Truncation during MOVE]]></text></i18n><i18n><table_name><![CDATA[critere]]></table_name><column_name><![CDATA[lib]]></column_name><id_table><![CDATA[UNABLE-TO-MODEL-SEMANTICS]]></id_table><id_langue><![CDATA[fr]]></id_langue><text><![CDATA[Unable to model semantics]]></text></i18n><i18n><table_name><![CDATA[critere]]></table_name><column_name><![CDATA[lib]]></column_name><id_table><![CDATA[UNKNOWN-NAME]]></id_table><id_langue><![CDATA[fr]]></id_langue><text><![CDATA[Unknown name]]></text></i18n><i18n><table_name><![CDATA[critere]]></table_name><column_name><![CDATA[lib]]></column_name><id_table><![CDATA[UNUSED-CODE]]></id_table><id_langue><![CDATA[fr]]></id_langue><text><![CDATA[Unused code]]></text></i18n><i18n><table_name><![CDATA[critere]]></table_name><column_name><![CDATA[lib]]></column_name><id_table><![CDATA[USED-WHEN-OTHER]]></id_table><id_langue><![CDATA[fr]]></id_langue><text><![CDATA[Used when other]]></text></i18n><i18n><table_name><![CDATA[critere]]></table_name><column_name><![CDATA[lib]]></column_name><id_table><![CDATA[VARIABLE-SIZE-FILE]]></id_table><id_langue><![CDATA[fr]]></id_langue><text><![CDATA[Variable size file]]></text></i18n><i18n><table_name><![CDATA[critere]]></table_name><column_name><![CDATA[lib]]></column_name><id_table><![CDATA[NESTED-IF]]></id_table><id_langue><![CDATA[fr]]></id_langue><text><![CDATA[Nested If]]></text></i18n><i18n><table_name><![CDATA[critere]]></table_name><column_name><![CDATA[lib]]></column_name><id_table><![CDATA[COMPLEXITY]]></id_table><id_langue><![CDATA[fr]]></id_langue><text><![CDATA[Complexity]]></text></i18n><i18n><table_name><![CDATA[critere]]></table_name><column_name><![CDATA[desc]]></column_name><id_table><![CDATA[EMPTY-PARAGRAPH]]></id_table><id_langue><![CDATA[fr]]></id_langue><text><![CDATA[Identifies procedure paragraphs that contain no statements.]]></text></i18n><i18n><table_name><![CDATA[critere]]></table_name><column_name><![CDATA[desc]]></column_name><id_table><![CDATA[EMPTY-SECTION]]></id_table><id_langue><![CDATA[fr]]></id_langue><text><![CDATA[Identifies procedure sections that contain no paragraphs.]]></text></i18n><i18n><table_name><![CDATA[critere]]></table_name><column_name><![CDATA[lib]]></column_name><id_table><![CDATA[ALPHANUMERIC-MOVE]]></id_table><id_langue><![CDATA[fr]]></id_langue><text><![CDATA[Rules over alphanumeric data move.]]></text></i18n><i18n><table_name><![CDATA[critere]]></table_name><column_name><![CDATA[lib]]></column_name><id_table><![CDATA[ARITHMETIC-OVERFLOW]]></id_table><id_langue><![CDATA[fr]]></id_langue><text><![CDATA[Arithmetic overflow]]></text></i18n><i18n><table_name><![CDATA[critere]]></table_name><column_name><![CDATA[lib]]></column_name><id_table><![CDATA[CHECK-FILE-STATUS]]></id_table><id_langue><![CDATA[fr]]></id_langue><text><![CDATA[Check file status]]></text></i18n><i18n><table_name><![CDATA[critere]]></table_name><column_name><![CDATA[lib]]></column_name><id_table><![CDATA[CICS-RULES]]></id_table><id_langue><![CDATA[fr]]></id_langue><text><![CDATA[CICS rules]]></text></i18n><i18n><table_name><![CDATA[critere]]></table_name><column_name><![CDATA[lib]]></column_name><id_table><![CDATA[COMPLEX-COMPUTE]]></id_table><id_langue><![CDATA[fr]]></id_langue><text><![CDATA[Complex compute]]></text></i18n><i18n><table_name><![CDATA[critere]]></table_name><column_name><![CDATA[lib]]></column_name><id_table><![CDATA[DATA-ELEMENT-SET-NOT-USED]]></id_table><id_langue><![CDATA[fr]]></id_langue><text><![CDATA[Data element set not used]]></text></i18n><i18n><table_name><![CDATA[critere]]></table_name><column_name><![CDATA[lib]]></column_name><id_table><![CDATA[DATA-ELEMENT-USED-NOT-SET]]></id_table><id_langue><![CDATA[fr]]></id_langue><text><![CDATA[Data element used not set]]></text></i18n><i18n><table_name><![CDATA[critere]]></table_name><column_name><![CDATA[lib]]></column_name><id_table><![CDATA[END-IF]]></id_table><id_langue><![CDATA[fr]]></id_langue><text><![CDATA[If without end]]></text></i18n><i18n><table_name><![CDATA[critere]]></table_name><column_name><![CDATA[lib]]></column_name><id_table><![CDATA[EXEC-STATEMENT]]></id_table><id_langue><![CDATA[fr]]></id_langue><text><![CDATA[Exec statement]]></text></i18n><i18n><table_name><![CDATA[critere]]></table_name><column_name><![CDATA[lib]]></column_name><id_table><![CDATA[FILE-ACCESS]]></id_table><id_langue><![CDATA[fr]]></id_langue><text><![CDATA[File access rules]]></text></i18n><i18n><table_name><![CDATA[critere]]></table_name><column_name><![CDATA[lib]]></column_name><id_table><![CDATA[GOTO-AND-PERFORM]]></id_table><id_langue><![CDATA[fr]]></id_langue><text><![CDATA[Goto and perform statement rules]]></text></i18n><i18n><table_name><![CDATA[critere]]></table_name><column_name><![CDATA[lib]]></column_name><id_table><![CDATA[HARD-CODED-INTERFACE]]></id_table><id_langue><![CDATA[fr]]></id_langue><text><![CDATA[Hardcoded interface]]></text></i18n><i18n><table_name><![CDATA[critere]]></table_name><column_name><![CDATA[lib]]></column_name><id_table><![CDATA[IDENTIFIER-TOO-LONG]]></id_table><id_langue><![CDATA[fr]]></id_langue><text><![CDATA[Identifier too long]]></text></i18n><i18n><table_name><![CDATA[critere]]></table_name><column_name><![CDATA[lib]]></column_name><id_table><![CDATA[LINKAGE-IN-COPYBOOK]]></id_table><id_langue><![CDATA[fr]]></id_langue><text><![CDATA[Linkage in copybook]]></text></i18n><i18n><table_name><![CDATA[critere]]></table_name><column_name><![CDATA[lib]]></column_name><id_table><![CDATA[LITERAL]]></id_table><id_langue><![CDATA[fr]]></id_langue><text><![CDATA[Use of literals in the procedure division]]></text></i18n><i18n><table_name><![CDATA[critere]]></table_name><column_name><![CDATA[lib]]></column_name><id_table><![CDATA[MALFORMED-DATA-DESCRIPTOR]]></id_table><id_langue><![CDATA[fr]]></id_langue><text><![CDATA[Malformed data descriptor]]></text></i18n><i18n><table_name><![CDATA[critere]]></table_name><column_name><![CDATA[desc]]></column_name><id_table><![CDATA[COMP]]></id_table><id_langue><![CDATA[fr]]></id_langue><text><![CDATA[Fonction du taux de commentaire de traitement (intra procédures) et de la complexité cyclomatique (v(G)) de la procédure.]]></text></i18n><i18n><table_name><![CDATA[critere]]></table_name><column_name><![CDATA[lib]]></column_name><id_table><![CDATA[COMP]]></id_table><id_langue><![CDATA[fr]]></id_langue><text><![CDATA[Compréhension]]></text></i18n><i18n><table_name><![CDATA[critere]]></table_name><column_name><![CDATA[compl]]></column_name><id_table><![CDATA[COMP]]></id_table><id_langue><![CDATA[fr]]></id_langue><text><![CDATA[La compréhension d'une méthode est proportionnelle au taux de commentaire et à la complexité de celle-ci.]]></text></i18n><i18n><table_name><![CDATA[critere]]></table_name><column_name><![CDATA[lib]]></column_name><id_table><![CDATA[FILE-TOO-LONG]]></id_table><id_langue><![CDATA[en]]></id_langue><text><![CDATA[Too long source code file.]]></text></i18n><i18n><table_name><![CDATA[critere]]></table_name><column_name><![CDATA[lib]]></column_name><id_table><![CDATA[FILE-TOO-LONG]]></id_table><id_langue><![CDATA[es]]></id_langue><text><![CDATA[FILE-TOO-LONG]]></text></i18n><i18n><table_name><![CDATA[critere]]></table_name><column_name><![CDATA[lib]]></column_name><id_table><![CDATA[FILE-TOO-LONG]]></id_table><id_langue><![CDATA[fr]]></id_langue><text><![CDATA[Fichier source trop long.]]></text></i18n><i18n><table_name><![CDATA[critere]]></table_name><column_name><![CDATA[desc]]></column_name><id_table><![CDATA[FILE-TOO-LONG]]></id_table><id_langue><![CDATA[en]]></id_langue><text><![CDATA[The code source file is too long.]]></text></i18n><i18n><table_name><![CDATA[critere]]></table_name><column_name><![CDATA[desc]]></column_name><id_table><![CDATA[FILE-TOO-LONG]]></id_table><id_langue><![CDATA[es]]></id_langue><text><![CDATA[FILE-TOO-LONG]]></text></i18n><i18n><table_name><![CDATA[critere]]></table_name><column_name><![CDATA[desc]]></column_name><id_table><![CDATA[FILE-TOO-LONG]]></id_table><id_langue><![CDATA[fr]]></id_langue><text><![CDATA[Le fichier source est trop long.]]></text></i18n><i18n><table_name><![CDATA[critere]]></table_name><column_name><![CDATA[compl]]></column_name><id_table><![CDATA[ALPHANUMERIC-MOVE]]></id_table><id_langue><![CDATA[en]]></id_langue><text><![CDATA[ALPHANUMERIC-MOVE]]></text></i18n><i18n><table_name><![CDATA[critere]]></table_name><column_name><![CDATA[compl]]></column_name><id_table><![CDATA[ALPHANUMERIC-MOVE]]></id_table><id_langue><![CDATA[es]]></id_langue><text><![CDATA[ALPHANUMERIC-MOVE]]></text></i18n><i18n><table_name><![CDATA[critere]]></table_name><column_name><![CDATA[compl]]></column_name><id_table><![CDATA[ALPHANUMERIC-MOVE]]></id_table><id_langue><![CDATA[fr]]></id_langue><text><![CDATA[ALPHANUMERIC-MOVE]]></text></i18n><i18n><table_name><![CDATA[critere]]></table_name><column_name><![CDATA[lib]]></column_name><id_table><![CDATA[ALPHANUMERIC-MOVE]]></id_table><id_langue><![CDATA[en]]></id_langue><text><![CDATA[Rules over alphanumeric data move.]]></text></i18n><i18n><table_name><![CDATA[critere]]></table_name><column_name><![CDATA[lib]]></column_name><id_table><![CDATA[ALPHANUMERIC-MOVE]]></id_table><id_langue><![CDATA[es]]></id_langue><text><![CDATA[Rules over alphanumeric data move.]]></text></i18n><i18n><table_name><![CDATA[critere]]></table_name><column_name><![CDATA[desc]]></column_name><id_table><![CDATA[ALPHANUMERIC-MOVE]]></id_table><id_langue><![CDATA[en]]></id_langue><text><![CDATA[Rules over alphanumeric data move.]]></text></i18n><i18n><table_name><![CDATA[critere]]></table_name><column_name><![CDATA[desc]]></column_name><id_table><![CDATA[ALPHANUMERIC-MOVE]]></id_table><id_langue><![CDATA[es]]></id_langue><text><![CDATA[Rules over alphanumeric data move.]]></text></i18n></i18ns>