<?xml version="1.0"  encoding="UTF-8"?><i18ns><i18n><table_name><![CDATA[outils]]></table_name><column_name><![CDATA[desc]]></column_name><id_table><![CDATA[CAQS]]></id_table><id_langue><![CDATA[en]]></id_langue><text><![CDATA[CAQS]]></text></i18n><i18n><table_name><![CDATA[outils]]></table_name><column_name><![CDATA[desc]]></column_name><id_table><![CDATA[CAQS]]></id_table><id_langue><![CDATA[fr]]></id_langue><text><![CDATA[CAQS]]></text></i18n><i18n><table_name><![CDATA[outils]]></table_name><column_name><![CDATA[lib]]></column_name><id_table><![CDATA[CAQS]]></id_table><id_langue><![CDATA[en]]></id_langue><text><![CDATA[CAQS]]></text></i18n><i18n><table_name><![CDATA[outils]]></table_name><column_name><![CDATA[lib]]></column_name><id_table><![CDATA[CAQS]]></id_table><id_langue><![CDATA[fr]]></id_langue><text><![CDATA[CAQS]]></text></i18n><i18n><table_name><![CDATA[outils]]></table_name><column_name><![CDATA[desc]]></column_name><id_table><![CDATA[Phoenix]]></id_table><id_langue><![CDATA[en]]></id_langue><text><![CDATA[Phoenix]]></text></i18n><i18n><table_name><![CDATA[outils]]></table_name><column_name><![CDATA[desc]]></column_name><id_table><![CDATA[Phoenix]]></id_table><id_langue><![CDATA[fr]]></id_langue><text><![CDATA[Phoenix]]></text></i18n><i18n><table_name><![CDATA[outils]]></table_name><column_name><![CDATA[lib]]></column_name><id_table><![CDATA[Phoenix]]></id_table><id_langue><![CDATA[en]]></id_langue><text><![CDATA[Phoenix]]></text></i18n><i18n><table_name><![CDATA[outils]]></table_name><column_name><![CDATA[lib]]></column_name><id_table><![CDATA[Phoenix]]></id_table><id_langue><![CDATA[fr]]></id_langue><text><![CDATA[Phoenix]]></text></i18n></i18ns>