<?xml version="1.0"  encoding="UTF-8"?><i18ns><i18n><table_name><![CDATA[type_element]]></table_name><column_name><![CDATA[desc]]></column_name><id_table><![CDATA[FILE]]></id_table><id_langue><![CDATA[en]]></id_langue><text><![CDATA[File]]></text></i18n><i18n><table_name><![CDATA[type_element]]></table_name><column_name><![CDATA[desc]]></column_name><id_table><![CDATA[FILE]]></id_table><id_langue><![CDATA[fr]]></id_langue><text><![CDATA[Fichier]]></text></i18n><i18n><table_name><![CDATA[type_element]]></table_name><column_name><![CDATA[lib]]></column_name><id_table><![CDATA[FILE]]></id_table><id_langue><![CDATA[en]]></id_langue><text><![CDATA[File]]></text></i18n><i18n><table_name><![CDATA[type_element]]></table_name><column_name><![CDATA[lib]]></column_name><id_table><![CDATA[FILE]]></id_table><id_langue><![CDATA[fr]]></id_langue><text><![CDATA[Fichier]]></text></i18n><i18n><table_name><![CDATA[type_element]]></table_name><column_name><![CDATA[compl]]></column_name><id_table><![CDATA[PROCEDURE]]></id_table><id_langue><![CDATA[en]]></id_langue><text><![CDATA[Procedure]]></text></i18n><i18n><table_name><![CDATA[type_element]]></table_name><column_name><![CDATA[compl]]></column_name><id_table><![CDATA[PROCEDURE]]></id_table><id_langue><![CDATA[es]]></id_langue><text><![CDATA[PROCEDURE]]></text></i18n><i18n><table_name><![CDATA[type_element]]></table_name><column_name><![CDATA[compl]]></column_name><id_table><![CDATA[PROCEDURE]]></id_table><id_langue><![CDATA[fr]]></id_langue><text><![CDATA[Procédure]]></text></i18n><i18n><table_name><![CDATA[type_element]]></table_name><column_name><![CDATA[desc]]></column_name><id_table><![CDATA[PROCEDURE]]></id_table><id_langue><![CDATA[en]]></id_langue><text><![CDATA[Procedure]]></text></i18n><i18n><table_name><![CDATA[type_element]]></table_name><column_name><![CDATA[desc]]></column_name><id_table><![CDATA[PROCEDURE]]></id_table><id_langue><![CDATA[es]]></id_langue><text><![CDATA[PROCEDURE]]></text></i18n><i18n><table_name><![CDATA[type_element]]></table_name><column_name><![CDATA[desc]]></column_name><id_table><![CDATA[PROCEDURE]]></id_table><id_langue><![CDATA[fr]]></id_langue><text><![CDATA[Procédure]]></text></i18n><i18n><table_name><![CDATA[type_element]]></table_name><column_name><![CDATA[lib]]></column_name><id_table><![CDATA[PROCEDURE]]></id_table><id_langue><![CDATA[en]]></id_langue><text><![CDATA[Procedure]]></text></i18n><i18n><table_name><![CDATA[type_element]]></table_name><column_name><![CDATA[lib]]></column_name><id_table><![CDATA[PROCEDURE]]></id_table><id_langue><![CDATA[es]]></id_langue><text><![CDATA[PROCEDURE]]></text></i18n><i18n><table_name><![CDATA[type_element]]></table_name><column_name><![CDATA[lib]]></column_name><id_table><![CDATA[PROCEDURE]]></id_table><id_langue><![CDATA[fr]]></id_langue><text><![CDATA[Procédure]]></text></i18n></i18ns>