<?xml version="1.0"  encoding="UTF-8"?><i18ns><i18n><table_name><![CDATA[facteur]]></table_name><column_name><![CDATA[desc]]></column_name><id_table><![CDATA[ANO]]></id_table><id_langue><![CDATA[en]]></id_langue><text><![CDATA[Observed variation in relation to a normal condition.]]></text></i18n><i18n><table_name><![CDATA[facteur]]></table_name><column_name><![CDATA[desc]]></column_name><id_table><![CDATA[ANO]]></id_table><id_langue><![CDATA[fr]]></id_langue><text><![CDATA[Une anomalie est une variation que l'on observe par rapport à une condition normale.]]></text></i18n><i18n><table_name><![CDATA[facteur]]></table_name><column_name><![CDATA[lib]]></column_name><id_table><![CDATA[ANO]]></id_table><id_langue><![CDATA[en]]></id_langue><text><![CDATA[Defect]]></text></i18n><i18n><table_name><![CDATA[facteur]]></table_name><column_name><![CDATA[lib]]></column_name><id_table><![CDATA[ANO]]></id_table><id_langue><![CDATA[fr]]></id_langue><text><![CDATA[Anomalies]]></text></i18n><i18n><table_name><![CDATA[facteur]]></table_name><column_name><![CDATA[desc]]></column_name><id_table><![CDATA[EVOL]]></id_table><id_langue><![CDATA[en]]></id_langue><text><![CDATA[Evaluating how easy it is to add functionality to the application]]></text></i18n><i18n><table_name><![CDATA[facteur]]></table_name><column_name><![CDATA[desc]]></column_name><id_table><![CDATA[EVOL]]></id_table><id_langue><![CDATA[fr]]></id_langue><text><![CDATA[Cet objectif a pour but d'évaluer la facilité d'ajouter des fonctionnalités à l'application sans dégrader ses autres fonctionnalités.]]></text></i18n><i18n><table_name><![CDATA[facteur]]></table_name><column_name><![CDATA[lib]]></column_name><id_table><![CDATA[EVOL]]></id_table><id_langue><![CDATA[en]]></id_langue><text><![CDATA[Evolutivity]]></text></i18n><i18n><table_name><![CDATA[facteur]]></table_name><column_name><![CDATA[lib]]></column_name><id_table><![CDATA[EVOL]]></id_table><id_langue><![CDATA[fr]]></id_langue><text><![CDATA[Evolutivité]]></text></i18n><i18n><table_name><![CDATA[facteur]]></table_name><column_name><![CDATA[desc]]></column_name><id_table><![CDATA[FIAB]]></id_table><id_langue><![CDATA[en]]></id_langue><text><![CDATA[Evaluating the probability that an application works without falling out of order for a while, in well defined terms of service.]]></text></i18n><i18n><table_name><![CDATA[facteur]]></table_name><column_name><![CDATA[desc]]></column_name><id_table><![CDATA[FIAB]]></id_table><id_langue><![CDATA[fr]]></id_langue><text><![CDATA[Cet objectif a pour but d'évaluer la probabilité qu'une application fonctionne sans tomber en panne pendant un certain temps, dans des conditions d'utilisation bien définies.]]></text></i18n><i18n><table_name><![CDATA[facteur]]></table_name><column_name><![CDATA[lib]]></column_name><id_table><![CDATA[FIAB]]></id_table><id_langue><![CDATA[en]]></id_langue><text><![CDATA[Reliability]]></text></i18n><i18n><table_name><![CDATA[facteur]]></table_name><column_name><![CDATA[lib]]></column_name><id_table><![CDATA[FIAB]]></id_table><id_langue><![CDATA[fr]]></id_langue><text><![CDATA[Fiabilité]]></text></i18n><i18n><table_name><![CDATA[facteur]]></table_name><column_name><![CDATA[compl]]></column_name><id_table><![CDATA[MAIN]]></id_table><id_langue><![CDATA[en]]></id_langue><text><![CDATA[MAIN]]></text></i18n><i18n><table_name><![CDATA[facteur]]></table_name><column_name><![CDATA[compl]]></column_name><id_table><![CDATA[MAIN]]></id_table><id_langue><![CDATA[fr]]></id_langue><text><![CDATA[MAIN]]></text></i18n><i18n><table_name><![CDATA[facteur]]></table_name><column_name><![CDATA[desc]]></column_name><id_table><![CDATA[MAIN]]></id_table><id_langue><![CDATA[en]]></id_langue><text><![CDATA[Evaluating the ability to make changes with minimal side effects.]]></text></i18n><i18n><table_name><![CDATA[facteur]]></table_name><column_name><![CDATA[desc]]></column_name><id_table><![CDATA[MAIN]]></id_table><id_langue><![CDATA[fr]]></id_langue><text><![CDATA[Cet objectif a pour but d'évaluer l'aptitude de l'application à être réparée et à évoluer.]]></text></i18n><i18n><table_name><![CDATA[facteur]]></table_name><column_name><![CDATA[lib]]></column_name><id_table><![CDATA[MAIN]]></id_table><id_langue><![CDATA[en]]></id_langue><text><![CDATA[Maintainability]]></text></i18n><i18n><table_name><![CDATA[facteur]]></table_name><column_name><![CDATA[lib]]></column_name><id_table><![CDATA[MAIN]]></id_table><id_langue><![CDATA[fr]]></id_langue><text><![CDATA[Maintenabilité]]></text></i18n><i18n><table_name><![CDATA[facteur]]></table_name><column_name><![CDATA[desc]]></column_name><id_table><![CDATA[PORTABILITY]]></id_table><id_langue><![CDATA[en]]></id_langue><text><![CDATA[Evaluating the ease to port the application to other environments]]></text></i18n><i18n><table_name><![CDATA[facteur]]></table_name><column_name><![CDATA[desc]]></column_name><id_table><![CDATA[PORTABILITY]]></id_table><id_langue><![CDATA[fr]]></id_langue><text><![CDATA[Cet objectif a pour but d'évaluer la capacité d'une application à s'exécuter avec un minimum de modifications sur plusieurs systèmes.]]></text></i18n><i18n><table_name><![CDATA[facteur]]></table_name><column_name><![CDATA[lib]]></column_name><id_table><![CDATA[PORTABILITY]]></id_table><id_langue><![CDATA[en]]></id_langue><text><![CDATA[Portability]]></text></i18n><i18n><table_name><![CDATA[facteur]]></table_name><column_name><![CDATA[lib]]></column_name><id_table><![CDATA[PORTABILITY]]></id_table><id_langue><![CDATA[fr]]></id_langue><text><![CDATA[Portabilité]]></text></i18n></i18ns>