<?xml version="1.0"  encoding="UTF-8"?><i18ns><i18n><table_name><![CDATA[modele]]></table_name><column_name><![CDATA[compl]]></column_name><id_table><![CDATA[COBOL_PHOENIX_V2]]></id_table><id_langue><![CDATA[en]]></id_langue><text><![CDATA[COBOL_PHOENIX_V2]]></text></i18n><i18n><table_name><![CDATA[modele]]></table_name><column_name><![CDATA[compl]]></column_name><id_table><![CDATA[COBOL_PHOENIX_V2]]></id_table><id_langue><![CDATA[es]]></id_langue><text><![CDATA[COBOL_PHOENIX_V2]]></text></i18n><i18n><table_name><![CDATA[modele]]></table_name><column_name><![CDATA[compl]]></column_name><id_table><![CDATA[COBOL_PHOENIX_V2]]></id_table><id_langue><![CDATA[fr]]></id_langue><text><![CDATA[COBOL_PHOENIX_V2]]></text></i18n><i18n><table_name><![CDATA[modele]]></table_name><column_name><![CDATA[desc]]></column_name><id_table><![CDATA[COBOL_PHOENIX_V2]]></id_table><id_langue><![CDATA[en]]></id_langue><text><![CDATA[MQ Cobol basé sur les analyses Phoenix]]></text></i18n><i18n><table_name><![CDATA[modele]]></table_name><column_name><![CDATA[desc]]></column_name><id_table><![CDATA[COBOL_PHOENIX_V2]]></id_table><id_langue><![CDATA[es]]></id_langue><text><![CDATA[COBOL_PHOENIX_V2]]></text></i18n><i18n><table_name><![CDATA[modele]]></table_name><column_name><![CDATA[desc]]></column_name><id_table><![CDATA[COBOL_PHOENIX_V2]]></id_table><id_langue><![CDATA[fr]]></id_langue><text><![CDATA[MQ Cobol basé sur les analyses Phoenix]]></text></i18n><i18n><table_name><![CDATA[modele]]></table_name><column_name><![CDATA[lib]]></column_name><id_table><![CDATA[COBOL_PHOENIX_V2]]></id_table><id_langue><![CDATA[en]]></id_langue><text><![CDATA[COBOL_PHOENIX_V2]]></text></i18n><i18n><table_name><![CDATA[modele]]></table_name><column_name><![CDATA[lib]]></column_name><id_table><![CDATA[COBOL_PHOENIX_V2]]></id_table><id_langue><![CDATA[es]]></id_langue><text><![CDATA[COBOL_PHOENIX_V2]]></text></i18n><i18n><table_name><![CDATA[modele]]></table_name><column_name><![CDATA[lib]]></column_name><id_table><![CDATA[COBOL_PHOENIX_V2]]></id_table><id_langue><![CDATA[fr]]></id_langue><text><![CDATA[Cobol V2]]></text></i18n></i18ns>