<?xml version="1.0" encoding="UTF-8"?>
<METHOD xmlns="http://www.w3schools.com">
  <USAGE xmlns="" id="COBOL_PHOENIX_V2">
    <!--<CRITDEF id="ALPHA-TO-NUMERIC" telt="CLS">
      <AGGREG id="EXCLUS" telt="ALL" />
      <FORMULA value="1">
        <OP id="gt" type="BOOLEAN">
          <VAR id="ALPHA-TO-NUMERIC" type="NUMERIC" />
          <VAL value="0" type="NUMERIC" />
        </OP>
      </FORMULA>
      <FORMULA value="4">
        <VAL value="true" type="BOOLEAN" />
      </FORMULA>
    </CRITDEF>-->
    <!--<CRITDEF id="QUALITETESTSPHOENIX" telt="CLS">
      <AGGREG id="AVG" telt="ALL" />
      <FORMULA value="1">
        <OP id="gt" type="BOOLEAN">
          <VAR id="SONDEATESTER" type="NUMERIC" />
          <VAR id="SONDETESTEES" type="NUMERIC" />
        </OP>
      </FORMULA>
      <FORMULA value="4">
        <OP id="AND" type="BOOLEAN">
          <OP id="gt" type="BOOLEAN">
            <VAR id="SONDEATESTER" type="NUMERIC" />
            <VAL value="0" type="NUMERIC" />
          </OP>
          <OP id="eq" type="BOOLEAN">
            <VAR id="SONDEATESTER" type="NUMERIC" />
            <VAR id="SONDETESTEES" type="NUMERIC" />
          </OP>
        </OP>
      </FORMULA>
      <FORMULA value="2">
        <VAL value="true" type="BOOLEAN" />
      </FORMULA>
    </CRITDEF>-->
    <!--<CRITDEF id="ALPHANUMIC-TO-ALPHA" telt="CLS">
      <AGGREG id="EXCLUS" telt="ALL" />
      <FORMULA value="1">
        <OP id="gt" type="BOOLEAN">
          <VAR id="ALPHANUMIC-TO-ALPHA" type="NUMERIC" />
          <VAL value="0" type="NUMERIC" />
        </OP>
      </FORMULA>
      <FORMULA value="4">
        <VAL value="true" type="BOOLEAN" />
      </FORMULA>
    </CRITDEF>-->
    <!--<CRITDEF id="NUMERIC-TO-ALPHA" telt="CLS">
      <AGGREG id="EXCLUS" telt="ALL" />
      <FORMULA value="1">
        <OP id="gt" type="BOOLEAN">
          <VAR id="NUMERIC-TO-ALPHA" type="NUMERIC" />
          <VAL value="0" type="NUMERIC" />
        </OP>
      </FORMULA>
      <FORMULA value="4">
        <VAL value="true" type="BOOLEAN" />
      </FORMULA>
    </CRITDEF>-->
    <!--<CRITDEF id="ALPHANUMERIC-TO-NUMERIC" telt="CLS">
      <AGGREG id="EXCLUS" telt="ALL" />
      <FORMULA value="1">
        <OP id="gt" type="BOOLEAN">
          <VAR id="ALPHANUMERIC-TO-NUMERIC" type="NUMERIC" />
          <VAL value="0" type="NUMERIC" />
        </OP>
      </FORMULA>
      <FORMULA value="4">
        <VAL value="true" type="BOOLEAN" />
      </FORMULA>
    </CRITDEF>-->
    <CRITDEF id="CICS-RULES">
      <!-- Gestion des aggregations -->
      <!-- Gestion des stereotypes.
    <STEREOTYPE>
        <include list="TEST1,TEST2" />
        <exclude list="TEST3" />
    </STEREOTYPE>
    -->
      <FORMULA value="1">
        <OP id="gt" type="BOOLEAN">
          <VAR type="NUMERIC" id="CICS-CHECK-RESP" />
          <VAL type="NUMERIC" value="0" />
        </OP>
      </FORMULA>
      <FORMULA value="1">
        <OP id="gt" type="BOOLEAN">
          <VAR type="NUMERIC" id="CICS-LENGTH-MISMATCH" />
          <VAL type="NUMERIC" value="0" />
        </OP>
      </FORMULA>
      <FORMULA value="4">
        <VAL value="true" type="BOOLEAN" />
      </FORMULA>
      <AGGREG id="AVG" telt="ALL" />
    </CRITDEF>
    <CRITDEF id="PRECISION-LOSS">
      <!-- Gestion des aggregations -->
      <!-- Gestion des stereotypes.
    <STEREOTYPE>
        <include list="TEST1,TEST2" />
        <exclude list="TEST3" />
    </STEREOTYPE>
    -->
      <FORMULA value="1">
        <OP id="gt" type="BOOLEAN">
          <VAR type="NUMERIC" id="PRECISION-LOSS" />
          <VAL type="NUMERIC" value="0" />
        </OP>
      </FORMULA>
      <FORMULA value="4">
        <VAL value="true" type="BOOLEAN" />
      </FORMULA>
      <AGGREG id="AVG" telt="ALL" />
    </CRITDEF>
    <!--<CRITDEF id="LOWER-PRECISION" telt="CLS">
      <AGGREG id="EXCLUS" telt="ALL" />
      <FORMULA value="1">
        <OP id="gt" type="BOOLEAN">
          <VAR id="LOWER-PRECISION" type="NUMERIC" />
          <VAL value="0" type="NUMERIC" />
        </OP>
      </FORMULA>
      <FORMULA value="4">
        <VAL value="true" type="BOOLEAN" />
      </FORMULA>
    </CRITDEF>-->
    <!--<CRITDEF id="COPYLIB-VARIABLE-USED-NOT-SET" telt="CLS">
      <AGGREG id="EXCLUS" telt="ALL" />
      <FORMULA value="1">
        <OP id="gt" type="BOOLEAN">
          <VAR id="COPYLIB-VARIABLE-USED-NOT-SET" type="NUMERIC" />
          <VAL value="0" type="NUMERIC" />
        </OP>
      </FORMULA>
      <FORMULA value="4">
        <VAL value="true" type="BOOLEAN" />
      </FORMULA>
    </CRITDEF>-->
    <!--<CRITDEF id="SIGNED-TO-UNSIGNED" telt="CLS">
      <AGGREG id="EXCLUS" telt="ALL" />
      <FORMULA value="1">
        <OP id="gt" type="BOOLEAN">
          <VAR id="SIGNED-TO-UNSIGNED" type="NUMERIC" />
          <VAL value="0" type="NUMERIC" />
        </OP>
      </FORMULA>
      <FORMULA value="4">
        <VAL value="true" type="BOOLEAN" />
      </FORMULA>
    </CRITDEF>-->
    <!--<CRITDEF id="UNCLOSED-FILE" telt="CLS">
      <AGGREG id="EXCLUS" telt="ALL" />
      <FORMULA value="1">
        <OP id="gt" type="BOOLEAN">
          <VAR id="UNCLOSED-FILE" type="NUMERIC" />
          <VAL value="0" type="NUMERIC" />
        </OP>
      </FORMULA>
      <FORMULA value="4">
        <VAL value="true" type="BOOLEAN" />
      </FORMULA>
    </CRITDEF>-->
    <!--<CRITDEF id="VARIABLE-USED-NOT-SET" telt="CLS">
      <AGGREG id="EXCLUS" telt="ALL" />
      <FORMULA value="1">
        <OP id="gt" type="BOOLEAN">
          <VAR id="VARIABLE-USED-NOT-SET" type="NUMERIC" />
          <VAL value="0" type="NUMERIC" />
        </OP>
      </FORMULA>
      <FORMULA value="4">
        <VAL value="true" type="BOOLEAN" />
      </FORMULA>
    </CRITDEF>-->
    <CRITDEF id="LINKAGE-IN-COPYBOOK">
      <!-- Gestion des aggregations -->
      <!-- Gestion des stereotypes.
    <STEREOTYPE>
        <include list="TEST1,TEST2" />
        <exclude list="TEST3" />
    </STEREOTYPE>
    -->
      <FORMULA value="1">
        <OP id="gt" type="BOOLEAN">
          <VAR type="NUMERIC" id="LINKAGE-IN-COPYBOOK" />
          <VAL type="NUMERIC" value="0" />
        </OP>
      </FORMULA>
      <FORMULA value="4">
        <VAL value="true" type="BOOLEAN" />
      </FORMULA>
      <AGGREG id="AVG" telt="ALL" />
    </CRITDEF>
    <CRITDEF id="MULTI-RECORD-FILE">
      <!-- Gestion des aggregations -->
      <!-- Gestion des stereotypes.
    <STEREOTYPE>
        <include list="TEST1,TEST2" />
        <exclude list="TEST3" />
    </STEREOTYPE>
    -->
      <FORMULA value="1">
        <OP id="gt" type="BOOLEAN">
          <VAR type="NUMERIC" id="MULTI-RECORD-FILE" />
          <VAL type="NUMERIC" value="0" />
        </OP>
      </FORMULA>
      <FORMULA value="4">
        <VAL value="true" type="BOOLEAN" />
      </FORMULA>
      <AGGREG id="AVG" telt="ALL" />
    </CRITDEF>
    <CRITDEF id="PARAMETERS-IN-COPYBOOK">
      <!-- Gestion des aggregations -->
      <!-- Gestion des stereotypes.
    <STEREOTYPE>
        <include list="TEST1,TEST2" />
        <exclude list="TEST3" />
    </STEREOTYPE>
    -->
      <FORMULA value="1">
        <OP id="gt" type="BOOLEAN">
          <VAR type="NUMERIC" id="PARAMETERS-IN-COPYBOOK" />
          <VAL type="NUMERIC" value="0" />
        </OP>
      </FORMULA>
      <FORMULA value="4">
        <VAL value="true" type="BOOLEAN" />
      </FORMULA>
      <AGGREG id="AVG" telt="ALL" />
    </CRITDEF>
    <CRITDEF id="PERFORM-RANGE">
      <!-- Gestion des aggregations -->
      <!-- Gestion des stereotypes.
    <STEREOTYPE>
        <include list="TEST1,TEST2" />
        <exclude list="TEST3" />
    </STEREOTYPE>
    -->
      <FORMULA value="1">
        <OP id="gt" type="BOOLEAN">
          <VAR type="NUMERIC" id="PERFORM-RANGE-ALIASES" />
          <VAL type="NUMERIC" value="0" />
        </OP>
      </FORMULA>
      <FORMULA value="1">
        <OP id="gt" type="BOOLEAN">
          <VAR type="NUMERIC" id="PERFORM-RANGE-CROSSES-SECTIONS" />
          <VAL type="NUMERIC" value="0" />
        </OP>
      </FORMULA>
      <FORMULA value="1">
        <OP id="gt" type="BOOLEAN">
          <VAR type="NUMERIC" id="PERFORM-RANGE-ORDERING" />
          <VAL type="NUMERIC" value="0" />
        </OP>
      </FORMULA>
      <FORMULA value="4">
        <VAL value="true" type="BOOLEAN" />
      </FORMULA>
      <AGGREG id="AVG" telt="ALL" />
    </CRITDEF>
    <!--<CRITDEF id="BACKWARD-GOTO" telt="CLS">
      <AGGREG id="EXCLUS" telt="ALL" />
      <FORMULA value="1">
        <OP id="gt" type="BOOLEAN">
          <VAR id="BACKWARD-GOTO" type="NUMERIC" />
          <VAL value="0" type="NUMERIC" />
        </OP>
      </FORMULA>
      <FORMULA value="4">
        <VAL value="true" type="BOOLEAN" />
      </FORMULA>
    </CRITDEF>-->
    <!--<CRITDEF id="CONDITION-NOT-USED" telt="CLS">
      <AGGREG id="EXCLUS" telt="ALL" />
      <FORMULA value="1">
        <OP id="gt" type="BOOLEAN">
          <VAR id="CONDITION-NOT-USED" type="NUMERIC" />
          <VAL value="0" type="NUMERIC" />
        </OP>
      </FORMULA>
      <FORMULA value="4">
        <VAL value="true" type="BOOLEAN" />
      </FORMULA>
    </CRITDEF>-->
    <!--<CRITDEF id="COPIED-CONDITION-NOT-USED" telt="CLS">
      <AGGREG id="EXCLUS" telt="ALL" />
      <FORMULA value="1">
        <OP id="gt" type="BOOLEAN">
          <VAR id="COPIED-CONDITION-NOT-USED" type="NUMERIC" />
          <VAL value="0" type="NUMERIC" />
        </OP>
      </FORMULA>
      <FORMULA value="4">
        <VAL value="true" type="BOOLEAN" />
      </FORMULA>
    </CRITDEF>-->
    <!--<CRITDEF id="COPYLIB-INITIALIZED-LINKAGE-VAR" telt="CLS">
      <AGGREG id="EXCLUS" telt="ALL" />
      <FORMULA value="1">
        <OP id="gt" type="BOOLEAN">
          <VAR id="COPYLIB-INITIALIZED-LINKAGE-VAR" type="NUMERIC" />
          <VAL value="0" type="NUMERIC" />
        </OP>
      </FORMULA>
      <FORMULA value="4">
        <VAL value="true" type="BOOLEAN" />
      </FORMULA>
    </CRITDEF>-->
    <!--<CRITDEF id="COPYLIB-VARIABLE-SET-NOT-USED" telt="CLS">
      <AGGREG id="EXCLUS" telt="ALL" />
      <FORMULA value="1">
        <OP id="gt" type="BOOLEAN">
          <VAR id="COPYLIB-VARIABLE-SET-NOT-USED" type="NUMERIC" />
          <VAL value="0" type="NUMERIC" />
        </OP>
      </FORMULA>
      <FORMULA value="4">
        <VAL value="true" type="BOOLEAN" />
      </FORMULA>
    </CRITDEF>-->
    <!--<CRITDEF id="COPYLIB-VARIABLE-UNUSED" telt="CLS">
      <AGGREG id="EXCLUS" telt="ALL" />
      <FORMULA value="1">
        <OP id="gt" type="BOOLEAN">
          <VAR id="COPYLIB-VARIABLE-UNUSED" type="NUMERIC" />
          <VAL value="0" type="NUMERIC" />
        </OP>
      </FORMULA>
      <FORMULA value="4">
        <VAL value="true" type="BOOLEAN" />
      </FORMULA>
    </CRITDEF>-->
    <!--<CRITDEF id="PERFORM-RANGE-ORDERING" telt="CLS">
      <AGGREG id="EXCLUS" telt="ALL" />
      <FORMULA value="1">
        <OP id="gt" type="BOOLEAN">
          <VAR id="PERFORM-RANGE-ORDERING" type="NUMERIC" />
          <VAL value="0" type="NUMERIC" />
        </OP>
      </FORMULA>
      <FORMULA value="4">
        <VAL value="true" type="BOOLEAN" />
      </FORMULA>
    </CRITDEF>-->
    <!--<CRITDEF id="UNREACHABLE-PARAGRAPH" telt="CLS">
      <AGGREG id="EXCLUS" telt="ALL" />
      <FORMULA value="1">
        <OP id="gt" type="BOOLEAN">
          <VAR id="UNREACHABLE-PARAGRAPH" type="NUMERIC" />
          <VAL value="0" type="NUMERIC" />
        </OP>
      </FORMULA>
      <FORMULA value="4">
        <VAL value="true" type="BOOLEAN" />
      </FORMULA>
    </CRITDEF>-->
    <!--<CRITDEF id="UNUSED-FILE" telt="CLS">
      <AGGREG id="EXCLUS" telt="ALL" />
      <FORMULA value="1">
        <OP id="gt" type="BOOLEAN">
          <VAR id="UNUSED-FILE" type="NUMERIC" />
          <VAL value="0" type="NUMERIC" />
        </OP>
      </FORMULA>
      <FORMULA value="4">
        <VAL value="true" type="BOOLEAN" />
      </FORMULA>
    </CRITDEF>-->
    <!--<CRITDEF id="VARIABLE-UNUSED" telt="CLS">
      <AGGREG id="EXCLUS" telt="ALL" />
      <FORMULA value="1">
        <OP id="gt" type="BOOLEAN">
          <VAR id="VARIABLE-UNUSED" type="NUMERIC" />
          <VAL value="0" type="NUMERIC" />
        </OP>
      </FORMULA>
      <FORMULA value="4">
        <VAL value="true" type="BOOLEAN" />
      </FORMULA>
    </CRITDEF>-->
    <!--<CRITDEF id="EMPTY-SECTION" telt="CLS">
      <AGGREG id="EXCLUS" telt="ALL" />
      <FORMULA value="1">
        <OP id="gt" type="BOOLEAN">
          <VAR id="EMPTY-SECTION" type="NUMERIC" />
          <VAL value="0" type="NUMERIC" />
        </OP>
      </FORMULA>
      <FORMULA value="4">
        <VAL value="true" type="BOOLEAN" />
      </FORMULA>
    </CRITDEF>-->
    <!--<CRITDEF id="GOTO-INTO-PERFORM" telt="CLS">
      <AGGREG id="EXCLUS" telt="ALL" />
      <FORMULA value="1">
        <OP id="gt" type="BOOLEAN">
          <VAR id="GOTO-INTO-PERFORM" type="NUMERIC" />
          <VAL value="0" type="NUMERIC" />
        </OP>
      </FORMULA>
      <FORMULA value="4">
        <VAL value="true" type="BOOLEAN" />
      </FORMULA>
    </CRITDEF>-->
    <!--<CRITDEF id="GOTO-OUT-OF-PERFORM" telt="CLS">
      <AGGREG id="EXCLUS" telt="ALL" />
      <FORMULA value="1">
        <OP id="gt" type="BOOLEAN">
          <VAR id="GOTO-OUT-OF-PERFORM" type="NUMERIC" />
          <VAL value="0" type="NUMERIC" />
        </OP>
      </FORMULA>
      <FORMULA value="4">
        <VAL value="true" type="BOOLEAN" />
      </FORMULA>
    </CRITDEF>-->
    <!--<CRITDEF id="LITERAL-IN-PROC-DIV" telt="CLS">
      <AGGREG id="EXCLUS" telt="ALL" />
      <FORMULA value="1">
        <OP id="gt" type="BOOLEAN">
          <VAR id="LITERAL-IN-PROC-DIV" type="NUMERIC" />
          <VAL value="0" type="NUMERIC" />
        </OP>
      </FORMULA>
      <FORMULA value="4">
        <VAL value="true" type="BOOLEAN" />
      </FORMULA>
    </CRITDEF>-->
    <!--<CRITDEF id="PERFORM-RANGE-CROSSES-SECTIONS" telt="CLS">
      <AGGREG id="EXCLUS" telt="ALL" />
      <FORMULA value="1">
        <OP id="gt" type="BOOLEAN">
          <VAR id="PERFORM-RANGE-CROSSES-SECTIONS" type="NUMERIC" />
          <VAL value="0" type="NUMERIC" />
        </OP>
      </FORMULA>
      <FORMULA value="4">
        <VAL value="true" type="BOOLEAN" />
      </FORMULA>
    </CRITDEF>-->
    <!--<CRITDEF id="PERFORM-RANGE-HAS-MULTIPLE-ALIASES" telt="CLS">
      <AGGREG id="EXCLUS" telt="ALL" />
      <FORMULA value="1">
        <OP id="gt" type="BOOLEAN">
          <VAR id="PERFORM-RANGE-HAS-MULTIPLE-ALIASES" type="NUMERIC" />
          <VAL value="0" type="NUMERIC" />
        </OP>
      </FORMULA>
      <FORMULA value="4">
        <VAL value="true" type="BOOLEAN" />
      </FORMULA>
    </CRITDEF>-->
    <!--<CRITDEF id="VARIABLE-SET-NOT-USED" telt="CLS">
      <AGGREG id="EXCLUS" telt="ALL" />
      <FORMULA value="1">
        <OP id="gt" type="BOOLEAN">
          <VAR id="VARIABLE-SET-NOT-USED" type="NUMERIC" />
          <VAL value="0" type="NUMERIC" />
        </OP>
      </FORMULA>
      <FORMULA value="4">
        <VAL value="true" type="BOOLEAN" />
      </FORMULA>
    </CRITDEF>-->
    <CRITDEF id="END-IF">
      <!-- Gestion des aggregations -->
      <!-- Gestion des stereotypes.
    <STEREOTYPE>
        <include list="TEST1,TEST2" />
        <exclude list="TEST3" />
    </STEREOTYPE>
    -->
      <FORMULA value="1">
        <OP id="gt" type="BOOLEAN">
          <VAR type="NUMERIC" id="END-IF" />
          <VAL type="NUMERIC" value="0" />
        </OP>
      </FORMULA>
      <FORMULA value="4">
        <VAL value="true" type="BOOLEAN" />
      </FORMULA>
      <AGGREG id="AVG" telt="ALL" />
    </CRITDEF>
    <CRITDEF id="HARD-CODED-INTERFACE">
      <!-- Gestion des aggregations -->
      <!-- Gestion des stereotypes.
    <STEREOTYPE>
        <include list="TEST1,TEST2" />
        <exclude list="TEST3" />
    </STEREOTYPE>
    -->
      <FORMULA value="1">
        <OP id="gt" type="BOOLEAN">
          <VAR type="NUMERIC" id="HARD-CODED-INTERFACE" />
          <VAL type="NUMERIC" value="0" />
        </OP>
      </FORMULA>
      <FORMULA value="4">
        <VAL value="true" type="BOOLEAN" />
      </FORMULA>
      <AGGREG id="AVG" telt="ALL" />
    </CRITDEF>
    <CRITDEF id="LINKAGE-IN-COPYBOOK">
      <!-- Gestion des aggregations -->
      <AGGREG id="AVG" telt="ALL" />
      <!-- Gestion des stereotypes.
    <STEREOTYPE>
        <include list="TEST1,TEST2" />
        <exclude list="TEST3" />
    </STEREOTYPE>
    -->
      <FORMULA value="1">
        <OP id="gt" type="BOOLEAN">
          <VAR id="LINKAGE-IN-COPYBOOK" type="NUMERIC" />
          <VAL value="0" type="NUMERIC" />
        </OP>
      </FORMULA>
      <FORMULA value="4">
        <VAL value="true" type="BOOLEAN" />
      </FORMULA>
    </CRITDEF>
    <CRITDEF id="MULTI-RECORD-FILE">
      <!-- Gestion des aggregations -->
      <AGGREG id="AVG" telt="ALL" />
      <!-- Gestion des stereotypes.
    <STEREOTYPE>
        <include list="TEST1,TEST2" />
        <exclude list="TEST3" />
    </STEREOTYPE>
    -->
      <FORMULA value="1">
        <OP id="gt" type="BOOLEAN">
          <VAR id="MULTI-RECORD-FILE" type="NUMERIC" />
          <VAL value="0" type="NUMERIC" />
        </OP>
      </FORMULA>
      <FORMULA value="4">
        <VAL value="true" type="BOOLEAN" />
      </FORMULA>
    </CRITDEF>
    <CRITDEF id="PARAMETERS-IN-COPYBOOK">
      <!-- Gestion des aggregations -->
      <AGGREG id="AVG" telt="ALL" />
      <!-- Gestion des stereotypes.
    <STEREOTYPE>
        <include list="TEST1,TEST2" />
        <exclude list="TEST3" />
    </STEREOTYPE>
    -->
      <FORMULA value="1">
        <OP id="gt" type="BOOLEAN">
          <VAR id="PARAMETERS-IN-COPYBOOK" type="NUMERIC" />
          <VAL value="0" type="NUMERIC" />
        </OP>
      </FORMULA>
      <FORMULA value="4">
        <VAL value="true" type="BOOLEAN" />
      </FORMULA>
    </CRITDEF>
    <CRITDEF id="PERFORM-RANGE">
      <!-- Gestion des aggregations -->
      <AGGREG id="AVG" telt="ALL" />
      <!-- Gestion des stereotypes.
    <STEREOTYPE>
        <include list="TEST1,TEST2" />
        <exclude list="TEST3" />
    </STEREOTYPE>
    -->
      <FORMULA value="1">
        <OP id="gt" type="BOOLEAN">
          <VAR id="PERFORM-RANGE-ALIASES" type="NUMERIC" />
          <VAL value="0" type="NUMERIC" />
        </OP>
      </FORMULA>
      <FORMULA value="1">
        <OP id="gt" type="BOOLEAN">
          <VAR id="PERFORM-RANGE-CROSSES-SECTIONS" type="NUMERIC" />
          <VAL value="0" type="NUMERIC" />
        </OP>
      </FORMULA>
      <FORMULA value="1">
        <OP id="gt" type="BOOLEAN">
          <VAR id="PERFORM-RANGE-ORDERING" type="NUMERIC" />
          <VAL value="0" type="NUMERIC" />
        </OP>
      </FORMULA>
      <FORMULA value="4">
        <VAL value="true" type="BOOLEAN" />
      </FORMULA>
    </CRITDEF>
    <!--<CRITDEF id="EMPTY-SECTION" telt="CLS">
      <AGGREG id="EXCLUS" telt="ALL" />
      <FORMULA value="1">
        <OP id="gt" type="BOOLEAN">
          <VAR id="EMPTY-SECTION" type="NUMERIC" />
          <VAL value="0" type="NUMERIC" />
        </OP>
      </FORMULA>
      <FORMULA value="4">
        <VAL value="true" type="BOOLEAN" />
      </FORMULA>
    </CRITDEF>-->
    <CRITDEF id="END-IF">
      <!-- Gestion des aggregations -->
      <AGGREG id="AVG" telt="ALL" />
      <!-- Gestion des stereotypes.
    <STEREOTYPE>
        <include list="TEST1,TEST2" />
        <exclude list="TEST3" />
    </STEREOTYPE>
    -->
      <FORMULA value="1">
        <OP id="gt" type="BOOLEAN">
          <VAR id="END-IF" type="NUMERIC" />
          <VAL value="0" type="NUMERIC" />
        </OP>
      </FORMULA>
      <FORMULA value="4">
        <VAL value="true" type="BOOLEAN" />
      </FORMULA>
    </CRITDEF>
    <CRITDEF id="GOTO-AND-PERFORM">
      <!-- Gestion des aggregations -->
      <!-- Gestion des stereotypes.
    <STEREOTYPE>
        <include list="TEST1,TEST2" />
        <exclude list="TEST3" />
    </STEREOTYPE>
    -->
      <FORMULA value="1">
        <OP id="gt" type="BOOLEAN">
          <VAR type="NUMERIC" id="GOTO-INTO-PERFORM" />
          <VAL type="NUMERIC" value="0" />
        </OP>
      </FORMULA>
      <FORMULA value="1">
        <OP id="gt" type="BOOLEAN">
          <VAR type="NUMERIC" id="GOTO-OUT-OF-PERFORM" />
          <VAL type="NUMERIC" value="0" />
        </OP>
      </FORMULA>
      <FORMULA value="4">
        <VAL value="true" type="BOOLEAN" />
      </FORMULA>
      <AGGREG id="AVG" telt="ALL" />
    </CRITDEF>
    <CRITDEF id="HARD-CODED-INTERFACE">
      <!-- Gestion des aggregations -->
      <AGGREG id="AVG" telt="ALL" />
      <!-- Gestion des stereotypes.
    <STEREOTYPE>
        <include list="TEST1,TEST2" />
        <exclude list="TEST3" />
    </STEREOTYPE>
    -->
      <FORMULA value="1">
        <OP id="gt" type="BOOLEAN">
          <VAR id="HARD-CODED-INTERFACE" type="NUMERIC" />
          <VAL value="0" type="NUMERIC" />
        </OP>
      </FORMULA>
      <FORMULA value="4">
        <VAL value="true" type="BOOLEAN" />
      </FORMULA>
    </CRITDEF>
    <CRITDEF id="LINKAGE-IN-COPYBOOK">
      <!-- Gestion des aggregations -->
      <AGGREG id="AVG" telt="ALL" />
      <!-- Gestion des stereotypes.
    <STEREOTYPE>
        <include list="TEST1,TEST2" />
        <exclude list="TEST3" />
    </STEREOTYPE>
    -->
      <FORMULA value="1">
        <OP id="gt" type="BOOLEAN">
          <VAR id="LINKAGE-IN-COPYBOOK" type="NUMERIC" />
          <VAL value="0" type="NUMERIC" />
        </OP>
      </FORMULA>
      <FORMULA value="4">
        <VAL value="true" type="BOOLEAN" />
      </FORMULA>
    </CRITDEF>
    <CRITDEF id="MULTI-RECORD-FILE">
      <!-- Gestion des aggregations -->
      <AGGREG id="AVG" telt="ALL" />
      <!-- Gestion des stereotypes.
    <STEREOTYPE>
        <include list="TEST1,TEST2" />
        <exclude list="TEST3" />
    </STEREOTYPE>
    -->
      <FORMULA value="1">
        <OP id="gt" type="BOOLEAN">
          <VAR id="MULTI-RECORD-FILE" type="NUMERIC" />
          <VAL value="0" type="NUMERIC" />
        </OP>
      </FORMULA>
      <FORMULA value="4">
        <VAL value="true" type="BOOLEAN" />
      </FORMULA>
    </CRITDEF>
    <CRITDEF id="PARAMETERS-IN-COPYBOOK">
      <!-- Gestion des aggregations -->
      <AGGREG id="AVG" telt="ALL" />
      <!-- Gestion des stereotypes.
    <STEREOTYPE>
        <include list="TEST1,TEST2" />
        <exclude list="TEST3" />
    </STEREOTYPE>
    -->
      <FORMULA value="1">
        <OP id="gt" type="BOOLEAN">
          <VAR id="PARAMETERS-IN-COPYBOOK" type="NUMERIC" />
          <VAL value="0" type="NUMERIC" />
        </OP>
      </FORMULA>
      <FORMULA value="4">
        <VAL value="true" type="BOOLEAN" />
      </FORMULA>
    </CRITDEF>
    <CRITDEF id="PERFORM-RANGE">
      <!-- Gestion des aggregations -->
      <AGGREG id="AVG" telt="ALL" />
      <!-- Gestion des stereotypes.
    <STEREOTYPE>
        <include list="TEST1,TEST2" />
        <exclude list="TEST3" />
    </STEREOTYPE>
    -->
      <FORMULA value="1">
        <OP id="gt" type="BOOLEAN">
          <VAR id="PERFORM-RANGE-ALIASES" type="NUMERIC" />
          <VAL value="0" type="NUMERIC" />
        </OP>
      </FORMULA>
      <FORMULA value="1">
        <OP id="gt" type="BOOLEAN">
          <VAR id="PERFORM-RANGE-CROSSES-SECTIONS" type="NUMERIC" />
          <VAL value="0" type="NUMERIC" />
        </OP>
      </FORMULA>
      <FORMULA value="1">
        <OP id="gt" type="BOOLEAN">
          <VAR id="PERFORM-RANGE-ORDERING" type="NUMERIC" />
          <VAL value="0" type="NUMERIC" />
        </OP>
      </FORMULA>
      <FORMULA value="4">
        <VAL value="true" type="BOOLEAN" />
      </FORMULA>
    </CRITDEF>
    <CRITDEF id="UNUSED-CODE">
      <!-- Gestion des aggregations -->
      <!-- Gestion des stereotypes.
    <STEREOTYPE>
        <include list="TEST1,TEST2" />
        <exclude list="TEST3" />
    </STEREOTYPE>
    -->
      <FORMULA value="1">
        <OP id="gt" type="BOOLEAN">
          <VAR type="NUMERIC" id="UNREACHABLE-PARAGRAPH" />
          <VAL type="NUMERIC" value="0" />
        </OP>
      </FORMULA>
      <FORMULA value="1">
        <OP id="gt" type="BOOLEAN">
          <VAR type="NUMERIC" id="UNUSED-FILE" />
          <VAL type="NUMERIC" value="0" />
        </OP>
      </FORMULA>
      <FORMULA value="1">
        <OP id="gt" type="BOOLEAN">
          <VAR type="NUMERIC" id="VARIABLE-UNUSED" />
          <VAL type="NUMERIC" value="0" />
        </OP>
      </FORMULA>
      <FORMULA value="4">
        <VAL value="true" type="BOOLEAN" />
      </FORMULA>
      <AGGREG id="AVG" telt="ALL" />
    </CRITDEF>
    <!--<CRITDEF id="EMPTY-SECTION" telt="CLS">
      <AGGREG id="EXCLUS" telt="ALL" />
      <FORMULA value="1">
        <OP id="gt" type="BOOLEAN">
          <VAR id="EMPTY-SECTION" type="NUMERIC" />
          <VAL value="0" type="NUMERIC" />
        </OP>
      </FORMULA>
      <FORMULA value="4">
        <VAL value="true" type="BOOLEAN" />
      </FORMULA>
    </CRITDEF>-->
    <CRITDEF id="EMPTY-SECTION" telt="CLS">
      <FORMULA value="1">
        <OP id="gt" type="BOOLEAN">
          <VAR type="NUMERIC" id="EMPTY-SECTION" />
          <VAL type="NUMERIC" value="0" />
        </OP>
      </FORMULA>
      <FORMULA value="4">
        <VAL value="true" type="BOOLEAN" />
      </FORMULA>
      <AGGREG id="EXCLUS" telt="ALL" />
    </CRITDEF>
    <CRITDEF id="END-IF">
      <!-- Gestion des aggregations -->
      <AGGREG id="AVG" telt="ALL" />
      <!-- Gestion des stereotypes.
    <STEREOTYPE>
        <include list="TEST1,TEST2" />
        <exclude list="TEST3" />
    </STEREOTYPE>
    -->
      <FORMULA value="1">
        <OP id="gt" type="BOOLEAN">
          <VAR id="END-IF" type="NUMERIC" />
          <VAL value="0" type="NUMERIC" />
        </OP>
      </FORMULA>
      <FORMULA value="4">
        <VAL value="true" type="BOOLEAN" />
      </FORMULA>
    </CRITDEF>
    <CRITDEF id="GOTO-AND-PERFORM">
      <!-- Gestion des aggregations -->
      <AGGREG id="AVG" telt="ALL" />
      <!-- Gestion des stereotypes.
    <STEREOTYPE>
        <include list="TEST1,TEST2" />
        <exclude list="TEST3" />
    </STEREOTYPE>
    -->
      <FORMULA value="1">
        <OP id="gt" type="BOOLEAN">
          <VAR id="GOTO-INTO-PERFORM" type="NUMERIC" />
          <VAL value="0" type="NUMERIC" />
        </OP>
      </FORMULA>
      <FORMULA value="1">
        <OP id="gt" type="BOOLEAN">
          <VAR id="GOTO-OUT-OF-PERFORM" type="NUMERIC" />
          <VAL value="0" type="NUMERIC" />
        </OP>
      </FORMULA>
      <FORMULA value="4">
        <VAL value="true" type="BOOLEAN" />
      </FORMULA>
    </CRITDEF>
    <CRITDEF id="HARD-CODED-INTERFACE">
      <!-- Gestion des aggregations -->
      <AGGREG id="AVG" telt="ALL" />
      <!-- Gestion des stereotypes.
    <STEREOTYPE>
        <include list="TEST1,TEST2" />
        <exclude list="TEST3" />
    </STEREOTYPE>
    -->
      <FORMULA value="1">
        <OP id="gt" type="BOOLEAN">
          <VAR id="HARD-CODED-INTERFACE" type="NUMERIC" />
          <VAL value="0" type="NUMERIC" />
        </OP>
      </FORMULA>
      <FORMULA value="4">
        <VAL value="true" type="BOOLEAN" />
      </FORMULA>
    </CRITDEF>
    <CRITDEF id="LINKAGE-IN-COPYBOOK">
      <!-- Gestion des aggregations -->
      <AGGREG id="AVG" telt="ALL" />
      <!-- Gestion des stereotypes.
    <STEREOTYPE>
        <include list="TEST1,TEST2" />
        <exclude list="TEST3" />
    </STEREOTYPE>
    -->
      <FORMULA value="1">
        <OP id="gt" type="BOOLEAN">
          <VAR id="LINKAGE-IN-COPYBOOK" type="NUMERIC" />
          <VAL value="0" type="NUMERIC" />
        </OP>
      </FORMULA>
      <FORMULA value="4">
        <VAL value="true" type="BOOLEAN" />
      </FORMULA>
    </CRITDEF>
    <CRITDEF id="LITERAL">
      <!-- Gestion des aggregations -->
      <!-- Gestion des stereotypes.
    <STEREOTYPE>
        <include list="TEST1,TEST2" />
        <exclude list="TEST3" />
    </STEREOTYPE>
    -->
      <FORMULA value="1">
        <OP id="gt" type="BOOLEAN">
          <VAR type="NUMERIC" id="LITERAL" />
          <VAL type="NUMERIC" value="0" />
        </OP>
      </FORMULA>
      <FORMULA value="4">
        <VAL value="true" type="BOOLEAN" />
      </FORMULA>
      <AGGREG id="AVG" telt="ALL" />
    </CRITDEF>
    <CRITDEF id="MULTI-RECORD-FILE">
      <!-- Gestion des aggregations -->
      <AGGREG id="AVG" telt="ALL" />
      <!-- Gestion des stereotypes.
    <STEREOTYPE>
        <include list="TEST1,TEST2" />
        <exclude list="TEST3" />
    </STEREOTYPE>
    -->
      <FORMULA value="1">
        <OP id="gt" type="BOOLEAN">
          <VAR id="MULTI-RECORD-FILE" type="NUMERIC" />
          <VAL value="0" type="NUMERIC" />
        </OP>
      </FORMULA>
      <FORMULA value="4">
        <VAL value="true" type="BOOLEAN" />
      </FORMULA>
    </CRITDEF>
    <CRITDEF id="PARAMETERS-IN-COPYBOOK">
      <!-- Gestion des aggregations -->
      <AGGREG id="AVG" telt="ALL" />
      <!-- Gestion des stereotypes.
    <STEREOTYPE>
        <include list="TEST1,TEST2" />
        <exclude list="TEST3" />
    </STEREOTYPE>
    -->
      <FORMULA value="1">
        <OP id="gt" type="BOOLEAN">
          <VAR id="PARAMETERS-IN-COPYBOOK" type="NUMERIC" />
          <VAL value="0" type="NUMERIC" />
        </OP>
      </FORMULA>
      <FORMULA value="4">
        <VAL value="true" type="BOOLEAN" />
      </FORMULA>
    </CRITDEF>
    <CRITDEF id="PERFORM-RANGE">
      <!-- Gestion des aggregations -->
      <AGGREG id="AVG" telt="ALL" />
      <!-- Gestion des stereotypes.
    <STEREOTYPE>
        <include list="TEST1,TEST2" />
        <exclude list="TEST3" />
    </STEREOTYPE>
    -->
      <FORMULA value="1">
        <OP id="gt" type="BOOLEAN">
          <VAR id="PERFORM-RANGE-ALIASES" type="NUMERIC" />
          <VAL value="0" type="NUMERIC" />
        </OP>
      </FORMULA>
      <FORMULA value="1">
        <OP id="gt" type="BOOLEAN">
          <VAR id="PERFORM-RANGE-CROSSES-SECTIONS" type="NUMERIC" />
          <VAL value="0" type="NUMERIC" />
        </OP>
      </FORMULA>
      <FORMULA value="1">
        <OP id="gt" type="BOOLEAN">
          <VAR id="PERFORM-RANGE-ORDERING" type="NUMERIC" />
          <VAL value="0" type="NUMERIC" />
        </OP>
      </FORMULA>
      <FORMULA value="4">
        <VAL value="true" type="BOOLEAN" />
      </FORMULA>
    </CRITDEF>
    <CRITDEF id="UNUSED-CODE">
      <!-- Gestion des aggregations -->
      <AGGREG id="AVG" telt="ALL" />
      <!-- Gestion des stereotypes.
    <STEREOTYPE>
        <include list="TEST1,TEST2" />
        <exclude list="TEST3" />
    </STEREOTYPE>
    -->
      <FORMULA value="1">
        <OP id="gt" type="BOOLEAN">
          <VAR id="UNREACHABLE-PARAGRAPH" type="NUMERIC" />
          <VAL value="0" type="NUMERIC" />
        </OP>
      </FORMULA>
      <FORMULA value="1">
        <OP id="gt" type="BOOLEAN">
          <VAR id="UNUSED-FILE" type="NUMERIC" />
          <VAL value="0" type="NUMERIC" />
        </OP>
      </FORMULA>
      <FORMULA value="1">
        <OP id="gt" type="BOOLEAN">
          <VAR id="VARIABLE-UNUSED" type="NUMERIC" />
          <VAL value="0" type="NUMERIC" />
        </OP>
      </FORMULA>
      <FORMULA value="4">
        <VAL value="true" type="BOOLEAN" />
      </FORMULA>
    </CRITDEF>
    <CRITDEF id="INITIALIZED-LINKAGE-VAR" telt="CLS">
      <FORMULA value="1">
        <OP id="gt" type="BOOLEAN">
          <VAR type="NUMERIC" id="INITIALIZED-LINKAGE-VAR" />
          <VAL type="NUMERIC" value="0" />
        </OP>
      </FORMULA>
      <FORMULA value="4">
        <VAL value="true" type="BOOLEAN" />
      </FORMULA>
      <AGGREG id="EXCLUS" telt="ALL" />
    </CRITDEF>
    <CRITDEF id="PARAGRAPH-FALLS-THROUGH" telt="CLS">
      <FORMULA value="1">
        <OP id="gt" type="BOOLEAN">
          <VAR type="NUMERIC" id="PARAGRAPH-FALLS-THROUGH" />
          <VAL type="NUMERIC" value="0" />
        </OP>
      </FORMULA>
      <FORMULA value="4">
        <VAL value="true" type="BOOLEAN" />
      </FORMULA>
      <AGGREG id="EXCLUS" telt="ALL" />
    </CRITDEF>
    <CRITDEF id="MISLEADING-IF">
      <!-- Gestion des aggregations -->
      <!-- Gestion des stereotypes.
    <STEREOTYPE>
        <include list="TEST1,TEST2" />
        <exclude list="TEST3" />
    </STEREOTYPE>
    -->
      <FORMULA value="1">
        <OP id="gt" type="BOOLEAN">
          <VAR type="NUMERIC" id="MISLEADING-IF" />
          <VAL type="NUMERIC" value="0" />
        </OP>
      </FORMULA>
      <FORMULA value="4">
        <VAL value="true" type="BOOLEAN" />
      </FORMULA>
      <AGGREG id="AVG" telt="ALL" />
    </CRITDEF>
    <!--<CRITDEF id="EMPTY-SECTION" telt="CLS">
      <AGGREG id="EXCLUS" telt="ALL" />
      <FORMULA value="1">
        <OP id="gt" type="BOOLEAN">
          <VAR id="EMPTY-SECTION" type="NUMERIC" />
          <VAL value="0" type="NUMERIC" />
        </OP>
      </FORMULA>
      <FORMULA value="4">
        <VAL value="true" type="BOOLEAN" />
      </FORMULA>
    </CRITDEF>-->
    <!--<CRITDEF id="EMPTY-PARAGRAPH" telt="CLS">
      <AGGREG id="EXCLUS" telt="ALL" />
      <FORMULA value="1">
        <OP id="gt" type="BOOLEAN">
          <VAR id="EMPTY-PARAGRAPH" type="NUMERIC" />
          <VAL value="0" type="NUMERIC" />
        </OP>
      </FORMULA>
      <FORMULA value="1">
        <OP id="gt" type="BOOLEAN">
          <VAR id="EMPTY-REFD-PARAGRAPH" type="NUMERIC" />
          <VAL value="0" type="NUMERIC" />
        </OP>
      </FORMULA>
      <FORMULA value="4">
        <VAL value="true" type="BOOLEAN" />
      </FORMULA>
    </CRITDEF>-->
    <CRITDEF id="EMPTY-PARAGRAPH">
      <!-- Gestion des aggregations -->
      <!-- Gestion des stereotypes.
    <STEREOTYPE>
        <include list="TEST1,TEST2" />
        <exclude list="TEST3" />
    </STEREOTYPE>
    -->
      <FORMULA value="1">
        <OP id="gt" type="BOOLEAN">
          <VAR type="NUMERIC" id="EMPTY-PARAGRAPH" />
          <VAL type="NUMERIC" value="0" />
        </OP>
      </FORMULA>
      <FORMULA value="1">
        <OP id="gt" type="BOOLEAN">
          <VAR type="NUMERIC" id="EMPTY-REFD-PARAGRAPH" />
          <VAL type="NUMERIC" value="0" />
        </OP>
      </FORMULA>
      <FORMULA value="4">
        <VAL value="true" type="BOOLEAN" />
      </FORMULA>
      <AGGREG id="AVG" telt="ALL" />
    </CRITDEF>
    <CRITDEF id="END-IF">
      <!-- Gestion des aggregations -->
      <AGGREG id="AVG" telt="ALL" />
      <!-- Gestion des stereotypes.
    <STEREOTYPE>
        <include list="TEST1,TEST2" />
        <exclude list="TEST3" />
    </STEREOTYPE>
    -->
      <FORMULA value="1">
        <OP id="gt" type="BOOLEAN">
          <VAR id="END-IF" type="NUMERIC" />
          <VAL value="0" type="NUMERIC" />
        </OP>
      </FORMULA>
      <FORMULA value="4">
        <VAL value="true" type="BOOLEAN" />
      </FORMULA>
    </CRITDEF>
    <CRITDEF id="GOTO-AND-PERFORM">
      <!-- Gestion des aggregations -->
      <AGGREG id="AVG" telt="ALL" />
      <!-- Gestion des stereotypes.
    <STEREOTYPE>
        <include list="TEST1,TEST2" />
        <exclude list="TEST3" />
    </STEREOTYPE>
    -->
      <FORMULA value="1">
        <OP id="gt" type="BOOLEAN">
          <VAR id="GOTO-INTO-PERFORM" type="NUMERIC" />
          <VAL value="0" type="NUMERIC" />
        </OP>
      </FORMULA>
      <FORMULA value="1">
        <OP id="gt" type="BOOLEAN">
          <VAR id="GOTO-OUT-OF-PERFORM" type="NUMERIC" />
          <VAL value="0" type="NUMERIC" />
        </OP>
      </FORMULA>
      <FORMULA value="4">
        <VAL value="true" type="BOOLEAN" />
      </FORMULA>
    </CRITDEF>
    <CRITDEF id="HARD-CODED-INTERFACE">
      <!-- Gestion des aggregations -->
      <AGGREG id="AVG" telt="ALL" />
      <!-- Gestion des stereotypes.
    <STEREOTYPE>
        <include list="TEST1,TEST2" />
        <exclude list="TEST3" />
    </STEREOTYPE>
    -->
      <FORMULA value="1">
        <OP id="gt" type="BOOLEAN">
          <VAR id="HARD-CODED-INTERFACE" type="NUMERIC" />
          <VAL value="0" type="NUMERIC" />
        </OP>
      </FORMULA>
      <FORMULA value="4">
        <VAL value="true" type="BOOLEAN" />
      </FORMULA>
    </CRITDEF>
    <CRITDEF id="LINKAGE-IN-COPYBOOK">
      <!-- Gestion des aggregations -->
      <AGGREG id="AVG" telt="ALL" />
      <!-- Gestion des stereotypes.
    <STEREOTYPE>
        <include list="TEST1,TEST2" />
        <exclude list="TEST3" />
    </STEREOTYPE>
    -->
      <FORMULA value="1">
        <OP id="gt" type="BOOLEAN">
          <VAR id="LINKAGE-IN-COPYBOOK" type="NUMERIC" />
          <VAL value="0" type="NUMERIC" />
        </OP>
      </FORMULA>
      <FORMULA value="4">
        <VAL value="true" type="BOOLEAN" />
      </FORMULA>
    </CRITDEF>
    <CRITDEF id="LITERAL">
      <!-- Gestion des aggregations -->
      <AGGREG id="AVG" telt="ALL" />
      <!-- Gestion des stereotypes.
    <STEREOTYPE>
        <include list="TEST1,TEST2" />
        <exclude list="TEST3" />
    </STEREOTYPE>
    -->
      <FORMULA value="1">
        <OP id="gt" type="BOOLEAN">
          <VAR id="LITERAL" type="NUMERIC" />
          <VAL value="0" type="NUMERIC" />
        </OP>
      </FORMULA>
      <FORMULA value="4">
        <VAL value="true" type="BOOLEAN" />
      </FORMULA>
    </CRITDEF>
    <CRITDEF id="MULTI-RECORD-FILE">
      <!-- Gestion des aggregations -->
      <AGGREG id="AVG" telt="ALL" />
      <!-- Gestion des stereotypes.
    <STEREOTYPE>
        <include list="TEST1,TEST2" />
        <exclude list="TEST3" />
    </STEREOTYPE>
    -->
      <FORMULA value="1">
        <OP id="gt" type="BOOLEAN">
          <VAR id="MULTI-RECORD-FILE" type="NUMERIC" />
          <VAL value="0" type="NUMERIC" />
        </OP>
      </FORMULA>
      <FORMULA value="4">
        <VAL value="true" type="BOOLEAN" />
      </FORMULA>
    </CRITDEF>
    <CRITDEF id="PARAMETERS-IN-COPYBOOK">
      <!-- Gestion des aggregations -->
      <AGGREG id="AVG" telt="ALL" />
      <!-- Gestion des stereotypes.
    <STEREOTYPE>
        <include list="TEST1,TEST2" />
        <exclude list="TEST3" />
    </STEREOTYPE>
    -->
      <FORMULA value="1">
        <OP id="gt" type="BOOLEAN">
          <VAR id="PARAMETERS-IN-COPYBOOK" type="NUMERIC" />
          <VAL value="0" type="NUMERIC" />
        </OP>
      </FORMULA>
      <FORMULA value="4">
        <VAL value="true" type="BOOLEAN" />
      </FORMULA>
    </CRITDEF>
    <CRITDEF id="PERFORM-RANGE">
      <!-- Gestion des aggregations -->
      <AGGREG id="AVG" telt="ALL" />
      <!-- Gestion des stereotypes.
    <STEREOTYPE>
        <include list="TEST1,TEST2" />
        <exclude list="TEST3" />
    </STEREOTYPE>
    -->
      <FORMULA value="1">
        <OP id="gt" type="BOOLEAN">
          <VAR id="PERFORM-RANGE-ALIASES" type="NUMERIC" />
          <VAL value="0" type="NUMERIC" />
        </OP>
      </FORMULA>
      <FORMULA value="1">
        <OP id="gt" type="BOOLEAN">
          <VAR id="PERFORM-RANGE-CROSSES-SECTIONS" type="NUMERIC" />
          <VAL value="0" type="NUMERIC" />
        </OP>
      </FORMULA>
      <FORMULA value="1">
        <OP id="gt" type="BOOLEAN">
          <VAR id="PERFORM-RANGE-ORDERING" type="NUMERIC" />
          <VAL value="0" type="NUMERIC" />
        </OP>
      </FORMULA>
      <FORMULA value="4">
        <VAL value="true" type="BOOLEAN" />
      </FORMULA>
    </CRITDEF>
    <CRITDEF id="UNUSED-CODE">
      <!-- Gestion des aggregations -->
      <AGGREG id="AVG" telt="ALL" />
      <!-- Gestion des stereotypes.
    <STEREOTYPE>
        <include list="TEST1,TEST2" />
        <exclude list="TEST3" />
    </STEREOTYPE>
    -->
      <FORMULA value="1">
        <OP id="gt" type="BOOLEAN">
          <VAR id="UNREACHABLE-PARAGRAPH" type="NUMERIC" />
          <VAL value="0" type="NUMERIC" />
        </OP>
      </FORMULA>
      <FORMULA value="1">
        <OP id="gt" type="BOOLEAN">
          <VAR id="UNUSED-FILE" type="NUMERIC" />
          <VAL value="0" type="NUMERIC" />
        </OP>
      </FORMULA>
      <FORMULA value="1">
        <OP id="gt" type="BOOLEAN">
          <VAR id="UNUSED-CONDITION" type="NUMERIC" />
          <VAL value="0" type="NUMERIC" />
        </OP>
      </FORMULA>
      <FORMULA value="1">
        <OP id="gt" type="BOOLEAN">
          <VAR id="VARIABLE-UNUSED" type="NUMERIC" />
          <VAL value="0" type="NUMERIC" />
        </OP>
      </FORMULA>
      <FORMULA value="4">
        <VAL value="true" type="BOOLEAN" />
      </FORMULA>
    </CRITDEF>
    <CRITDEF id="MALFORMED-DATA-DESCRIPTOR">
      <!-- Gestion des aggregations -->
      <!-- Gestion des stereotypes.
    <STEREOTYPE>
        <include list="TEST1,TEST2" />
        <exclude list="TEST3" />
    </STEREOTYPE>
    -->
      <FORMULA value="1">
        <OP id="gt" type="BOOLEAN">
          <VAR type="NUMERIC" id="MALFORMED-DATA-DESCRIPTOR" />
          <VAL type="NUMERIC" value="0" />
        </OP>
      </FORMULA>
      <FORMULA value="4">
        <VAL value="true" type="BOOLEAN" />
      </FORMULA>
      <AGGREG id="AVG" telt="ALL" />
    </CRITDEF>
    <CRITDEF id="POSSIBLY-INCORRECT-SET-USE">
      <!-- Gestion des aggregations -->
      <!-- Gestion des stereotypes.
    <STEREOTYPE>
        <include list="TEST1,TEST2" />
        <exclude list="TEST3" />
    </STEREOTYPE>
    -->
      <FORMULA value="1">
        <OP id="gt" type="BOOLEAN">
          <VAR type="NUMERIC" id="POSSIBLY-INCORRECT-SET-USE" />
          <VAL type="NUMERIC" value="0" />
        </OP>
      </FORMULA>
      <FORMULA value="4">
        <VAL value="true" type="BOOLEAN" />
      </FORMULA>
      <AGGREG id="AVG" telt="ALL" />
    </CRITDEF>
    <CRITDEF id="UNABLE-TO-MODEL-SEMANTICS">
      <!-- Gestion des aggregations -->
      <!-- Gestion des stereotypes.
    <STEREOTYPE>
        <include list="TEST1,TEST2" />
        <exclude list="TEST3" />
    </STEREOTYPE>
    -->
      <FORMULA value="1">
        <OP id="gt" type="BOOLEAN">
          <VAR type="NUMERIC" id="UNABLE-TO-MODEL-SEMANTICS" />
          <VAL type="NUMERIC" value="0" />
        </OP>
      </FORMULA>
      <FORMULA value="4">
        <VAL value="true" type="BOOLEAN" />
      </FORMULA>
      <AGGREG id="AVG" telt="ALL" />
    </CRITDEF>
    <!--<CRITDEF id="AMBIGUOUS-DATA-NAME" telt="CLS">
      <AGGREG id="EXCLUS" telt="ALL" />
      <FORMULA value="1">
        <OP id="gt" type="BOOLEAN">
          <VAR id="AMBIGUOUS-DATA-NAME" type="NUMERIC" />
          <VAL value="0" type="NUMERIC" />
        </OP>
      </FORMULA>
      <FORMULA value="4">
        <VAL value="true" type="BOOLEAN" />
      </FORMULA>
    </CRITDEF>-->
    <!--<CRITDEF id="AMBIGUOUS-PROC-NAME" telt="CLS">
      <AGGREG id="EXCLUS" telt="ALL" />
      <FORMULA value="1">
        <OP id="gt" type="BOOLEAN">
          <VAR id="AMBIGUOUS-PROC-NAME" type="NUMERIC" />
          <VAL value="0" type="NUMERIC" />
        </OP>
      </FORMULA>
      <FORMULA value="4">
        <VAL value="true" type="BOOLEAN" />
      </FORMULA>
    </CRITDEF>-->
    <!--<CRITDEF id="DATA-DESCRIPTOR-PICTURE-NONLEAF" telt="CLS">
      <AGGREG id="EXCLUS" telt="ALL" />
      <FORMULA value="1">
        <OP id="gt" type="BOOLEAN">
          <VAR id="DATA-DESCRIPTOR-PICTURE-NONLEAF" type="NUMERIC" />
          <VAL value="0" type="NUMERIC" />
        </OP>
      </FORMULA>
      <FORMULA value="4">
        <VAL value="true" type="BOOLEAN" />
      </FORMULA>
    </CRITDEF>-->
    <!--<CRITDEF id="DATA-DESCRIPTOR-UNNAMED" telt="CLS">
      <AGGREG id="EXCLUS" telt="ALL" />
      <FORMULA value="1">
        <OP id="gt" type="BOOLEAN">
          <VAR id="DATA-DESCRIPTOR-UNNAMED" type="NUMERIC" />
          <VAL value="0" type="NUMERIC" />
        </OP>
      </FORMULA>
      <FORMULA value="4">
        <VAL value="true" type="BOOLEAN" />
      </FORMULA>
    </CRITDEF>-->
    <!--<CRITDEF id="UNKNOWN-DATA-NAME" telt="CLS">
      <AGGREG id="EXCLUS" telt="ALL" />
      <FORMULA value="1">
        <OP id="gt" type="BOOLEAN">
          <VAR id="UNKNOWN-DATA-NAME" type="NUMERIC" />
          <VAL value="0" type="NUMERIC" />
        </OP>
      </FORMULA>
      <FORMULA value="4">
        <VAL value="true" type="BOOLEAN" />
      </FORMULA>
    </CRITDEF>-->
    <!--<CRITDEF id="UNKNOWN-PROC-NAME" telt="CLS">
      <AGGREG id="EXCLUS" telt="ALL" />
      <FORMULA value="1">
        <OP id="gt" type="BOOLEAN">
          <VAR id="UNKNOWN-PROC-NAME" type="NUMERIC" />
          <VAL value="0" type="NUMERIC" />
        </OP>
      </FORMULA>
      <FORMULA value="4">
        <VAL value="true" type="BOOLEAN" />
      </FORMULA>
    </CRITDEF>-->
    <!--<CRITDEF id="MISORDERD-RENAME" telt="CLS">
      <AGGREG id="EXCLUS" telt="ALL" />
      <FORMULA value="1">
        <OP id="gt" type="BOOLEAN">
          <VAR id="MISORDERD-RENAME" type="NUMERIC" />
          <VAL value="0" type="NUMERIC" />
        </OP>
      </FORMULA>
      <FORMULA value="4">
        <VAL value="true" type="BOOLEAN" />
      </FORMULA>
    </CRITDEF>-->
    <!--<CRITDEF id="NOT-UNDERSTOOD-ALTER-STATEMENT" telt="CLS">
      <AGGREG id="EXCLUS" telt="ALL" />
      <FORMULA value="1">
        <OP id="gt" type="BOOLEAN">
          <VAR id="NOT-UNDERSTOOD-ALTER-STATEMENT" type="NUMERIC" />
          <VAL value="0" type="NUMERIC" />
        </OP>
      </FORMULA>
      <FORMULA value="4">
        <VAL value="true" type="BOOLEAN" />
      </FORMULA>
    </CRITDEF>-->
    <!--<CRITDEF id="PARSE-ERROR" telt="CLS">
      <AGGREG id="EXCLUS" telt="ALL" />
      <FORMULA value="1">
        <OP id="gt" type="BOOLEAN">
          <VAR id="PARSE-ERROR" type="NUMERIC" />
          <VAL value="0" type="NUMERIC" />
        </OP>
      </FORMULA>
      <FORMULA value="4">
        <VAL value="true" type="BOOLEAN" />
      </FORMULA>
    </CRITDEF>-->
    <!--<CRITDEF id="PARSE-REPAIR" telt="CLS">
      <AGGREG id="EXCLUS" telt="ALL" />
      <FORMULA value="1">
        <OP id="gt" type="BOOLEAN">
          <VAR id="PARSE-REPAIR" type="NUMERIC" />
          <VAL value="0" type="NUMERIC" />
        </OP>
      </FORMULA>
      <FORMULA value="4">
        <VAL value="true" type="BOOLEAN" />
      </FORMULA>
    </CRITDEF>-->
    <CRITDEF id="MALFORMED-DATA-DESCRIPTOR">
      <!-- Gestion des aggregations -->
      <AGGREG id="AVG" telt="ALL" />
      <!-- Gestion des stereotypes.
    <STEREOTYPE>
        <include list="TEST1,TEST2" />
        <exclude list="TEST3" />
    </STEREOTYPE>
    -->
      <FORMULA value="1">
        <OP id="gt" type="BOOLEAN">
          <VAR id="MALFORMED-DATA-DESCRIPTOR" type="NUMERIC" />
          <VAL value="0" type="NUMERIC" />
        </OP>
      </FORMULA>
      <FORMULA value="4">
        <VAL value="true" type="BOOLEAN" />
      </FORMULA>
    </CRITDEF>
    <CRITDEF id="PARSE-PROBLEMS">
      <!-- Gestion des aggregations -->
      <!-- Gestion des stereotypes.
    <STEREOTYPE>
        <include list="TEST1,TEST2" />
        <exclude list="TEST3" />
    </STEREOTYPE>
    -->
      <FORMULA value="1">
        <OP id="gt" type="BOOLEAN">
          <VAR type="NUMERIC" id="PARSE-ERROR" />
          <VAL type="NUMERIC" value="0" />
        </OP>
      </FORMULA>
      <FORMULA value="2">
        <OP id="gt" type="BOOLEAN">
          <VAR type="NUMERIC" id="PARSE-REPAIR" />
          <VAL type="NUMERIC" value="0" />
        </OP>
      </FORMULA>
      <FORMULA value="3">
        <OP id="gt" type="BOOLEAN">
          <VAR type="NUMERIC" id="PARSE-WARNING" />
          <VAL type="NUMERIC" value="0" />
        </OP>
      </FORMULA>
      <FORMULA value="4">
        <VAL value="true" type="BOOLEAN" />
      </FORMULA>
      <AGGREG id="AVG" telt="ALL" />
    </CRITDEF>
    <CRITDEF id="UNABLE-TO-MODEL-SEMANTICS">
      <!-- Gestion des aggregations -->
      <AGGREG id="AVG" telt="ALL" />
      <!-- Gestion des stereotypes.
    <STEREOTYPE>
        <include list="TEST1,TEST2" />
        <exclude list="TEST3" />
    </STEREOTYPE>
    -->
      <FORMULA value="1">
        <OP id="gt" type="BOOLEAN">
          <VAR id="UNABLE-TO-MODEL-SEMANTICS" type="NUMERIC" />
          <VAL value="0" type="NUMERIC" />
        </OP>
      </FORMULA>
      <FORMULA value="4">
        <VAL value="true" type="BOOLEAN" />
      </FORMULA>
    </CRITDEF>
    <!--<CRITDEF id="AMBIGUOUS-DATA-NAME" telt="CLS">
      <AGGREG id="EXCLUS" telt="ALL" />
      <FORMULA value="1">
        <OP id="gt" type="BOOLEAN">
          <VAR id="AMBIGUOUS-DATA-NAME" type="NUMERIC" />
          <VAL value="0" type="NUMERIC" />
        </OP>
      </FORMULA>
      <FORMULA value="4">
        <VAL value="true" type="BOOLEAN" />
      </FORMULA>
    </CRITDEF>-->
    <!--<CRITDEF id="AMBIGUOUS-PROC-NAME" telt="CLS">
      <AGGREG id="EXCLUS" telt="ALL" />
      <FORMULA value="1">
        <OP id="gt" type="BOOLEAN">
          <VAR id="AMBIGUOUS-PROC-NAME" type="NUMERIC" />
          <VAL value="0" type="NUMERIC" />
        </OP>
      </FORMULA>
      <FORMULA value="4">
        <VAL value="true" type="BOOLEAN" />
      </FORMULA>
    </CRITDEF>-->
    <CRITDEF id="MALFORMED-DATA-DESCRIPTOR">
      <!-- Gestion des aggregations -->
      <AGGREG id="AVG" telt="ALL" />
      <!-- Gestion des stereotypes.
    <STEREOTYPE>
        <include list="TEST1,TEST2" />
        <exclude list="TEST3" />
    </STEREOTYPE>
    -->
      <FORMULA value="1">
        <OP id="gt" type="BOOLEAN">
          <VAR id="MALFORMED-DATA-DESCRIPTOR" type="NUMERIC" />
          <VAL value="0" type="NUMERIC" />
        </OP>
      </FORMULA>
      <FORMULA value="4">
        <VAL value="true" type="BOOLEAN" />
      </FORMULA>
    </CRITDEF>
    <CRITDEF id="PARSE-PROBLEMS">
      <!-- Gestion des aggregations -->
      <AGGREG id="AVG" telt="ALL" />
      <!-- Gestion des stereotypes.
    <STEREOTYPE>
        <include list="TEST1,TEST2" />
        <exclude list="TEST3" />
    </STEREOTYPE>
    -->
      <FORMULA value="1">
        <OP id="gt" type="BOOLEAN">
          <VAR id="PARSE-ERROR" type="NUMERIC" />
          <VAL value="0" type="NUMERIC" />
        </OP>
      </FORMULA>
      <FORMULA value="2">
        <OP id="gt" type="BOOLEAN">
          <VAR id="PARSE-REPAIR" type="NUMERIC" />
          <VAL value="0" type="NUMERIC" />
        </OP>
      </FORMULA>
      <FORMULA value="3">
        <OP id="gt" type="BOOLEAN">
          <VAR id="PARSE-WARNING" type="NUMERIC" />
          <VAL value="0" type="NUMERIC" />
        </OP>
      </FORMULA>
      <FORMULA value="4">
        <VAL value="true" type="BOOLEAN" />
      </FORMULA>
    </CRITDEF>
    <CRITDEF id="UNABLE-TO-MODEL-SEMANTICS">
      <!-- Gestion des aggregations -->
      <AGGREG id="AVG" telt="ALL" />
      <!-- Gestion des stereotypes.
    <STEREOTYPE>
        <include list="TEST1,TEST2" />
        <exclude list="TEST3" />
    </STEREOTYPE>
    -->
      <FORMULA value="1">
        <OP id="gt" type="BOOLEAN">
          <VAR id="UNABLE-TO-MODEL-SEMANTICS" type="NUMERIC" />
          <VAL value="0" type="NUMERIC" />
        </OP>
      </FORMULA>
      <FORMULA value="4">
        <VAL value="true" type="BOOLEAN" />
      </FORMULA>
    </CRITDEF>
    <CRITDEF id="ALTER-STATEMENT" telt="CLS">
      <FORMULA value="1">
        <OP id="gt" type="BOOLEAN">
          <VAR type="NUMERIC" id="ALTER-STATEMENT" />
          <VAL type="NUMERIC" value="0" />
        </OP>
      </FORMULA>
      <FORMULA value="4">
        <VAL value="true" type="BOOLEAN" />
      </FORMULA>
      <AGGREG id="EXCLUS" telt="ALL" />
    </CRITDEF>
    <CRITDEF id="NAME-CONFLICT" telt="CLS">
      <FORMULA value="1">
        <OP id="gt" type="BOOLEAN">
          <VAR type="NUMERIC" id="NAME-CONFLICT" />
          <VAL type="NUMERIC" value="0" />
        </OP>
      </FORMULA>
      <FORMULA value="4">
        <VAL value="true" type="BOOLEAN" />
      </FORMULA>
      <AGGREG id="EXCLUS" telt="ALL" />
    </CRITDEF>
    <CRITDEF id="TABS-PRESENT" telt="CLS">
      <FORMULA value="1">
        <OP id="gt" type="BOOLEAN">
          <VAR type="NUMERIC" id="TABS-PRESENT" />
          <VAL type="NUMERIC" value="0" />
        </OP>
      </FORMULA>
      <FORMULA value="4">
        <VAL value="true" type="BOOLEAN" />
      </FORMULA>
      <AGGREG id="EXCLUS" telt="ALL" />
    </CRITDEF>
    <CRITDEF id="TOO-COMPLEX-CONTROL-FLOW">
      <!-- Gestion des aggregations -->
      <!-- Gestion des stereotypes.
    <STEREOTYPE>
        <include list="TEST1,TEST2" />
        <exclude list="TEST3" />
    </STEREOTYPE>
    -->
      <FORMULA value="1">
        <OP id="gt" type="BOOLEAN">
          <VAR type="NUMERIC" id="TOO-COMPLEX-CONTROL-FLOW-BROKEN" />
          <VAL type="NUMERIC" value="0" />
        </OP>
      </FORMULA>
      <FORMULA value="1">
        <OP id="gt" type="BOOLEAN">
          <VAR type="NUMERIC" id="TOO-COMPLEX-CONTROL-FLOW-STACK" />
          <VAL type="NUMERIC" value="0" />
        </OP>
      </FORMULA>
      <FORMULA value="4">
        <VAL value="true" type="BOOLEAN" />
      </FORMULA>
      <AGGREG id="EXCLUS" telt="ALL" />
    </CRITDEF>
    <!--<CRITDEF id="AMBIGUOUS-DATA-NAME" telt="CLS">
      <AGGREG id="EXCLUS" telt="ALL" />
      <FORMULA value="1">
        <OP id="gt" type="BOOLEAN">
          <VAR id="AMBIGUOUS-DATA-NAME" type="NUMERIC" />
          <VAL value="0" type="NUMERIC" />
        </OP>
      </FORMULA>
      <FORMULA value="4">
        <VAL value="true" type="BOOLEAN" />
      </FORMULA>
    </CRITDEF>-->
    <!--<CRITDEF id="AMBIGUOUS-PROC-NAME" telt="CLS">
      <AGGREG id="EXCLUS" telt="ALL" />
      <FORMULA value="1">
        <OP id="gt" type="BOOLEAN">
          <VAR id="AMBIGUOUS-PROC-NAME" type="NUMERIC" />
          <VAL value="0" type="NUMERIC" />
        </OP>
      </FORMULA>
      <FORMULA value="4">
        <VAL value="true" type="BOOLEAN" />
      </FORMULA>
    </CRITDEF>-->
    <CRITDEF id="MALFORMED-DATA-DESCRIPTOR">
      <!-- Gestion des aggregations -->
      <AGGREG id="AVG" telt="ALL" />
      <!-- Gestion des stereotypes.
    <STEREOTYPE>
        <include list="TEST1,TEST2" />
        <exclude list="TEST3" />
    </STEREOTYPE>
    -->
      <FORMULA value="1">
        <OP id="gt" type="BOOLEAN">
          <VAR id="MALFORMED-DATA-DESCRIPTOR" type="NUMERIC" />
          <VAL value="0" type="NUMERIC" />
        </OP>
      </FORMULA>
      <FORMULA value="4">
        <VAL value="true" type="BOOLEAN" />
      </FORMULA>
    </CRITDEF>
    <CRITDEF id="PARSE-PROBLEMS">
      <!-- Gestion des aggregations -->
      <AGGREG id="AVG" telt="ALL" />
      <!-- Gestion des stereotypes.
    <STEREOTYPE>
        <include list="TEST1,TEST2" />
        <exclude list="TEST3" />
    </STEREOTYPE>
    -->
      <FORMULA value="1">
        <OP id="gt" type="BOOLEAN">
          <VAR id="PARSE-ERROR" type="NUMERIC" />
          <VAL value="0" type="NUMERIC" />
        </OP>
      </FORMULA>
      <FORMULA value="2">
        <OP id="gt" type="BOOLEAN">
          <VAR id="PARSE-REPAIR" type="NUMERIC" />
          <VAL value="0" type="NUMERIC" />
        </OP>
      </FORMULA>
      <FORMULA value="3">
        <OP id="gt" type="BOOLEAN">
          <VAR id="PARSE-WARNING" type="NUMERIC" />
          <VAL value="0" type="NUMERIC" />
        </OP>
      </FORMULA>
      <FORMULA value="4">
        <VAL value="true" type="BOOLEAN" />
      </FORMULA>
    </CRITDEF>
    <CRITDEF id="POSSIBLY-INCORRECT-SET-USE">
      <!-- Gestion des aggregations -->
      <AGGREG id="AVG" telt="ALL" />
      <!-- Gestion des stereotypes.
    <STEREOTYPE>
        <include list="TEST1,TEST2" />
        <exclude list="TEST3" />
    </STEREOTYPE>
    -->
      <FORMULA value="1">
        <OP id="gt" type="BOOLEAN">
          <VAR id="POSSIBLY-INCORRECT-SET-USE" type="NUMERIC" />
          <VAL value="0" type="NUMERIC" />
        </OP>
      </FORMULA>
      <FORMULA value="4">
        <VAL value="true" type="BOOLEAN" />
      </FORMULA>
    </CRITDEF>
    <CRITDEF id="UNABLE-TO-MODEL-SEMANTICS">
      <!-- Gestion des aggregations -->
      <AGGREG id="AVG" telt="ALL" />
      <!-- Gestion des stereotypes.
    <STEREOTYPE>
        <include list="TEST1,TEST2" />
        <exclude list="TEST3" />
    </STEREOTYPE>
    -->
      <FORMULA value="1">
        <OP id="gt" type="BOOLEAN">
          <VAR id="UNABLE-TO-MODEL-SEMANTICS" type="NUMERIC" />
          <VAL value="0" type="NUMERIC" />
        </OP>
      </FORMULA>
      <FORMULA value="4">
        <VAL value="true" type="BOOLEAN" />
      </FORMULA>
    </CRITDEF>
    <CRITDEF id="TOO-COMPLEX-CONTROL-FLOW">
      <!-- Gestion des aggregations -->
      <AGGREG id="AVG" telt="ALL" />
      <!-- Gestion des stereotypes.
    <STEREOTYPE>
        <include list="TEST1,TEST2" />
        <exclude list="TEST3" />
    </STEREOTYPE>
    -->
      <FORMULA value="1">
        <OP id="gt" type="BOOLEAN">
          <VAR id="TOO-COMPLEX-CONTROL-FLOW-BROKEN" type="NUMERIC" />
          <VAL value="0" type="NUMERIC" />
        </OP>
      </FORMULA>
      <FORMULA value="1">
        <OP id="gt" type="BOOLEAN">
          <VAR id="TOO-COMPLEX-CONTROL-FLOW-STACK" type="NUMERIC" />
          <VAL value="0" type="NUMERIC" />
        </OP>
      </FORMULA>
      <FORMULA value="4">
        <VAL value="true" type="BOOLEAN" />
      </FORMULA>
    </CRITDEF>
    <!--<CRITDEF id="DECLARED-IDENTIFIER-TOO-LONG" telt="CLS">
      <AGGREG id="EXCLUS" telt="ALL" />
      <FORMULA value="1">
        <OP id="gt" type="BOOLEAN">
          <VAR id="DECLARED-IDENTIFIER-TOO-LONG" type="NUMERIC" />
          <VAL value="0" type="NUMERIC" />
        </OP>
      </FORMULA>
      <FORMULA value="4">
        <VAL value="true" type="BOOLEAN" />
      </FORMULA>
    </CRITDEF>-->
    <!--<CRITDEF id="PROGRAM-CONTAINS-EXECUTE-STATEMENTS" telt="CLS">
      <AGGREG id="EXCLUS" telt="ALL" />
      <FORMULA value="1">
        <OP id="gt" type="BOOLEAN">
          <VAR id="PROGRAM-CONTAINS-EXECUTE-STATEMENTS" type="NUMERIC" />
          <VAL value="0" type="NUMERIC" />
        </OP>
      </FORMULA>
      <FORMULA value="4">
        <VAL value="true" type="BOOLEAN" />
      </FORMULA>
    </CRITDEF>-->
    <!--<CRITDEF id="NESTED-COPYFILES" telt="CLS">
      <AGGREG id="EXCLUS" telt="ALL" />
      <FORMULA value="1">
        <OP id="gt" type="BOOLEAN">
          <VAR id="NESTED-COPYFILES" type="NUMERIC" />
          <VAL value="0" type="NUMERIC" />
        </OP>
      </FORMULA>
      <FORMULA value="4">
        <VAL value="true" type="BOOLEAN" />
      </FORMULA>
    </CRITDEF>-->
    <CRITDEF id="BAD-DECIMAL-POINT">
      <!-- Gestion des aggregations -->
      <!-- Gestion des stereotypes.
    <STEREOTYPE>
        <include list="TEST1,TEST2" />
        <exclude list="TEST3" />
    </STEREOTYPE>
    -->
      <FORMULA value="1">
        <OP id="gt" type="BOOLEAN">
          <VAR type="NUMERIC" id="BAD-DECIMAL-POINT" />
          <VAL type="NUMERIC" value="0" />
        </OP>
      </FORMULA>
      <FORMULA value="4">
        <VAL value="true" type="BOOLEAN" />
      </FORMULA>
      <AGGREG id="AVG" telt="ALL" />
    </CRITDEF>
    <CRITDEF id="IDENTIFIER-TOO-LONG">
      <!-- Gestion des aggregations -->
      <!-- Gestion des stereotypes.
    <STEREOTYPE>
        <include list="TEST1,TEST2" />
        <exclude list="TEST3" />
    </STEREOTYPE>
    -->
      <FORMULA value="1">
        <OP id="gt" type="BOOLEAN">
          <VAR type="NUMERIC" id="IDENTIFIER-TOO-LONG" />
          <VAL type="NUMERIC" value="0" />
        </OP>
      </FORMULA>
      <FORMULA value="4">
        <VAL value="true" type="BOOLEAN" />
      </FORMULA>
      <AGGREG id="AVG" telt="ALL" />
    </CRITDEF>
    <CRITDEF id="NUMERIC-VAR-TOO-BIG" telt="CLS">
      <FORMULA value="1">
        <OP id="gt" type="BOOLEAN">
          <VAR type="NUMERIC" id="NUMERIC-VAR-TOO-BIG" />
          <VAL type="NUMERIC" value="0" />
        </OP>
      </FORMULA>
      <FORMULA value="4">
        <VAL value="true" type="BOOLEAN" />
      </FORMULA>
      <AGGREG id="EXCLUS" telt="ALL" />
    </CRITDEF>
    <CRITDEF id="STOP-RUN-IN-SORT">
      <!-- Gestion des aggregations -->
      <!-- Gestion des stereotypes.
    <STEREOTYPE>
        <include list="TEST1,TEST2" />
        <exclude list="TEST3" />
    </STEREOTYPE>
    -->
      <FORMULA value="1">
        <OP id="gt" type="BOOLEAN">
          <VAR type="NUMERIC" id="STOP-RUN-IN-SORT" />
          <VAL type="NUMERIC" value="0" />
        </OP>
      </FORMULA>
      <FORMULA value="4">
        <VAL value="true" type="BOOLEAN" />
      </FORMULA>
      <AGGREG id="AVG" telt="ALL" />
    </CRITDEF>
    <CRITDEF id="SWITCHES-SPECIAL-NAMES">
      <!-- Gestion des aggregations -->
      <!-- Gestion des stereotypes.
    <STEREOTYPE>
        <include list="TEST1,TEST2" />
        <exclude list="TEST3" />
    </STEREOTYPE>
    -->
      <FORMULA value="1">
        <OP id="gt" type="BOOLEAN">
          <VAR type="NUMERIC" id="SWITCHES-SPECIAL-NAMES" />
          <VAL type="NUMERIC" value="0" />
        </OP>
      </FORMULA>
      <FORMULA value="4">
        <VAL value="true" type="BOOLEAN" />
      </FORMULA>
      <AGGREG id="AVG" telt="ALL" />
    </CRITDEF>
    <CRITDEF id="TEST-FILE-STATUS-NON-ZERO">
      <!-- Gestion des aggregations -->
      <!-- Gestion des stereotypes.
    <STEREOTYPE>
        <include list="TEST1,TEST2" />
        <exclude list="TEST3" />
    </STEREOTYPE>
    -->
      <FORMULA value="1">
        <OP id="gt" type="BOOLEAN">
          <VAR type="NUMERIC" id="TEST-FILE-STATUS-NON-ZERO" />
          <VAL type="NUMERIC" value="0" />
        </OP>
      </FORMULA>
      <FORMULA value="4">
        <VAL value="true" type="BOOLEAN" />
      </FORMULA>
      <AGGREG id="AVG" telt="ALL" />
    </CRITDEF>
    <CRITDEF id="VARIABLE-SIZE-FILE">
      <!-- Gestion des aggregations -->
      <!-- Gestion des stereotypes.
    <STEREOTYPE>
        <include list="TEST1,TEST2" />
        <exclude list="TEST3" />
    </STEREOTYPE>
    -->
      <FORMULA value="1">
        <OP id="gt" type="BOOLEAN">
          <VAR type="NUMERIC" id="VARIABLE-SIZE-FILE" />
          <VAL type="NUMERIC" value="0" />
        </OP>
      </FORMULA>
      <FORMULA value="4">
        <VAL value="true" type="BOOLEAN" />
      </FORMULA>
      <AGGREG id="AVG" telt="ALL" />
    </CRITDEF>
    <CRITDEF id="HARD-CODED-INTERFACE">
      <!-- Gestion des aggregations -->
      <AGGREG id="AVG" telt="ALL" />
      <!-- Gestion des stereotypes.
    <STEREOTYPE>
        <include list="TEST1,TEST2" />
        <exclude list="TEST3" />
    </STEREOTYPE>
    -->
      <FORMULA value="1">
        <OP id="gt" type="BOOLEAN">
          <VAR id="HARD-CODED-INTERFACE" type="NUMERIC" />
          <VAL value="0" type="NUMERIC" />
        </OP>
      </FORMULA>
      <FORMULA value="4">
        <VAL value="true" type="BOOLEAN" />
      </FORMULA>
    </CRITDEF>
    <CRITDEF id="DATA-ELEMENT-SET-NOT-USED">
      <!-- Gestion des aggregations -->
      <!-- Gestion des stereotypes.
    <STEREOTYPE>
        <include list="TEST1,TEST2" />
        <exclude list="TEST3" />
    </STEREOTYPE>
    -->
      <FORMULA value="1">
        <OP id="gt" type="BOOLEAN">
          <VAR type="NUMERIC" id="DATA-ELEMENT-SET-NOT-USED" />
          <VAL type="NUMERIC" value="0" />
        </OP>
      </FORMULA>
      <FORMULA value="4">
        <VAL value="true" type="BOOLEAN" />
      </FORMULA>
      <AGGREG id="AVG" telt="ALL" />
    </CRITDEF>
    <CRITDEF id="LITERAL">
      <!-- Gestion des aggregations -->
      <AGGREG id="AVG" telt="ALL" />
      <!-- Gestion des stereotypes.
    <STEREOTYPE>
        <include list="TEST1,TEST2" />
        <exclude list="TEST3" />
    </STEREOTYPE>
    -->
      <FORMULA value="1">
        <OP id="gt" type="BOOLEAN">
          <VAR id="LITERAL" type="NUMERIC" />
          <VAL value="0" type="NUMERIC" />
        </OP>
      </FORMULA>
      <FORMULA value="4">
        <VAL value="true" type="BOOLEAN" />
      </FORMULA>
    </CRITDEF>
    <CRITDEF id="EXEC-STATEMENT">
      <!-- Gestion des aggregations -->
      <!-- Gestion des stereotypes.
    <STEREOTYPE>
        <include list="TEST1,TEST2" />
        <exclude list="TEST3" />
    </STEREOTYPE>
    -->
      <FORMULA value="1">
        <OP id="gt" type="BOOLEAN">
          <VAR type="NUMERIC" id="EXEC-STATEMENT" />
          <VAL type="NUMERIC" value="0" />
        </OP>
      </FORMULA>
      <FORMULA value="4">
        <VAL value="true" type="BOOLEAN" />
      </FORMULA>
      <AGGREG id="AVG" telt="ALL" />
    </CRITDEF>
    <CRITDEF id="UNUSED-CODE">
      <!-- Gestion des aggregations -->
      <AGGREG id="AVG" telt="ALL" />
      <!-- Gestion des stereotypes.
    <STEREOTYPE>
        <include list="TEST1,TEST2" />
        <exclude list="TEST3" />
    </STEREOTYPE>
    -->
      <FORMULA value="1">
        <OP id="gt" type="BOOLEAN">
          <VAR id="UNREACHABLE-PARAGRAPH" type="NUMERIC" />
          <VAL value="0" type="NUMERIC" />
        </OP>
      </FORMULA>
      <FORMULA value="1">
        <OP id="gt" type="BOOLEAN">
          <VAR id="UNUSED-FILE" type="NUMERIC" />
          <VAL value="0" type="NUMERIC" />
        </OP>
      </FORMULA>
      <FORMULA value="1">
        <OP id="gt" type="BOOLEAN">
          <VAR id="VARIABLE-UNUSED" type="NUMERIC" />
          <VAL value="0" type="NUMERIC" />
        </OP>
      </FORMULA>
      <FORMULA value="4">
        <VAL value="true" type="BOOLEAN" />
      </FORMULA>
    </CRITDEF>
    <CRITDEF id="PROHIBITED-CODE">
      <!-- Gestion des aggregations -->
      <!-- Gestion des stereotypes.
    <STEREOTYPE>
        <include list="TEST1,TEST2" />
        <exclude list="TEST3" />
    </STEREOTYPE>
    -->
      <FORMULA value="1">
        <OP id="gt" type="BOOLEAN">
          <VAR type="NUMERIC" id="PROHIBITED-CLAUSE" />
          <VAL type="NUMERIC" value="0" />
        </OP>
      </FORMULA>
      <FORMULA value="1">
        <OP id="gt" type="BOOLEAN">
          <VAR type="NUMERIC" id="PROHIBITED-VERB" />
          <VAL type="NUMERIC" value="0" />
        </OP>
      </FORMULA>
      <FORMULA value="4">
        <VAL value="true" type="BOOLEAN" />
      </FORMULA>
      <AGGREG id="AVG" telt="ALL" />
    </CRITDEF>
    <CRITDEF id="COMPLEX-COMPUTE">
      <!-- Gestion des aggregations -->
      <!-- Gestion des stereotypes.
    <STEREOTYPE>
        <include list="TEST1,TEST2" />
        <exclude list="TEST3" />
    </STEREOTYPE>
    -->
      <FORMULA value="1">
        <OP id="gt" type="BOOLEAN">
          <VAR type="NUMERIC" id="COMPLEX-COMPUTE" />
          <VAL type="NUMERIC" value="0" />
        </OP>
      </FORMULA>
      <FORMULA value="4">
        <VAL value="true" type="BOOLEAN" />
      </FORMULA>
      <AGGREG id="AVG" telt="ALL" />
    </CRITDEF>
    <CRITDEF id="DATA-ELEMENT-USED-NOT-SET">
      <!-- Gestion des aggregations -->
      <!-- Gestion des stereotypes.
    <STEREOTYPE>
        <include list="TEST1,TEST2" />
        <exclude list="TEST3" />
    </STEREOTYPE>
    -->
      <FORMULA value="1">
        <OP id="gt" type="BOOLEAN">
          <VAR type="NUMERIC" id="DATA-ELEMENT-USED-NOT-SET" />
          <VAL type="NUMERIC" value="0" />
        </OP>
      </FORMULA>
      <FORMULA value="4">
        <VAL value="true" type="BOOLEAN" />
      </FORMULA>
      <AGGREG id="EXCLUS" telt="ALL" />
    </CRITDEF>
    <CRITDEF id="CHECK-FILE-STATUS">
      <!-- Gestion des aggregations -->
      <!-- Gestion des stereotypes.
    <STEREOTYPE>
        <include list="TEST1,TEST2" />
        <exclude list="TEST3" />
    </STEREOTYPE>
    -->
      <FORMULA value="1">
        <OP id="gt" type="BOOLEAN">
          <VAR type="NUMERIC" id="CHECK-FILE-STATUS" />
          <VAL type="NUMERIC" value="0" />
        </OP>
      </FORMULA>
      <FORMULA value="4">
        <VAL value="true" type="BOOLEAN" />
      </FORMULA>
      <AGGREG id="AVG" telt="ALL" />
    </CRITDEF>
    <CRITDEF id="FILE-ACCESS">
      <!-- Gestion des aggregations -->
      <!-- Gestion des stereotypes.
    <STEREOTYPE>
        <include list="TEST1,TEST2" />
        <exclude list="TEST3" />
    </STEREOTYPE>
    -->
      <FORMULA value="1">
        <OP id="gt" type="BOOLEAN">
          <VAR type="NUMERIC" id="FILE-ADVANCING-NOT-ADVANCING" />
          <VAL type="NUMERIC" value="0" />
        </OP>
      </FORMULA>
      <FORMULA value="1">
        <OP id="gt" type="BOOLEAN">
          <VAR type="NUMERIC" id="FILE-CODE-SET" />
          <VAL type="NUMERIC" value="0" />
        </OP>
      </FORMULA>
      <FORMULA value="1">
        <OP id="gt" type="BOOLEAN">
          <VAR type="NUMERIC" id="FILE-OP-WITH-LOCK" />
          <VAL type="NUMERIC" value="0" />
        </OP>
      </FORMULA>
      <FORMULA value="1">
        <OP id="gt" type="BOOLEAN">
          <VAR type="NUMERIC" id="FILE-WITHOUT-CLOSE" />
          <VAL type="NUMERIC" value="0" />
        </OP>
      </FORMULA>
      <FORMULA value="4">
        <VAL value="true" type="BOOLEAN" />
      </FORMULA>
      <AGGREG id="AVG" telt="ALL" />
    </CRITDEF>
    <CRITDEF id="SIGNED-OPERATION">
      <!-- Gestion des aggregations -->
      <!-- Gestion des stereotypes.
    <STEREOTYPE>
        <include list="TEST1,TEST2" />
        <exclude list="TEST3" />
    </STEREOTYPE>
    -->
      <FORMULA value="1">
        <OP id="gt" type="BOOLEAN">
          <VAR type="NUMERIC" id="SIGNED-TO-UNSIGNED" />
          <VAL type="NUMERIC" value="0" />
        </OP>
      </FORMULA>
      <FORMULA value="1">
        <OP id="gt" type="BOOLEAN">
          <VAR type="NUMERIC" id="SIGN-TRUNCATION" />
          <VAL type="NUMERIC" value="0" />
        </OP>
      </FORMULA>
      <FORMULA value="4">
        <VAL value="true" type="BOOLEAN" />
      </FORMULA>
      <AGGREG id="AVG" telt="ALL" />
    </CRITDEF>
    <CRITDEF id="TRUNCATION-DURING-MOVE">
      <!-- Gestion des aggregations -->
      <!-- Gestion des stereotypes.
    <STEREOTYPE>
        <include list="TEST1,TEST2" />
        <exclude list="TEST3" />
    </STEREOTYPE>
    -->
      <FORMULA value="1">
        <OP id="gt" type="BOOLEAN">
          <VAR type="NUMERIC" id="TRUNCATION-DURING-MOVE" />
          <VAL type="NUMERIC" value="0" />
        </OP>
      </FORMULA>
      <FORMULA value="4">
        <VAL value="true" type="BOOLEAN" />
      </FORMULA>
      <AGGREG id="EXCLUS" telt="ALL">
        <PARAM id="DEFAULT" value="4" type="NUMERIC" />
        <PARAM id="VALUE_EXCLUS" value="1" type="NUMERIC" />
      </AGGREG>
    </CRITDEF>
    <CRITDEF id="USED-WHEN-OTHER">
      <!-- Gestion des aggregations -->
      <!-- Gestion des stereotypes.
    <STEREOTYPE>
        <include list="TEST1,TEST2" />
        <exclude list="TEST3" />
    </STEREOTYPE>
    -->
      <FORMULA value="1">
        <OP id="gt" type="BOOLEAN">
          <VAR type="NUMERIC" id="USED-WHEN-OTHER" />
          <VAL type="NUMERIC" value="0" />
        </OP>
      </FORMULA>
      <FORMULA value="4">
        <VAL value="true" type="BOOLEAN" />
      </FORMULA>
      <AGGREG id="AVG" telt="ALL" />
    </CRITDEF>
    <CRITDEF id="ALPHANUMERIC-MOVE">
      <!-- Gestion des aggregations -->
      <!-- Gestion des stereotypes.
    <STEREOTYPE>
        <include list="TEST1,TEST2" />
        <exclude list="TEST3" />
    </STEREOTYPE>
    -->
      <FORMULA value="1">
        <OP id="gt" type="BOOLEAN">
          <VAR type="NUMERIC" id="ALPHANUMERIC-TO-NUMERIC" />
          <VAL type="NUMERIC" value="0" />
        </OP>
      </FORMULA>
      <FORMULA value="1">
        <OP id="gt" type="BOOLEAN">
          <VAR type="NUMERIC" id="ALPHA-TO-NUMERIC" />
          <VAL type="NUMERIC" value="0" />
        </OP>
      </FORMULA>
      <FORMULA value="1">
        <OP id="gt" type="BOOLEAN">
          <VAR type="NUMERIC" id="NUMERIC-TO-ALPHA" />
          <VAL type="NUMERIC" value="0" />
        </OP>
      </FORMULA>
      <FORMULA value="1">
        <OP id="gt" type="BOOLEAN">
          <VAR type="NUMERIC" id="ALPHANUMERIC-TO-ALPHA" />
          <VAL type="NUMERIC" value="0" />
        </OP>
      </FORMULA>
      <FORMULA value="4">
        <VAL value="true" type="BOOLEAN" />
      </FORMULA>
      <AGGREG id="AVG" telt="ALL" />
    </CRITDEF>
    <CRITDEF id="ARITHMETIC-OVERFLOW">
      <!-- Gestion des aggregations -->
      <!-- Gestion des stereotypes.
    <STEREOTYPE>
        <include list="TEST1,TEST2" />
        <exclude list="TEST3" />
    </STEREOTYPE>
    -->
      <FORMULA value="1">
        <OP id="gt" type="BOOLEAN">
          <VAR type="NUMERIC" id="ARITHMETIC-OVERFLOW" />
          <VAL type="NUMERIC" value="0" />
        </OP>
      </FORMULA>
      <FORMULA value="4">
        <VAL value="true" type="BOOLEAN" />
      </FORMULA>
      <AGGREG id="EXCLUS" telt="ALL" />
    </CRITDEF>
    <CRITDEF id="TOO-COMPLEX-CONTROL-FLOW">
      <!-- Gestion des aggregations -->
      <AGGREG id="AVG" telt="ALL" />
      <!-- Gestion des stereotypes.
    <STEREOTYPE>
        <include list="TEST1,TEST2" />
        <exclude list="TEST3" />
    </STEREOTYPE>
    -->
      <FORMULA value="1">
        <OP id="gt" type="BOOLEAN">
          <VAR id="TOO-COMPLEX-CONTROL-FLOW-BROKEN" type="NUMERIC" />
          <VAL value="0" type="NUMERIC" />
        </OP>
      </FORMULA>
      <FORMULA value="1">
        <OP id="gt" type="BOOLEAN">
          <VAR id="TOO-COMPLEX-CONTROL-FLOW-STACK" type="NUMERIC" />
          <VAL value="0" type="NUMERIC" />
        </OP>
      </FORMULA>
      <FORMULA value="4">
        <VAL value="true" type="BOOLEAN" />
      </FORMULA>
    </CRITDEF>
    <CRITDEF id="UNUSED-CODE">
      <!-- Gestion des aggregations -->
      <AGGREG id="AVG" telt="ALL" />
      <!-- Gestion des stereotypes.
    <STEREOTYPE>
        <include list="TEST1,TEST2" />
        <exclude list="TEST3" />
    </STEREOTYPE>
    -->
      <FORMULA value="1">
        <OP id="gt" type="BOOLEAN">
          <VAR id="UNREACHABLE-PARAGRAPH" type="NUMERIC" />
          <VAL value="0" type="NUMERIC" />
        </OP>
      </FORMULA>
      <FORMULA value="1">
        <OP id="gt" type="BOOLEAN">
          <VAR id="UNUSED-FILE" type="NUMERIC" />
          <VAL value="0" type="NUMERIC" />
        </OP>
      </FORMULA>
      <FORMULA value="1">
        <OP id="gt" type="BOOLEAN">
          <VAR id="VARIABLE-UNUSED" type="NUMERIC" />
          <VAL value="0" type="NUMERIC" />
        </OP>
      </FORMULA>
      <FORMULA value="4">
        <VAL value="true" type="BOOLEAN" />
      </FORMULA>
    </CRITDEF>
    <CRITDEF id="END-IF">
      <!-- Gestion des aggregations -->
      <AGGREG id="AVG" telt="ALL" />
      <!-- Gestion des stereotypes.
    <STEREOTYPE>
        <include list="TEST1,TEST2" />
        <exclude list="TEST3" />
    </STEREOTYPE>
    -->
      <FORMULA value="1">
        <OP id="gt" type="BOOLEAN">
          <VAR id="END-IF" type="NUMERIC" />
          <VAL value="0" type="NUMERIC" />
        </OP>
      </FORMULA>
      <FORMULA value="4">
        <VAL value="true" type="BOOLEAN" />
      </FORMULA>
    </CRITDEF>
    <CRITDEF id="LITERAL">
      <!-- Gestion des aggregations -->
      <AGGREG id="AVG" telt="ALL" />
      <!-- Gestion des stereotypes.
    <STEREOTYPE>
        <include list="TEST1,TEST2" />
        <exclude list="TEST3" />
    </STEREOTYPE>
    -->
      <FORMULA value="1">
        <OP id="gt" type="BOOLEAN">
          <VAR id="LITERAL" type="NUMERIC" />
          <VAL value="0" type="NUMERIC" />
        </OP>
      </FORMULA>
      <FORMULA value="4">
        <VAL value="true" type="BOOLEAN" />
      </FORMULA>
    </CRITDEF>
    <CRITDEF id="GOTO-AND-PERFORM">
      <!-- Gestion des aggregations -->
      <AGGREG id="AVG" telt="ALL" />
      <!-- Gestion des stereotypes.
    <STEREOTYPE>
        <include list="TEST1,TEST2" />
        <exclude list="TEST3" />
    </STEREOTYPE>
    -->
      <FORMULA value="1">
        <OP id="gt" type="BOOLEAN">
          <VAR id="GOTO-INTO-PERFORM" type="NUMERIC" />
          <VAL value="0" type="NUMERIC" />
        </OP>
      </FORMULA>
      <FORMULA value="1">
        <OP id="gt" type="BOOLEAN">
          <VAR id="GOTO-OUT-OF-PERFORM" type="NUMERIC" />
          <VAL value="0" type="NUMERIC" />
        </OP>
      </FORMULA>
      <FORMULA value="4">
        <VAL value="true" type="BOOLEAN" />
      </FORMULA>
    </CRITDEF>
    <CRITDEF id="TOO-COMPLEX-CONTROL-FLOW">
      <!-- Gestion des aggregations -->
      <AGGREG id="EXCLUS" telt="ALL" />
      <!-- Gestion des stereotypes.
    <STEREOTYPE>
        <include list="TEST1,TEST2" />
        <exclude list="TEST3" />
    </STEREOTYPE>
    -->
      <FORMULA value="1">
        <OP id="gt" type="BOOLEAN">
          <VAR id="TOO-COMPLEX-CONTROL-FLOW-BROKEN" type="NUMERIC" />
          <VAL value="0" type="NUMERIC" />
        </OP>
      </FORMULA>
      <FORMULA value="1">
        <OP id="gt" type="BOOLEAN">
          <VAR id="TOO-COMPLEX-CONTROL-FLOW-STACK" type="NUMERIC" />
          <VAL value="0" type="NUMERIC" />
        </OP>
      </FORMULA>
      <FORMULA value="4">
        <VAL value="true" type="BOOLEAN" />
      </FORMULA>
    </CRITDEF>
    <CRITDEF id="GOTO-AND-PERFORM">
      <!-- Gestion des aggregations -->
      <AGGREG id="EXCLUS" telt="ALL" />
      <!-- Gestion des stereotypes.
    <STEREOTYPE>
        <include list="TEST1,TEST2" />
        <exclude list="TEST3" />
    </STEREOTYPE>
    -->
      <FORMULA value="1">
        <OP id="gt" type="BOOLEAN">
          <VAR id="GOTO-INTO-PERFORM" type="NUMERIC" />
          <VAL value="0" type="NUMERIC" />
        </OP>
      </FORMULA>
      <FORMULA value="1">
        <OP id="gt" type="BOOLEAN">
          <VAR id="GOTO-OUT-OF-PERFORM" type="NUMERIC" />
          <VAL value="0" type="NUMERIC" />
        </OP>
      </FORMULA>
      <FORMULA value="4">
        <VAL value="true" type="BOOLEAN" />
      </FORMULA>
    </CRITDEF>
    <CRITDEF id="NESTED-IF">
      <!-- Gestion des aggregations -->
      <!-- Gestion des stereotypes.
    <STEREOTYPE>
        <include list="TEST1,TEST2" />
        <exclude list="TEST3" />
    </STEREOTYPE>
    -->
      <FORMULA value="1">
        <OP id="gt" type="BOOLEAN">
          <VAR type="NUMERIC" id="NESTED-IF" />
          <VAL type="NUMERIC" value="0" />
        </OP>
      </FORMULA>
      <FORMULA value="4">
        <VAL value="true" type="BOOLEAN" />
      </FORMULA>
      <AGGREG id="AVG" telt="ALL" />
    </CRITDEF>
    <CRITDEF id="AMBIGUOUS-DATA-NAME" telt="CLS">
      <FORMULA value="1">
        <OP id="gt" type="BOOLEAN">
          <VAR type="NUMERIC" id="AMBIGUOUS-DATA-NAME" />
          <VAL type="NUMERIC" value="0" />
        </OP>
      </FORMULA>
      <FORMULA value="4">
        <VAL value="true" type="BOOLEAN" />
      </FORMULA>
      <AGGREG id="EXCLUS" telt="ALL" />
    </CRITDEF>
    <CRITDEF id="PARSE-PROBLEMS">
      <!-- Gestion des aggregations -->
      <AGGREG id="AVG" telt="ALL" />
      <!-- Gestion des stereotypes.
    <STEREOTYPE>
        <include list="TEST1,TEST2" />
        <exclude list="TEST3" />
    </STEREOTYPE>
    -->
      <FORMULA value="1">
        <OP id="gt" type="BOOLEAN">
          <VAR id="PARSE-ERROR" type="NUMERIC" />
          <VAL value="0" type="NUMERIC" />
        </OP>
      </FORMULA>
      <FORMULA value="2">
        <OP id="gt" type="BOOLEAN">
          <VAR id="PARSE-REPAIR" type="NUMERIC" />
          <VAL value="0" type="NUMERIC" />
        </OP>
      </FORMULA>
      <FORMULA value="3">
        <OP id="gt" type="BOOLEAN">
          <VAR id="PARSE-WARNING" type="NUMERIC" />
          <VAL value="0" type="NUMERIC" />
        </OP>
      </FORMULA>
      <FORMULA value="4">
        <VAL value="true" type="BOOLEAN" />
      </FORMULA>
    </CRITDEF>
    <CRITDEF id="AMBIGUOUS-PROC-NAME" telt="CLS">
      <FORMULA value="1">
        <OP id="gt" type="BOOLEAN">
          <VAR type="NUMERIC" id="AMBIGUOUS-PROC-NAME" />
          <VAL type="NUMERIC" value="0" />
        </OP>
      </FORMULA>
      <FORMULA value="4">
        <VAL value="true" type="BOOLEAN" />
      </FORMULA>
      <AGGREG id="EXCLUS" telt="ALL" />
    </CRITDEF>
    <CRITDEF id="PROCEDURE-LOC">
      <!-- Gestion des aggregations -->
      <!-- Gestion des stereotypes.
    <STEREOTYPE>
        <include list="TEST1,TEST2" />
        <exclude list="TEST3" />
    </STEREOTYPE>
    -->
      <FORMULA value="1">
        <OP id="gt" type="BOOLEAN">
          <VAR type="NUMERIC" id="PROCEDURE-LOC" />
          <VAL type="NUMERIC" value="1000" />
        </OP>
      </FORMULA>
      <FORMULA value="2">
        <OP id="gt" type="BOOLEAN">
          <VAR type="NUMERIC" id="PROCEDURE-LOC" />
          <VAL type="NUMERIC" value="900" />
        </OP>
      </FORMULA>
      <FORMULA value="3">
        <OP id="gt" type="BOOLEAN">
          <VAR type="NUMERIC" id="PROCEDURE-LOC" />
          <VAL type="NUMERIC" value="700" />
        </OP>
      </FORMULA>
      <FORMULA value="4">
        <VAL value="true" type="BOOLEAN" />
      </FORMULA>
      <AGGREG id="AVG" telt="ALL" />
    </CRITDEF>
    <CRITDEF id="LITERAL">
      <!-- Gestion des aggregations -->
      <AGGREG id="AVG" telt="ALL" />
      <!-- Gestion des stereotypes.
    <STEREOTYPE>
        <include list="TEST1,TEST2" />
        <exclude list="TEST3" />
    </STEREOTYPE>
    -->
      <FORMULA value="1">
        <OP id="gt" type="BOOLEAN">
          <OP id="+" type="NUMERIC">
            <VAR id="LITERAL" type="NUMERIC" />
            <VAR id="LITERAL-LARGE-STRING-LITERAL" type="NUMERIC" />
          </OP>
          <VAL value="10" type="NUMERIC" />
        </OP>
      </FORMULA>
      <FORMULA value="2">
        <OP id="gt" type="BOOLEAN">
          <OP id="+" type="NUMERIC">
            <VAR id="LITERAL" type="NUMERIC" />
            <VAR id="LITERAL-LARGE-STRING-LITERAL" type="NUMERIC" />
          </OP>
          <VAL value="0" type="NUMERIC" />
        </OP>
      </FORMULA>
      <FORMULA value="4">
        <VAL value="true" type="BOOLEAN" />
      </FORMULA>
    </CRITDEF>
    <CRITDEF id="AVE-VAR-DEPTH">
      <!-- Gestion des aggregations -->
      <!-- Gestion des stereotypes.
    <STEREOTYPE>
        <include list="TEST1,TEST2" />
        <exclude list="TEST3" />
    </STEREOTYPE>
    -->
      <FORMULA value="1">
        <OP id="gt" type="BOOLEAN">
          <VAR type="NUMERIC" id="AVE-VAR-DEPTH" />
          <VAL type="NUMERIC" value="2" />
        </OP>
      </FORMULA>
      <FORMULA value="4">
        <VAL value="true" type="BOOLEAN" />
      </FORMULA>
      <AGGREG id="AVG" telt="ALL" />
    </CRITDEF>
    <CRITDEF id="FLOW-STMT-NB">
      <!-- Gestion des aggregations -->
      <!-- Gestion des stereotypes.
    <STEREOTYPE>
        <include list="TEST1,TEST2" />
        <exclude list="TEST3" />
    </STEREOTYPE>
    -->
      <FORMULA value="1">
        <OP id="gt" type="BOOLEAN">
          <OP id="*" type="NUMERIC">
            <OP id="/" type="NUMERIC">
              <VAR type="NUMERIC" id="TOT-FLOW-NB" />
              <VAR type="NUMERIC" id="TOT-STMT-NB" />
            </OP>
            <VAL type="NUMERIC" value="100" />
          </OP>
          <VAL type="NUMERIC" value="45" />
        </OP>
      </FORMULA>
      <FORMULA value="2">
        <OP id="gt" type="BOOLEAN">
          <OP id="*" type="NUMERIC">
            <OP id="/" type="NUMERIC">
              <VAR type="NUMERIC" id="TOT-FLOW-NB" />
              <VAR type="NUMERIC" id="TOT-STMT-NB" />
            </OP>
            <VAL type="NUMERIC" value="100" />
          </OP>
          <VAL type="NUMERIC" value="43" />
        </OP>
      </FORMULA>
      <FORMULA value="3">
        <OP id="gt" type="BOOLEAN">
          <OP id="*" type="NUMERIC">
            <OP id="/" type="NUMERIC">
              <VAR type="NUMERIC" id="TOT-FLOW-NB" />
              <VAR type="NUMERIC" id="TOT-STMT-NB" />
            </OP>
            <VAL type="NUMERIC" value="100" />
          </OP>
          <VAL type="NUMERIC" value="40" />
        </OP>
      </FORMULA>
      <FORMULA value="4">
        <VAL value="true" type="BOOLEAN" />
      </FORMULA>
      <AGGREG id="AVG" telt="ALL" />
    </CRITDEF>
    <CRITDEF id="TOO-COMPLEX-CONTROL-FLOW">
      <!-- Gestion des aggregations -->
      <AGGREG id="EXCLUS" telt="ALL" />
      <!-- Gestion des stereotypes.
    <STEREOTYPE>
        <include list="TEST1,TEST2" />
        <exclude list="TEST3" />
    </STEREOTYPE>
    -->
      <FORMULA value="1">
        <OP id="gt" type="BOOLEAN">
          <VAR id="TOO-COMPLEX-CONTROL-FLOW-BROKEN" type="NUMERIC" />
          <VAL value="0" type="NUMERIC" />
        </OP>
      </FORMULA>
      <FORMULA value="1">
        <OP id="gt" type="BOOLEAN">
          <VAR id="TOO-COMPLEX-CONTROL-FLOW-STACK" type="NUMERIC" />
          <VAL value="0" type="NUMERIC" />
        </OP>
      </FORMULA>
      <FORMULA value="4">
        <VAL value="true" type="BOOLEAN" />
      </FORMULA>
    </CRITDEF>
    <CRITDEF id="CALL-STMT-NB">
      <!-- Gestion des aggregations -->
      <!-- Gestion des stereotypes.
    <STEREOTYPE>
        <include list="TEST1,TEST2" />
        <exclude list="TEST3" />
    </STEREOTYPE>
    -->
      <FORMULA value="2">
        <OP id="gt" type="BOOLEAN">
          <OP id="*" type="NUMERIC">
            <OP id="/" type="NUMERIC">
              <VAR type="NUMERIC" id="TOT-CALL-NB" />
              <VAR type="NUMERIC" id="TOT-STMT-NB" />
            </OP>
            <VAL type="NUMERIC" value="100" />
          </OP>
          <VAL type="NUMERIC" value="5" />
        </OP>
      </FORMULA>
      <FORMULA value="3">
        <OP id="gt" type="BOOLEAN">
          <OP id="*" type="NUMERIC">
            <OP id="/" type="NUMERIC">
              <VAR type="NUMERIC" id="TOT-CALL-NB" />
              <VAR type="NUMERIC" id="TOT-STMT-NB" />
            </OP>
            <VAL type="NUMERIC" value="100" />
          </OP>
          <VAL type="NUMERIC" value="4" />
        </OP>
      </FORMULA>
      <FORMULA value="4">
        <VAL value="true" type="BOOLEAN" />
      </FORMULA>
      <AGGREG id="AVG" telt="ALL" />
    </CRITDEF>
    <CRITDEF id="OVERLAPPING-PERFORM-RANGES" telt="CLS">
      <FORMULA value="1">
        <OP id="gt" type="BOOLEAN">
          <VAR type="NUMERIC" id="OVERLAPPING-PERFORM-RANGES" />
          <VAL type="NUMERIC" value="0" />
        </OP>
      </FORMULA>
      <FORMULA value="4">
        <VAL value="true" type="BOOLEAN" />
      </FORMULA>
      <AGGREG id="EXCLUS" telt="ALL" />
    </CRITDEF>
    <CRITDEF id="COMP">
      <!-- Gestion des aggregations -->
      <!-- Gestion des stereotypes.
    <STEREOTYPE>
        <include list="TEST1,TEST2" />
        <exclude list="TEST3" />
    </STEREOTYPE>
    -->
      <FORMULA value="1">
        <OP id="AND" type="BOOLEAN">
          <OP id="gt" type="BOOLEAN">
            <OP id="*" type="NUMERIC">
              <OP id="/" type="NUMERIC">
                <VAR type="NUMERIC" id="MCCABE-CYCLOMATIC" />
                <VAR type="NUMERIC" id="PROCEDURE-NL" />
              </OP>
              <VAL type="NUMERIC" value="100" />
            </OP>
            <VAL type="NUMERIC" value="6" />
          </OP>
          <OP id="lt" type="BOOLEAN">
            <OP id="*" type="NUMERIC">
              <OP id="/" type="NUMERIC">
                <VAR type="NUMERIC" id="PROCEDURE-COMMENTS-NL" />
                <VAR type="NUMERIC" id="PROCEDURE-NL" />
              </OP>
              <VAL type="NUMERIC" value="100" />
            </OP>
            <VAL type="NUMERIC" value="20" />
          </OP>
        </OP>
      </FORMULA>
      <FORMULA value="2">
        <OP id="AND" type="BOOLEAN">
          <OP id="gt" type="BOOLEAN">
            <OP id="*" type="NUMERIC">
              <OP id="/" type="NUMERIC">
                <VAR type="NUMERIC" id="MCCABE-CYCLOMATIC" />
                <VAR type="NUMERIC" id="PROCEDURE-NL" />
              </OP>
              <VAL type="NUMERIC" value="100" />
            </OP>
            <VAL type="NUMERIC" value="6" />
          </OP>
          <OP id="lt" type="BOOLEAN">
            <OP id="*" type="NUMERIC">
              <OP id="/" type="NUMERIC">
                <VAR type="NUMERIC" id="PROCEDURE-COMMENTS-NL" />
                <VAR type="NUMERIC" id="PROCEDURE-NL" />
              </OP>
              <VAL type="NUMERIC" value="100" />
            </OP>
            <VAL type="NUMERIC" value="30" />
          </OP>
        </OP>
      </FORMULA>
      <FORMULA value="3">
        <OP id="lt" type="BOOLEAN">
          <OP id="*" type="NUMERIC">
            <OP id="/" type="NUMERIC">
              <VAR type="NUMERIC" id="TOTAL-COMMENTS-NB" />
              <VAR type="NUMERIC" id="PROCEDURE-NL" />
            </OP>
            <VAL type="NUMERIC" value="100" />
          </OP>
          <VAL type="NUMERIC" value="40" />
        </OP>
      </FORMULA>
      <FORMULA value="4">
        <VAL value="true" type="BOOLEAN" />
      </FORMULA>
      <AGGREG id="AVG" telt="ALL" />
    </CRITDEF>
    <CRITDEF id="COMPLEXITY">
      <!-- Gestion des aggregations -->
      <AGGREG id="AVG" telt="ALL" />
      <!-- Gestion des stereotypes.
    <STEREOTYPE>
        <include list="TEST1,TEST2" />
        <exclude list="TEST3" />
    </STEREOTYPE>
    -->
      <FORMULA value="1">
        <OP id="gt" type="BOOLEAN">
          <OP id="*" type="NUMERIC">
            <OP id="/" type="NUMERIC">
              <VAR id="MCCABE-CYCLOMATIC" type="NUMERIC" />
              <VAR id="TOTAL-LOC" type="NUMERIC" />
            </OP>
            <VAL value="100" type="NUMERIC" />
          </OP>
          <VAL value="10" type="NUMERIC" />
        </OP>
      </FORMULA>
      <FORMULA value="2">
        <OP id="gt" type="BOOLEAN">
          <OP id="*" type="NUMERIC">
            <OP id="/" type="NUMERIC">
              <VAR id="MCCABE-CYCLOMATIC" type="NUMERIC" />
              <VAR id="TOTAL-LOC" type="NUMERIC" />
            </OP>
            <VAL value="100" type="NUMERIC" />
          </OP>
          <VAL value="7" type="NUMERIC" />
        </OP>
      </FORMULA>
      <FORMULA value="3">
        <OP id="gt" type="BOOLEAN">
          <OP id="*" type="NUMERIC">
            <OP id="/" type="NUMERIC">
              <VAR id="MCCABE-CYCLOMATIC" type="NUMERIC" />
              <VAR id="TOTAL-LOC" type="NUMERIC" />
            </OP>
            <VAL value="100" type="NUMERIC" />
          </OP>
          <VAL value="5" type="NUMERIC" />
        </OP>
      </FORMULA>
      <FORMULA value="4">
        <VAL value="true" type="BOOLEAN" />
      </FORMULA>
    </CRITDEF>
    <CRITDEF id="UNKNOWN-NAME">
      <!-- Gestion des aggregations -->
      <!-- Gestion des stereotypes.
    <STEREOTYPE>
        <include list="TEST1,TEST2" />
        <exclude list="TEST3" />
    </STEREOTYPE>
    -->
      <FORMULA value="1">
        <OP id="gt" type="BOOLEAN">
          <VAR type="NUMERIC" id="UNKNOWN-DATA-NAME" />
          <VAL type="NUMERIC" value="0" />
        </OP>
      </FORMULA>
      <FORMULA value="1">
        <OP id="gt" type="BOOLEAN">
          <VAR type="NUMERIC" id="UNKNOWN-PROC-NAME" />
          <VAL type="NUMERIC" value="0" />
        </OP>
      </FORMULA>
      <FORMULA value="4">
        <VAL value="true" type="BOOLEAN" />
      </FORMULA>
      <AGGREG id="EXCLUS" telt="ALL" />
    </CRITDEF>
    <!--<CRITDEF id="ANOMALY-STATUS" telt="CLS">
      <AGGREG id="EXCLUS" telt="ALL" />
      <FORMULA value="1">
        <OP id="eq" type="BOOLEAN">
          <VAR id="MAX-ANOMALY-STATUS" type="NUMERIC" />
          <VAL value="4" type="NUMERIC" />
        </OP>
      </FORMULA>
      <FORMULA value="2">
        <OP id="eq" type="BOOLEAN">
          <VAR id="MAX-ANOMALY-STATUS" type="NUMERIC" />
          <VAL value="3" type="NUMERIC" />
        </OP>
      </FORMULA>
      <FORMULA value="3">
        <OP id="eq" type="BOOLEAN">
          <VAR id="MAX-ANOMALY-STATUS" type="NUMERIC" />
          <VAL value="2" type="NUMERIC" />
        </OP>
      </FORMULA>
      <FORMULA value="4">
        <VAL value="true" type="BOOLEAN" />
      </FORMULA>
    </CRITDEF>-->
    <CRITDEF id="PARAGRAPH-GOTO" telt="MET">
      <FORMULA value="1">
        <OP id="gt" type="BOOLEAN">
          <VAR type="NUMERIC" id="PARAGRAPH-GOTO" />
          <VAL type="NUMERIC" value="0" />
        </OP>
      </FORMULA>
      <FORMULA value="4">
        <VAL value="true" type="BOOLEAN" />
      </FORMULA>
      <AGGREG id="EXCLUS" telt="ALL" />
    </CRITDEF>
    <CRITDEF id="FILE-TOO-LONG">
      <FORMULA value="1">
        <OP id="gt" type="BOOLEAN">
          <VAR type="NUMERIC" id="NL" />
          <VAL type="NUMERIC" value="3000" />
        </OP>
      </FORMULA>
      <FORMULA value="4">
        <VAL value="true" type="BOOLEAN" />
      </FORMULA>
      <AGGREG id="EXCLUS" telt="ALL">
        <PARAM id="DEFAULT" value="1" type="NUMERIC" />
        <PARAM id="VALUE_EXCLUS" value="4" type="NUMERIC" />
      </AGGREG>
    </CRITDEF>
  </USAGE>
</METHOD>

