<?xml version="1.0"  encoding="UTF-8"?><regles><regle><id_crit><![CDATA[CALL-STMT-NB]]></id_crit><id_met><![CDATA[CALL-STMT-NB]]></id_met><id_usa><![CDATA[COBOL_PHOENIX_V2]]></id_usa><lib_reg/><desc_reg/><dinst_reg/><dmaj_reg/></regle><regle><id_crit><![CDATA[LINKAGE-IN-COPYBOOK]]></id_crit><id_met><![CDATA[LINKAGE-IN-COPYBOOK]]></id_met><id_usa><![CDATA[COBOL_PHOENIX_V2]]></id_usa><lib_reg/><desc_reg/><dinst_reg/><dmaj_reg/></regle><regle><id_crit><![CDATA[AVE-VAR-DEPTH]]></id_crit><id_met><![CDATA[AVE-VAR-DEPTH]]></id_met><id_usa><![CDATA[COBOL_PHOENIX_V2]]></id_usa><lib_reg/><desc_reg/><dinst_reg/><dmaj_reg/></regle><regle><id_crit><![CDATA[NAME-CONFLICT]]></id_crit><id_met><![CDATA[NAME-CONFLICT]]></id_met><id_usa><![CDATA[COBOL_PHOENIX_V2]]></id_usa><lib_reg/><desc_reg/><dinst_reg/><dmaj_reg/></regle><regle><id_crit><![CDATA[DATA-ELEMENT-USED-NOT-SET]]></id_crit><id_met><![CDATA[DATA-ELEMENT-USED-NOT-SET]]></id_met><id_usa><![CDATA[COBOL_PHOENIX_V2]]></id_usa><lib_reg/><desc_reg/><dinst_reg/><dmaj_reg/></regle><regle><id_crit><![CDATA[NUMERIC-VAR-TOO-BIG]]></id_crit><id_met><![CDATA[NUMERIC-VAR-TOO-BIG]]></id_met><id_usa><![CDATA[COBOL_PHOENIX_V2]]></id_usa><lib_reg/><desc_reg/><dinst_reg/><dmaj_reg/></regle><regle><id_crit><![CDATA[OVERLAPPING-PERFORM-RANGES]]></id_crit><id_met><![CDATA[OVERLAPPING-PERFORM-RANGES]]></id_met><id_usa><![CDATA[COBOL_PHOENIX_V2]]></id_usa><lib_reg/><desc_reg/><dinst_reg/><dmaj_reg/></regle><regle><id_crit><![CDATA[PARAGRAPH-FALLS-THROUGH]]></id_crit><id_met><![CDATA[PARAGRAPH-FALLS-THROUGH]]></id_met><id_usa><![CDATA[COBOL_PHOENIX_V2]]></id_usa><lib_reg/><desc_reg/><dinst_reg/><dmaj_reg/></regle><regle><id_crit><![CDATA[PARAGRAPH-GOTO]]></id_crit><id_met><![CDATA[PARAGRAPH-GOTO]]></id_met><id_usa><![CDATA[COBOL_PHOENIX_V2]]></id_usa><lib_reg/><desc_reg/><dinst_reg/><dmaj_reg/></regle><regle><id_crit><![CDATA[MISLEADING-IF]]></id_crit><id_met><![CDATA[MISLEADING-IF]]></id_met><id_usa><![CDATA[COBOL_PHOENIX_V2]]></id_usa><lib_reg/><desc_reg/><dinst_reg/><dmaj_reg/></regle><regle><id_crit><![CDATA[PRECISION-LOSS]]></id_crit><id_met><![CDATA[PRECISION-LOSS]]></id_met><id_usa><![CDATA[COBOL_PHOENIX_V2]]></id_usa><lib_reg/><desc_reg/><dinst_reg/><dmaj_reg/></regle><regle><id_crit><![CDATA[TRUNCATION-DURING-MOVE]]></id_crit><id_met><![CDATA[TRUNCATION-DURING-MOVE]]></id_met><id_usa><![CDATA[COBOL_PHOENIX_V2]]></id_usa><lib_reg/><desc_reg/><dinst_reg/><dmaj_reg/></regle><regle><id_crit><![CDATA[USED-WHEN-OTHER]]></id_crit><id_met><![CDATA[USED-WHEN-OTHER]]></id_met><id_usa><![CDATA[COBOL_PHOENIX_V2]]></id_usa><lib_reg/><desc_reg/><dinst_reg/><dmaj_reg/></regle><regle><id_crit><![CDATA[VARIABLE-SIZE-FILE]]></id_crit><id_met><![CDATA[VARIABLE-SIZE-FILE]]></id_met><id_usa><![CDATA[COBOL_PHOENIX_V2]]></id_usa><lib_reg/><desc_reg/><dinst_reg/><dmaj_reg/></regle><regle><id_crit><![CDATA[LITERAL]]></id_crit><id_met><![CDATA[LITERAL]]></id_met><id_usa><![CDATA[COBOL_PHOENIX_V2]]></id_usa><lib_reg/><desc_reg/><dinst_reg/><dmaj_reg/></regle><regle><id_crit><![CDATA[MULTI-RECORD-FILE]]></id_crit><id_met><![CDATA[MULTI-RECORD-FILE]]></id_met><id_usa><![CDATA[COBOL_PHOENIX_V2]]></id_usa><lib_reg/><desc_reg/><dinst_reg/><dmaj_reg/></regle><regle><id_crit><![CDATA[ARITHMETIC-OVERFLOW]]></id_crit><id_met><![CDATA[ARITHMETIC-OVERFLOW]]></id_met><id_usa><![CDATA[COBOL_PHOENIX_V2]]></id_usa><lib_reg/><desc_reg/><dinst_reg/><dmaj_reg/></regle><regle><id_crit><![CDATA[COMP]]></id_crit><id_met><![CDATA[MCCABE-CYCLOMATIC]]></id_met><id_usa><![CDATA[COBOL_PHOENIX_V2]]></id_usa><lib_reg/><desc_reg/><dinst_reg/><dmaj_reg/></regle><regle><id_crit><![CDATA[FILE-TOO-LONG]]></id_crit><id_met><![CDATA[NL]]></id_met><id_usa><![CDATA[COBOL_PHOENIX_V2]]></id_usa><lib_reg/><desc_reg/><dinst_reg/><dmaj_reg/></regle><regle><id_crit><![CDATA[COMP]]></id_crit><id_met><![CDATA[PROCEDURE-NL]]></id_met><id_usa><![CDATA[COBOL_PHOENIX_V2]]></id_usa><lib_reg/><desc_reg/><dinst_reg/><dmaj_reg/></regle><regle><id_crit><![CDATA[COMP]]></id_crit><id_met><![CDATA[PROCEDURE-COMMENTS-NL]]></id_met><id_usa><![CDATA[COBOL_PHOENIX_V2]]></id_usa><lib_reg/><desc_reg/><dinst_reg/><dmaj_reg/></regle><regle><id_crit><![CDATA[COMP]]></id_crit><id_met><![CDATA[TOTAL-COMMENTS-NB]]></id_met><id_usa><![CDATA[COBOL_PHOENIX_V2]]></id_usa><lib_reg/><desc_reg/><dinst_reg/><dmaj_reg/></regle><regle><id_crit><![CDATA[CALL-STMT-NB]]></id_crit><id_met><![CDATA[TOT-CALL-NB]]></id_met><id_usa><![CDATA[COBOL_PHOENIX_V2]]></id_usa><lib_reg/><desc_reg/><dinst_reg/><dmaj_reg/></regle><regle><id_crit><![CDATA[CALL-STMT-NB]]></id_crit><id_met><![CDATA[TOT-STMT-NB]]></id_met><id_usa><![CDATA[COBOL_PHOENIX_V2]]></id_usa><lib_reg/><desc_reg/><dinst_reg/><dmaj_reg/></regle><regle><id_crit><![CDATA[COMP]]></id_crit><id_met><![CDATA[TOTAL-LOC]]></id_met><id_usa><![CDATA[COBOL_PHOENIX_V2]]></id_usa><lib_reg/><desc_reg/><dinst_reg/><dmaj_reg/></regle><regle><id_crit><![CDATA[COMPLEXITY]]></id_crit><id_met><![CDATA[TOTAL-LOC]]></id_met><id_usa><![CDATA[COBOL_PHOENIX_V2]]></id_usa><lib_reg/><desc_reg/><dinst_reg/><dmaj_reg/></regle><regle><id_crit><![CDATA[FLOW-STMT-NB]]></id_crit><id_met><![CDATA[TOT-FLOW-NB]]></id_met><id_usa><![CDATA[COBOL_PHOENIX_V2]]></id_usa><lib_reg/><desc_reg/><dinst_reg/><dmaj_reg/></regle><regle><id_crit><![CDATA[PROHIBITED-CODE]]></id_crit><id_met><![CDATA[PROHIBITED-CLAUSE]]></id_met><id_usa><![CDATA[COBOL_PHOENIX_V2]]></id_usa><lib_reg/><desc_reg/><dinst_reg/><dmaj_reg/></regle><regle><id_crit><![CDATA[FLOW-STMT-NB]]></id_crit><id_met><![CDATA[TOT-STMT-NB]]></id_met><id_usa><![CDATA[COBOL_PHOENIX_V2]]></id_usa><lib_reg/><desc_reg/><dinst_reg/><dmaj_reg/></regle><regle><id_crit><![CDATA[TOO-COMPLEX-CONTROL-FLOW]]></id_crit><id_met><![CDATA[TOO-COMPLEX-CONTROL-FLOW-BROKEN]]></id_met><id_usa><![CDATA[COBOL_PHOENIX_V2]]></id_usa><lib_reg/><desc_reg/><dinst_reg/><dmaj_reg/></regle><regle><id_crit><![CDATA[TOO-COMPLEX-CONTROL-FLOW]]></id_crit><id_met><![CDATA[TOO-COMPLEX-CONTROL-FLOW-STACK]]></id_met><id_usa><![CDATA[COBOL_PHOENIX_V2]]></id_usa><lib_reg/><desc_reg/><dinst_reg/><dmaj_reg/></regle><regle><id_crit><![CDATA[PROHIBITED-CODE]]></id_crit><id_met><![CDATA[PROHIBITED-VERB]]></id_met><id_usa><![CDATA[COBOL_PHOENIX_V2]]></id_usa><lib_reg/><desc_reg/><dinst_reg/><dmaj_reg/></regle><regle><id_crit><![CDATA[EMPTY-PARAGRAPH]]></id_crit><id_met><![CDATA[EMPTY-REFD-PARAGRAPH]]></id_met><id_usa><![CDATA[COBOL_PHOENIX_V2]]></id_usa><lib_reg/><desc_reg/><dinst_reg/><dmaj_reg/></regle><regle><id_crit><![CDATA[GOTO-AND-PERFORM]]></id_crit><id_met><![CDATA[GOTO-INTO-PERFORM]]></id_met><id_usa><![CDATA[COBOL_PHOENIX_V2]]></id_usa><lib_reg/><desc_reg/><dinst_reg/><dmaj_reg/></regle><regle><id_crit><![CDATA[GOTO-AND-PERFORM]]></id_crit><id_met><![CDATA[GOTO-OUT-OF-PERFORM]]></id_met><id_usa><![CDATA[COBOL_PHOENIX_V2]]></id_usa><lib_reg/><desc_reg/><dinst_reg/><dmaj_reg/></regle><regle><id_crit><![CDATA[PERFORM-RANGE]]></id_crit><id_met><![CDATA[PERFORM-RANGE-ALIASES]]></id_met><id_usa><![CDATA[COBOL_PHOENIX_V2]]></id_usa><lib_reg/><desc_reg/><dinst_reg/><dmaj_reg/></regle><regle><id_crit><![CDATA[PERFORM-RANGE]]></id_crit><id_met><![CDATA[PERFORM-RANGE-CROSSES-SECTIONS]]></id_met><id_usa><![CDATA[COBOL_PHOENIX_V2]]></id_usa><lib_reg/><desc_reg/><dinst_reg/><dmaj_reg/></regle><regle><id_crit><![CDATA[PERFORM-RANGE]]></id_crit><id_met><![CDATA[PERFORM-RANGE-ORDERING]]></id_met><id_usa><![CDATA[COBOL_PHOENIX_V2]]></id_usa><lib_reg/><desc_reg/><dinst_reg/><dmaj_reg/></regle><regle><id_crit><![CDATA[UNUSED-CODE]]></id_crit><id_met><![CDATA[UNREACHABLE-PARAGRAPH]]></id_met><id_usa><![CDATA[COBOL_PHOENIX_V2]]></id_usa><lib_reg/><desc_reg/><dinst_reg/><dmaj_reg/></regle><regle><id_crit><![CDATA[UNUSED-CODE]]></id_crit><id_met><![CDATA[VARIABLE-UNUSED]]></id_met><id_usa><![CDATA[COBOL_PHOENIX_V2]]></id_usa><lib_reg/><desc_reg/><dinst_reg/><dmaj_reg/></regle><regle><id_crit><![CDATA[UNUSED-CODE]]></id_crit><id_met><![CDATA[UNUSED-FILE]]></id_met><id_usa><![CDATA[COBOL_PHOENIX_V2]]></id_usa><lib_reg/><desc_reg/><dinst_reg/><dmaj_reg/></regle><regle><id_crit><![CDATA[ALPHANUMERIC-MOVE]]></id_crit><id_met><![CDATA[ALPHANUMERIC-TO-NUMERIC]]></id_met><id_usa><![CDATA[COBOL_PHOENIX_V2]]></id_usa><lib_reg/><desc_reg/><dinst_reg/><dmaj_reg/></regle><regle><id_crit><![CDATA[ALPHANUMERIC-MOVE]]></id_crit><id_met><![CDATA[ALPHA-TO-NUMERIC]]></id_met><id_usa><![CDATA[COBOL_PHOENIX_V2]]></id_usa><lib_reg/><desc_reg/><dinst_reg/><dmaj_reg/></regle><regle><id_crit><![CDATA[ALPHANUMERIC-MOVE]]></id_crit><id_met><![CDATA[NUMERIC-TO-ALPHA]]></id_met><id_usa><![CDATA[COBOL_PHOENIX_V2]]></id_usa><lib_reg/><desc_reg/><dinst_reg/><dmaj_reg/></regle><regle><id_crit><![CDATA[ALPHANUMERIC-MOVE]]></id_crit><id_met><![CDATA[ALPHANUMERIC-TO-ALPHA]]></id_met><id_usa><![CDATA[COBOL_PHOENIX_V2]]></id_usa><lib_reg/><desc_reg/><dinst_reg/><dmaj_reg/></regle><regle><id_crit><![CDATA[CICS-RULES]]></id_crit><id_met><![CDATA[CICS-CHECK-RESP]]></id_met><id_usa><![CDATA[COBOL_PHOENIX_V2]]></id_usa><lib_reg/><desc_reg/><dinst_reg/><dmaj_reg/></regle><regle><id_crit><![CDATA[CICS-RULES]]></id_crit><id_met><![CDATA[CICS-LENGTH-MISMATCH]]></id_met><id_usa><![CDATA[COBOL_PHOENIX_V2]]></id_usa><lib_reg/><desc_reg/><dinst_reg/><dmaj_reg/></regle><regle><id_crit><![CDATA[FILE-ACCESS]]></id_crit><id_met><![CDATA[FILE-ADVANCING-NOT-ADVANCING]]></id_met><id_usa><![CDATA[COBOL_PHOENIX_V2]]></id_usa><lib_reg/><desc_reg/><dinst_reg/><dmaj_reg/></regle><regle><id_crit><![CDATA[FILE-ACCESS]]></id_crit><id_met><![CDATA[FILE-CODE-SET]]></id_met><id_usa><![CDATA[COBOL_PHOENIX_V2]]></id_usa><lib_reg/><desc_reg/><dinst_reg/><dmaj_reg/></regle><regle><id_crit><![CDATA[FILE-ACCESS]]></id_crit><id_met><![CDATA[FILE-OP-WITH-LOCK]]></id_met><id_usa><![CDATA[COBOL_PHOENIX_V2]]></id_usa><lib_reg/><desc_reg/><dinst_reg/><dmaj_reg/></regle><regle><id_crit><![CDATA[FILE-ACCESS]]></id_crit><id_met><![CDATA[FILE-WITHOUT-CLOSE]]></id_met><id_usa><![CDATA[COBOL_PHOENIX_V2]]></id_usa><lib_reg/><desc_reg/><dinst_reg/><dmaj_reg/></regle><regle><id_crit><![CDATA[SIGNED-OPERATION]]></id_crit><id_met><![CDATA[SIGN-TRUNCATION]]></id_met><id_usa><![CDATA[COBOL_PHOENIX_V2]]></id_usa><lib_reg/><desc_reg/><dinst_reg/><dmaj_reg/></regle><regle><id_crit><![CDATA[SIGNED-OPERATION]]></id_crit><id_met><![CDATA[SIGNED-TO-UNSIGNED]]></id_met><id_usa><![CDATA[COBOL_PHOENIX_V2]]></id_usa><lib_reg/><desc_reg/><dinst_reg/><dmaj_reg/></regle><regle><id_crit><![CDATA[PARSE-PROBLEMS]]></id_crit><id_met><![CDATA[PARSE-ERROR]]></id_met><id_usa><![CDATA[COBOL_PHOENIX_V2]]></id_usa><lib_reg/><desc_reg/><dinst_reg/><dmaj_reg/></regle><regle><id_crit><![CDATA[PARSE-PROBLEMS]]></id_crit><id_met><![CDATA[PARSE-REPAIR]]></id_met><id_usa><![CDATA[COBOL_PHOENIX_V2]]></id_usa><lib_reg/><desc_reg/><dinst_reg/><dmaj_reg/></regle><regle><id_crit><![CDATA[PARSE-PROBLEMS]]></id_crit><id_met><![CDATA[PARSE-WARNING]]></id_met><id_usa><![CDATA[COBOL_PHOENIX_V2]]></id_usa><lib_reg/><desc_reg/><dinst_reg/><dmaj_reg/></regle><regle><id_crit><![CDATA[UNKNOWN-NAME]]></id_crit><id_met><![CDATA[UNKNOWN-DATA-NAME]]></id_met><id_usa><![CDATA[COBOL_PHOENIX_V2]]></id_usa><lib_reg/><desc_reg/><dinst_reg/><dmaj_reg/></regle><regle><id_crit><![CDATA[UNKNOWN-NAME]]></id_crit><id_met><![CDATA[UNKNOWN-PROC-NAME]]></id_met><id_usa><![CDATA[COBOL_PHOENIX_V2]]></id_usa><lib_reg/><desc_reg/><dinst_reg/><dmaj_reg/></regle><regle><id_crit><![CDATA[CHECK-FILE-STATUS]]></id_crit><id_met><![CDATA[CHECK-FILE-STATUS]]></id_met><id_usa><![CDATA[COBOL_PHOENIX_V2]]></id_usa><lib_reg/><desc_reg/><dinst_reg/><dmaj_reg/></regle><regle><id_crit><![CDATA[ALTER-STATEMENT]]></id_crit><id_met><![CDATA[ALTER-STATEMENT]]></id_met><id_usa><![CDATA[COBOL_PHOENIX_V2]]></id_usa><lib_reg/><desc_reg/><dinst_reg/><dmaj_reg/></regle><regle><id_crit><![CDATA[AMBIGUOUS-DATA-NAME]]></id_crit><id_met><![CDATA[AMBIGUOUS-DATA-NAME]]></id_met><id_usa><![CDATA[COBOL_PHOENIX_V2]]></id_usa><lib_reg/><desc_reg/><dinst_reg/><dmaj_reg/></regle><regle><id_crit><![CDATA[AMBIGUOUS-PROC-NAME]]></id_crit><id_met><![CDATA[AMBIGUOUS-PROC-NAME]]></id_met><id_usa><![CDATA[COBOL_PHOENIX_V2]]></id_usa><lib_reg/><desc_reg/><dinst_reg/><dmaj_reg/></regle><regle><id_crit><![CDATA[NESTED-IF]]></id_crit><id_met><![CDATA[NESTED-IF]]></id_met><id_usa><![CDATA[COBOL_PHOENIX_V2]]></id_usa><lib_reg/><desc_reg/><dinst_reg/><dmaj_reg/></regle><regle><id_crit><![CDATA[PARAMETERS-IN-COPYBOOK]]></id_crit><id_met><![CDATA[PARAMETERS-IN-COPYBOOK]]></id_met><id_usa><![CDATA[COBOL_PHOENIX_V2]]></id_usa><lib_reg/><desc_reg/><dinst_reg/><dmaj_reg/></regle><regle><id_crit><![CDATA[MALFORMED-DATA-DESCRIPTOR]]></id_crit><id_met><![CDATA[MALFORMED-DATA-DESCRIPTOR]]></id_met><id_usa><![CDATA[COBOL_PHOENIX_V2]]></id_usa><lib_reg/><desc_reg/><dinst_reg/><dmaj_reg/></regle><regle><id_crit><![CDATA[EMPTY-PARAGRAPH]]></id_crit><id_met><![CDATA[EMPTY-PARAGRAPH]]></id_met><id_usa><![CDATA[COBOL_PHOENIX_V2]]></id_usa><lib_reg/><desc_reg/><dinst_reg/><dmaj_reg/></regle><regle><id_crit><![CDATA[POSSIBLY-INCORRECT-SET-USE]]></id_crit><id_met><![CDATA[POSSIBLY-INCORRECT-SET-USE]]></id_met><id_usa><![CDATA[COBOL_PHOENIX_V2]]></id_usa><lib_reg/><desc_reg/><dinst_reg/><dmaj_reg/></regle><regle><id_crit><![CDATA[IDENTIFIER-TOO-LONG]]></id_crit><id_met><![CDATA[IDENTIFIER-TOO-LONG]]></id_met><id_usa><![CDATA[COBOL_PHOENIX_V2]]></id_usa><lib_reg/><desc_reg/><dinst_reg/><dmaj_reg/></regle><regle><id_crit><![CDATA[UNABLE-TO-MODEL-SEMANTICS]]></id_crit><id_met><![CDATA[UNABLE-TO-MODEL-SEMANTICS]]></id_met><id_usa><![CDATA[COBOL_PHOENIX_V2]]></id_usa><lib_reg/><desc_reg/><dinst_reg/><dmaj_reg/></regle><regle><id_crit><![CDATA[DATA-ELEMENT-SET-NOT-USED]]></id_crit><id_met><![CDATA[DATA-ELEMENT-SET-NOT-USED]]></id_met><id_usa><![CDATA[COBOL_PHOENIX_V2]]></id_usa><lib_reg/><desc_reg/><dinst_reg/><dmaj_reg/></regle><regle><id_crit><![CDATA[END-IF]]></id_crit><id_met><![CDATA[END-IF]]></id_met><id_usa><![CDATA[COBOL_PHOENIX_V2]]></id_usa><lib_reg/><desc_reg/><dinst_reg/><dmaj_reg/></regle><regle><id_crit><![CDATA[TABS-PRESENT]]></id_crit><id_met><![CDATA[TABS-PRESENT]]></id_met><id_usa><![CDATA[COBOL_PHOENIX_V2]]></id_usa><lib_reg/><desc_reg/><dinst_reg/><dmaj_reg/></regle><regle><id_crit><![CDATA[BAD-DECIMAL-POINT]]></id_crit><id_met><![CDATA[BAD-DECIMAL-POINT]]></id_met><id_usa><![CDATA[COBOL_PHOENIX_V2]]></id_usa><lib_reg/><desc_reg/><dinst_reg/><dmaj_reg/></regle><regle><id_crit><![CDATA[COMPLEX-COMPUTE]]></id_crit><id_met><![CDATA[COMPLEX-COMPUTE]]></id_met><id_usa><![CDATA[COBOL_PHOENIX_V2]]></id_usa><lib_reg/><desc_reg/><dinst_reg/><dmaj_reg/></regle><regle><id_crit><![CDATA[EXEC-STATEMENT]]></id_crit><id_met><![CDATA[EXEC-STATEMENT]]></id_met><id_usa><![CDATA[COBOL_PHOENIX_V2]]></id_usa><lib_reg/><desc_reg/><dinst_reg/><dmaj_reg/></regle><regle><id_crit><![CDATA[STOP-RUN-IN-SORT]]></id_crit><id_met><![CDATA[STOP-RUN-IN-SORT]]></id_met><id_usa><![CDATA[COBOL_PHOENIX_V2]]></id_usa><lib_reg/><desc_reg/><dinst_reg/><dmaj_reg/></regle><regle><id_crit><![CDATA[SWITCHES-SPECIAL-NAMES]]></id_crit><id_met><![CDATA[SWITCHES-SPECIAL-NAMES]]></id_met><id_usa><![CDATA[COBOL_PHOENIX_V2]]></id_usa><lib_reg/><desc_reg/><dinst_reg/><dmaj_reg/></regle><regle><id_crit><![CDATA[HARD-CODED-INTERFACE]]></id_crit><id_met><![CDATA[HARD-CODED-INTERFACE]]></id_met><id_usa><![CDATA[COBOL_PHOENIX_V2]]></id_usa><lib_reg/><desc_reg/><dinst_reg/><dmaj_reg/></regle><regle><id_crit><![CDATA[TEST-FILE-STATUS-NON-ZERO]]></id_crit><id_met><![CDATA[TEST-FILE-STATUS-NON-ZERO]]></id_met><id_usa><![CDATA[COBOL_PHOENIX_V2]]></id_usa><lib_reg/><desc_reg/><dinst_reg/><dmaj_reg/></regle><regle><id_crit><![CDATA[EMPTY-SECTION]]></id_crit><id_met><![CDATA[EMPTY-SECTION]]></id_met><id_usa><![CDATA[COBOL_PHOENIX_V2]]></id_usa><lib_reg/><desc_reg/><dinst_reg/><dmaj_reg/></regle><regle><id_crit><![CDATA[PROCEDURE-LOC]]></id_crit><id_met><![CDATA[PROCEDURE-LOC]]></id_met><id_usa><![CDATA[COBOL_PHOENIX_V2]]></id_usa><lib_reg/><desc_reg/><dinst_reg/><dmaj_reg/></regle><regle><id_crit><![CDATA[INITIALIZED-LINKAGE-VAR]]></id_crit><id_met><![CDATA[INITIALIZED-LINKAGE-VAR]]></id_met><id_usa><![CDATA[COBOL_PHOENIX_V2]]></id_usa><lib_reg/><desc_reg/><dinst_reg/><dmaj_reg/></regle></regles>