<?xml version="1.0" encoding="UTF-8"?>
<office:document-content xmlns:office="urn:oasis:names:tc:opendocument:xmlns:office:1.0" xmlns:style="urn:oasis:names:tc:opendocument:xmlns:style:1.0" xmlns:text="urn:oasis:names:tc:opendocument:xmlns:text:1.0" xmlns:table="urn:oasis:names:tc:opendocument:xmlns:table:1.0" xmlns:draw="urn:oasis:names:tc:opendocument:xmlns:drawing:1.0" xmlns:fo="urn:oasis:names:tc:opendocument:xmlns:xsl-fo-compatible:1.0" xmlns:xlink="http://www.w3.org/1999/xlink" xmlns:dc="http://purl.org/dc/elements/1.1/" xmlns:meta="urn:oasis:names:tc:opendocument:xmlns:meta:1.0" xmlns:number="urn:oasis:names:tc:opendocument:xmlns:datastyle:1.0" xmlns:svg="urn:oasis:names:tc:opendocument:xmlns:svg-compatible:1.0" xmlns:chart="urn:oasis:names:tc:opendocument:xmlns:chart:1.0" xmlns:dr3d="urn:oasis:names:tc:opendocument:xmlns:dr3d:1.0" xmlns:math="http://www.w3.org/1998/Math/MathML" xmlns:form="urn:oasis:names:tc:opendocument:xmlns:form:1.0" xmlns:script="urn:oasis:names:tc:opendocument:xmlns:script:1.0" xmlns:ooo="http://openoffice.org/2004/office" xmlns:ooow="http://openoffice.org/2004/writer" xmlns:oooc="http://openoffice.org/2004/calc" xmlns:dom="http://www.w3.org/2001/xml-events" xmlns:xforms="http://www.w3.org/2002/xforms" xmlns:xsd="http://www.w3.org/2001/XMLSchema" xmlns:xsi="http://www.w3.org/2001/XMLSchema-instance" office:version="1.0">
	<office:scripts/>
	<office:font-face-decls>
		<style:font-face style:name="StarSymbol" svg:font-family="StarSymbol, &apos;Arial Unicode MS&apos;" style:font-charset="x-symbol"/>
		<style:font-face style:name="Wingdings" svg:font-family="Wingdings" style:font-pitch="variable" style:font-charset="x-symbol"/>
		<style:font-face style:name="Symbol" svg:font-family="Symbol" style:font-family-generic="roman" style:font-pitch="variable" style:font-charset="x-symbol"/>
		<style:font-face style:name="Wingdings 2" svg:font-family="&apos;Wingdings 2&apos;" style:font-family-generic="roman" style:font-pitch="variable" style:font-charset="x-symbol"/>
		<style:font-face style:name="Courier New" svg:font-family="&apos;Courier New&apos;" style:font-family-generic="modern"/>
		<style:font-face style:name="Arial Black1" svg:font-family="&apos;Arial Black&apos;" style:font-family-generic="roman"/>
		<style:font-face style:name="Arial Unicode MS" svg:font-family="&apos;Arial Unicode MS&apos;" style:font-pitch="variable"/>
		<style:font-face style:name="Tahoma" svg:font-family="Tahoma" style:font-pitch="variable"/>
		<style:font-face style:name="Times New Roman" svg:font-family="&apos;Times New Roman&apos;" style:font-family-generic="roman" style:font-pitch="variable"/>
		<style:font-face style:name="Arial" svg:font-family="Arial" style:font-family-generic="swiss" style:font-pitch="variable"/>
		<style:font-face style:name="Arial Black" svg:font-family="&apos;Arial Black&apos;" style:font-family-generic="swiss" style:font-pitch="variable"/>
		<style:font-face style:name="Arial Unicode MS1" svg:font-family="&apos;Arial Unicode MS&apos;" style:font-family-generic="swiss" style:font-pitch="variable"/>
		<style:font-face style:name="Tahoma1" svg:font-family="Tahoma" style:font-family-generic="swiss" style:font-pitch="variable"/>
		<style:font-face style:name="Verdana" svg:font-family="Verdana" style:font-family-generic="swiss" style:font-pitch="variable"/>
	</office:font-face-decls>
		<office:automatic-styles>
          <office:automatic-styles>@CONTENT-STYLES</office:automatic-styles>
		</office:automatic-styles>
	<office:body>
		<office:text>
			<text:sequence-decls>
				<text:sequence-decl text:display-outline-level="0" text:name="Illustration"/>
				<text:sequence-decl text:display-outline-level="0" text:name="Table"/>
				<text:sequence-decl text:display-outline-level="0" text:name="Text"/>
				<text:sequence-decl text:display-outline-level="0" text:name="Drawing"/>
			</text:sequence-decls>
			<text:p text:style-name="P1"/>
			<text:p text:style-name="P2"/>
			<text:p text:style-name="P2"/>
			<text:p text:style-name="P2"/>
			<text:p text:style-name="P2"/>
			<text:p text:style-name="P2">
				<draw:frame draw:style-name="fr1" draw:name="Image1" text:anchor-type="as-char" svg:width="15.233cm" svg:height="9.423cm" draw:z-index="0">
					<draw:image xlink:href="Pictures/100000000000052C00000333B2160036.jpg" xlink:type="simple" xlink:show="embed" xlink:actuate="onLoad"/>
				</draw:frame>
			</text:p>
			<text:p text:style-name="P2"/>

          <text:p text:style-name="P3">@TITLE</text:p>

			<text:p text:style-name="P5"/>
			<text:p text:style-name="P6"/>
			<text:p text:style-name="P7">Table of Contents</text:p>
			<text:table-of-content text:style-name="Sect2" text:name="Table des matières1">
				<text:table-of-content-source text:outline-level="3" text:use-index-marks="false" text:use-index-source-styles="true">
					<text:index-title-template text:style-name="Contents_20_Heading"/>
					<text:table-of-content-entry-template text:outline-level="1" text:style-name="Contents_20_1">
						<text:index-entry-link-start/>
						<text:index-entry-chapter/>
						<text:index-entry-span>-</text:index-entry-span>
						<text:index-entry-text/>
						<text:index-entry-tab-stop style:type="right" style:leader-char="."/>
						<text:index-entry-page-number/>
						<text:index-entry-link-end/>
						<text:index-entry-tab-stop style:type="left" style:position="0.953cm" style:leader-char=" " style:with-tab="false"/>
						<text:index-entry-tab-stop style:type="left" style:position="16.5cm" style:leader-char="." style:with-tab="false"/>
					</text:table-of-content-entry-template>
					<text:table-of-content-entry-template text:outline-level="2" text:style-name="Contents_20_2">
						<text:index-entry-link-start/>
						<text:index-entry-chapter/>
						<text:index-entry-span>-</text:index-entry-span>
						<text:index-entry-text/>
						<text:index-entry-tab-stop style:type="right" style:leader-char="."/>
						<text:index-entry-page-number/>
						<text:index-entry-link-end/>
						<text:index-entry-tab-stop style:type="left" style:position="17.0cm" style:leader-char="." style:with-tab="false"/>
					</text:table-of-content-entry-template>
					<text:table-of-content-entry-template text:outline-level="3" text:style-name="Contents_20_3">
						<text:index-entry-link-start/>
						<text:index-entry-chapter/>
						<text:index-entry-span>-</text:index-entry-span>
						<text:index-entry-text/>
						<text:index-entry-tab-stop style:type="right" style:leader-char="."/>
						<text:index-entry-page-number/>
						<text:index-entry-link-end/>
						<text:index-entry-tab-stop style:type="left" style:position="16.5cm" style:leader-char="." style:with-tab="false"/>
					</text:table-of-content-entry-template>
					<text:table-of-content-entry-template text:outline-level="4" text:style-name="Contents_20_4">
						<text:index-entry-link-start/>
						<text:index-entry-chapter/>
						<text:index-entry-span>-</text:index-entry-span>
						<text:index-entry-text/>
						<text:index-entry-tab-stop style:type="right" style:leader-char="."/>
						<text:index-entry-page-number/>
						<text:index-entry-link-end/>
						<text:index-entry-tab-stop style:type="left" style:position="16.5cm" style:leader-char="." style:with-tab="false"/>
					</text:table-of-content-entry-template>
					<text:table-of-content-entry-template text:outline-level="5" text:style-name="Contents_20_5">
						<text:index-entry-chapter/>
						<text:index-entry-span></text:index-entry-span>
						<text:index-entry-text/>
						<text:index-entry-tab-stop style:type="right" style:leader-char="."/>
						<text:index-entry-page-number/>
						<text:index-entry-tab-stop style:type="left" style:position="15.593cm" style:leader-char="." style:with-tab="false"/>
					</text:table-of-content-entry-template>
					<text:table-of-content-entry-template text:outline-level="6" text:style-name="Contents_20_6">
						<text:index-entry-chapter/>
						<text:index-entry-span></text:index-entry-span>
						<text:index-entry-text/>
						<text:index-entry-tab-stop style:type="right" style:leader-char="."/>
						<text:index-entry-page-number/>
						<text:index-entry-tab-stop style:type="left" style:position="15.094cm" style:leader-char="." style:with-tab="false"/>
					</text:table-of-content-entry-template>
					<text:table-of-content-entry-template text:outline-level="7" text:style-name="Contents_20_7">
						<text:index-entry-chapter/>
						<text:index-entry-span></text:index-entry-span>
						<text:index-entry-text/>
						<text:index-entry-tab-stop style:type="right" style:leader-char="."/>
						<text:index-entry-page-number/>
						<text:index-entry-tab-stop style:type="left" style:position="14.594cm" style:leader-char="." style:with-tab="false"/>
					</text:table-of-content-entry-template>
					<text:table-of-content-entry-template text:outline-level="8" text:style-name="Contents_20_8">
						<text:index-entry-chapter/>
						<text:index-entry-span></text:index-entry-span>
						<text:index-entry-text/>
						<text:index-entry-tab-stop style:type="right" style:leader-char="."/>
						<text:index-entry-page-number/>
						<text:index-entry-tab-stop style:type="left" style:position="14.095cm" style:leader-char="." style:with-tab="false"/>
					</text:table-of-content-entry-template>
					<text:table-of-content-entry-template text:outline-level="9" text:style-name="Contents_20_9">
						<text:index-entry-chapter/>
						<text:index-entry-span></text:index-entry-span>
						<text:index-entry-text/>
						<text:index-entry-tab-stop style:type="right" style:leader-char="."/>
						<text:index-entry-page-number/>
						<text:index-entry-tab-stop style:type="left" style:position="13.596cm" style:leader-char="." style:with-tab="false"/>
					</text:table-of-content-entry-template>
					<text:table-of-content-entry-template text:outline-level="10" text:style-name="Contents_20_10">
						<text:index-entry-chapter/>
						<text:index-entry-text/>
						<text:index-entry-tab-stop style:type="right" style:leader-char="."/>
						<text:index-entry-page-number/>
						<text:index-entry-tab-stop style:type="left" style:position="13.097cm" style:leader-char="." style:with-tab="false"/>
					</text:table-of-content-entry-template>
					<text:index-source-styles text:outline-level="1">
						<text:index-source-style text:style-name="Heading_20_1"/>
					</text:index-source-styles>
					<text:index-source-styles text:outline-level="2">
						<text:index-source-style text:style-name="Heading_20_2"/>
					</text:index-source-styles>
					<text:index-source-styles text:outline-level="3">
						<text:index-source-style text:style-name="Heading_20_3"/>
					</text:index-source-styles>
					<text:index-source-styles text:outline-level="4">
						<text:index-source-style text:style-name="Heading_20_4"/>
					</text:index-source-styles>
					<text:index-source-styles text:outline-level="5">
						<text:index-source-style text:style-name="Heading_20_5"/>
					</text:index-source-styles>
					<text:index-source-styles text:outline-level="6">
						<text:index-source-style text:style-name="Heading_20_6"/>
					</text:index-source-styles>
					<text:index-source-styles text:outline-level="7">
						<text:index-source-style text:style-name="Heading_20_7"/>
					</text:index-source-styles>
					<text:index-source-styles text:outline-level="8">
						<text:index-source-style text:style-name="Heading_20_8"/>
					</text:index-source-styles>
					<text:index-source-styles text:outline-level="9">
						<text:index-source-style text:style-name="Heading_20_9"/>
					</text:index-source-styles>
				</text:table-of-content-source>
				<text:index-body>
					<text:p text:style-name="P8">1 Appendix 1: Functions points computation formula<text:tab/>1</text:p>
					<text:p text:style-name="P8">2 Appendix 2: Criterions<text:tab/>1</text:p>
					<text:p text:style-name="P8">3 Appendix 3: Metrics<text:tab/>5</text:p>
				</text:index-body>
			</text:table-of-content>
			<text:p text:style-name="P12"/>
			<text:p text:style-name="P15"/>

      <text:h text:style-name="Heading_20_1" text:outline-level="1">Appendix 1: Functions points computation formula</text:h>
      <text:p text:style-name="Standard">@DEFINITIONS-IFPUG</text:p>

      <text:h text:style-name="Heading_20_1" text:outline-level="1">Appendix 2: Criterions</text:h>
      <text:p text:style-name="Standard">@DEFINITIONS-CRITERES</text:p>
			
				
			<text:h text:style-name="Heading_20_1" text:outline-level="1">Appendix 3: Metrics</text:h>
      <text:p text:style-name="Standard">@DEFINITIONS-METRIQUES</text:p>
		</office:text>
	</office:body>
</office:document-content>
