<?xml version="1.0" encoding="UTF-8"?>
<office:document-meta xmlns:office="urn:oasis:names:tc:opendocument:xmlns:office:1.0" xmlns:xlink="http://www.w3.org/1999/xlink" xmlns:dc="http://purl.org/dc/elements/1.1/" xmlns:meta="urn:oasis:names:tc:opendocument:xmlns:meta:1.0" xmlns:ooo="http://openoffice.org/2004/office" office:version="1.0">
    <office:meta>
        <meta:generator>OpenOffice.org/2.0$Win32 OpenOffice.org_project/680m5$Build-9011</meta:generator>
        <meta:initial-creator>Compuware</meta:initial-creator>
        <meta:creation-date>2007-05-12T14:56:00</meta:creation-date>
        <dc:creator>CPWR</dc:creator>
        <dc:date>2007-10-12T09:40:00</dc:date>
        <meta:print-date>2113-01-01T00:00:00</meta:print-date>
        <dc:language>en-UK</dc:language>
        <meta:editing-cycles>4</meta:editing-cycles>
        <meta:editing-duration>PT15M0S</meta:editing-duration>
        <meta:user-defined meta:name="Info 1"/>
        <meta:user-defined meta:name="Info 2"/>
        <meta:user-defined meta:name="Info 3"/>
        <meta:user-defined meta:name="Info 4"/>
        <meta:document-statistic meta:table-count="7" meta:image-count="10" meta:object-count="0" meta:page-count="13" meta:paragraph-count="173" meta:word-count="1406" meta:character-count="9455"/>
    </office:meta>
</office:document-meta>
