<?xml version="1.0" encoding="UTF-8"?>
<office:document-styles xmlns:office="urn:oasis:names:tc:opendocument:xmlns:office:1.0" xmlns:style="urn:oasis:names:tc:opendocument:xmlns:style:1.0" xmlns:text="urn:oasis:names:tc:opendocument:xmlns:text:1.0" xmlns:table="urn:oasis:names:tc:opendocument:xmlns:table:1.0" xmlns:draw="urn:oasis:names:tc:opendocument:xmlns:drawing:1.0" xmlns:fo="urn:oasis:names:tc:opendocument:xmlns:xsl-fo-compatible:1.0" xmlns:xlink="http://www.w3.org/1999/xlink" xmlns:dc="http://purl.org/dc/elements/1.1/" xmlns:meta="urn:oasis:names:tc:opendocument:xmlns:meta:1.0" xmlns:number="urn:oasis:names:tc:opendocument:xmlns:datastyle:1.0" xmlns:svg="urn:oasis:names:tc:opendocument:xmlns:svg-compatible:1.0" xmlns:chart="urn:oasis:names:tc:opendocument:xmlns:chart:1.0" xmlns:dr3d="urn:oasis:names:tc:opendocument:xmlns:dr3d:1.0" xmlns:math="http://www.w3.org/1998/Math/MathML" xmlns:form="urn:oasis:names:tc:opendocument:xmlns:form:1.0" xmlns:script="urn:oasis:names:tc:opendocument:xmlns:script:1.0" xmlns:ooo="http://openoffice.org/2004/office" xmlns:ooow="http://openoffice.org/2004/writer" xmlns:oooc="http://openoffice.org/2004/calc" xmlns:dom="http://www.w3.org/2001/xml-events" office:version="1.0">
	<office:font-face-decls>
		<style:font-face style:name="StarSymbol" svg:font-family="StarSymbol, &apos;Arial Unicode MS&apos;" style:font-charset="x-symbol"/>
		<style:font-face style:name="Wingdings" svg:font-family="Wingdings" style:font-pitch="variable" style:font-charset="x-symbol"/>
		<style:font-face style:name="Symbol" svg:font-family="Symbol" style:font-family-generic="roman" style:font-pitch="variable" style:font-charset="x-symbol"/>
		<style:font-face style:name="Wingdings 2" svg:font-family="&apos;Wingdings 2&apos;" style:font-family-generic="roman" style:font-pitch="variable" style:font-charset="x-symbol"/>
		<style:font-face style:name="Courier New" svg:font-family="&apos;Courier New&apos;" style:font-family-generic="modern"/>
		<style:font-face style:name="Arial Black1" svg:font-family="&apos;Arial Black&apos;" style:font-family-generic="roman"/>
		<style:font-face style:name="Arial Unicode MS" svg:font-family="&apos;Arial Unicode MS&apos;" style:font-pitch="variable"/>
		<style:font-face style:name="Tahoma" svg:font-family="Tahoma" style:font-pitch="variable"/>
		<style:font-face style:name="Times New Roman" svg:font-family="&apos;Times New Roman&apos;" style:font-family-generic="roman" style:font-pitch="variable"/>
		<style:font-face style:name="Arial" svg:font-family="Arial" style:font-family-generic="swiss" style:font-pitch="variable"/>
		<style:font-face style:name="Arial Black" svg:font-family="&apos;Arial Black&apos;" style:font-family-generic="swiss" style:font-pitch="variable"/>
		<style:font-face style:name="Arial Unicode MS1" svg:font-family="&apos;Arial Unicode MS&apos;" style:font-family-generic="swiss" style:font-pitch="variable"/>
		<style:font-face style:name="Tahoma1" svg:font-family="Tahoma" style:font-family-generic="swiss" style:font-pitch="variable"/>
		<style:font-face style:name="Verdana" svg:font-family="Verdana" style:font-family-generic="swiss" style:font-pitch="variable"/>
	</office:font-face-decls>
	<office:styles>
		<draw:gradient draw:name="Gradient_20_7" draw:display-name="Gradient 7" draw:style="rectangular" draw:cx="50%" draw:cy="50%" draw:start-color="#ff3333" draw:end-color="#e6ff00" draw:start-intensity="100%" draw:end-intensity="100%" draw:angle="0" draw:border="0%"/>
		<style:default-style style:family="graphic">
			<style:graphic-properties draw:shadow-offset-x="0.3cm" draw:shadow-offset-y="0.3cm" draw:start-line-spacing-horizontal="0.283cm" draw:start-line-spacing-vertical="0.283cm" draw:end-line-spacing-horizontal="0.283cm" draw:end-line-spacing-vertical="0.283cm" style:flow-with-text="false"/>
			<style:paragraph-properties style:text-autospace="ideograph-alpha" style:line-break="strict" style:writing-mode="lr-tb" style:font-independent-line-spacing="false">
				<style:tab-stops/>
			</style:paragraph-properties>
			<style:text-properties style:use-window-font-color="true" fo:font-size="12pt" fo:language="fr" fo:country="FR" style:font-size-asian="12pt" style:language-asian="none" style:country-asian="none" style:font-size-complex="12pt" style:language-complex="none" style:country-complex="none"/>
		</style:default-style>
		<style:default-style style:family="paragraph">
			<style:paragraph-properties fo:hyphenation-ladder-count="no-limit" style:text-autospace="ideograph-alpha" style:punctuation-wrap="hanging" style:line-break="strict" style:tab-stop-distance="1.27cm" style:writing-mode="page"/>
			<style:text-properties style:use-window-font-color="true" style:font-name="Times New Roman" fo:font-size="12pt" fo:language="fr" fo:country="FR" style:font-name-asian="Arial Unicode MS" style:font-size-asian="12pt" style:language-asian="none" style:country-asian="none" style:font-name-complex="Tahoma" style:font-size-complex="12pt" style:language-complex="none" style:country-complex="none" fo:hyphenate="false" fo:hyphenation-remain-char-count="2" fo:hyphenation-push-char-count="2"/>
		</style:default-style>
		<style:default-style style:family="table">
			<style:table-properties table:border-model="collapsing"/>
		</style:default-style>
		<style:default-style style:family="table-row">
			<style:table-row-properties fo:keep-together="auto"/>
		</style:default-style>
		<style:style style:name="Standard" style:family="paragraph" style:class="text">
			<style:paragraph-properties fo:text-align="justify" style:justify-single-word="false" fo:orphans="2" fo:widows="2" fo:hyphenation-ladder-count="no-limit" style:text-autospace="ideograph-alpha" style:punctuation-wrap="hanging" style:line-break="strict" style:writing-mode="lr-tb"/>
			<style:text-properties style:use-window-font-color="true" style:font-name="Arial" fo:font-size="12pt" fo:language="en" fo:country="US" style:font-name-asian="Times New Roman" style:font-size-asian="12pt" style:font-name-complex="Times New Roman" style:font-size-complex="12pt" style:language-complex="ar" style:country-complex="SA" fo:hyphenate="false" fo:hyphenation-remain-char-count="2" fo:hyphenation-push-char-count="2"/>
		</style:style>
		<style:style style:name="Text_20_body" style:display-name="Text body" style:family="paragraph" style:parent-style-name="Standard" style:class="text">
			<style:paragraph-properties fo:margin-top="0cm" fo:margin-bottom="0.212cm"/>
		</style:style>
		<style:style style:name="Heading" style:family="paragraph" style:parent-style-name="Standard" style:next-style-name="Text_20_body" style:class="text">
			<style:paragraph-properties fo:margin-top="0.423cm" fo:margin-bottom="0.212cm" fo:keep-with-next="always"/>
			<style:text-properties style:font-name="Arial" fo:font-size="14pt" style:font-name-asian="Arial Unicode MS1" style:font-size-asian="14pt" style:font-name-complex="Tahoma1" style:font-size-complex="14pt"/>
		</style:style>
		<style:style style:name="Heading_20_1" style:display-name="Heading 1" style:family="paragraph" style:parent-style-name="Standard" style:next-style-name="Standard" style:class="text" style:default-outline-level="1">
			<style:paragraph-properties fo:margin-left="0cm" fo:margin-right="0cm" fo:margin-top="0.423cm" fo:margin-bottom="0.106cm" fo:text-indent="0cm" style:auto-text-indent="false" fo:break-before="page" fo:padding="0cm" fo:border-left="none" fo:border-right="none" fo:border-top="none" fo:border-bottom="none" fo:keep-with-next="always">
				<style:background-image/>
			</style:paragraph-properties>
			<style:text-properties style:font-name="Arial" fo:font-size="14pt" fo:font-weight="bold" style:letter-kerning="true" style:font-size-asian="14pt" style:font-weight-asian="bold" style:font-name-complex="Arial" style:font-size-complex="14pt" style:font-weight-complex="bold"/>
		</style:style>
		<style:style style:name="Heading_20_2" style:display-name="Heading 2" style:family="paragraph" style:parent-style-name="Standard" style:next-style-name="Standard" style:class="text" style:default-outline-level="2">
			<style:paragraph-properties fo:margin-left="0cm" fo:margin-right="0cm" fo:margin-top="0.423cm" fo:margin-bottom="0.106cm" fo:text-indent="0cm" style:auto-text-indent="false" fo:background-color="transparent" fo:padding="0cm" fo:border="none" fo:keep-with-next="always">
				<style:background-image/>
			</style:paragraph-properties>
			<style:text-properties style:font-name="Arial" fo:font-size="12pt" fo:font-style="italic" fo:font-weight="bold" style:font-size-asian="12pt" style:font-style-asian="italic" style:font-weight-asian="bold" style:font-name-complex="Arial" style:font-size-complex="12pt" style:font-style-complex="italic" style:font-weight-complex="bold"/>
		</style:style>
		<style:style style:name="Heading_20_3" style:display-name="Heading 3" style:family="paragraph" style:parent-style-name="Standard" style:next-style-name="Standard" style:class="text" style:default-outline-level="3">
			<style:paragraph-properties fo:margin-left="0cm" fo:margin-right="0cm" fo:margin-top="0.423cm" fo:margin-bottom="0.106cm" fo:text-indent="0cm" style:auto-text-indent="false" fo:keep-with-next="always"/>
			<style:text-properties style:font-name="Arial" style:text-underline-style="solid" style:text-underline-width="auto" style:text-underline-color="font-color" fo:font-size="12pt" fo:font-weight="normal" style:font-size-asian="12pt" style:font-weight-asian="normal" style:font-name-complex="Arial" style:font-size-complex="12pt" style:font-weight-complex="bold"/>
		</style:style>
		<style:style style:name="Heading_20_4" style:display-name="Heading 4" style:family="paragraph" style:parent-style-name="Standard" style:next-style-name="Standard" style:class="text" style:default-outline-level="4">
			<style:paragraph-properties fo:margin-left="0cm" fo:margin-right="0cm" fo:margin-top="0.423cm" fo:margin-bottom="0.106cm" fo:text-indent="0cm" style:auto-text-indent="false" fo:keep-with-next="always"/>
			<style:text-properties fo:font-size="12pt" fo:font-weight="normal" style:font-size-asian="12pt" style:font-weight-asian="normal" style:font-size-complex="14pt" style:font-weight-complex="bold"/>
		</style:style>
		<style:style style:name="Heading_20_5" style:display-name="Heading 5" style:family="paragraph" style:parent-style-name="Standard" style:next-style-name="Standard" style:class="text" style:default-outline-level="5">
			<style:paragraph-properties fo:margin-left="0cm" fo:margin-right="0cm" fo:margin-top="0.423cm" fo:margin-bottom="0.106cm" fo:text-indent="0cm" style:auto-text-indent="false"/>
			<style:text-properties fo:font-size="13pt" fo:font-style="italic" fo:font-weight="bold" style:font-size-asian="13pt" style:font-style-asian="italic" style:font-weight-asian="bold" style:font-size-complex="13pt" style:font-style-complex="italic" style:font-weight-complex="bold"/>
		</style:style>
		<style:style style:name="Heading_20_6" style:display-name="Heading 6" style:family="paragraph" style:parent-style-name="Standard" style:next-style-name="Standard" style:class="text" style:default-outline-level="6">
			<style:paragraph-properties fo:margin-left="0cm" fo:margin-right="0cm" fo:margin-top="0.423cm" fo:margin-bottom="0.106cm" fo:text-indent="0cm" style:auto-text-indent="false"/>
			<style:text-properties fo:font-size="11pt" fo:font-weight="bold" style:font-size-asian="11pt" style:font-weight-asian="bold" style:font-size-complex="11pt" style:font-weight-complex="bold"/>
		</style:style>
		<style:style style:name="Heading_20_7" style:display-name="Heading 7" style:family="paragraph" style:parent-style-name="Standard" style:next-style-name="Standard" style:class="text" style:default-outline-level="7">
			<style:paragraph-properties fo:margin-left="0cm" fo:margin-right="0cm" fo:margin-top="0.423cm" fo:margin-bottom="0.106cm" fo:text-indent="0cm" style:auto-text-indent="false"/>
		</style:style>
		<style:style style:name="Heading_20_8" style:display-name="Heading 8" style:family="paragraph" style:parent-style-name="Standard" style:next-style-name="Standard" style:class="text" style:default-outline-level="8">
			<style:paragraph-properties fo:margin-left="0cm" fo:margin-right="0cm" fo:margin-top="0.423cm" fo:margin-bottom="0.106cm" fo:text-indent="0cm" style:auto-text-indent="false"/>
			<style:text-properties fo:font-style="italic" style:font-style-asian="italic" style:font-style-complex="italic"/>
		</style:style>
		<style:style style:name="Heading_20_9" style:display-name="Heading 9" style:family="paragraph" style:parent-style-name="Standard" style:next-style-name="Standard" style:class="text" style:default-outline-level="9">
			<style:paragraph-properties fo:margin-left="0cm" fo:margin-right="0cm" fo:margin-top="0.423cm" fo:margin-bottom="0.106cm" fo:text-indent="0cm" style:auto-text-indent="false"/>
			<style:text-properties style:font-name="Arial" fo:font-size="11pt" style:font-size-asian="11pt" style:font-name-complex="Arial" style:font-size-complex="11pt"/>
		</style:style>
		<style:style style:name="List" style:family="paragraph" style:parent-style-name="Text_20_body" style:class="list">
			<style:text-properties style:font-name-complex="Tahoma1"/>
		</style:style>
		<style:style style:name="Header" style:family="paragraph" style:parent-style-name="Standard" style:class="extra">
			<style:paragraph-properties>
				<style:tab-stops>
					<style:tab-stop style:position="8.296cm" style:type="center"/>
					<style:tab-stop style:position="16.5cm" style:type="right"/>
				</style:tab-stops>
			</style:paragraph-properties>
		</style:style>
		<style:style style:name="Footer" style:family="paragraph" style:parent-style-name="Standard" style:class="extra">
			<style:paragraph-properties>
				<style:tab-stops>
					<style:tab-stop style:position="8.296cm" style:type="center"/>
					<style:tab-stop style:position="16.5cm" style:type="right"/>
				</style:tab-stops>
			</style:paragraph-properties>
		</style:style>
		<style:style style:name="Table_20_Contents" style:display-name="Table Contents" style:family="paragraph" style:parent-style-name="Standard" style:class="extra">
			<style:paragraph-properties text:number-lines="false" text:line-number="0"/>
		</style:style>
		<style:style style:name="Table_20_Heading" style:display-name="Table Heading" style:family="paragraph" style:parent-style-name="Table_20_Contents" style:class="extra">
			<style:paragraph-properties fo:text-align="center" style:justify-single-word="false" fo:background-color="transparent" text:number-lines="false" text:line-number="0">
				<style:background-image/>
			</style:paragraph-properties>
			<style:text-properties fo:font-style="italic" fo:font-weight="bold" style:font-style-asian="italic" style:font-weight-asian="bold" style:font-style-complex="italic" style:font-weight-complex="bold"/>
		</style:style>
		<style:style style:name="Caption" style:family="paragraph" style:parent-style-name="Standard" style:class="extra">
			<style:paragraph-properties fo:margin-top="0.212cm" fo:margin-bottom="0.212cm" text:number-lines="false" text:line-number="0"/>
			<style:text-properties fo:font-size="12pt" fo:font-style="italic" style:font-size-asian="12pt" style:font-style-asian="italic" style:font-name-complex="Tahoma1" style:font-size-complex="12pt" style:font-style-complex="italic"/>
		</style:style>
		<style:style style:name="Illustration" style:family="paragraph" style:parent-style-name="Caption" style:class="extra">
			<style:paragraph-properties fo:text-align="center" style:justify-single-word="false"/>
		</style:style>
		<style:style style:name="Table" style:family="paragraph" style:parent-style-name="Caption" style:class="extra"/>
		<style:style style:name="Frame_20_contents" style:display-name="Frame contents" style:family="paragraph" style:parent-style-name="Text_20_body" style:class="extra"/>
		<style:style style:name="Index" style:family="paragraph" style:parent-style-name="Standard" style:class="index">
			<style:paragraph-properties text:number-lines="false" text:line-number="0"/>
			<style:text-properties style:font-name-complex="Tahoma1"/>
		</style:style>
		<style:style style:name="Contents_20_Heading" style:display-name="Contents Heading" style:family="paragraph" style:parent-style-name="Heading" style:class="index">
			<style:paragraph-properties fo:margin-left="0cm" fo:margin-right="0cm" fo:text-indent="0cm" style:auto-text-indent="false" text:number-lines="false" text:line-number="0"/>
			<style:text-properties fo:font-size="16pt" fo:font-weight="bold" style:font-size-asian="16pt" style:font-weight-asian="bold" style:font-size-complex="16pt" style:font-weight-complex="bold"/>
		</style:style>
		<style:style style:name="Contents_20_1" style:display-name="Contents 1" style:family="paragraph" style:parent-style-name="Standard" style:next-style-name="Standard" style:class="index"/>
		<style:style style:name="Contents_20_2" style:display-name="Contents 2" style:family="paragraph" style:parent-style-name="Index" style:class="index">
			<style:paragraph-properties fo:margin-left="0.499cm" fo:margin-right="0cm" fo:text-indent="0cm" style:auto-text-indent="false">
				<style:tab-stops>
					<style:tab-stop style:position="17.09cm" style:type="right" style:leader-style="dotted" style:leader-text="."/>
				</style:tab-stops>
			</style:paragraph-properties>
		</style:style>
		<style:style style:name="Contents_20_3" style:display-name="Contents 3" style:family="paragraph" style:parent-style-name="Index" style:class="index">
			<style:paragraph-properties fo:margin-left="0.998cm" fo:margin-right="0cm" fo:text-indent="0cm" style:auto-text-indent="false">
				<style:tab-stops>
					<style:tab-stop style:position="16.591cm" style:type="right" style:leader-style="dotted" style:leader-text="."/>
				</style:tab-stops>
			</style:paragraph-properties>
		</style:style>
		<style:style style:name="Contents_20_4" style:display-name="Contents 4" style:family="paragraph" style:parent-style-name="Index" style:class="index">
			<style:paragraph-properties fo:margin-left="1.498cm" fo:margin-right="0cm" fo:text-indent="0cm" style:auto-text-indent="false">
				<style:tab-stops>
					<style:tab-stop style:position="16.092cm" style:type="right" style:leader-style="dotted" style:leader-text="."/>
				</style:tab-stops>
			</style:paragraph-properties>
		</style:style>
		<style:style style:name="Contents_20_5" style:display-name="Contents 5" style:family="paragraph" style:parent-style-name="Index" style:class="index">
			<style:paragraph-properties fo:margin-left="1.997cm" fo:margin-right="0cm" fo:text-indent="0cm" style:auto-text-indent="false">
				<style:tab-stops>
					<style:tab-stop style:position="15.593cm" style:type="right" style:leader-style="dotted" style:leader-text="."/>
				</style:tab-stops>
			</style:paragraph-properties>
		</style:style>
		<style:style style:name="User_20_Index_20_Heading" style:display-name="User Index Heading" style:family="paragraph" style:parent-style-name="Heading" style:class="index">
			<style:paragraph-properties fo:margin-left="0cm" fo:margin-right="0cm" fo:text-indent="0cm" style:auto-text-indent="false" text:number-lines="false" text:line-number="0"/>
			<style:text-properties fo:font-size="16pt" fo:font-weight="bold" style:font-size-asian="16pt" style:font-weight-asian="bold" style:font-size-complex="16pt" style:font-weight-complex="bold"/>
		</style:style>
		<style:style style:name="Contents_20_6" style:display-name="Contents 6" style:family="paragraph" style:parent-style-name="Index" style:class="index">
			<style:paragraph-properties fo:margin-left="2.496cm" fo:margin-right="0cm" fo:text-indent="0cm" style:auto-text-indent="false">
				<style:tab-stops>
					<style:tab-stop style:position="15.094cm" style:type="right" style:leader-style="dotted" style:leader-text="."/>
				</style:tab-stops>
			</style:paragraph-properties>
		</style:style>
		<style:style style:name="Contents_20_7" style:display-name="Contents 7" style:family="paragraph" style:parent-style-name="Index" style:class="index">
			<style:paragraph-properties fo:margin-left="2.995cm" fo:margin-right="0cm" fo:text-indent="0cm" style:auto-text-indent="false">
				<style:tab-stops>
					<style:tab-stop style:position="14.594cm" style:type="right" style:leader-style="dotted" style:leader-text="."/>
				</style:tab-stops>
			</style:paragraph-properties>
		</style:style>
		<style:style style:name="Contents_20_8" style:display-name="Contents 8" style:family="paragraph" style:parent-style-name="Index" style:class="index">
			<style:paragraph-properties fo:margin-left="3.494cm" fo:margin-right="0cm" fo:text-indent="0cm" style:auto-text-indent="false">
				<style:tab-stops>
					<style:tab-stop style:position="14.095cm" style:type="right" style:leader-style="dotted" style:leader-text="."/>
				</style:tab-stops>
			</style:paragraph-properties>
		</style:style>
		<style:style style:name="Contents_20_9" style:display-name="Contents 9" style:family="paragraph" style:parent-style-name="Index" style:class="index">
			<style:paragraph-properties fo:margin-left="3.993cm" fo:margin-right="0cm" fo:text-indent="0cm" style:auto-text-indent="false">
				<style:tab-stops>
					<style:tab-stop style:position="13.596cm" style:type="right" style:leader-style="dotted" style:leader-text="."/>
				</style:tab-stops>
			</style:paragraph-properties>
		</style:style>
		<style:style style:name="Contents_20_10" style:display-name="Contents 10" style:family="paragraph" style:parent-style-name="Index" style:class="index">
			<style:paragraph-properties fo:margin-left="4.493cm" fo:margin-right="0cm" fo:text-indent="0cm" style:auto-text-indent="false">
				<style:tab-stops>
					<style:tab-stop style:position="13.097cm" style:type="right" style:leader-style="dotted" style:leader-text="."/>
				</style:tab-stops>
			</style:paragraph-properties>
		</style:style>
		<style:style style:name="Illustration_20_Index_20_Heading" style:display-name="Illustration Index Heading" style:family="paragraph" style:parent-style-name="Heading" style:class="index">
			<style:paragraph-properties fo:margin-left="0cm" fo:margin-right="0cm" fo:text-indent="0cm" style:auto-text-indent="false" text:number-lines="false" text:line-number="0"/>
			<style:text-properties fo:font-size="16pt" fo:font-weight="bold" style:font-size-asian="16pt" style:font-weight-asian="bold" style:font-size-complex="16pt" style:font-weight-complex="bold"/>
		</style:style>
		<style:style style:name="Illustration_20_Index_20_1" style:display-name="Illustration Index 1" style:family="paragraph" style:parent-style-name="Index" style:class="index">
			<style:paragraph-properties fo:margin-left="0cm" fo:margin-right="0cm" fo:text-indent="0cm" style:auto-text-indent="false">
				<style:tab-stops>
					<style:tab-stop style:position="15.24cm" style:type="right" style:leader-style="dotted" style:leader-text="."/>
				</style:tab-stops>
			</style:paragraph-properties>
		</style:style>
		<style:style style:name="Table_20_index_20_heading" style:display-name="Table index heading" style:family="paragraph" style:parent-style-name="Heading" style:class="index">
			<style:paragraph-properties fo:margin-left="0cm" fo:margin-right="0cm" fo:text-indent="0cm" style:auto-text-indent="false" fo:background-color="transparent" text:number-lines="false" text:line-number="0">
				<style:background-image/>
			</style:paragraph-properties>
			<style:text-properties fo:font-size="14pt" fo:font-style="normal" fo:font-weight="normal" style:font-size-asian="14pt" style:font-style-asian="normal" style:font-weight-asian="normal" style:font-size-complex="16pt" style:font-weight-complex="bold"/>
		</style:style>
		<style:style style:name="Table_20_index_20_1" style:display-name="Table index 1" style:family="paragraph" style:parent-style-name="Index" style:class="index">
			<style:paragraph-properties fo:margin-left="0cm" fo:margin-right="0cm" fo:text-indent="0cm" style:auto-text-indent="false">
				<style:tab-stops>
					<style:tab-stop style:position="15.24cm" style:type="right" style:leader-style="dotted" style:leader-text="."/>
				</style:tab-stops>
			</style:paragraph-properties>
		</style:style>
		<style:style style:name="Bibliography_20_Heading" style:display-name="Bibliography Heading" style:family="paragraph" style:parent-style-name="Heading" style:class="index">
			<style:paragraph-properties fo:margin-left="0cm" fo:margin-right="0cm" fo:text-indent="0cm" style:auto-text-indent="false" text:number-lines="false" text:line-number="0"/>
			<style:text-properties fo:font-size="16pt" fo:font-weight="bold" style:font-size-asian="16pt" style:font-weight-asian="bold" style:font-size-complex="16pt" style:font-weight-complex="bold"/>
		</style:style>
		<style:style style:name="_20_Char_20_Char_20_Char_20_Char_20_Char_20_Char_20_Char" style:display-name=" Char Char Char Char Char Char Char" style:family="paragraph" style:parent-style-name="Standard">
			<style:paragraph-properties fo:margin-top="0cm" fo:margin-bottom="0.282cm" fo:line-height="0.423cm"/>
			<style:text-properties style:font-name="Verdana" fo:font-size="10pt" style:font-size-asian="10pt" style:font-name-complex="Arial" style:font-size-complex="10pt"/>
		</style:style>
		<style:style style:name="Paragraphe_20_1" style:display-name="Paragraphe 1" style:family="paragraph" style:parent-style-name="Standard">
			<style:paragraph-properties fo:margin-top="0.212cm" fo:margin-bottom="0cm" fo:text-align="justify" style:justify-single-word="false" fo:hyphenation-ladder-count="no-limit"/>
			<style:text-properties fo:font-size="11pt" fo:language="fr" fo:country="FR" style:font-size-asian="11pt" style:font-size-complex="10pt" fo:hyphenate="false" fo:hyphenation-remain-char-count="2" fo:hyphenation-push-char-count="2"/>
		</style:style>
		<style:style style:name="Tableau_20_N_2f_B" style:display-name="Tableau N/B" style:family="paragraph" style:parent-style-name="Text_20_body">
			<style:paragraph-properties fo:margin-left="0cm" fo:margin-right="0cm" fo:text-indent="0cm" style:auto-text-indent="false"/>
		</style:style>
		<style:style style:name="Tableau_20_M_2f_B" style:display-name="Tableau M/B" style:family="paragraph" style:parent-style-name="Tableau_20_N_2f_B">
			<style:paragraph-properties fo:margin-left="0.132cm" fo:margin-right="0cm" fo:text-indent="0cm" style:auto-text-indent="false"/>
			<style:text-properties fo:color="#ffffff" fo:font-weight="bold" style:font-weight-asian="bold"/>
		</style:style>
		<style:style style:name="Page_20_Number" style:display-name="Page Number" style:family="text" style:parent-style-name="Default_20_Paragraph_20_Font"/>
		<style:style style:name="Numbering_20_Symbols" style:display-name="Numbering Symbols" style:family="text"/>
		<style:style style:name="Bullet_20_Symbols" style:display-name="Bullet Symbols" style:family="text">
			<style:text-properties style:font-name="StarSymbol" fo:font-size="9pt" style:font-name-asian="StarSymbol" style:font-size-asian="9pt" style:font-name-complex="StarSymbol" style:font-size-complex="9pt"/>
		</style:style>
		<style:style style:name="Internet_20_link" style:display-name="Internet link" style:family="text" style:parent-style-name="WW-Default_20_Paragraph_20_Font">
			<style:text-properties fo:color="#0000ff" style:text-underline-style="solid" style:text-underline-width="auto" style:text-underline-color="font-color"/>
		</style:style>
		<style:style style:name="Visited_20_Internet_20_Link" style:display-name="Visited Internet Link" style:family="text">
			<style:text-properties fo:color="#800000" style:text-underline-style="solid" style:text-underline-width="auto" style:text-underline-color="font-color"/>
		</style:style>
		<style:style style:name="WW8Num2z0" style:family="text">
			<style:text-properties style:font-name="StarSymbol" fo:font-size="9pt" style:font-size-asian="9pt" style:font-name-complex="StarSymbol" style:font-size-complex="9pt"/>
		</style:style>
		<style:style style:name="WW8Num2z1" style:family="text">
			<style:text-properties style:font-name="Wingdings 2" fo:font-size="9pt" style:font-size-asian="9pt" style:font-name-complex="StarSymbol" style:font-size-complex="9pt"/>
		</style:style>
		<style:style style:name="WW8Num3z0" style:family="text">
			<style:text-properties fo:color="#000000" style:font-name="Symbol"/>
		</style:style>
		<style:style style:name="WW8Num3z1" style:family="text">
			<style:text-properties style:font-name="Courier New" style:font-name-complex="Courier New"/>
		</style:style>
		<style:style style:name="WW8Num4z0" style:family="text">
			<style:text-properties fo:color="#000000" style:font-name="Symbol"/>
		</style:style>
		<style:style style:name="WW8Num4z1" style:family="text">
			<style:text-properties style:font-name="Courier New" style:font-name-complex="Courier New"/>
		</style:style>
		<style:style style:name="WW8Num5z0" style:family="text">
			<style:text-properties style:font-name="StarSymbol" fo:font-size="9pt" style:font-size-asian="9pt" style:font-name-complex="StarSymbol" style:font-size-complex="9pt"/>
		</style:style>
		<style:style style:name="WW8Num5z1" style:family="text">
			<style:text-properties style:font-name="Wingdings 2" fo:font-size="9pt" style:font-size-asian="9pt" style:font-name-complex="StarSymbol" style:font-size-complex="9pt"/>
		</style:style>
		<style:style style:name="WW8Num6z0" style:family="text">
			<style:text-properties style:font-name="StarSymbol" fo:font-size="9pt" style:font-size-asian="9pt" style:font-name-complex="StarSymbol" style:font-size-complex="9pt"/>
		</style:style>
		<style:style style:name="WW8Num6z1" style:family="text">
			<style:text-properties style:font-name="Wingdings 2" fo:font-size="9pt" style:font-size-asian="9pt" style:font-name-complex="StarSymbol" style:font-size-complex="9pt"/>
		</style:style>
		<style:style style:name="Default_20_Paragraph_20_Font" style:display-name="Default Paragraph Font" style:family="text"/>
		<style:style style:name="WW-Default_20_Paragraph_20_Font" style:display-name="WW-Default Paragraph Font" style:family="text"/>
		<style:style style:name="WW8Num1z0" style:family="text">
			<style:text-properties fo:color="#000000" style:font-name="Symbol"/>
		</style:style>
		<style:style style:name="WW8Num1z1" style:family="text">
			<style:text-properties style:font-name="Courier New" style:font-name-complex="Courier New"/>
		</style:style>
		<style:style style:name="WW8Num1z2" style:family="text">
			<style:text-properties style:font-name="Wingdings"/>
		</style:style>
		<style:style style:name="WW8Num1z3" style:family="text">
			<style:text-properties style:font-name="Symbol"/>
		</style:style>
		<style:style style:name="WW8Num3z2" style:family="text">
			<style:text-properties style:font-name="Wingdings"/>
		</style:style>
		<style:style style:name="WW8Num3z3" style:family="text">
			<style:text-properties style:font-name="Symbol"/>
		</style:style>
		<style:style style:name="WW8Num4z2" style:family="text">
			<style:text-properties style:font-name="Wingdings"/>
		</style:style>
		<style:style style:name="WW8Num4z3" style:family="text">
			<style:text-properties style:font-name="Symbol"/>
		</style:style>
		<style:style style:name="Frame" style:family="graphic">
			<style:graphic-properties text:anchor-type="paragraph" svg:x="0cm" svg:y="0cm" style:wrap="parallel" style:number-wrapped-paragraphs="no-limit" style:wrap-contour="false" style:vertical-pos="top" style:vertical-rel="paragraph-content" style:horizontal-pos="center" style:horizontal-rel="paragraph-content"/>
		</style:style>
		<style:style style:name="Graphics" style:family="graphic">
			<style:graphic-properties text:anchor-type="paragraph" svg:x="0cm" svg:y="0cm" style:wrap="none" style:vertical-pos="top" style:vertical-rel="paragraph" style:horizontal-pos="center" style:horizontal-rel="paragraph"/>
		</style:style>
		<style:style style:name="OLE" style:family="graphic">
			<style:graphic-properties text:anchor-type="paragraph" svg:x="0cm" svg:y="0cm" style:wrap="none" style:vertical-pos="top" style:vertical-rel="paragraph" style:horizontal-pos="center" style:horizontal-rel="paragraph"/>
		</style:style>
		<text:outline-style>
			<text:outline-level-style text:level="1" style:num-format="1">
				<style:list-level-properties text:min-label-width="0.762cm"/>
			</text:outline-level-style>
			<text:outline-level-style text:level="2" style:num-format="1" text:display-levels="2">
				<style:list-level-properties text:min-label-width="1.016cm"/>
			</text:outline-level-style>
			<text:outline-level-style text:level="3" style:num-format="1" text:display-levels="3">
				<style:list-level-properties text:min-label-width="1.27cm"/>
			</text:outline-level-style>
			<text:outline-level-style text:level="4" style:num-format="1" text:display-levels="4">
				<style:list-level-properties text:min-label-width="1.524cm"/>
			</text:outline-level-style>
			<text:outline-level-style text:level="5" style:num-format="1" text:display-levels="5">
				<style:list-level-properties text:min-label-width="1.778cm"/>
			</text:outline-level-style>
			<text:outline-level-style text:level="6" style:num-format="1" text:display-levels="6">
				<style:list-level-properties text:min-label-width="2.032cm"/>
			</text:outline-level-style>
			<text:outline-level-style text:level="7" style:num-format="1" text:display-levels="7">
				<style:list-level-properties text:min-label-width="2.286cm"/>
			</text:outline-level-style>
			<text:outline-level-style text:level="8" style:num-format="1" text:display-levels="8">
				<style:list-level-properties text:min-label-width="2.54cm"/>
			</text:outline-level-style>
			<text:outline-level-style text:level="9" style:num-format="1" text:display-levels="9">
				<style:list-level-properties text:min-label-width="2.794cm"/>
			</text:outline-level-style>
			<text:outline-level-style text:level="10" style:num-format="">
				<style:list-level-properties text:min-label-distance="0.381cm"/>
			</text:outline-level-style>
		</text:outline-style>
		<text:list-style style:name="Outline">
			<text:list-level-style-number text:level="1" style:num-format="1">
				<style:list-level-properties text:min-label-width="0.762cm"/>
			</text:list-level-style-number>
			<text:list-level-style-number text:level="2" style:num-format="1" text:display-levels="2">
				<style:list-level-properties text:min-label-width="1.016cm"/>
			</text:list-level-style-number>
			<text:list-level-style-number text:level="3" style:num-format="1" text:display-levels="3">
				<style:list-level-properties text:min-label-width="1.27cm"/>
			</text:list-level-style-number>
			<text:list-level-style-number text:level="4" style:num-format="1" text:display-levels="4">
				<style:list-level-properties text:min-label-width="1.524cm"/>
			</text:list-level-style-number>
			<text:list-level-style-number text:level="5" style:num-format="1" text:display-levels="5">
				<style:list-level-properties text:min-label-width="1.778cm"/>
			</text:list-level-style-number>
			<text:list-level-style-number text:level="6" style:num-format="1" text:display-levels="6">
				<style:list-level-properties text:min-label-width="2.032cm"/>
			</text:list-level-style-number>
			<text:list-level-style-number text:level="7" style:num-format="1" text:display-levels="7">
				<style:list-level-properties text:min-label-width="2.286cm"/>
			</text:list-level-style-number>
			<text:list-level-style-number text:level="8" style:num-format="1" text:display-levels="8">
				<style:list-level-properties text:min-label-width="2.54cm"/>
			</text:list-level-style-number>
			<text:list-level-style-number text:level="9" style:num-format="1" text:display-levels="9">
				<style:list-level-properties text:min-label-width="2.794cm"/>
			</text:list-level-style-number>
			<text:list-level-style-number text:level="10" style:num-format="">
				<style:list-level-properties text:min-label-distance="0.381cm"/>
			</text:list-level-style-number>
		</text:list-style>
		<text:list-style style:name="WW8Num1">
			<text:list-level-style-number text:level="1" style:num-format="1">
				<style:list-level-properties text:min-label-width="0.762cm"/>
			</text:list-level-style-number>
			<text:list-level-style-number text:level="2" style:num-format="1" text:display-levels="2">
				<style:list-level-properties text:min-label-width="1.016cm"/>
			</text:list-level-style-number>
			<text:list-level-style-number text:level="3" style:num-format="1" text:display-levels="3">
				<style:list-level-properties text:min-label-width="1.27cm"/>
			</text:list-level-style-number>
			<text:list-level-style-number text:level="4" style:num-format="1" text:display-levels="4">
				<style:list-level-properties text:min-label-width="1.524cm"/>
			</text:list-level-style-number>
			<text:list-level-style-number text:level="5" style:num-format="1" text:display-levels="5">
				<style:list-level-properties text:min-label-width="1.778cm"/>
			</text:list-level-style-number>
			<text:list-level-style-number text:level="6" style:num-format="1" text:display-levels="6">
				<style:list-level-properties text:min-label-width="2.032cm"/>
			</text:list-level-style-number>
			<text:list-level-style-number text:level="7" style:num-format="1" text:display-levels="7">
				<style:list-level-properties text:min-label-width="2.286cm"/>
			</text:list-level-style-number>
			<text:list-level-style-number text:level="8" style:num-format="1" text:display-levels="8">
				<style:list-level-properties text:min-label-width="2.54cm"/>
			</text:list-level-style-number>
			<text:list-level-style-number text:level="9" style:num-format="1" text:display-levels="9">
				<style:list-level-properties text:min-label-width="2.794cm"/>
			</text:list-level-style-number>
			<text:list-level-style-number text:level="10" style:num-suffix="." style:num-format="1">
				<style:list-level-properties text:space-before="6.35cm" text:min-label-width="0.635cm"/>
			</text:list-level-style-number>
		</text:list-style>
		<text:list-style style:name="WW8Num2">
			<text:list-level-style-bullet text:level="1" text:style-name="WW8Num2z0" style:num-suffix="." text:bullet-char="●">
				<style:list-level-properties text:space-before="-0.522cm" text:min-label-width="0.635cm"/>
				<style:text-properties style:font-name="StarSymbol"/>
			</text:list-level-style-bullet>
			<text:list-level-style-bullet text:level="2" text:style-name="WW8Num2z1" style:num-suffix="." text:bullet-char="">
				<style:list-level-properties text:space-before="0.748cm" text:min-label-width="0.635cm"/>
				<style:text-properties style:font-name="Wingdings 2"/>
			</text:list-level-style-bullet>
			<text:list-level-style-bullet text:level="3" text:style-name="WW8Num2z0" style:num-suffix="." text:bullet-char="■">
				<style:list-level-properties text:space-before="2.018cm" text:min-label-width="0.635cm"/>
				<style:text-properties style:font-name="StarSymbol"/>
			</text:list-level-style-bullet>
			<text:list-level-style-bullet text:level="4" text:style-name="WW8Num2z0" style:num-suffix="." text:bullet-char="●">
				<style:list-level-properties text:space-before="3.288cm" text:min-label-width="0.635cm"/>
				<style:text-properties style:font-name="StarSymbol"/>
			</text:list-level-style-bullet>
			<text:list-level-style-bullet text:level="5" text:style-name="WW8Num2z1" style:num-suffix="." text:bullet-char="">
				<style:list-level-properties text:space-before="4.558cm" text:min-label-width="0.635cm"/>
				<style:text-properties style:font-name="Wingdings 2"/>
			</text:list-level-style-bullet>
			<text:list-level-style-bullet text:level="6" text:style-name="WW8Num2z0" style:num-suffix="." text:bullet-char="■">
				<style:list-level-properties text:space-before="5.828cm" text:min-label-width="0.635cm"/>
				<style:text-properties style:font-name="StarSymbol"/>
			</text:list-level-style-bullet>
			<text:list-level-style-bullet text:level="7" text:style-name="WW8Num2z0" style:num-suffix="." text:bullet-char="●">
				<style:list-level-properties text:space-before="7.098cm" text:min-label-width="0.635cm"/>
				<style:text-properties style:font-name="StarSymbol"/>
			</text:list-level-style-bullet>
			<text:list-level-style-bullet text:level="8" text:style-name="WW8Num2z1" style:num-suffix="." text:bullet-char="">
				<style:list-level-properties text:space-before="8.368cm" text:min-label-width="0.635cm"/>
				<style:text-properties style:font-name="Wingdings 2"/>
			</text:list-level-style-bullet>
			<text:list-level-style-bullet text:level="9" text:style-name="WW8Num2z0" style:num-suffix="." text:bullet-char="■">
				<style:list-level-properties text:space-before="9.638cm" text:min-label-width="0.635cm"/>
				<style:text-properties style:font-name="StarSymbol"/>
			</text:list-level-style-bullet>
			<text:list-level-style-number text:level="10" style:num-suffix="." style:num-format="1">
				<style:list-level-properties text:space-before="6.35cm" text:min-label-width="0.635cm"/>
			</text:list-level-style-number>
		</text:list-style>
		<text:list-style style:name="WW8Num3">
			<text:list-level-style-bullet text:level="1" text:style-name="WW8Num3z0" style:num-suffix="." text:bullet-char="●">
				<style:list-level-properties text:space-before="0.635cm" text:min-label-width="0.635cm"/>
				<style:text-properties style:font-name="StarSymbol"/>
			</text:list-level-style-bullet>
			<text:list-level-style-bullet text:level="2" text:style-name="WW8Num3z1" style:num-suffix="." text:bullet-char="">
				<style:list-level-properties text:space-before="1.27cm" text:min-label-width="0.635cm"/>
				<style:text-properties style:font-name="Wingdings 2"/>
			</text:list-level-style-bullet>
			<text:list-level-style-bullet text:level="3" text:style-name="WW8Num3z0" style:num-suffix="." text:bullet-char="■">
				<style:list-level-properties text:space-before="1.905cm" text:min-label-width="0.635cm"/>
				<style:text-properties style:font-name="StarSymbol"/>
			</text:list-level-style-bullet>
			<text:list-level-style-bullet text:level="4" text:style-name="WW8Num3z0" style:num-suffix="." text:bullet-char="●">
				<style:list-level-properties text:space-before="2.54cm" text:min-label-width="0.635cm"/>
				<style:text-properties style:font-name="StarSymbol"/>
			</text:list-level-style-bullet>
			<text:list-level-style-bullet text:level="5" text:style-name="WW8Num3z1" style:num-suffix="." text:bullet-char="">
				<style:list-level-properties text:space-before="3.175cm" text:min-label-width="0.635cm"/>
				<style:text-properties style:font-name="Wingdings 2"/>
			</text:list-level-style-bullet>
			<text:list-level-style-bullet text:level="6" text:style-name="WW8Num3z0" style:num-suffix="." text:bullet-char="■">
				<style:list-level-properties text:space-before="3.81cm" text:min-label-width="0.635cm"/>
				<style:text-properties style:font-name="StarSymbol"/>
			</text:list-level-style-bullet>
			<text:list-level-style-bullet text:level="7" text:style-name="WW8Num3z0" style:num-suffix="." text:bullet-char="●">
				<style:list-level-properties text:space-before="4.445cm" text:min-label-width="0.635cm"/>
				<style:text-properties style:font-name="StarSymbol"/>
			</text:list-level-style-bullet>
			<text:list-level-style-bullet text:level="8" text:style-name="WW8Num3z1" style:num-suffix="." text:bullet-char="">
				<style:list-level-properties text:space-before="5.08cm" text:min-label-width="0.635cm"/>
				<style:text-properties style:font-name="Wingdings 2"/>
			</text:list-level-style-bullet>
			<text:list-level-style-bullet text:level="9" text:style-name="WW8Num3z0" style:num-suffix="." text:bullet-char="■">
				<style:list-level-properties text:space-before="5.715cm" text:min-label-width="0.635cm"/>
				<style:text-properties style:font-name="StarSymbol"/>
			</text:list-level-style-bullet>
			<text:list-level-style-number text:level="10" style:num-suffix="." style:num-format="1">
				<style:list-level-properties text:space-before="6.35cm" text:min-label-width="0.635cm"/>
			</text:list-level-style-number>
		</text:list-style>
		<text:list-style style:name="WW8Num4">
			<text:list-level-style-bullet text:level="1" text:style-name="WW8Num4z0" style:num-suffix="." text:bullet-char="●">
				<style:list-level-properties text:space-before="0.635cm" text:min-label-width="0.635cm"/>
				<style:text-properties style:font-name="StarSymbol"/>
			</text:list-level-style-bullet>
			<text:list-level-style-bullet text:level="2" text:style-name="WW8Num4z1" style:num-suffix="." text:bullet-char="">
				<style:list-level-properties text:space-before="1.27cm" text:min-label-width="0.635cm"/>
				<style:text-properties style:font-name="Wingdings 2"/>
			</text:list-level-style-bullet>
			<text:list-level-style-bullet text:level="3" text:style-name="WW8Num4z0" style:num-suffix="." text:bullet-char="■">
				<style:list-level-properties text:space-before="1.905cm" text:min-label-width="0.635cm"/>
				<style:text-properties style:font-name="StarSymbol"/>
			</text:list-level-style-bullet>
			<text:list-level-style-bullet text:level="4" text:style-name="WW8Num4z0" style:num-suffix="." text:bullet-char="●">
				<style:list-level-properties text:space-before="2.54cm" text:min-label-width="0.635cm"/>
				<style:text-properties style:font-name="StarSymbol"/>
			</text:list-level-style-bullet>
			<text:list-level-style-bullet text:level="5" text:style-name="WW8Num4z1" style:num-suffix="." text:bullet-char="">
				<style:list-level-properties text:space-before="3.175cm" text:min-label-width="0.635cm"/>
				<style:text-properties style:font-name="Wingdings 2"/>
			</text:list-level-style-bullet>
			<text:list-level-style-bullet text:level="6" text:style-name="WW8Num4z0" style:num-suffix="." text:bullet-char="■">
				<style:list-level-properties text:space-before="3.81cm" text:min-label-width="0.635cm"/>
				<style:text-properties style:font-name="StarSymbol"/>
			</text:list-level-style-bullet>
			<text:list-level-style-bullet text:level="7" text:style-name="WW8Num4z0" style:num-suffix="." text:bullet-char="●">
				<style:list-level-properties text:space-before="4.445cm" text:min-label-width="0.635cm"/>
				<style:text-properties style:font-name="StarSymbol"/>
			</text:list-level-style-bullet>
			<text:list-level-style-bullet text:level="8" text:style-name="WW8Num4z1" style:num-suffix="." text:bullet-char="">
				<style:list-level-properties text:space-before="5.08cm" text:min-label-width="0.635cm"/>
				<style:text-properties style:font-name="Wingdings 2"/>
			</text:list-level-style-bullet>
			<text:list-level-style-bullet text:level="9" text:style-name="WW8Num4z0" style:num-suffix="." text:bullet-char="■">
				<style:list-level-properties text:space-before="5.715cm" text:min-label-width="0.635cm"/>
				<style:text-properties style:font-name="StarSymbol"/>
			</text:list-level-style-bullet>
			<text:list-level-style-number text:level="10" style:num-suffix="." style:num-format="1">
				<style:list-level-properties text:space-before="6.35cm" text:min-label-width="0.635cm"/>
			</text:list-level-style-number>
		</text:list-style>
		<text:list-style style:name="WW8Num5">
			<text:list-level-style-bullet text:level="1" text:style-name="WW8Num5z0" style:num-suffix="." text:bullet-char="●">
				<style:list-level-properties text:space-before="0.635cm" text:min-label-width="0.635cm"/>
				<style:text-properties style:font-name="StarSymbol"/>
			</text:list-level-style-bullet>
			<text:list-level-style-bullet text:level="2" text:style-name="WW8Num5z1" style:num-suffix="." text:bullet-char="">
				<style:list-level-properties text:space-before="1.27cm" text:min-label-width="0.635cm"/>
				<style:text-properties style:font-name="Wingdings 2"/>
			</text:list-level-style-bullet>
			<text:list-level-style-bullet text:level="3" text:style-name="WW8Num5z0" style:num-suffix="." text:bullet-char="■">
				<style:list-level-properties text:space-before="1.905cm" text:min-label-width="0.635cm"/>
				<style:text-properties style:font-name="StarSymbol"/>
			</text:list-level-style-bullet>
			<text:list-level-style-bullet text:level="4" text:style-name="WW8Num5z0" style:num-suffix="." text:bullet-char="●">
				<style:list-level-properties text:space-before="2.54cm" text:min-label-width="0.635cm"/>
				<style:text-properties style:font-name="StarSymbol"/>
			</text:list-level-style-bullet>
			<text:list-level-style-bullet text:level="5" text:style-name="WW8Num5z1" style:num-suffix="." text:bullet-char="">
				<style:list-level-properties text:space-before="3.175cm" text:min-label-width="0.635cm"/>
				<style:text-properties style:font-name="Wingdings 2"/>
			</text:list-level-style-bullet>
			<text:list-level-style-bullet text:level="6" text:style-name="WW8Num5z0" style:num-suffix="." text:bullet-char="■">
				<style:list-level-properties text:space-before="3.81cm" text:min-label-width="0.635cm"/>
				<style:text-properties style:font-name="StarSymbol"/>
			</text:list-level-style-bullet>
			<text:list-level-style-bullet text:level="7" text:style-name="WW8Num5z0" style:num-suffix="." text:bullet-char="●">
				<style:list-level-properties text:space-before="4.445cm" text:min-label-width="0.635cm"/>
				<style:text-properties style:font-name="StarSymbol"/>
			</text:list-level-style-bullet>
			<text:list-level-style-bullet text:level="8" text:style-name="WW8Num5z1" style:num-suffix="." text:bullet-char="">
				<style:list-level-properties text:space-before="5.08cm" text:min-label-width="0.635cm"/>
				<style:text-properties style:font-name="Wingdings 2"/>
			</text:list-level-style-bullet>
			<text:list-level-style-bullet text:level="9" text:style-name="WW8Num5z0" style:num-suffix="." text:bullet-char="■">
				<style:list-level-properties text:space-before="5.715cm" text:min-label-width="0.635cm"/>
				<style:text-properties style:font-name="StarSymbol"/>
			</text:list-level-style-bullet>
			<text:list-level-style-number text:level="10" style:num-suffix="." style:num-format="1">
				<style:list-level-properties text:space-before="6.35cm" text:min-label-width="0.635cm"/>
			</text:list-level-style-number>
		</text:list-style>
		<text:list-style style:name="WW8Num6">
			<text:list-level-style-bullet text:level="1" text:style-name="WW8Num6z0" style:num-suffix="." text:bullet-char="●">
				<style:list-level-properties text:space-before="0.635cm" text:min-label-width="0.635cm"/>
				<style:text-properties style:font-name="StarSymbol"/>
			</text:list-level-style-bullet>
			<text:list-level-style-bullet text:level="2" text:style-name="WW8Num6z1" style:num-suffix="." text:bullet-char="">
				<style:list-level-properties text:space-before="1.27cm" text:min-label-width="0.635cm"/>
				<style:text-properties style:font-name="Wingdings 2"/>
			</text:list-level-style-bullet>
			<text:list-level-style-bullet text:level="3" text:style-name="WW8Num6z0" style:num-suffix="." text:bullet-char="■">
				<style:list-level-properties text:space-before="1.905cm" text:min-label-width="0.635cm"/>
				<style:text-properties style:font-name="StarSymbol"/>
			</text:list-level-style-bullet>
			<text:list-level-style-bullet text:level="4" text:style-name="WW8Num6z0" style:num-suffix="." text:bullet-char="●">
				<style:list-level-properties text:space-before="2.54cm" text:min-label-width="0.635cm"/>
				<style:text-properties style:font-name="StarSymbol"/>
			</text:list-level-style-bullet>
			<text:list-level-style-bullet text:level="5" text:style-name="WW8Num6z1" style:num-suffix="." text:bullet-char="">
				<style:list-level-properties text:space-before="3.175cm" text:min-label-width="0.635cm"/>
				<style:text-properties style:font-name="Wingdings 2"/>
			</text:list-level-style-bullet>
			<text:list-level-style-bullet text:level="6" text:style-name="WW8Num6z0" style:num-suffix="." text:bullet-char="■">
				<style:list-level-properties text:space-before="3.81cm" text:min-label-width="0.635cm"/>
				<style:text-properties style:font-name="StarSymbol"/>
			</text:list-level-style-bullet>
			<text:list-level-style-bullet text:level="7" text:style-name="WW8Num6z0" style:num-suffix="." text:bullet-char="●">
				<style:list-level-properties text:space-before="4.445cm" text:min-label-width="0.635cm"/>
				<style:text-properties style:font-name="StarSymbol"/>
			</text:list-level-style-bullet>
			<text:list-level-style-bullet text:level="8" text:style-name="WW8Num6z1" style:num-suffix="." text:bullet-char="">
				<style:list-level-properties text:space-before="5.08cm" text:min-label-width="0.635cm"/>
				<style:text-properties style:font-name="Wingdings 2"/>
			</text:list-level-style-bullet>
			<text:list-level-style-bullet text:level="9" text:style-name="WW8Num6z0" style:num-suffix="." text:bullet-char="■">
				<style:list-level-properties text:space-before="5.715cm" text:min-label-width="0.635cm"/>
				<style:text-properties style:font-name="StarSymbol"/>
			</text:list-level-style-bullet>
			<text:list-level-style-number text:level="10" style:num-suffix="." style:num-format="1">
				<style:list-level-properties text:space-before="6.35cm" text:min-label-width="0.635cm"/>
			</text:list-level-style-number>
		</text:list-style>
		<text:list-style style:name="WW8Num7">
			<text:list-level-style-number text:level="1" style:num-suffix="." style:num-format="1">
				<style:list-level-properties text:space-before="0.635cm" text:min-label-width="0.635cm"/>
			</text:list-level-style-number>
			<text:list-level-style-number text:level="2" style:num-suffix="." style:num-format="1">
				<style:list-level-properties text:space-before="1.27cm" text:min-label-width="0.635cm"/>
			</text:list-level-style-number>
			<text:list-level-style-number text:level="3" style:num-suffix="." style:num-format="1">
				<style:list-level-properties text:space-before="1.905cm" text:min-label-width="0.635cm"/>
			</text:list-level-style-number>
			<text:list-level-style-number text:level="4" style:num-suffix="." style:num-format="1">
				<style:list-level-properties text:space-before="2.54cm" text:min-label-width="0.635cm"/>
			</text:list-level-style-number>
			<text:list-level-style-number text:level="5" style:num-suffix="." style:num-format="1">
				<style:list-level-properties text:space-before="3.175cm" text:min-label-width="0.635cm"/>
			</text:list-level-style-number>
			<text:list-level-style-number text:level="6" style:num-suffix="." style:num-format="1">
				<style:list-level-properties text:space-before="3.81cm" text:min-label-width="0.635cm"/>
			</text:list-level-style-number>
			<text:list-level-style-number text:level="7" style:num-suffix="." style:num-format="1">
				<style:list-level-properties text:space-before="4.445cm" text:min-label-width="0.635cm"/>
			</text:list-level-style-number>
			<text:list-level-style-number text:level="8" style:num-suffix="." style:num-format="1">
				<style:list-level-properties text:space-before="5.08cm" text:min-label-width="0.635cm"/>
			</text:list-level-style-number>
			<text:list-level-style-number text:level="9" style:num-suffix="." style:num-format="1">
				<style:list-level-properties text:space-before="5.715cm" text:min-label-width="0.635cm"/>
			</text:list-level-style-number>
			<text:list-level-style-number text:level="10" style:num-suffix="." style:num-format="1">
				<style:list-level-properties text:space-before="6.35cm" text:min-label-width="0.635cm"/>
			</text:list-level-style-number>
		</text:list-style>
		<text:notes-configuration text:note-class="footnote" style:num-format="1" text:start-value="0" text:footnotes-position="page" text:start-numbering-at="document"/>
		<text:notes-configuration text:note-class="endnote" style:num-format="i" text:start-value="0"/>
		<text:linenumbering-configuration text:number-lines="false" text:offset="0.499cm" style:num-format="1" text:number-position="left" text:increment="5"/>
	</office:styles>
	<office:automatic-styles>
		<style:style style:name="Tableau7" style:family="table">
			<style:table-properties style:width="18.0cm" fo:margin-left="0.026cm" table:align="center" style:writing-mode="lr-tb"/>
		</style:style>
		<style:style style:name="Tableau7.A" style:family="table-column">
			<style:table-column-properties style:column-width="9.0cm"/>
		</style:style>
		<style:style style:name="Tableau7.B" style:family="table-column">
			<style:table-column-properties style:column-width="9.0cm"/>
		</style:style>
		<style:style style:name="Tableau7.1" style:family="table-row">
			<style:table-row-properties style:keep-together="true"/>
		</style:style>
		<style:style style:name="Tableau7.A1" style:family="table-cell">
			<style:table-cell-properties style:vertical-align="top" fo:padding-left="0.191cm" fo:padding-right="0.191cm" fo:padding-top="0cm" fo:padding-bottom="0cm" fo:border-left="none" fo:border-right="none" fo:border-top="none" fo:border-bottom="0.035cm solid #000000" style:writing-mode="lr-tb"/>
		</style:style>
		<style:style style:name="Tableau7.B1" style:family="table-cell">
			<style:table-cell-properties style:vertical-align="middle" fo:padding-left="0.191cm" fo:padding-right="0.191cm" fo:padding-top="0cm" fo:padding-bottom="0cm" fo:border-left="none" fo:border-right="none" fo:border-top="none" fo:border-bottom="0.035cm solid #000000" style:writing-mode="lr-tb"/>
		</style:style>
		<style:style style:name="P1" style:family="paragraph" style:parent-style-name="Header">
			<style:paragraph-properties style:snap-to-layout-grid="false"/>
		</style:style>
		<style:style style:name="P2" style:family="paragraph" style:parent-style-name="Header">
			<style:paragraph-properties fo:text-align="end" style:justify-single-word="false" style:snap-to-layout-grid="false"/>
		</style:style>
		<style:style style:name="P3" style:family="paragraph" style:parent-style-name="Footer">
			<style:paragraph-properties fo:margin-left="0cm" fo:margin-right="0.026cm" fo:text-indent="0cm" style:auto-text-indent="false" fo:padding-left="0cm" fo:padding-right="0cm" fo:padding-top="0.106cm" fo:padding-bottom="0cm" fo:border-left="none" fo:border-right="none" fo:border-top="0.035cm solid #000000" fo:border-bottom="none">
				<style:tab-stops>
					<style:tab-stop style:position="6.001cm"/>
					<style:tab-stop style:position="8.296cm" style:type="center"/>
					<style:tab-stop style:position="14.5cm" style:type="right"/>
				</style:tab-stops>
			</style:paragraph-properties>
		</style:style>
		<style:style style:name="T1" style:family="text" style:parent-style-name="Page_20_Number">
			<style:text-properties fo:font-size="8pt" style:font-size-asian="8pt"/>
		</style:style>
		<style:style style:name="T2" style:family="text" style:parent-style-name="Page_20_Number">
			<style:text-properties fo:font-size="8pt" fo:font-style="italic" style:font-size-asian="8pt" style:font-style-asian="italic"/>
		</style:style>
		<style:style style:name="T3" style:family="text" style:parent-style-name="Page_20_Number">
			<style:text-properties style:font-name="Arial" fo:font-size="8pt" fo:font-weight="bold" style:font-size-asian="8pt" style:font-weight-asian="bold" style:font-name-complex="Arial"/>
		</style:style>
		<style:style style:name="fr1" style:family="graphic" style:parent-style-name="Graphics">
			<style:graphic-properties fo:margin-left="0cm" fo:margin-right="0cm" style:vertical-pos="top" style:vertical-rel="baseline" fo:background-color="#ffffff" style:background-transparency="0%" fo:padding-left="0.28cm" fo:padding-right="0.28cm" fo:padding-top="0.153cm" fo:padding-bottom="0.153cm" fo:border="none" style:mirror="none" fo:clip="rect(0cm 0cm 0cm 0cm)" draw:luminance="0%" draw:contrast="0%" draw:red="0%" draw:green="0%" draw:blue="0%" draw:gamma="100%" draw:color-inversion="false" draw:image-opacity="100%" draw:color-mode="standard">
				<style:background-image/>
			</style:graphic-properties>
		</style:style>
		<style:style style:name="fr2" style:family="graphic" style:parent-style-name="Graphics">
			<style:graphic-properties fo:margin-left="0cm" fo:margin-right="0cm" style:vertical-pos="top" style:vertical-rel="baseline" fo:background-color="#ffffff" style:background-transparency="0%" fo:padding-left="0.28cm" fo:padding-right="0.28cm" fo:padding-top="0.153cm" fo:padding-bottom="0.153cm" fo:border="none" style:mirror="none" fo:clip="rect(0cm 0cm 0cm 0cm)" draw:luminance="0%" draw:contrast="0%" draw:red="0%" draw:green="0%" draw:blue="0%" draw:gamma="100%" draw:color-inversion="false" draw:image-opacity="100%" draw:color-mode="standard">
				<style:background-image/>
			</style:graphic-properties>
		</style:style>
		<style:page-layout style:name="pm1">
			<style:page-layout-properties fo:page-width="20.999cm" fo:page-height="29.699cm" style:num-format="1" style:print-orientation="portrait" fo:margin-top="1.27cm" fo:margin-bottom="1.27cm" fo:margin-left="1.5cm" fo:margin-right="1.5cm" fo:background-color="#ffffff" style:writing-mode="lr-tb" style:layout-grid-color="#c0c0c0" style:layout-grid-lines="42" style:layout-grid-base-height="0.423cm" style:layout-grid-ruby-height="0.212cm" style:layout-grid-mode="none" style:layout-grid-ruby-below="false" style:layout-grid-print="false" style:layout-grid-display="false" style:footnote-max-height="0cm">
				<style:background-image/>
				<style:footnote-sep style:width="0.018cm" style:distance-before-sep="0.101cm" style:distance-after-sep="0.101cm" style:adjustment="left" style:rel-width="25%" style:color="#000000"/>
			</style:page-layout-properties>
			<style:header-style>
				<style:header-footer-properties fo:min-height="1.27cm" fo:margin-bottom="1.171cm" style:dynamic-spacing="true"/>
			</style:header-style>
			<style:footer-style>
				<style:header-footer-properties fo:min-height="1.27cm" fo:margin-top="1.171cm" style:dynamic-spacing="true"/>
			</style:footer-style>
		</style:page-layout>
		<style:page-layout style:name="pm2">
			<style:page-layout-properties fo:page-width="29.699cm" fo:page-height="20.999cm" style:num-format="1" style:print-orientation="landscape" fo:margin-top="1.27cm" fo:margin-bottom="1.27cm" fo:margin-left="0.953cm" fo:margin-right="0.998cm" style:writing-mode="lr-tb" style:layout-grid-color="#c0c0c0" style:layout-grid-lines="29" style:layout-grid-base-height="0.353cm" style:layout-grid-ruby-height="0.282cm" style:layout-grid-mode="none" style:layout-grid-ruby-below="false" style:layout-grid-print="false" style:layout-grid-display="false" style:footnote-max-height="0cm">
				<style:footnote-sep style:width="0.018cm" style:distance-before-sep="0.101cm" style:distance-after-sep="0.101cm" style:adjustment="left" style:rel-width="25%" style:color="#000000"/>
			</style:page-layout-properties>
			<style:header-style>
				<style:header-footer-properties fo:min-height="0.951cm" fo:margin-bottom="0.852cm" style:dynamic-spacing="true"/>
			</style:header-style>
			<style:footer-style>
				<style:header-footer-properties fo:min-height="1cm" fo:margin-top="0.901cm" style:dynamic-spacing="true"/>
			</style:footer-style>
		</style:page-layout>
	</office:automatic-styles>
	<office:master-styles>
		<style:master-page style:name="Standard" style:page-layout-name="pm1">
			<style:header>
				<table:table table:name="Tableau7" table:style-name="Tableau7">
					<table:table-column table:style-name="Tableau7.A"/>
					<table:table-column table:style-name="Tableau7.B"/>
					<table:table-row table:style-name="Tableau7.1">
						<table:table-cell table:style-name="Tableau7.A1" office:value-type="string">
							<text:p text:style-name="P1">
								<draw:frame draw:style-name="fr1" draw:name="Image9" text:anchor-type="as-char" svg:width="2.36cm" svg:height="1.44cm" draw:z-index="20">
									<draw:image xlink:href="Pictures/100000000000052C00000333B2160036.jpg" xlink:type="simple" xlink:show="embed" xlink:actuate="onLoad"/>
								</draw:frame>
							</text:p>
						</table:table-cell>
						<table:table-cell table:style-name="Tableau7.B1" office:value-type="string">
							<text:p text:style-name="P2">
								<draw:frame draw:style-name="fr2" draw:name="Image10" text:anchor-type="as-char" svg:width="2.6cm" svg:height="1.46cm" draw:z-index="35">
									<draw:image xlink:href="Pictures/10000200000000C80000003273D81FB0.png" xlink:type="simple" xlink:show="embed" xlink:actuate="onLoad"/>
								</draw:frame>
							</text:p>
						</table:table-cell>
					</table:table-row>
				</table:table>
				<text:p text:style-name="Header"/>
			</style:header>
			<style:footer>
				<text:p text:style-name="P3">
					<text:span text:style-name="T1">© Compuware France, Sèvres, 2009</text:span>
					<text:span text:style-name="T2">
						<text:tab/>
						<text:tab/>
						<text:tab/>
						<text:tab/>
						<text:tab/>
					</text:span>
					<text:span text:style-name="T3">
						<text:page-number text:select-page="current">13</text:page-number>
					</text:span>
					<text:span text:style-name="T3">/</text:span>
					<text:span text:style-name="T3">
						<text:page-count style:num-format="1">13</text:page-count>
					</text:span>
				</text:p>
			</style:footer>
		</style:master-page>
		<style:master-page style:name="Conversion_20_1" style:display-name="Conversion 1" style:page-layout-name="pm2" style:next-style-name="Conversion_20_suivante_20_1">
			<style:header>
				<table:table table:name="Tableau7" table:style-name="Tableau7">
					<table:table-column table:style-name="Tableau7.A"/>
					<table:table-column table:style-name="Tableau7.B"/>
					<table:table-row table:style-name="Tableau7.1">
						<table:table-cell table:style-name="Tableau7.A1" office:value-type="string">
							<text:p text:style-name="P1">
								<draw:frame draw:style-name="fr1" draw:name="Image9" text:anchor-type="as-char" svg:width="2.36cm" svg:height="1.44cm" draw:z-index="20">
									<draw:image xlink:href="Pictures/100000000000052C00000333B2160036.jpg" xlink:type="simple" xlink:show="embed" xlink:actuate="onLoad"/>
								</draw:frame>
							</text:p>
						</table:table-cell>
						<table:table-cell table:style-name="Tableau7.B1" office:value-type="string">
							<text:p text:style-name="P2">
								<draw:frame draw:style-name="fr2" draw:name="Image10" text:anchor-type="as-char" svg:width="2.6cm" svg:height="1.46cm" draw:z-index="35">
									<draw:image xlink:href="Pictures/10000200000000C80000003273D81FB0.png" xlink:type="simple" xlink:show="embed" xlink:actuate="onLoad"/>
								</draw:frame>
							</text:p>
						</table:table-cell>
					</table:table-row>
				</table:table>
				<text:p text:style-name="Header"/>
			</style:header>
			<style:footer>
				<text:p text:style-name="P3">
					<text:span text:style-name="T1">© Compuware France, Sèvres, 2009</text:span>
					<text:span text:style-name="T2">
						<text:tab/>
						<text:tab/>
						<text:tab/>
						<text:tab/>
						<text:tab/>
					</text:span>
					<text:span text:style-name="T3">
						<text:page-number text:select-page="current">13</text:page-number>
					</text:span>
					<text:span text:style-name="T3">/</text:span>
					<text:span text:style-name="T3">
						<text:page-count style:num-format="1">13</text:page-count>
					</text:span>
				</text:p>
			</style:footer>
		</style:master-page>
		<style:master-page style:name="Conversion_20_suivante_20_1" style:display-name="Conversion suivante 1" style:page-layout-name="pm2">
			<style:header>
				<table:table table:name="Tableau7" table:style-name="Tableau7">
					<table:table-column table:style-name="Tableau7.A"/>
					<table:table-column table:style-name="Tableau7.B"/>
					<table:table-row table:style-name="Tableau7.1">
						<table:table-cell table:style-name="Tableau7.A1" office:value-type="string">
							<text:p text:style-name="P1">
								<draw:frame draw:style-name="fr1" draw:name="Image9" text:anchor-type="as-char" svg:width="2.36cm" svg:height="1.44cm" draw:z-index="20">
									<draw:image xlink:href="Pictures/100000000000052C00000333B2160036.jpg" xlink:type="simple" xlink:show="embed" xlink:actuate="onLoad"/>
								</draw:frame>
							</text:p>
						</table:table-cell>
						<table:table-cell table:style-name="Tableau7.B1" office:value-type="string">
							<text:p text:style-name="P2">
								<draw:frame draw:style-name="fr2" draw:name="Image10" text:anchor-type="as-char" svg:width="2.6cm" svg:height="1.46cm" draw:z-index="35">
									<draw:image xlink:href="Pictures/10000200000000C80000003273D81FB0.png" xlink:type="simple" xlink:show="embed" xlink:actuate="onLoad"/>
								</draw:frame>
							</text:p>
						</table:table-cell>
					</table:table-row>
				</table:table>
				<text:p text:style-name="Header"/>
			</style:header>
			<style:footer>
				<text:p text:style-name="P3">
					<text:span text:style-name="T1">© Compuware France, Sèvres, 2009</text:span>
					<text:span text:style-name="T2">
						<text:tab/>
						<text:tab/>
						<text:tab/>
						<text:tab/>
						<text:tab/>
					</text:span>
					<text:span text:style-name="T3">
						<text:page-number text:select-page="current">13</text:page-number>
					</text:span>
					<text:span text:style-name="T3">/</text:span>
					<text:span text:style-name="T3">
						<text:page-count style:num-format="1">13</text:page-count>
					</text:span>
				</text:p>
			</style:footer>
		</style:master-page>		
	</office:master-styles>
</office:document-styles>
