<?xml version="1.0"  encoding="UTF-8"?><e><r><c><![CDATA[rq_jm_archi_03]]></c><c><![CDATA[JAVA-RULES-OBEO]]></c><c><![CDATA[CLS]]></c></r><r><c><![CDATA[rq_jm_archi_04a]]></c><c><![CDATA[JAVA-RULES-OBEO]]></c><c><![CDATA[CLS]]></c></r><r><c><![CDATA[rq_jm_archi_04b]]></c><c><![CDATA[JAVA-RULES-OBEO]]></c><c><![CDATA[CLS]]></c></r><r><c><![CDATA[rq_jm_archi_05]]></c><c><![CDATA[JAVA-RULES-OBEO]]></c><c><![CDATA[CLS]]></c></r><r><c><![CDATA[rq_jm_archi_06]]></c><c><![CDATA[JAVA-RULES-OBEO]]></c><c><![CDATA[CLS]]></c></r><r><c><![CDATA[rq_jm_delegation_01]]></c><c><![CDATA[JAVA-RULES-OBEO]]></c><c><![CDATA[CLS]]></c></r><r><c><![CDATA[rq_jm_delegation_02]]></c><c><![CDATA[JAVA-RULES-OBEO]]></c><c><![CDATA[CLS]]></c></r><r><c><![CDATA[rq_jm_delegation_03]]></c><c><![CDATA[JAVA-RULES-OBEO]]></c><c><![CDATA[CLS]]></c></r><r><c><![CDATA[rq_jm_divers_04a]]></c><c><![CDATA[JAVA-RULES-OBEO]]></c><c><![CDATA[CLS]]></c></r><r><c><![CDATA[rq_jm_delegation_04]]></c><c><![CDATA[JAVA-RULES-OBEO]]></c><c><![CDATA[CLS]]></c></r><r><c><![CDATA[rq_jm_divers_04b]]></c><c><![CDATA[JAVA-RULES-OBEO]]></c><c><![CDATA[CLS]]></c></r><r><c><![CDATA[rq_jm_divers_05a]]></c><c><![CDATA[JAVA-RULES-OBEO]]></c><c><![CDATA[CLS]]></c></r><r><c><![CDATA[rq_jm_divers_05b]]></c><c><![CDATA[JAVA-RULES-OBEO]]></c><c><![CDATA[CLS]]></c></r><r><c><![CDATA[rq_jm_exception_01]]></c><c><![CDATA[JAVA-RULES-OBEO]]></c><c><![CDATA[CLS]]></c></r><r><c><![CDATA[rq_jm_exception_02]]></c><c><![CDATA[JAVA-RULES-OBEO]]></c><c><![CDATA[CLS]]></c></r><r><c><![CDATA[rq_jm_list_01]]></c><c><![CDATA[JAVA-RULES-OBEO]]></c><c><![CDATA[CLS]]></c></r><r><c><![CDATA[rq_jm_list_02]]></c><c><![CDATA[JAVA-RULES-OBEO]]></c><c><![CDATA[CLS]]></c></r><r><c><![CDATA[rq_jm_logger_01]]></c><c><![CDATA[JAVA-RULES-OBEO]]></c><c><![CDATA[CLS]]></c></r><r><c><![CDATA[rq_jm_logger_02a]]></c><c><![CDATA[JAVA-RULES-OBEO]]></c><c><![CDATA[CLS]]></c></r><r><c><![CDATA[rq_jm_logger_02b]]></c><c><![CDATA[JAVA-RULES-OBEO]]></c><c><![CDATA[CLS]]></c></r><r><c><![CDATA[rq_jm_logger_03a]]></c><c><![CDATA[JAVA-RULES-OBEO]]></c><c><![CDATA[CLS]]></c></r><r><c><![CDATA[rq_jm_logger_03b]]></c><c><![CDATA[JAVA-RULES-OBEO]]></c><c><![CDATA[CLS]]></c></r><r><c><![CDATA[rq_jm_archi_01]]></c><c><![CDATA[JAVA-RULES-OBEO]]></c><c><![CDATA[CLS]]></c></r><r><c><![CDATA[R1017]]></c><c><![CDATA[JAVA-RULES-OBEO]]></c><c><![CDATA[CLS]]></c></r><r><c><![CDATA[R1036]]></c><c><![CDATA[JAVA-RULES-OBEO]]></c><c><![CDATA[CLS]]></c></r><r><c><![CDATA[R1064]]></c><c><![CDATA[JAVA-RULES-OBEO]]></c><c><![CDATA[CLS]]></c></r><r><c><![CDATA[R22]]></c><c><![CDATA[JAVA-RULES-OBEO]]></c><c><![CDATA[CLS]]></c></r><r><c><![CDATA[R25]]></c><c><![CDATA[JAVA-RULES-OBEO]]></c><c><![CDATA[CLS]]></c></r><r><c><![CDATA[R26]]></c><c><![CDATA[JAVA-RULES-OBEO]]></c><c><![CDATA[CLS]]></c></r><r><c><![CDATA[R27]]></c><c><![CDATA[JAVA-RULES-OBEO]]></c><c><![CDATA[CLS]]></c></r><r><c><![CDATA[R28]]></c><c><![CDATA[JAVA-RULES-OBEO]]></c><c><![CDATA[CLS]]></c></r><r><c><![CDATA[R1004]]></c><c><![CDATA[JAVA-RULES-OBEO]]></c><c><![CDATA[CLS]]></c></r><r><c><![CDATA[R1007]]></c><c><![CDATA[JAVA-RULES-OBEO]]></c><c><![CDATA[CLS]]></c></r><r><c><![CDATA[R1076]]></c><c><![CDATA[JAVA-RULES-OBEO]]></c><c><![CDATA[CLS]]></c></r><r><c><![CDATA[AVOIDSTARIMPORTCHECK]]></c><c><![CDATA[JAVA-RULES-OBEO]]></c><c><![CDATA[CLS]]></c></r><r><c><![CDATA[HIDDENFIELDCHECK]]></c><c><![CDATA[JAVA-RULES-OBEO]]></c><c><![CDATA[CLS]]></c></r><r><c><![CDATA[MAGICNUMBERCHECK]]></c><c><![CDATA[JAVA-RULES-OBEO]]></c><c><![CDATA[CLS]]></c></r><r><c><![CDATA[NEEDBRACESCHECK]]></c><c><![CDATA[JAVA-RULES-OBEO]]></c><c><![CDATA[CLS]]></c></r><r><c><![CDATA[JAVADOCMISSING]]></c><c><![CDATA[JAVA-RULES-OBEO]]></c><c><![CDATA[CLS]]></c></r><r><c><![CDATA[JAVADOCSYNTAX]]></c><c><![CDATA[JAVA-RULES-OBEO]]></c><c><![CDATA[CLS]]></c></r><r><c><![CDATA[DECLARATIONORDERCHECK]]></c><c><![CDATA[JAVA-RULES-OBEO]]></c><c><![CDATA[CLS]]></c></r><r><c><![CDATA[UNUSEDLOCALORPRIVATE]]></c><c><![CDATA[JAVA-RULES-OBEO]]></c><c><![CDATA[CLS]]></c></r><r><c><![CDATA[DEST]]></c><c><![CDATA[JAVA-RULES-OBEO]]></c><c><![CDATA[MET]]></c></r><r><c><![CDATA[COMP]]></c><c><![CDATA[JAVA-RULES-OBEO]]></c><c><![CDATA[MET]]></c></r><r><c><![CDATA[PLOG]]></c><c><![CDATA[JAVA-RULES-OBEO]]></c><c><![CDATA[MET]]></c></r><r><c><![CDATA[ONLYONERETURN]]></c><c><![CDATA[JAVA-RULES-OBEO]]></c><c><![CDATA[CLS]]></c></r><r><c><![CDATA[TPRO]]></c><c><![CDATA[JAVA-RULES-OBEO]]></c><c><![CDATA[MET]]></c></r><r><c><![CDATA[COMPAREOBJECTSWITHEQUALS]]></c><c><![CDATA[JAVA-RULES-OBEO]]></c><c><![CDATA[CLS]]></c></r><r><c><![CDATA[HARDCODEDIP]]></c><c><![CDATA[JAVA-RULES-OBEO]]></c><c><![CDATA[CLS]]></c></r><r><c><![CDATA[POSITIONLITERALSFIRSTINCOMPARISONS]]></c><c><![CDATA[JAVA-RULES-OBEO]]></c><c><![CDATA[CLS]]></c></r><r><c><![CDATA[UNCOMMENTEDEMPTYCONSTRUCTOR]]></c><c><![CDATA[JAVA-RULES-OBEO]]></c><c><![CDATA[CLS]]></c></r><r><c><![CDATA[USELESSOVERRIDINGMETHOD]]></c><c><![CDATA[JAVA-RULES-OBEO]]></c><c><![CDATA[CLS]]></c></r><r><c><![CDATA[AVOIDREASSIGNINGPARAMETERS]]></c><c><![CDATA[JAVA-RULES-OBEO]]></c><c><![CDATA[CLS]]></c></r><r><c><![CDATA[EMPTYCATCHBLOCK]]></c><c><![CDATA[JAVA-RULES-OBEO]]></c><c><![CDATA[CLS]]></c></r><r><c><![CDATA[IMMUTABLEFIELD]]></c><c><![CDATA[JAVA-RULES-OBEO]]></c><c><![CDATA[CLS]]></c></r><r><c><![CDATA[CTRA]]></c><c><![CDATA[JAVA-RULES-OBEO]]></c><c><![CDATA[MET]]></c></r><r><c><![CDATA[INTE]]></c><c><![CDATA[JAVA-RULES-OBEO]]></c><c><![CDATA[MET]]></c></r><r><c><![CDATA[CYCLICDEPENDENCY]]></c><c><![CDATA[JAVA-RULES-OBEO]]></c><c><![CDATA[PKG]]></c></r><r><c><![CDATA[UNINITIALIZEDFIELDS]]></c><c><![CDATA[JAVA-RULES-OBEO]]></c><c><![CDATA[CLS]]></c></r><r><c><![CDATA[EQUALS]]></c><c><![CDATA[JAVA-RULES-OBEO]]></c><c><![CDATA[CLS]]></c></r><r><c><![CDATA[AVOIDENUMASIDENTIFIER]]></c><c><![CDATA[JAVA-RULES-OBEO]]></c><c><![CDATA[CLS]]></c></r><r><c><![CDATA[IFSTMTRULES]]></c><c><![CDATA[JAVA-RULES-OBEO]]></c><c><![CDATA[CLS]]></c></r><r><c><![CDATA[SWITCHSTMTRULES]]></c><c><![CDATA[JAVA-RULES-OBEO]]></c><c><![CDATA[CLS]]></c></r><r><c><![CDATA[USESINGLETON]]></c><c><![CDATA[JAVA-RULES-OBEO]]></c><c><![CDATA[CLS]]></c></r><r><c><![CDATA[NONTHREADSAFESINGLETON]]></c><c><![CDATA[JAVA-RULES-OBEO]]></c><c><![CDATA[CLS]]></c></r><r><c><![CDATA[ARRAYISSTOREDDIRECTLY]]></c><c><![CDATA[JAVA-RULES-OBEO]]></c><c><![CDATA[CLS]]></c></r><r><c><![CDATA[METHODRETURNSINTERNALARRAY]]></c><c><![CDATA[JAVA-RULES-OBEO]]></c><c><![CDATA[CLS]]></c></r><r><c><![CDATA[COUPLINGBETWEENOBJECTS]]></c><c><![CDATA[JAVA-RULES-OBEO]]></c><c><![CDATA[CLS]]></c></r><r><c><![CDATA[LOOSECOUPLING]]></c><c><![CDATA[JAVA-RULES-OBEO]]></c><c><![CDATA[CLS]]></c></r><r><c><![CDATA[EXCEPTIONRULES]]></c><c><![CDATA[JAVA-RULES-OBEO]]></c><c><![CDATA[CLS]]></c></r><r><c><![CDATA[SIMPLIFYBOOLEANEXPRESSIONS]]></c><c><![CDATA[JAVA-RULES-OBEO]]></c><c><![CDATA[CLS]]></c></r><r><c><![CDATA[EMPTYSTATEMENTNOTINLOOP]]></c><c><![CDATA[JAVA-RULES-OBEO]]></c><c><![CDATA[CLS]]></c></r><r><c><![CDATA[AVOIDDUPLICATELITERALS]]></c><c><![CDATA[JAVA-RULES-OBEO]]></c><c><![CDATA[CLS]]></c></r><r><c><![CDATA[AVOIDINSTANTIATINGOBJECTSINLOOPS]]></c><c><![CDATA[JAVA-RULES-OBEO]]></c><c><![CDATA[CLS]]></c></r><r><c><![CDATA[AVOIDPRINTSTACKTRACE]]></c><c><![CDATA[JAVA-RULES-OBEO]]></c><c><![CDATA[CLS]]></c></r><r><c><![CDATA[SIGNATURE_INTERFACE_USE]]></c><c><![CDATA[JAVA-RULES-OBEO]]></c><c><![CDATA[PKG]]></c></r><r><c><![CDATA[NORMALIZED_DISTANCE]]></c><c><![CDATA[JAVA-RULES-OBEO]]></c><c><![CDATA[PKG]]></c></r><r><c><![CDATA[TCOU]]></c><c><![CDATA[JAVA-RULES-OBEO]]></c><c><![CDATA[MET]]></c></r><r><c><![CDATA[AVOIDDEPRECATED]]></c><c><![CDATA[JAVA-RULES-OBEO]]></c><c><![CDATA[CLS]]></c></r><r><c><![CDATA[NULL_CHECK]]></c><c><![CDATA[JAVA-RULES-OBEO]]></c><c><![CDATA[CLS]]></c></r><r><c><![CDATA[TYPE_SAFETY]]></c><c><![CDATA[JAVA-RULES-OBEO]]></c><c><![CDATA[CLS]]></c></r><r><c><![CDATA[ANTI_COPIER_COLLER]]></c><c><![CDATA[JAVA-RULES-OBEO]]></c><c><![CDATA[CLS]]></c></r><r><c><![CDATA[R10]]></c><c><![CDATA[JAVA-RULES-OBEO]]></c><c><![CDATA[CLS]]></c></r><r><c><![CDATA[R17]]></c><c><![CDATA[JAVA-RULES-OBEO]]></c><c><![CDATA[CLS]]></c></r><r><c><![CDATA[R18]]></c><c><![CDATA[JAVA-RULES-OBEO]]></c><c><![CDATA[CLS]]></c></r><r><c><![CDATA[R6]]></c><c><![CDATA[JAVA-RULES-OBEO]]></c><c><![CDATA[CLS]]></c></r><r><c><![CDATA[R3]]></c><c><![CDATA[JAVA-RULES-OBEO]]></c><c><![CDATA[CLS]]></c></r><r><c><![CDATA[R4]]></c><c><![CDATA[JAVA-RULES-OBEO]]></c><c><![CDATA[CLS]]></c></r><r><c><![CDATA[R5]]></c><c><![CDATA[JAVA-RULES-OBEO]]></c><c><![CDATA[CLS]]></c></r><r><c><![CDATA[R7]]></c><c><![CDATA[JAVA-RULES-OBEO]]></c><c><![CDATA[CLS]]></c></r><r><c><![CDATA[R8]]></c><c><![CDATA[JAVA-RULES-OBEO]]></c><c><![CDATA[CLS]]></c></r><r><c><![CDATA[R9]]></c><c><![CDATA[JAVA-RULES-OBEO]]></c><c><![CDATA[CLS]]></c></r><r><c><![CDATA[R11]]></c><c><![CDATA[JAVA-RULES-OBEO]]></c><c><![CDATA[CLS]]></c></r><r><c><![CDATA[R12]]></c><c><![CDATA[JAVA-RULES-OBEO]]></c><c><![CDATA[CLS]]></c></r><r><c><![CDATA[R14]]></c><c><![CDATA[JAVA-RULES-OBEO]]></c><c><![CDATA[CLS]]></c></r><r><c><![CDATA[R16]]></c><c><![CDATA[JAVA-RULES-OBEO]]></c><c><![CDATA[CLS]]></c></r><r><c><![CDATA[R19]]></c><c><![CDATA[JAVA-RULES-OBEO]]></c><c><![CDATA[CLS]]></c></r><r><c><![CDATA[R20]]></c><c><![CDATA[JAVA-RULES-OBEO]]></c><c><![CDATA[CLS]]></c></r><r><c><![CDATA[R21]]></c><c><![CDATA[JAVA-RULES-OBEO]]></c><c><![CDATA[CLS]]></c></r><r><c><![CDATA[rq_jm_archi_02]]></c><c><![CDATA[JAVA-RULES-OBEO]]></c><c><![CDATA[CLS]]></c></r><r><c><![CDATA[rq_jm_divers_01]]></c><c><![CDATA[JAVA-RULES-OBEO]]></c><c><![CDATA[CLS]]></c></r><r><c><![CDATA[rq_jm_divers_02]]></c><c><![CDATA[JAVA-RULES-OBEO]]></c><c><![CDATA[CLS]]></c></r><r><c><![CDATA[rq_jm_divers_03]]></c><c><![CDATA[JAVA-RULES-OBEO]]></c><c><![CDATA[CLS]]></c></r><r><c><![CDATA[rq_jm_exception_03]]></c><c><![CDATA[JAVA-RULES-OBEO]]></c><c><![CDATA[CLS]]></c></r><r><c><![CDATA[rq_jm_exception_04]]></c><c><![CDATA[JAVA-RULES-OBEO]]></c><c><![CDATA[CLS]]></c></r><r><c><![CDATA[rq_jm_exception_05]]></c><c><![CDATA[JAVA-RULES-OBEO]]></c><c><![CDATA[CLS]]></c></r><r><c><![CDATA[rq_jm_hash_01]]></c><c><![CDATA[JAVA-RULES-OBEO]]></c><c><![CDATA[CLS]]></c></r><r><c><![CDATA[rq_jm_pojo_01a]]></c><c><![CDATA[JAVA-RULES-OBEO]]></c><c><![CDATA[CLS]]></c></r><r><c><![CDATA[rq_jm_pojo_01b]]></c><c><![CDATA[JAVA-RULES-OBEO]]></c><c><![CDATA[CLS]]></c></r><r><c><![CDATA[rq_jm_pojo_02]]></c><c><![CDATA[JAVA-RULES-OBEO]]></c><c><![CDATA[CLS]]></c></r><r><c><![CDATA[rq_jm_pojo_03a]]></c><c><![CDATA[JAVA-RULES-OBEO]]></c><c><![CDATA[CLS]]></c></r><r><c><![CDATA[rq_jm_pojo_03b]]></c><c><![CDATA[JAVA-RULES-OBEO]]></c><c><![CDATA[CLS]]></c></r><r><c><![CDATA[rq_jm_pojo_03c]]></c><c><![CDATA[JAVA-RULES-OBEO]]></c><c><![CDATA[CLS]]></c></r><r><c><![CDATA[rq_jm_pojo_04]]></c><c><![CDATA[JAVA-RULES-OBEO]]></c><c><![CDATA[CLS]]></c></r></e>