<?xml version="1.0"  encoding="UTF-8"?><e><r><c><![CDATA[ANTI_COPIER_COLLER]]></c><c><![CDATA[COPY_PASTE]]></c><c><![CDATA[JAVA-RULES-OBEO]]></c><c/><c/></r><r><c><![CDATA[ARRAYISSTOREDDIRECTLY]]></c><c><![CDATA[ARRAYISSTOREDDIRECTLY]]></c><c><![CDATA[JAVA-RULES-OBEO]]></c><c/><c/></r><r><c><![CDATA[AVOIDDEPRECATED]]></c><c><![CDATA[JDT-OVERRIDINGDEPRECATEDMETHOD]]></c><c><![CDATA[JAVA-RULES-OBEO]]></c><c/><c/></r><r><c><![CDATA[AVOIDDEPRECATED]]></c><c><![CDATA[JDT-USINGDEPRECATEDCONSTRUCTOR]]></c><c><![CDATA[JAVA-RULES-OBEO]]></c><c/><c/></r><r><c><![CDATA[AVOIDDEPRECATED]]></c><c><![CDATA[JDT-USINGDEPRECATEDFIELD]]></c><c><![CDATA[JAVA-RULES-OBEO]]></c><c/><c/></r><r><c><![CDATA[AVOIDDEPRECATED]]></c><c><![CDATA[JDT-USINGDEPRECATEDMETHOD]]></c><c><![CDATA[JAVA-RULES-OBEO]]></c><c/><c/></r><r><c><![CDATA[AVOIDDEPRECATED]]></c><c><![CDATA[JDT-USINGDEPRECATEDTYPE]]></c><c><![CDATA[JAVA-RULES-OBEO]]></c><c/><c/></r><r><c><![CDATA[AVOIDDUPLICATELITERALS]]></c><c><![CDATA[AVOIDDUPLICATELITERALS]]></c><c><![CDATA[JAVA-RULES-OBEO]]></c><c/><c/></r><r><c><![CDATA[AVOIDENUMASIDENTIFIER]]></c><c><![CDATA[AVOIDASSERTASIDENTIFIER]]></c><c><![CDATA[JAVA-RULES-OBEO]]></c><c/><c/></r><r><c><![CDATA[AVOIDENUMASIDENTIFIER]]></c><c><![CDATA[AVOIDENUMASIDENTIFIER]]></c><c><![CDATA[JAVA-RULES-OBEO]]></c><c/><c/></r><r><c><![CDATA[AVOIDINSTANTIATINGOBJECTSINLOOPS]]></c><c><![CDATA[AVOIDINSTANTIATINGOBJECTSINLOOPS]]></c><c><![CDATA[JAVA-RULES-OBEO]]></c><c/><c/></r><r><c><![CDATA[AVOIDPRINTSTACKTRACE]]></c><c><![CDATA[AVOIDPRINTSTACKTRACE]]></c><c><![CDATA[JAVA-RULES-OBEO]]></c><c/><c/></r><r><c><![CDATA[AVOIDREASSIGNINGPARAMETERS]]></c><c><![CDATA[AVOIDREASSIGNINGPARAMETERS]]></c><c><![CDATA[JAVA-RULES-OBEO]]></c><c/><c/></r><r><c><![CDATA[AVOIDSTARIMPORTCHECK]]></c><c><![CDATA[AVOIDSTARIMPORTCHECK]]></c><c><![CDATA[JAVA-RULES-OBEO]]></c><c/><c/></r><r><c><![CDATA[COMP]]></c><c><![CDATA[CLOC]]></c><c><![CDATA[JAVA-RULES-OBEO]]></c><c/><c/></r><r><c><![CDATA[COMP]]></c><c><![CDATA[JAVADOCMETHODCHECK]]></c><c><![CDATA[JAVA-RULES-OBEO]]></c><c/><c/></r><r><c><![CDATA[COMP]]></c><c><![CDATA[LOC]]></c><c><![CDATA[JAVA-RULES-OBEO]]></c><c/><c/></r><r><c><![CDATA[COMP]]></c><c><![CDATA[NL]]></c><c><![CDATA[JAVA-RULES-OBEO]]></c><c/><c/></r><r><c><![CDATA[COMP]]></c><c><![CDATA[VG]]></c><c><![CDATA[JAVA-RULES-OBEO]]></c><c/><c/></r><r><c><![CDATA[COMPAREOBJECTSWITHEQUALS]]></c><c><![CDATA[COMPAREOBJECTSWITHEQUALS]]></c><c><![CDATA[JAVA-RULES-OBEO]]></c><c/><c/></r><r><c><![CDATA[CTRA]]></c><c><![CDATA[FANOUT]]></c><c><![CDATA[JAVA-RULES-OBEO]]></c><c/><c/></r><r><c><![CDATA[CTRA]]></c><c><![CDATA[IVG]]></c><c><![CDATA[JAVA-RULES-OBEO]]></c><c/><c/></r><r><c><![CDATA[CYCLICDEPENDENCY]]></c><c><![CDATA[ADPR_CLASS_LEVEL]]></c><c><![CDATA[JAVA-RULES-OBEO]]></c><c/><c/></r><r><c><![CDATA[DECLARATIONORDERCHECK]]></c><c><![CDATA[DECLARATIONORDERCHECK]]></c><c><![CDATA[JAVA-RULES-OBEO]]></c><c/><c/></r><r><c><![CDATA[DEST]]></c><c><![CDATA[EVG]]></c><c><![CDATA[JAVA-RULES-OBEO]]></c><c/><c/></r><r><c><![CDATA[EMPTYCATCHBLOCK]]></c><c><![CDATA[EMPTYCATCHBLOCK]]></c><c><![CDATA[JAVA-RULES-OBEO]]></c><c/><c/></r><r><c><![CDATA[EMPTYSTATEMENTNOTINLOOP]]></c><c><![CDATA[EMPTYSTATEMENTNOTINLOOP]]></c><c><![CDATA[JAVA-RULES-OBEO]]></c><c/><c/></r><r><c><![CDATA[EQUALS]]></c><c><![CDATA[R0001]]></c><c><![CDATA[JAVA-RULES-OBEO]]></c><c/><c/></r><r><c><![CDATA[EQUALS]]></c><c><![CDATA[R0002]]></c><c><![CDATA[JAVA-RULES-OBEO]]></c><c/><c/></r><r><c><![CDATA[EQUALS]]></c><c><![CDATA[R0023]]></c><c><![CDATA[JAVA-RULES-OBEO]]></c><c/><c/></r><r><c><![CDATA[EQUALS]]></c><c><![CDATA[R0024]]></c><c><![CDATA[JAVA-RULES-OBEO]]></c><c/><c/></r><r><c><![CDATA[EQUALS]]></c><c><![CDATA[R0030]]></c><c><![CDATA[JAVA-RULES-OBEO]]></c><c/><c/></r><r><c><![CDATA[EQUALS]]></c><c><![CDATA[R1028]]></c><c><![CDATA[JAVA-RULES-OBEO]]></c><c/><c/></r><r><c><![CDATA[EQUALS]]></c><c><![CDATA[R1046]]></c><c><![CDATA[JAVA-RULES-OBEO]]></c><c/><c/></r><r><c><![CDATA[EQUALS]]></c><c><![CDATA[R1069]]></c><c><![CDATA[JAVA-RULES-OBEO]]></c><c/><c/></r><r><c><![CDATA[EXCEPTIONRULES]]></c><c><![CDATA[AVOIDCATCHINGNPE]]></c><c><![CDATA[JAVA-RULES-OBEO]]></c><c/><c/></r><r><c><![CDATA[EXCEPTIONRULES]]></c><c><![CDATA[AVOIDCATCHINGTHROWABLE]]></c><c><![CDATA[JAVA-RULES-OBEO]]></c><c/><c/></r><r><c><![CDATA[EXCEPTIONRULES]]></c><c><![CDATA[AVOIDINSTANCEOFCHECKSINCATCHCLAUSE]]></c><c><![CDATA[JAVA-RULES-OBEO]]></c><c/><c/></r><r><c><![CDATA[EXCEPTIONRULES]]></c><c><![CDATA[AVOIDTHROWINGNULLPOINTEREXCEPTION]]></c><c><![CDATA[JAVA-RULES-OBEO]]></c><c/><c/></r><r><c><![CDATA[EXCEPTIONRULES]]></c><c><![CDATA[JDT-NULLLOCALVARIABLEREFERENCE]]></c><c><![CDATA[JAVA-RULES-OBEO]]></c><c/><c/></r><r><c><![CDATA[EXCEPTIONRULES]]></c><c><![CDATA[JDT-POTENTIALNULLLOCALVARIABLEREFERENCE]]></c><c><![CDATA[JAVA-RULES-OBEO]]></c><c/><c/></r><r><c><![CDATA[HARDCODEDIP]]></c><c><![CDATA[HARDCODEDIP]]></c><c><![CDATA[JAVA-RULES-OBEO]]></c><c/><c/></r><r><c><![CDATA[HIDDENFIELDCHECK]]></c><c><![CDATA[HIDDENFIELDCHECK]]></c><c><![CDATA[JAVA-RULES-OBEO]]></c><c/><c/></r><r><c><![CDATA[IFSTMTRULES]]></c><c><![CDATA[AVOIDDEEPLYNESTEDIFSTMTS]]></c><c><![CDATA[JAVA-RULES-OBEO]]></c><c/><c/></r><r><c><![CDATA[IFSTMTRULES]]></c><c><![CDATA[COLLAPSIBLEIFSTATEMENTS]]></c><c><![CDATA[JAVA-RULES-OBEO]]></c><c/><c/></r><r><c><![CDATA[IMMUTABLEFIELD]]></c><c><![CDATA[IMMUTABLEFIELD]]></c><c><![CDATA[JAVA-RULES-OBEO]]></c><c/><c/></r><r><c><![CDATA[INTE]]></c><c><![CDATA[FANOUT]]></c><c><![CDATA[JAVA-RULES-OBEO]]></c><c/><c/></r><r><c><![CDATA[INTE]]></c><c><![CDATA[IVG]]></c><c><![CDATA[JAVA-RULES-OBEO]]></c><c/><c/></r><r><c><![CDATA[JAVADOCMISSING]]></c><c><![CDATA[JAVADOCMETHODCHECK]]></c><c><![CDATA[JAVA-RULES-OBEO]]></c><c/><c/></r><r><c><![CDATA[JAVADOCMISSING]]></c><c><![CDATA[JAVADOCTYPECHECK]]></c><c><![CDATA[JAVA-RULES-OBEO]]></c><c/><c/></r><r><c><![CDATA[JAVADOCSYNTAX]]></c><c><![CDATA[JAVADOCSTYLECHECK]]></c><c><![CDATA[JAVA-RULES-OBEO]]></c><c/><c/></r><r><c><![CDATA[LOOSECOUPLING]]></c><c><![CDATA[LOOSECOUPLING]]></c><c><![CDATA[JAVA-RULES-OBEO]]></c><c/><c/></r><r><c><![CDATA[MAGICNUMBERCHECK]]></c><c><![CDATA[MAGICNUMBERCHECK]]></c><c><![CDATA[JAVA-RULES-OBEO]]></c><c/><c/></r><r><c><![CDATA[METHODRETURNSINTERNALARRAY]]></c><c><![CDATA[METHODRETURNSINTERNALARRAY]]></c><c><![CDATA[JAVA-RULES-OBEO]]></c><c/><c/></r><r><c><![CDATA[NEEDBRACESCHECK]]></c><c><![CDATA[NEEDBRACESCHECK]]></c><c><![CDATA[JAVA-RULES-OBEO]]></c><c/><c/></r><r><c><![CDATA[NORMALIZED_DISTANCE]]></c><c><![CDATA[NORMALIZED_DISTANCE]]></c><c><![CDATA[JAVA-RULES-OBEO]]></c><c/><c/></r><r><c><![CDATA[NULL_CHECK]]></c><c><![CDATA[JDT-NONNULLLOCALVARIABLECOMPARISONYIELDSFALSE]]></c><c><![CDATA[JAVA-RULES-OBEO]]></c><c/><c/></r><r><c><![CDATA[NULL_CHECK]]></c><c><![CDATA[JDT-NULLLOCALVARIABLECOMPARISONYIELDSFALSE]]></c><c><![CDATA[JAVA-RULES-OBEO]]></c><c/><c/></r><r><c><![CDATA[NULL_CHECK]]></c><c><![CDATA[JDT-NULLLOCALVARIABLEINSTANCEOFYIELDSFALSE]]></c><c><![CDATA[JAVA-RULES-OBEO]]></c><c/><c/></r><r><c><![CDATA[NULL_CHECK]]></c><c><![CDATA[JDT-NULLLOCALVARIABLEREFERENCE]]></c><c><![CDATA[JAVA-RULES-OBEO]]></c><c/><c/></r><r><c><![CDATA[NULL_CHECK]]></c><c><![CDATA[JDT-POTENTIALNULLLOCALVARIABLEREFERENCE]]></c><c><![CDATA[JAVA-RULES-OBEO]]></c><c/><c/></r><r><c><![CDATA[NULL_CHECK]]></c><c><![CDATA[JDT-REDUNDANTLOCALVARIABLENULLASSIGNMENT]]></c><c><![CDATA[JAVA-RULES-OBEO]]></c><c/><c/></r><r><c><![CDATA[NULL_CHECK]]></c><c><![CDATA[JDT-REDUNDANTNULLCHECKONNONNULLLOCALVARIABLE]]></c><c><![CDATA[JAVA-RULES-OBEO]]></c><c/><c/></r><r><c><![CDATA[NULL_CHECK]]></c><c><![CDATA[JDT-REDUNDANTNULLCHECKONNULLLOCALVARIABLE]]></c><c><![CDATA[JAVA-RULES-OBEO]]></c><c/><c/></r><r><c><![CDATA[ONLYONERETURN]]></c><c><![CDATA[ONLYONERETURN]]></c><c><![CDATA[JAVA-RULES-OBEO]]></c><c/><c/></r><r><c><![CDATA[PLOG]]></c><c><![CDATA[EVG]]></c><c><![CDATA[JAVA-RULES-OBEO]]></c><c/><c/></r><r><c><![CDATA[PLOG]]></c><c><![CDATA[VG]]></c><c><![CDATA[JAVA-RULES-OBEO]]></c><c/><c/></r><r><c><![CDATA[POSITIONLITERALSFIRSTINCOMPARISONS]]></c><c><![CDATA[POSITIONLITERALSFIRSTINCOMPARISONS]]></c><c><![CDATA[JAVA-RULES-OBEO]]></c><c/><c/></r><r><c><![CDATA[R10]]></c><c><![CDATA[R0010]]></c><c><![CDATA[JAVA-RULES-OBEO]]></c><c/><c/></r><r><c><![CDATA[R1004]]></c><c><![CDATA[R1004]]></c><c><![CDATA[JAVA-RULES-OBEO]]></c><c/><c/></r><r><c><![CDATA[R1007]]></c><c><![CDATA[R1007]]></c><c><![CDATA[JAVA-RULES-OBEO]]></c><c/><c/></r><r><c><![CDATA[R1017]]></c><c><![CDATA[R1017]]></c><c><![CDATA[JAVA-RULES-OBEO]]></c><c/><c/></r><r><c><![CDATA[R1036]]></c><c><![CDATA[R1036]]></c><c><![CDATA[JAVA-RULES-OBEO]]></c><c/><c/></r><r><c><![CDATA[R1064]]></c><c><![CDATA[R1064]]></c><c><![CDATA[JAVA-RULES-OBEO]]></c><c/><c/></r><r><c><![CDATA[R1076]]></c><c><![CDATA[R1076]]></c><c><![CDATA[JAVA-RULES-OBEO]]></c><c/><c/></r><r><c><![CDATA[R11]]></c><c><![CDATA[R0011]]></c><c><![CDATA[JAVA-RULES-OBEO]]></c><c/><c/></r><r><c><![CDATA[R12]]></c><c><![CDATA[R0012]]></c><c><![CDATA[JAVA-RULES-OBEO]]></c><c/><c/></r><r><c><![CDATA[R14]]></c><c><![CDATA[R0014]]></c><c><![CDATA[JAVA-RULES-OBEO]]></c><c/><c/></r><r><c><![CDATA[R16]]></c><c><![CDATA[R0016]]></c><c><![CDATA[JAVA-RULES-OBEO]]></c><c/><c/></r><r><c><![CDATA[R17]]></c><c><![CDATA[R0017]]></c><c><![CDATA[JAVA-RULES-OBEO]]></c><c/><c/></r><r><c><![CDATA[R18]]></c><c><![CDATA[R0018]]></c><c><![CDATA[JAVA-RULES-OBEO]]></c><c/><c/></r><r><c><![CDATA[R19]]></c><c><![CDATA[R0019]]></c><c><![CDATA[JAVA-RULES-OBEO]]></c><c/><c/></r><r><c><![CDATA[R20]]></c><c><![CDATA[R0020]]></c><c><![CDATA[JAVA-RULES-OBEO]]></c><c/><c/></r><r><c><![CDATA[R21]]></c><c><![CDATA[R0021]]></c><c><![CDATA[JAVA-RULES-OBEO]]></c><c/><c/></r><r><c><![CDATA[R22]]></c><c><![CDATA[R0022]]></c><c><![CDATA[JAVA-RULES-OBEO]]></c><c/><c/></r><r><c><![CDATA[R25]]></c><c><![CDATA[R0025]]></c><c><![CDATA[JAVA-RULES-OBEO]]></c><c/><c/></r><r><c><![CDATA[R26]]></c><c><![CDATA[R0026]]></c><c><![CDATA[JAVA-RULES-OBEO]]></c><c/><c/></r><r><c><![CDATA[R27]]></c><c><![CDATA[R0027]]></c><c><![CDATA[JAVA-RULES-OBEO]]></c><c/><c/></r><r><c><![CDATA[R28]]></c><c><![CDATA[R0028]]></c><c><![CDATA[JAVA-RULES-OBEO]]></c><c/><c/></r><r><c><![CDATA[R3]]></c><c><![CDATA[R0003]]></c><c><![CDATA[JAVA-RULES-OBEO]]></c><c/><c/></r><r><c><![CDATA[R4]]></c><c><![CDATA[CONSTANTNAMECHECK]]></c><c><![CDATA[JAVA-RULES-OBEO]]></c><c/><c/></r><r><c><![CDATA[R4]]></c><c><![CDATA[LOCALVARIABLENAMECHECK]]></c><c><![CDATA[JAVA-RULES-OBEO]]></c><c/><c/></r><r><c><![CDATA[R4]]></c><c><![CDATA[MEMBERNAMECHECK]]></c><c><![CDATA[JAVA-RULES-OBEO]]></c><c/><c/></r><r><c><![CDATA[R4]]></c><c><![CDATA[METHODNAMECHECK]]></c><c><![CDATA[JAVA-RULES-OBEO]]></c><c/><c/></r><r><c><![CDATA[R4]]></c><c><![CDATA[PARAMETERNAMECHECK]]></c><c><![CDATA[JAVA-RULES-OBEO]]></c><c/><c/></r><r><c><![CDATA[R4]]></c><c><![CDATA[STATICVARIABLENAMECHECK]]></c><c><![CDATA[JAVA-RULES-OBEO]]></c><c/><c/></r><r><c><![CDATA[R4]]></c><c><![CDATA[TYPENAMECHECK]]></c><c><![CDATA[JAVA-RULES-OBEO]]></c><c/><c/></r><r><c><![CDATA[R5]]></c><c><![CDATA[R0005]]></c><c><![CDATA[JAVA-RULES-OBEO]]></c><c/><c/></r><r><c><![CDATA[R6]]></c><c><![CDATA[R0006]]></c><c><![CDATA[JAVA-RULES-OBEO]]></c><c/><c/></r><r><c><![CDATA[R7]]></c><c><![CDATA[R0007]]></c><c><![CDATA[JAVA-RULES-OBEO]]></c><c/><c/></r><r><c><![CDATA[R8]]></c><c><![CDATA[R0008]]></c><c><![CDATA[JAVA-RULES-OBEO]]></c><c/><c/></r><r><c><![CDATA[R9]]></c><c><![CDATA[R0009]]></c><c><![CDATA[JAVA-RULES-OBEO]]></c><c/><c/></r><r><c><![CDATA[SIGNATURE_INTERFACE_USE]]></c><c><![CDATA[SIGNATURE_INTERFACE_USE]]></c><c><![CDATA[JAVA-RULES-OBEO]]></c><c/><c/></r><r><c><![CDATA[SIMPLIFYBOOLEANEXPRESSIONS]]></c><c><![CDATA[SIMPLIFYBOOLEANEXPRESSIONS]]></c><c><![CDATA[JAVA-RULES-OBEO]]></c><c/><c/></r><r><c><![CDATA[SWITCHSTMTRULES]]></c><c><![CDATA[MISSINGBREAKINSWITCH]]></c><c><![CDATA[JAVA-RULES-OBEO]]></c><c/><c/></r><r><c><![CDATA[SWITCHSTMTRULES]]></c><c><![CDATA[SWITCHDENSITY]]></c><c><![CDATA[JAVA-RULES-OBEO]]></c><c/><c/></r><r><c><![CDATA[SWITCHSTMTRULES]]></c><c><![CDATA[SWITCHSTMTSSHOULDHAVEDEFAULT]]></c><c><![CDATA[JAVA-RULES-OBEO]]></c><c/><c/></r><r><c><![CDATA[TCOU]]></c><c><![CDATA[PCTCOVERED]]></c><c><![CDATA[JAVA-RULES-OBEO]]></c><c/><c/></r><r><c><![CDATA[TPRO]]></c><c><![CDATA[NL]]></c><c><![CDATA[JAVA-RULES-OBEO]]></c><c/><c/></r><r><c><![CDATA[TYPE_SAFETY]]></c><c><![CDATA[JDT-UNSAFEGENERICARRAYFORVARARGS]]></c><c><![CDATA[JAVA-RULES-OBEO]]></c><c/><c/></r><r><c><![CDATA[TYPE_SAFETY]]></c><c><![CDATA[JDT-UNSAFEGENERICCAST]]></c><c><![CDATA[JAVA-RULES-OBEO]]></c><c/><c/></r><r><c><![CDATA[TYPE_SAFETY]]></c><c><![CDATA[JDT-UNSAFERAWCONSTRUCTORINVOCATION]]></c><c><![CDATA[JAVA-RULES-OBEO]]></c><c/><c/></r><r><c><![CDATA[TYPE_SAFETY]]></c><c><![CDATA[JDT-UNSAFERAWFIELDASSIGNMENT]]></c><c><![CDATA[JAVA-RULES-OBEO]]></c><c/><c/></r><r><c><![CDATA[TYPE_SAFETY]]></c><c><![CDATA[JDT-UNSAFERAWGENERICCONSTRUCTORINVOCATION]]></c><c><![CDATA[JAVA-RULES-OBEO]]></c><c/><c/></r><r><c><![CDATA[TYPE_SAFETY]]></c><c><![CDATA[JDT-UNSAFERAWGENERICMETHODINVOCATION]]></c><c><![CDATA[JAVA-RULES-OBEO]]></c><c/><c/></r><r><c><![CDATA[TYPE_SAFETY]]></c><c><![CDATA[JDT-UNSAFERAWMETHODINVOCATION]]></c><c><![CDATA[JAVA-RULES-OBEO]]></c><c/><c/></r><r><c><![CDATA[TYPE_SAFETY]]></c><c><![CDATA[JDT-UNSAFERETURNTYPEOVERRIDE]]></c><c><![CDATA[JAVA-RULES-OBEO]]></c><c/><c/></r><r><c><![CDATA[TYPE_SAFETY]]></c><c><![CDATA[JDT-UNSAFETYPECONVERSION]]></c><c><![CDATA[JAVA-RULES-OBEO]]></c><c/><c/></r><r><c><![CDATA[UNCOMMENTEDEMPTYCONSTRUCTOR]]></c><c><![CDATA[UNCOMMENTEDEMPTYCONSTRUCTOR]]></c><c><![CDATA[JAVA-RULES-OBEO]]></c><c/><c/></r><r><c><![CDATA[UNINITIALIZEDFIELDS]]></c><c><![CDATA[R1010]]></c><c><![CDATA[JAVA-RULES-OBEO]]></c><c/><c/></r><r><c><![CDATA[UNINITIALIZEDFIELDS]]></c><c><![CDATA[R1011]]></c><c><![CDATA[JAVA-RULES-OBEO]]></c><c/><c/></r><r><c><![CDATA[UNINITIALIZEDFIELDS]]></c><c><![CDATA[R1012]]></c><c><![CDATA[JAVA-RULES-OBEO]]></c><c/><c/></r><r><c><![CDATA[UNINITIALIZEDFIELDS]]></c><c><![CDATA[R1013]]></c><c><![CDATA[JAVA-RULES-OBEO]]></c><c/><c/></r><r><c><![CDATA[UNUSEDLOCALORPRIVATE]]></c><c><![CDATA[UNUSEDFORMALPARAMETER]]></c><c><![CDATA[JAVA-RULES-OBEO]]></c><c/><c/></r><r><c><![CDATA[UNUSEDLOCALORPRIVATE]]></c><c><![CDATA[UNUSEDLOCALVARIABLE]]></c><c><![CDATA[JAVA-RULES-OBEO]]></c><c/><c/></r><r><c><![CDATA[UNUSEDLOCALORPRIVATE]]></c><c><![CDATA[UNUSEDLOCALVARIABLECHECK]]></c><c><![CDATA[JAVA-RULES-OBEO]]></c><c/><c/></r><r><c><![CDATA[UNUSEDLOCALORPRIVATE]]></c><c><![CDATA[UNUSEDPARAMETERCHECK]]></c><c><![CDATA[JAVA-RULES-OBEO]]></c><c/><c/></r><r><c><![CDATA[UNUSEDLOCALORPRIVATE]]></c><c><![CDATA[UNUSEDPRIVATEFIELD]]></c><c><![CDATA[JAVA-RULES-OBEO]]></c><c/><c/></r><r><c><![CDATA[UNUSEDLOCALORPRIVATE]]></c><c><![CDATA[UNUSEDPRIVATEFIELDCHECK]]></c><c><![CDATA[JAVA-RULES-OBEO]]></c><c/><c/></r><r><c><![CDATA[UNUSEDLOCALORPRIVATE]]></c><c><![CDATA[UNUSEDPRIVATEMETHOD]]></c><c><![CDATA[JAVA-RULES-OBEO]]></c><c/><c/></r><r><c><![CDATA[UNUSEDLOCALORPRIVATE]]></c><c><![CDATA[UNUSEDPRIVATEMETHODCHECK]]></c><c><![CDATA[JAVA-RULES-OBEO]]></c><c/><c/></r><r><c><![CDATA[USELESSOVERRIDINGMETHOD]]></c><c><![CDATA[USELESSOVERRIDINGMETHOD]]></c><c><![CDATA[JAVA-RULES-OBEO]]></c><c/><c/></r><r><c><![CDATA[USESINGLETON]]></c><c><![CDATA[USESINGLETON]]></c><c><![CDATA[JAVA-RULES-OBEO]]></c><c/><c/></r><r><c><![CDATA[rq_jm_archi_01]]></c><c><![CDATA[rq_jm_archi_01]]></c><c><![CDATA[JAVA-RULES-OBEO]]></c><c/><c/></r><r><c><![CDATA[rq_jm_archi_02]]></c><c><![CDATA[rq_jm_archi_02]]></c><c><![CDATA[JAVA-RULES-OBEO]]></c><c/><c/></r><r><c><![CDATA[rq_jm_archi_03]]></c><c><![CDATA[rq_jm_archi_03]]></c><c><![CDATA[JAVA-RULES-OBEO]]></c><c/><c/></r><r><c><![CDATA[rq_jm_archi_04a]]></c><c><![CDATA[rq_jm_archi_04a]]></c><c><![CDATA[JAVA-RULES-OBEO]]></c><c/><c/></r><r><c><![CDATA[rq_jm_archi_04b]]></c><c><![CDATA[rq_jm_archi_04b]]></c><c><![CDATA[JAVA-RULES-OBEO]]></c><c/><c/></r><r><c><![CDATA[rq_jm_archi_05]]></c><c><![CDATA[rq_jm_archi_05]]></c><c><![CDATA[JAVA-RULES-OBEO]]></c><c/><c/></r><r><c><![CDATA[rq_jm_archi_06]]></c><c><![CDATA[rq_jm_archi_06]]></c><c><![CDATA[JAVA-RULES-OBEO]]></c><c/><c/></r><r><c><![CDATA[rq_jm_delegation_01]]></c><c><![CDATA[rq_jm_delegation_01]]></c><c><![CDATA[JAVA-RULES-OBEO]]></c><c/><c/></r><r><c><![CDATA[rq_jm_delegation_02]]></c><c><![CDATA[rq_jm_delegation_02]]></c><c><![CDATA[JAVA-RULES-OBEO]]></c><c/><c/></r><r><c><![CDATA[rq_jm_delegation_03]]></c><c><![CDATA[rq_jm_delegation_03]]></c><c><![CDATA[JAVA-RULES-OBEO]]></c><c/><c/></r><r><c><![CDATA[rq_jm_delegation_04]]></c><c><![CDATA[rq_jm_delegation_04]]></c><c><![CDATA[JAVA-RULES-OBEO]]></c><c/><c/></r><r><c><![CDATA[rq_jm_divers_01]]></c><c><![CDATA[rq_jm_divers_01]]></c><c><![CDATA[JAVA-RULES-OBEO]]></c><c/><c/></r><r><c><![CDATA[rq_jm_divers_02]]></c><c><![CDATA[rq_jm_divers_02]]></c><c><![CDATA[JAVA-RULES-OBEO]]></c><c/><c/></r><r><c><![CDATA[rq_jm_divers_03]]></c><c><![CDATA[rq_jm_divers_03]]></c><c><![CDATA[JAVA-RULES-OBEO]]></c><c/><c/></r><r><c><![CDATA[rq_jm_divers_04a]]></c><c><![CDATA[rq_jm_divers_04a]]></c><c><![CDATA[JAVA-RULES-OBEO]]></c><c/><c/></r><r><c><![CDATA[rq_jm_divers_04b]]></c><c><![CDATA[rq_jm_divers_04b]]></c><c><![CDATA[JAVA-RULES-OBEO]]></c><c/><c/></r><r><c><![CDATA[rq_jm_divers_05a]]></c><c><![CDATA[rq_jm_divers_05a]]></c><c><![CDATA[JAVA-RULES-OBEO]]></c><c/><c/></r><r><c><![CDATA[rq_jm_divers_05b]]></c><c><![CDATA[rq_jm_divers_05b]]></c><c><![CDATA[JAVA-RULES-OBEO]]></c><c/><c/></r><r><c><![CDATA[rq_jm_exception_01]]></c><c><![CDATA[rq_jm_exception_01]]></c><c><![CDATA[JAVA-RULES-OBEO]]></c><c/><c/></r><r><c><![CDATA[rq_jm_exception_02]]></c><c><![CDATA[rq_jm_exception_02]]></c><c><![CDATA[JAVA-RULES-OBEO]]></c><c/><c/></r><r><c><![CDATA[rq_jm_exception_03]]></c><c><![CDATA[rq_jm_exception_03]]></c><c><![CDATA[JAVA-RULES-OBEO]]></c><c/><c/></r><r><c><![CDATA[rq_jm_exception_04]]></c><c><![CDATA[rq_jm_exception_04]]></c><c><![CDATA[JAVA-RULES-OBEO]]></c><c/><c/></r><r><c><![CDATA[rq_jm_exception_05]]></c><c><![CDATA[rq_jm_exception_05]]></c><c><![CDATA[JAVA-RULES-OBEO]]></c><c/><c/></r><r><c><![CDATA[rq_jm_hash_01]]></c><c><![CDATA[rq_jm_hash_01]]></c><c><![CDATA[JAVA-RULES-OBEO]]></c><c/><c/></r><r><c><![CDATA[rq_jm_list_01]]></c><c><![CDATA[rq_jm_list_01]]></c><c><![CDATA[JAVA-RULES-OBEO]]></c><c/><c/></r><r><c><![CDATA[rq_jm_list_02]]></c><c><![CDATA[rq_jm_list_02]]></c><c><![CDATA[JAVA-RULES-OBEO]]></c><c/><c/></r><r><c><![CDATA[rq_jm_logger_01]]></c><c><![CDATA[rq_jm_logger_01]]></c><c><![CDATA[JAVA-RULES-OBEO]]></c><c/><c/></r><r><c><![CDATA[rq_jm_logger_02a]]></c><c><![CDATA[rq_jm_logger_02a]]></c><c><![CDATA[JAVA-RULES-OBEO]]></c><c/><c/></r><r><c><![CDATA[rq_jm_logger_02b]]></c><c><![CDATA[rq_jm_logger_02b]]></c><c><![CDATA[JAVA-RULES-OBEO]]></c><c/><c/></r><r><c><![CDATA[rq_jm_logger_03a]]></c><c><![CDATA[rq_jm_logger_03a]]></c><c><![CDATA[JAVA-RULES-OBEO]]></c><c/><c/></r><r><c><![CDATA[rq_jm_logger_03b]]></c><c><![CDATA[rq_jm_logger_03b]]></c><c><![CDATA[JAVA-RULES-OBEO]]></c><c/><c/></r><r><c><![CDATA[rq_jm_pojo_01a]]></c><c><![CDATA[rq_jm_pojo_01a]]></c><c><![CDATA[JAVA-RULES-OBEO]]></c><c/><c/></r><r><c><![CDATA[rq_jm_pojo_01b]]></c><c><![CDATA[rq_jm_pojo_01b]]></c><c><![CDATA[JAVA-RULES-OBEO]]></c><c/><c/></r><r><c><![CDATA[rq_jm_pojo_02]]></c><c><![CDATA[rq_jm_pojo_02]]></c><c><![CDATA[JAVA-RULES-OBEO]]></c><c/><c/></r><r><c><![CDATA[rq_jm_pojo_03a]]></c><c><![CDATA[rq_jm_pojo_03a]]></c><c><![CDATA[JAVA-RULES-OBEO]]></c><c/><c/></r><r><c><![CDATA[rq_jm_pojo_03b]]></c><c><![CDATA[rq_jm_pojo_03b]]></c><c><![CDATA[JAVA-RULES-OBEO]]></c><c/><c/></r><r><c><![CDATA[rq_jm_pojo_03c]]></c><c><![CDATA[rq_jm_pojo_03c]]></c><c><![CDATA[JAVA-RULES-OBEO]]></c><c/><c/></r><r><c><![CDATA[rq_jm_pojo_04]]></c><c><![CDATA[rq_jm_pojo_04]]></c><c><![CDATA[JAVA-RULES-OBEO]]></c><c/><c/></r></e>