<?xml version="1.0"  encoding="UTF-8"?><e><r><c><![CDATA[FLEX_ALLOWALLSECUREDOMAIN]]></c><c/><c/><c/><c/></r><r><c><![CDATA[FLEX_ALLOWINSECUREDOMAIN]]></c><c/><c/><c/><c/></r><r><c><![CDATA[FLEX_ARRAYFIELDWITHNOARRAYELEMENTTYPE]]></c><c/><c/><c/><c/></r><r><c><![CDATA[FLEX_ATTRIBUTEASDOCMISSING]]></c><c/><c/><c/><c/></r><r><c><![CDATA[FLEX_AVOIDINSTANCIATIONINLOOP]]></c><c/><c/><c/><c/></r><r><c><![CDATA[FLEX_AVOIDPROTECTEDFIELDINFINALCLASS]]></c><c/><c/><c/><c/></r><r><c><![CDATA[FLEX_AVOIDROLLMOUSEEVENT]]></c><c/><c/><c/><c/></r><r><c><![CDATA[FLEX_AVOIDTOOLTIP]]></c><c/><c/><c/><c/></r><r><c><![CDATA[FLEX_AVOIDUSINGMATHCEIL]]></c><c/><c/><c/><c/></r><r><c><![CDATA[FLEX_AVOIDUSINGMATHFLOOR]]></c><c/><c/><c/><c/></r><r><c><![CDATA[FLEX_AVOIDUSINGMATHROUND]]></c><c/><c/><c/><c/></r><r><c><![CDATA[FLEX_AVOIDUSINGPUBLICSTATICFIELD]]></c><c/><c/><c/><c/></r><r><c><![CDATA[FLEX_AVOIDUSINGWITHKEYWORD]]></c><c/><c/><c/><c/></r><r><c><![CDATA[FLEX_BADCAIRNGORMEVENTNAMEFORMAT]]></c><c/><c/><c/><c/></r><r><c><![CDATA[FLEX_BADFORMATLOGGER]]></c><c/><c/><c/><c/></r><r><c><![CDATA[FLEX_BINDABLECLASS]]></c><c/><c/><c/><c/></r><r><c><![CDATA[FLEX_BINDABLEMODELLOCATOR]]></c><c/><c/><c/><c/></r><r><c><![CDATA[FLEX_BINDINGUTILS]]></c><c/><c/><c/><c/></r><r><c><![CDATA[FLEX_BOOLEANATTRIBUTESHOULDCONTAINISHAS]]></c><c/><c/><c/><c/></r><r><c><![CDATA[FLEX_CAIRNGORMEVENTDISPATCHERCALLEXPLICITLY]]></c><c/><c/><c/><c/></r><r><c><![CDATA[FLEX_CALLLATERDIRECTLY]]></c><c/><c/><c/><c/></r><r><c><![CDATA[FLEX_CAPITALIZECONSTANTS]]></c><c/><c/><c/><c/></r><r><c><![CDATA[FLEX_CHANGEWATCHER]]></c><c/><c/><c/><c/></r><r><c><![CDATA[FLEX_CLASSANDEXTENSIONAREIDENTICAL]]></c><c/><c/><c/><c/></r><r><c><![CDATA[FLEX_CLASSASDOCMISSING]]></c><c/><c/><c/><c/></r><r><c><![CDATA[FLEX_CODEBEHINDINMXML]]></c><c/><c/><c/><c/></r><r><c><![CDATA[FLEX_CONSTRUCTORDISPATCHINGEVENT]]></c><c/><c/><c/><c/></r><r><c><![CDATA[FLEX_CONSTRUCTORNONEMPTYRETURNTYPE]]></c><c/><c/><c/><c/></r><r><c><![CDATA[FLEX_COPYRIGHTMISSING]]></c><c/><c/><c/><c/></r><r><c><![CDATA[FLEX_CREATIONPOLICYSETTOALL]]></c><c/><c/><c/><c/></r><r><c><![CDATA[FLEX_CYCLOMATICCOMPLEXITY]]></c><c/><c/><c/><c/></r><r><c><![CDATA[FLEX_DEEPLYNESTEDIF]]></c><c/><c/><c/><c/></r><r><c><![CDATA[FLEX_DEFAULTEVENTNAME]]></c><c/><c/><c/><c/></r><r><c><![CDATA[FLEX_DISPATCHHARDCODEDEVENTNAME]]></c><c/><c/><c/><c/></r><r><c><![CDATA[FLEX_DYNAMICCLASS]]></c><c/><c/><c/><c/></r><r><c><![CDATA[FLEX_DYNAMICFILTERSUSEDINPOPUP]]></c><c/><c/><c/><c/></r><r><c><![CDATA[FLEX_EMPTYCATCHSTATEMENT]]></c><c/><c/><c/><c/></r><r><c><![CDATA[FLEX_EMPTYIFSTMT]]></c><c/><c/><c/><c/></r><r><c><![CDATA[FLEX_EMPTYPRIVATEMETHOD]]></c><c/><c/><c/><c/></r><r><c><![CDATA[FLEX_EMPTYSTATEMENT]]></c><c/><c/><c/><c/></r><r><c><![CDATA[FLEX_EMPTYUNITTEST]]></c><c/><c/><c/><c/></r><r><c><![CDATA[FLEX_EVENTMISSINGCLONEFUNCTION]]></c><c/><c/><c/><c/></r><r><c><![CDATA[FLEX_EXCESSIVEIMPORT]]></c><c/><c/><c/><c/></r><r><c><![CDATA[FLEX_FATCONTROLLER]]></c><c/><c/><c/><c/></r><r><c><![CDATA[FLEX_HEAVYCONSTRUCTOR]]></c><c/><c/><c/><c/></r><r><c><![CDATA[FLEX_IDENTICALSWITCHCASES]]></c><c/><c/><c/><c/></r><r><c><![CDATA[FLEX_IMPORTFROMSAMEPACKAGE]]></c><c/><c/><c/><c/></r><r><c><![CDATA[FLEX_IMPORTLOADBESTPRACTICE]]></c><c/><c/><c/><c/></r><r><c><![CDATA[FLEX_INACCESSIBLEMETADATA]]></c><c/><c/><c/><c/></r><r><c><![CDATA[FLEX_INCORRECTCLASSCASE]]></c><c/><c/><c/><c/></r><r><c><![CDATA[FLEX_INCORRECTEVENTHANDLERNAME]]></c><c/><c/><c/><c/></r><r><c><![CDATA[FLEX_INSECUREEXACTSETTINGS]]></c><c/><c/><c/><c/></r><r><c><![CDATA[FLEX_INTERFACENAMING]]></c><c/><c/><c/><c/></r><r><c><![CDATA[FLEX_LSOSECUREFALSE]]></c><c/><c/><c/><c/></r><r><c><![CDATA[FLEX_LISTENFORHARDCODEDEVENTNAME]]></c><c/><c/><c/><c/></r><r><c><![CDATA[FLEX_LOCALCONNECTIONSTAR]]></c><c/><c/><c/><c/></r><r><c><![CDATA[FLEX_MESSAGEINTERCEPTORSIGNATURE]]></c><c/><c/><c/><c/></r><r><c><![CDATA[FLEX_METHODASDOCMISSING]]></c><c/><c/><c/><c/></r><r><c><![CDATA[FLEX_MISMATCHEDMANAGEDEVENT]]></c><c/><c/><c/><c/></r><r><c><![CDATA[FLEX_MISPLACEDMETADATA]]></c><c/><c/><c/><c/></r><r><c><![CDATA[FLEX_MODELLOCATORREFERENCEDMORETHANONCEPERCLASS]]></c><c/><c/><c/><c/></r><r><c><![CDATA[FLEX_MONKEYPATCHING]]></c><c/><c/><c/><c/></r><r><c><![CDATA[FLEX_MORETHANONEENTRYPOINTINMXML]]></c><c/><c/><c/><c/></r><r><c><![CDATA[FLEX_MORETHANTWOENTRYPOINTSINMXML]]></c><c/><c/><c/><c/></r><r><c><![CDATA[FLEX_NESTEDSWITCH]]></c><c/><c/><c/><c/></r><r><c><![CDATA[FLEX_NONBREAKABLESWITCHCASE]]></c><c/><c/><c/><c/></r><r><c><![CDATA[FLEX_NONSTATICCONSTANTFIELD]]></c><c/><c/><c/><c/></r><r><c><![CDATA[FLEX_ONLYONERETURN]]></c><c/><c/><c/><c/></r><r><c><![CDATA[FLEX_OVERLONGLINE]]></c><c/><c/><c/><c/></r><r><c><![CDATA[FLEX_PACKAGECASE]]></c><c/><c/><c/><c/></r><r><c><![CDATA[FLEX_PROPERTYHIDDENBYLOCALVARIABLE]]></c><c/><c/><c/><c/></r><r><c><![CDATA[FLEX_PROTECTEDSTATICMETHOD]]></c><c/><c/><c/><c/></r><r><c><![CDATA[FLEX_PUBLICVARIABLEINCUSTOMEVENT]]></c><c/><c/><c/><c/></r><r><c><![CDATA[FLEX_RECURSIVESTYLEMANAGER]]></c><c/><c/><c/><c/></r><r><c><![CDATA[FLEX_REDUNDANTMESSAGEHANDLERTYPEATTRIBUTE]]></c><c/><c/><c/><c/></r><r><c><![CDATA[FLEX_REDUNDANTMETHODATTRIBUTE]]></c><c/><c/><c/><c/></r><r><c><![CDATA[FLEX_REFERENCEMODELLOCATOROUTSIDETHEMAINAPPLICATION]]></c><c/><c/><c/><c/></r><r><c><![CDATA[FLEX_REFERENCETOVARIABLEBINDINGFROMITSINITIALIZER]]></c><c/><c/><c/><c/></r><r><c><![CDATA[FLEX_STYLEBLOCKINMXML]]></c><c/><c/><c/><c/></r><r><c><![CDATA[FLEX_SWITCHSTATEMENTSSHOULDHAVEDEFAULT]]></c><c/><c/><c/><c/></r><r><c><![CDATA[FLEX_TOOFEWBRANCHEINSWITCHSTATEMENT]]></c><c/><c/><c/><c/></r><r><c><![CDATA[FLEX_TOOLONGBINDINGEXPRESSION]]></c><c/><c/><c/><c/></r><r><c><![CDATA[FLEX_TOOLONGFUNCTION]]></c><c/><c/><c/><c/></r><r><c><![CDATA[FLEX_TOOLONGFUNCTIONNAME]]></c><c/><c/><c/><c/></r><r><c><![CDATA[FLEX_TOOLONGSCRIPTBLOCK]]></c><c/><c/><c/><c/></r><r><c><![CDATA[FLEX_TOOLONGSWITCHCASE]]></c><c/><c/><c/><c/></r><r><c><![CDATA[FLEX_TOOMANYFIELDINVO]]></c><c/><c/><c/><c/></r><r><c><![CDATA[FLEX_TOOMANYFIELDS]]></c><c/><c/><c/><c/></r><r><c><![CDATA[FLEX_TOOMANYFUNCTION]]></c><c/><c/><c/><c/></r><r><c><![CDATA[FLEX_TOOMANYPARAMETERS]]></c><c/><c/><c/><c/></r><r><c><![CDATA[FLEX_TOOMANYPUBLIC]]></c><c/><c/><c/><c/></r><r><c><![CDATA[FLEX_TOOMANYSTATESINMXML]]></c><c/><c/><c/><c/></r><r><c><![CDATA[FLEX_TOOSHORTVARIABLE]]></c><c/><c/><c/><c/></r><r><c><![CDATA[FLEX_TRUEFALSECONDITION]]></c><c/><c/><c/><c/></r><r><c><![CDATA[FLEX_UNBOUNDTYPEINMETADATA]]></c><c/><c/><c/><c/></r><r><c><![CDATA[FLEX_UNKNOWNMETADATAATTRIBUTE]]></c><c/><c/><c/><c/></r><r><c><![CDATA[FLEX_UNTYPEDEVENTMETADATA]]></c><c/><c/><c/><c/></r><r><c><![CDATA[FLEX_UNUSEDFIELD]]></c><c/><c/><c/><c/></r><r><c><![CDATA[FLEX_UNUSEDLOCALVARIABLE]]></c><c/><c/><c/><c/></r><r><c><![CDATA[FLEX_UNUSEDPARAMETER]]></c><c/><c/><c/><c/></r><r><c><![CDATA[FLEX_UNUSEDPRIVATEMETHOD]]></c><c/><c/><c/><c/></r><r><c><![CDATA[FLEX_UPDATECHILDRENNUMBERINUPDATEDISPLAYLIST]]></c><c/><c/><c/><c/></r><r><c><![CDATA[FLEX_USECSSINSTEADOFEMBEDMETADATA]]></c><c/><c/><c/><c/></r><r><c><![CDATA[FLEX_USEDICTIONARYTYPE]]></c><c/><c/><c/><c/></r><r><c><![CDATA[FLEX_USEGENERICTYPE]]></c><c/><c/><c/><c/></r><r><c><![CDATA[FLEX_USEINTERNALCLASSOUTSIDEAPICLASS]]></c><c/><c/><c/><c/></r><r><c><![CDATA[FLEX_USEOBJECTTYPE]]></c><c/><c/><c/><c/></r><r><c><![CDATA[FLEX_USELESSOVERRIDENFUNCTION]]></c><c/><c/><c/><c/></r><r><c><![CDATA[FLEX_VARIABLENAMEENDINGWITHNUMERIC]]></c><c/><c/><c/><c/></r><r><c><![CDATA[FLEX_VIEWCOMPONENTREFERENCEDINMODEL]]></c><c/><c/><c/><c/></r><r><c><![CDATA[FLEX_WRONGLYNAMEDVARIABLE]]></c><c/><c/><c/><c/></r><r><c><![CDATA[ANTI_COPIER_COLLER]]></c><c><![CDATA[2008-02-06 00:00:00]]></c><c><![CDATA[2008-06-20 10:50:32]]></c><c><![CDATA[2008-02-06 00:00:00]]></c><c/></r></e>