<?xml version="1.0"  encoding="UTF-8"?><e><r><c><![CDATA[MAIN]]></c><c><![CDATA[2006-07-19 00:00:00]]></c><c/><c><![CDATA[2006-07-19 00:00:00]]></c><c/></r><r><c><![CDATA[PERFORMANCES]]></c><c><![CDATA[2006-02-28 00:00:00]]></c><c><![CDATA[2006-02-28 00:00:00]]></c><c><![CDATA[2006-02-28 00:00:00]]></c><c/></r><r><c><![CDATA[PERT]]></c><c><![CDATA[2006-07-19 00:00:00]]></c><c/><c><![CDATA[2006-07-19 00:00:00]]></c><c/></r><r><c><![CDATA[PORTABILITY]]></c><c><![CDATA[2006-07-19 00:00:00]]></c><c/><c><![CDATA[2006-07-19 00:00:00]]></c><c/></r><r><c><![CDATA[ROBU]]></c><c><![CDATA[2006-07-19 00:00:00]]></c><c/><c><![CDATA[2006-07-19 00:00:00]]></c><c/></r><r><c><![CDATA[SECU]]></c><c><![CDATA[2006-07-19 00:00:00]]></c><c/><c><![CDATA[2006-07-19 00:00:00]]></c><c/></r></e>