<?xml version="1.0" encoding="UTF-8"?>
<METHOD>
  <USAGE id="FLEX-RULES">
    <IFPUG telt="MET">
      <OP id="/" type="NUMERIC">
        <VAR id="FLEX_NCSS" type="NUMERIC" />
        <VAL value="29" type="NUMERIC" />
      </OP>
    </IFPUG>
    <CRITDEF id="FLEX_TOOLONGFUNCTIONNAME">
      <AGGREG id="AVG" telt="ALL" />
      <COSTFORMULA>
        <VAL value="1" type="NUMERIC" />
      </COSTFORMULA>
      <FORMULA value="1">
        <OP id="gt" type="BOOLEAN">
          <VAR id="FLEX_TOOLONGFUNCTIONNAME" type="NUMERIC" />
          <VAL value="0" type="NUMERIC" />
        </OP>
      </FORMULA>
      <FORMULA value="4">
        <VAL value="true" type="BOOLEAN" />
      </FORMULA>
    </CRITDEF>
    <CRITDEF id="FLEX_INCORRECTEVENTHANDLERNAME">
      <AGGREG id="AVG" telt="ALL" />
      <COSTFORMULA>
        <VAL value="1" type="NUMERIC" />
      </COSTFORMULA>
      <FORMULA value="1">
        <OP id="gt" type="BOOLEAN">
          <VAR id="FLEX_INCORRECTEVENTHANDLERNAME" type="NUMERIC" />
          <VAL value="0" type="NUMERIC" />
        </OP>
      </FORMULA>
      <FORMULA value="4">
        <VAL value="true" type="BOOLEAN" />
      </FORMULA>
    </CRITDEF>
    <CRITDEF id="FLEX_ONLYONERETURN">
      <AGGREG id="AVG" telt="ALL" />
      <COSTFORMULA>
        <VAL value="1" type="NUMERIC" />
      </COSTFORMULA>
      <FORMULA value="1">
        <OP id="gt" type="BOOLEAN">
          <VAR id="FLEX_ONLYONERETURN" type="NUMERIC" />
          <VAL value="0" type="NUMERIC" />
        </OP>
      </FORMULA>
      <FORMULA value="4">
        <VAL value="true" type="BOOLEAN" />
      </FORMULA>
    </CRITDEF>
    <CRITDEF id="FLEX_EXCESSIVEIMPORT">
      <AGGREG id="AVG" telt="ALL" />
      <COSTFORMULA>
        <VAL value="1" type="NUMERIC" />
      </COSTFORMULA>
      <FORMULA value="1">
        <OP id="gt" type="BOOLEAN">
          <VAR id="FLEX_EXCESSIVEIMPORT" type="NUMERIC" />
          <VAL value="0" type="NUMERIC" />
        </OP>
      </FORMULA>
      <FORMULA value="4">
        <VAL value="true" type="BOOLEAN" />
      </FORMULA>
    </CRITDEF>
    <CRITDEF id="FLEX_TRUEFALSECONDITION">
      <AGGREG id="AVG" telt="ALL" />
      <COSTFORMULA>
        <VAL value="1" type="NUMERIC" />
      </COSTFORMULA>
      <FORMULA value="1">
        <OP id="gt" type="BOOLEAN">
          <VAR id="FLEX_TRUEFALSECONDITION" type="NUMERIC" />
          <VAL value="0" type="NUMERIC" />
        </OP>
      </FORMULA>
      <FORMULA value="4">
        <VAL value="true" type="BOOLEAN" />
      </FORMULA>
    </CRITDEF>
    <CRITDEF id="FLEX_AVOIDUSINGPUBLICSTATICFIELD">
      <AGGREG id="AVG" telt="ALL" />
      <COSTFORMULA>
        <VAL value="1" type="NUMERIC" />
      </COSTFORMULA>
      <FORMULA value="1">
        <OP id="gt" type="BOOLEAN">
          <VAR id="FLEX_AVOIDUSINGPUBLICSTATICFIELD" type="NUMERIC" />
          <VAL value="0" type="NUMERIC" />
        </OP>
      </FORMULA>
      <FORMULA value="4">
        <VAL value="true" type="BOOLEAN" />
      </FORMULA>
    </CRITDEF>
    <CRITDEF id="FLEX_DYNAMICCLASS">
      <AGGREG id="AVG" telt="ALL" />
      <COSTFORMULA>
        <VAL value="1" type="NUMERIC" />
      </COSTFORMULA>
      <FORMULA value="1">
        <OP id="gt" type="BOOLEAN">
          <VAR id="FLEX_DYNAMICCLASS" type="NUMERIC" />
          <VAL value="0" type="NUMERIC" />
        </OP>
      </FORMULA>
      <FORMULA value="4">
        <VAL value="true" type="BOOLEAN" />
      </FORMULA>
    </CRITDEF>
    <CRITDEF id="FLEX_USEOBJECTTYPE">
      <AGGREG id="AVG" telt="ALL" />
      <COSTFORMULA>
        <VAL value="1" type="NUMERIC" />
      </COSTFORMULA>
      <FORMULA value="1">
        <OP id="gt" type="BOOLEAN">
          <VAR id="FLEX_USEOBJECTTYPE" type="NUMERIC" />
          <VAL value="0" type="NUMERIC" />
        </OP>
      </FORMULA>
      <FORMULA value="4">
        <VAL value="true" type="BOOLEAN" />
      </FORMULA>
    </CRITDEF>
    <CRITDEF id="FLEX_USEDICTIONARYTYPE">
      <AGGREG id="AVG" telt="ALL" />
      <COSTFORMULA>
        <VAL value="1" type="NUMERIC" />
      </COSTFORMULA>
      <FORMULA value="1">
        <OP id="gt" type="BOOLEAN">
          <VAR id="FLEX_USEDICTIONARYTYPE" type="NUMERIC" />
          <VAL value="0" type="NUMERIC" />
        </OP>
      </FORMULA>
      <FORMULA value="4">
        <VAL value="true" type="BOOLEAN" />
      </FORMULA>
    </CRITDEF>
    <CRITDEF id="FLEX_NONSTATICCONSTANTFIELD">
      <AGGREG id="AVG" telt="ALL" />
      <COSTFORMULA>
        <VAL value="1" type="NUMERIC" />
      </COSTFORMULA>
      <FORMULA value="1">
        <OP id="gt" type="BOOLEAN">
          <VAR id="FLEX_NONSTATICCONSTANTFIELD" type="NUMERIC" />
          <VAL value="0" type="NUMERIC" />
        </OP>
      </FORMULA>
      <FORMULA value="4">
        <VAL value="true" type="BOOLEAN" />
      </FORMULA>
    </CRITDEF>
    <CRITDEF id="FLEX_USEGENERICTYPE">
      <AGGREG id="AVG" telt="ALL" />
      <COSTFORMULA>
        <VAL value="1" type="NUMERIC" />
      </COSTFORMULA>
      <FORMULA value="1">
        <OP id="gt" type="BOOLEAN">
          <VAR id="FLEX_USEGENERICTYPE" type="NUMERIC" />
          <VAL value="0" type="NUMERIC" />
        </OP>
      </FORMULA>
      <FORMULA value="4">
        <VAL value="true" type="BOOLEAN" />
      </FORMULA>
    </CRITDEF>
    <CRITDEF id="FLEX_USELESSOVERRIDENFUNCTION">
      <AGGREG id="AVG" telt="ALL" />
      <COSTFORMULA>
        <VAL value="1" type="NUMERIC" />
      </COSTFORMULA>
      <FORMULA value="1">
        <OP id="gt" type="BOOLEAN">
          <VAR id="FLEX_USELESSOVERRIDENFUNCTION" type="NUMERIC" />
          <VAL value="0" type="NUMERIC" />
        </OP>
      </FORMULA>
      <FORMULA value="4">
        <VAL value="true" type="BOOLEAN" />
      </FORMULA>
    </CRITDEF>
    <CRITDEF id="FLEX_AVOIDPROTECTEDFIELDINFINALCLASS">
      <AGGREG id="AVG" telt="ALL" />
      <COSTFORMULA>
        <VAL value="1" type="NUMERIC" />
      </COSTFORMULA>
      <FORMULA value="1">
        <OP id="gt" type="BOOLEAN">
          <VAR id="FLEX_AVOIDPROTECTEDFIELDINFINALCLASS" type="NUMERIC" />
          <VAL value="0" type="NUMERIC" />
        </OP>
      </FORMULA>
      <FORMULA value="4">
        <VAL value="true" type="BOOLEAN" />
      </FORMULA>
    </CRITDEF>
    <CRITDEF id="FLEX_AVOIDUSINGWITHKEYWORD">
      <AGGREG id="AVG" telt="ALL" />
      <COSTFORMULA>
        <VAL value="1" type="NUMERIC" />
      </COSTFORMULA>
      <FORMULA value="1">
        <OP id="gt" type="BOOLEAN">
          <VAR id="FLEX_AVOIDUSINGWITHKEYWORD" type="NUMERIC" />
          <VAL value="0" type="NUMERIC" />
        </OP>
      </FORMULA>
      <FORMULA value="4">
        <VAL value="true" type="BOOLEAN" />
      </FORMULA>
    </CRITDEF>
    <CRITDEF id="FLEX_ARRAYFIELDWITHNOARRAYELEMENTTYPE">
      <AGGREG id="AVG" telt="ALL" />
      <COSTFORMULA>
        <VAL value="1" type="NUMERIC" />
      </COSTFORMULA>
      <FORMULA value="1">
        <OP id="gt" type="BOOLEAN">
          <VAR id="FLEX_ARRAYFIELDWITHNOARRAYELEMENTTYPE" type="NUMERIC" />
          <VAL value="0" type="NUMERIC" />
        </OP>
      </FORMULA>
      <FORMULA value="4">
        <VAL value="true" type="BOOLEAN" />
      </FORMULA>
    </CRITDEF>
    <CRITDEF id="FLEX_CLASSANDEXTENSIONAREIDENTICAL">
      <AGGREG id="AVG" telt="ALL" />
      <COSTFORMULA>
        <VAL value="1" type="NUMERIC" />
      </COSTFORMULA>
      <FORMULA value="1">
        <OP id="gt" type="BOOLEAN">
          <VAR id="FLEX_CLASSANDEXTENSIONAREIDENTICAL" type="NUMERIC" />
          <VAL value="0" type="NUMERIC" />
        </OP>
      </FORMULA>
      <FORMULA value="4">
        <VAL value="true" type="BOOLEAN" />
      </FORMULA>
    </CRITDEF>
    <CRITDEF id="FLEX_PROTECTEDSTATICMETHOD">
      <AGGREG id="AVG" telt="ALL" />
      <COSTFORMULA>
        <VAL value="1" type="NUMERIC" />
      </COSTFORMULA>
      <FORMULA value="1">
        <OP id="gt" type="BOOLEAN">
          <VAR id="FLEX_PROTECTEDSTATICMETHOD" type="NUMERIC" />
          <VAL value="0" type="NUMERIC" />
        </OP>
      </FORMULA>
      <FORMULA value="4">
        <VAL value="true" type="BOOLEAN" />
      </FORMULA>
    </CRITDEF>
    <CRITDEF id="FLEX_EMPTYSTATEMENT">
      <AGGREG id="AVG" telt="ALL" />
      <COSTFORMULA>
        <VAL value="1" type="NUMERIC" />
      </COSTFORMULA>
      <FORMULA value="1">
        <OP id="gt" type="BOOLEAN">
          <VAR id="FLEX_EMPTYSTATEMENT" type="NUMERIC" />
          <VAL value="0" type="NUMERIC" />
        </OP>
      </FORMULA>
      <FORMULA value="4">
        <VAL value="true" type="BOOLEAN" />
      </FORMULA>
    </CRITDEF>
    <CRITDEF id="FLEX_REFERENCETOVARIABLEBINDINGFROMITSINITIALIZER">
      <AGGREG id="AVG" telt="ALL" />
      <COSTFORMULA>
        <VAL value="1" type="NUMERIC" />
      </COSTFORMULA>
      <FORMULA value="1">
        <OP id="gt" type="BOOLEAN">
          <VAR id="FLEX_REFERENCETOVARIABLEBINDINGFROMITSINITIALIZER" type="NUMERIC" />
          <VAL value="0" type="NUMERIC" />
        </OP>
      </FORMULA>
      <FORMULA value="4">
        <VAL value="true" type="BOOLEAN" />
      </FORMULA>
    </CRITDEF>
    <CRITDEF id="FLEX_TOOSHORTVARIABLE">
      <AGGREG id="AVG" telt="ALL" />
      <COSTFORMULA>
        <VAL value="1" type="NUMERIC" />
      </COSTFORMULA>
      <FORMULA value="1">
        <OP id="gt" type="BOOLEAN">
          <VAR id="FLEX_TOOSHORTVARIABLE" type="NUMERIC" />
          <VAL value="0" type="NUMERIC" />
        </OP>
      </FORMULA>
      <FORMULA value="4">
        <VAL value="true" type="BOOLEAN" />
      </FORMULA>
    </CRITDEF>
    <CRITDEF id="FLEX_WRONGLYNAMEDVARIABLE">
      <AGGREG id="AVG" telt="ALL" />
      <COSTFORMULA>
        <VAL value="1" type="NUMERIC" />
      </COSTFORMULA>
      <FORMULA value="1">
        <OP id="gt" type="BOOLEAN">
          <VAR id="FLEX_WRONGLYNAMEDVARIABLE" type="NUMERIC" />
          <VAL value="0" type="NUMERIC" />
        </OP>
      </FORMULA>
      <FORMULA value="4">
        <VAL value="true" type="BOOLEAN" />
      </FORMULA>
    </CRITDEF>
    <CRITDEF id="FLEX_VARIABLENAMEENDINGWITHNUMERIC">
      <AGGREG id="AVG" telt="ALL" />
      <COSTFORMULA>
        <VAL value="1" type="NUMERIC" />
      </COSTFORMULA>
      <FORMULA value="1">
        <OP id="gt" type="BOOLEAN">
          <VAR id="FLEX_VARIABLENAMEENDINGWITHNUMERIC" type="NUMERIC" />
          <VAL value="0" type="NUMERIC" />
        </OP>
      </FORMULA>
      <FORMULA value="4">
        <VAL value="true" type="BOOLEAN" />
      </FORMULA>
    </CRITDEF>
    <CRITDEF id="FLEX_PROPERTYHIDDENBYLOCALVARIABLE">
      <AGGREG id="AVG" telt="ALL" />
      <COSTFORMULA>
        <VAL value="1" type="NUMERIC" />
      </COSTFORMULA>
      <FORMULA value="1">
        <OP id="gt" type="BOOLEAN">
          <VAR id="FLEX_PROPERTYHIDDENBYLOCALVARIABLE" type="NUMERIC" />
          <VAL value="0" type="NUMERIC" />
        </OP>
      </FORMULA>
      <FORMULA value="4">
        <VAL value="true" type="BOOLEAN" />
      </FORMULA>
    </CRITDEF>
    <CRITDEF id="FLEX_PACKAGECASE">
      <AGGREG id="AVG" telt="ALL" />
      <COSTFORMULA>
        <VAL value="1" type="NUMERIC" />
      </COSTFORMULA>
      <FORMULA value="1">
        <OP id="gt" type="BOOLEAN">
          <VAR id="FLEX_PACKAGECASE" type="NUMERIC" />
          <VAL value="0" type="NUMERIC" />
        </OP>
      </FORMULA>
      <FORMULA value="4">
        <VAL value="true" type="BOOLEAN" />
      </FORMULA>
    </CRITDEF>
    <CRITDEF id="FLEX_INTERFACENAMING">
      <AGGREG id="AVG" telt="ALL" />
      <COSTFORMULA>
        <VAL value="1" type="NUMERIC" />
      </COSTFORMULA>
      <FORMULA value="1">
        <OP id="gt" type="BOOLEAN">
          <VAR id="FLEX_INTERFACENAMING" type="NUMERIC" />
          <VAL value="0" type="NUMERIC" />
        </OP>
      </FORMULA>
      <FORMULA value="4">
        <VAL value="true" type="BOOLEAN" />
      </FORMULA>
    </CRITDEF>
    <CRITDEF id="FLEX_INCORRECTCLASSCASE">
      <AGGREG id="AVG" telt="ALL" />
      <COSTFORMULA>
        <VAL value="1" type="NUMERIC" />
      </COSTFORMULA>
      <FORMULA value="1">
        <OP id="gt" type="BOOLEAN">
          <VAR id="FLEX_INCORRECTCLASSCASE" type="NUMERIC" />
          <VAL value="0" type="NUMERIC" />
        </OP>
      </FORMULA>
      <FORMULA value="4">
        <VAL value="true" type="BOOLEAN" />
      </FORMULA>
    </CRITDEF>
    <CRITDEF id="FLEX_BOOLEANATTRIBUTESHOULDCONTAINISHAS">
      <AGGREG id="AVG" telt="ALL" />
      <COSTFORMULA>
        <VAL value="1" type="NUMERIC" />
      </COSTFORMULA>
      <FORMULA value="1">
        <OP id="gt" type="BOOLEAN">
          <VAR id="FLEX_BOOLEANATTRIBUTESHOULDCONTAINISHAS" type="NUMERIC" />
          <VAL value="0" type="NUMERIC" />
        </OP>
      </FORMULA>
      <FORMULA value="4">
        <VAL value="true" type="BOOLEAN" />
      </FORMULA>
    </CRITDEF>
    <CRITDEF id="FLEX_CAPITALIZECONSTANTS">
      <AGGREG id="AVG" telt="ALL" />
      <COSTFORMULA>
        <VAL value="1" type="NUMERIC" />
      </COSTFORMULA>
      <FORMULA value="1">
        <OP id="gt" type="BOOLEAN">
          <VAR id="FLEX_CAPITALIZECONSTANTS" type="NUMERIC" />
          <VAL value="0" type="NUMERIC" />
        </OP>
      </FORMULA>
      <FORMULA value="4">
        <VAL value="true" type="BOOLEAN" />
      </FORMULA>
    </CRITDEF>
    <CRITDEF id="FLEX_BADCAIRNGORMEVENTNAMEFORMAT">
      <AGGREG id="AVG" telt="ALL" />
      <COSTFORMULA>
        <VAL value="1" type="NUMERIC" />
      </COSTFORMULA>
      <FORMULA value="1">
        <OP id="gt" type="BOOLEAN">
          <VAR id="FLEX_BADCAIRNGORMEVENTNAMEFORMAT" type="NUMERIC" />
          <VAL value="0" type="NUMERIC" />
        </OP>
      </FORMULA>
      <FORMULA value="4">
        <VAL value="true" type="BOOLEAN" />
      </FORMULA>
    </CRITDEF>
    <CRITDEF id="FLEX_BINDABLEMODELLOCATOR">
      <AGGREG id="AVG" telt="ALL" />
      <COSTFORMULA>
        <VAL value="1" type="NUMERIC" />
      </COSTFORMULA>
      <FORMULA value="1">
        <OP id="gt" type="BOOLEAN">
          <VAR id="FLEX_BINDABLEMODELLOCATOR" type="NUMERIC" />
          <VAL value="0" type="NUMERIC" />
        </OP>
      </FORMULA>
      <FORMULA value="4">
        <VAL value="true" type="BOOLEAN" />
      </FORMULA>
    </CRITDEF>
    <CRITDEF id="FLEX_CAIRNGORMEVENTDISPATCHERCALLEXPLICITLY">
      <AGGREG id="AVG" telt="ALL" />
      <COSTFORMULA>
        <VAL value="1" type="NUMERIC" />
      </COSTFORMULA>
      <FORMULA value="1">
        <OP id="gt" type="BOOLEAN">
          <VAR id="FLEX_CAIRNGORMEVENTDISPATCHERCALLEXPLICITLY" type="NUMERIC" />
          <VAL value="0" type="NUMERIC" />
        </OP>
      </FORMULA>
      <FORMULA value="4">
        <VAL value="true" type="BOOLEAN" />
      </FORMULA>
    </CRITDEF>
    <CRITDEF id="FLEX_CALLLATERDIRECTLY">
      <AGGREG id="AVG" telt="ALL" />
      <COSTFORMULA>
        <VAL value="1" type="NUMERIC" />
      </COSTFORMULA>
      <FORMULA value="1">
        <OP id="gt" type="BOOLEAN">
          <VAR id="FLEX_CALLLATERDIRECTLY" type="NUMERIC" />
          <VAL value="0" type="NUMERIC" />
        </OP>
      </FORMULA>
      <FORMULA value="4">
        <VAL value="true" type="BOOLEAN" />
      </FORMULA>
    </CRITDEF>
    <CRITDEF id="FLEX_FATCONTROLLER">
      <AGGREG id="AVG" telt="ALL" />
      <COSTFORMULA>
        <VAL value="1" type="NUMERIC" />
      </COSTFORMULA>
      <FORMULA value="1">
        <OP id="gt" type="BOOLEAN">
          <VAR id="FLEX_FATCONTROLLER" type="NUMERIC" />
          <VAL value="0" type="NUMERIC" />
        </OP>
      </FORMULA>
      <FORMULA value="4">
        <VAL value="true" type="BOOLEAN" />
      </FORMULA>
    </CRITDEF>
    <CRITDEF id="FLEX_INACCESSIBLEMETADATA">
      <AGGREG id="AVG" telt="ALL" />
      <COSTFORMULA>
        <VAL value="1" type="NUMERIC" />
      </COSTFORMULA>
      <FORMULA value="1">
        <OP id="gt" type="BOOLEAN">
          <VAR id="FLEX_INACCESSIBLEMETADATA" type="NUMERIC" />
          <VAL value="0" type="NUMERIC" />
        </OP>
      </FORMULA>
      <FORMULA value="4">
        <VAL value="true" type="BOOLEAN" />
      </FORMULA>
    </CRITDEF>
    <CRITDEF id="FLEX_MESSAGEINTERCEPTORSIGNATURE">
      <AGGREG id="AVG" telt="ALL" />
      <COSTFORMULA>
        <VAL value="1" type="NUMERIC" />
      </COSTFORMULA>
      <FORMULA value="1">
        <OP id="gt" type="BOOLEAN">
          <VAR id="FLEX_MESSAGEINTERCEPTORSIGNATURE" type="NUMERIC" />
          <VAL value="0" type="NUMERIC" />
        </OP>
      </FORMULA>
      <FORMULA value="4">
        <VAL value="true" type="BOOLEAN" />
      </FORMULA>
    </CRITDEF>
    <CRITDEF id="FLEX_MISMATCHEDMANAGEDEVENT">
      <AGGREG id="AVG" telt="ALL" />
      <COSTFORMULA>
        <VAL value="1" type="NUMERIC" />
      </COSTFORMULA>
      <FORMULA value="1">
        <OP id="gt" type="BOOLEAN">
          <VAR id="FLEX_MISMATCHEDMANAGEDEVENT" type="NUMERIC" />
          <VAL value="0" type="NUMERIC" />
        </OP>
      </FORMULA>
      <FORMULA value="4">
        <VAL value="true" type="BOOLEAN" />
      </FORMULA>
    </CRITDEF>
    <CRITDEF id="FLEX_MISPLACEDMETADATA">
      <AGGREG id="AVG" telt="ALL" />
      <COSTFORMULA>
        <VAL value="1" type="NUMERIC" />
      </COSTFORMULA>
      <FORMULA value="1">
        <OP id="gt" type="BOOLEAN">
          <VAR id="FLEX_MISPLACEDMETADATA" type="NUMERIC" />
          <VAL value="0" type="NUMERIC" />
        </OP>
      </FORMULA>
      <FORMULA value="4">
        <VAL value="true" type="BOOLEAN" />
      </FORMULA>
    </CRITDEF>
    <CRITDEF id="FLEX_MODELLOCATORREFERENCEDMORETHANONCEPERCLASS">
      <AGGREG id="AVG" telt="ALL" />
      <COSTFORMULA>
        <VAL value="1" type="NUMERIC" />
      </COSTFORMULA>
      <FORMULA value="1">
        <OP id="gt" type="BOOLEAN">
          <VAR id="FLEX_MODELLOCATORREFERENCEDMORETHANONCEPERCLASS" type="NUMERIC" />
          <VAL value="0" type="NUMERIC" />
        </OP>
      </FORMULA>
      <FORMULA value="4">
        <VAL value="true" type="BOOLEAN" />
      </FORMULA>
    </CRITDEF>
    <CRITDEF id="FLEX_MONKEYPATCHING">
      <AGGREG id="AVG" telt="ALL" />
      <COSTFORMULA>
        <VAL value="1" type="NUMERIC" />
      </COSTFORMULA>
      <FORMULA value="1">
        <OP id="gt" type="BOOLEAN">
          <VAR id="FLEX_MONKEYPATCHING" type="NUMERIC" />
          <VAL value="0" type="NUMERIC" />
        </OP>
      </FORMULA>
      <FORMULA value="4">
        <VAL value="true" type="BOOLEAN" />
      </FORMULA>
    </CRITDEF>
    <CRITDEF id="FLEX_REDUNDANTMESSAGEHANDLERTYPEATTRIBUTE">
      <AGGREG id="AVG" telt="ALL" />
      <COSTFORMULA>
        <VAL value="1" type="NUMERIC" />
      </COSTFORMULA>
      <FORMULA value="1">
        <OP id="gt" type="BOOLEAN">
          <VAR id="FLEX_REDUNDANTMESSAGEHANDLERTYPEATTRIBUTE" type="NUMERIC" />
          <VAL value="0" type="NUMERIC" />
        </OP>
      </FORMULA>
      <FORMULA value="4">
        <VAL value="true" type="BOOLEAN" />
      </FORMULA>
    </CRITDEF>
    <CRITDEF id="FLEX_REDUNDANTMETHODATTRIBUTE">
      <AGGREG id="AVG" telt="ALL" />
      <COSTFORMULA>
        <VAL value="1" type="NUMERIC" />
      </COSTFORMULA>
      <FORMULA value="1">
        <OP id="gt" type="BOOLEAN">
          <VAR id="FLEX_REDUNDANTMETHODATTRIBUTE" type="NUMERIC" />
          <VAL value="0" type="NUMERIC" />
        </OP>
      </FORMULA>
      <FORMULA value="4">
        <VAL value="true" type="BOOLEAN" />
      </FORMULA>
    </CRITDEF>
    <CRITDEF id="FLEX_REFERENCEMODELLOCATOROUTSIDETHEMAINAPPLICATION">
      <AGGREG id="AVG" telt="ALL" />
      <COSTFORMULA>
        <VAL value="1" type="NUMERIC" />
      </COSTFORMULA>
      <FORMULA value="1">
        <OP id="gt" type="BOOLEAN">
          <VAR id="FLEX_REFERENCEMODELLOCATOROUTSIDETHEMAINAPPLICATION" type="NUMERIC" />
          <VAL value="0" type="NUMERIC" />
        </OP>
      </FORMULA>
      <FORMULA value="4">
        <VAL value="true" type="BOOLEAN" />
      </FORMULA>
    </CRITDEF>
    <CRITDEF id="FLEX_UNKNOWNMETADATAATTRIBUTE">
      <AGGREG id="AVG" telt="ALL" />
      <COSTFORMULA>
        <VAL value="1" type="NUMERIC" />
      </COSTFORMULA>
      <FORMULA value="1">
        <OP id="gt" type="BOOLEAN">
          <VAR id="FLEX_UNKNOWNMETADATAATTRIBUTE" type="NUMERIC" />
          <VAL value="0" type="NUMERIC" />
        </OP>
      </FORMULA>
      <FORMULA value="4">
        <VAL value="true" type="BOOLEAN" />
      </FORMULA>
    </CRITDEF>
    <CRITDEF id="FLEX_UPDATECHILDRENNUMBERINUPDATEDISPLAYLIST">
      <AGGREG id="AVG" telt="ALL" />
      <COSTFORMULA>
        <VAL value="1" type="NUMERIC" />
      </COSTFORMULA>
      <FORMULA value="1">
        <OP id="gt" type="BOOLEAN">
          <VAR id="FLEX_UPDATECHILDRENNUMBERINUPDATEDISPLAYLIST" type="NUMERIC" />
          <VAL value="0" type="NUMERIC" />
        </OP>
      </FORMULA>
      <FORMULA value="4">
        <VAL value="true" type="BOOLEAN" />
      </FORMULA>
    </CRITDEF>
    <CRITDEF id="FLEX_USEINTERNALCLASSOUTSIDEAPICLASS">
      <AGGREG id="AVG" telt="ALL" />
      <COSTFORMULA>
        <VAL value="1" type="NUMERIC" />
      </COSTFORMULA>
      <FORMULA value="1">
        <OP id="gt" type="BOOLEAN">
          <VAR id="FLEX_USEINTERNALCLASSOUTSIDEAPICLASS" type="NUMERIC" />
          <VAL value="0" type="NUMERIC" />
        </OP>
      </FORMULA>
      <FORMULA value="4">
        <VAL value="true" type="BOOLEAN" />
      </FORMULA>
    </CRITDEF>
    <CRITDEF id="FLEX_VIEWCOMPONENTREFERENCEDINMODEL">
      <AGGREG id="AVG" telt="ALL" />
      <COSTFORMULA>
        <VAL value="1" type="NUMERIC" />
      </COSTFORMULA>
      <FORMULA value="1">
        <OP id="gt" type="BOOLEAN">
          <VAR id="FLEX_VIEWCOMPONENTREFERENCEDINMODEL" type="NUMERIC" />
          <VAL value="0" type="NUMERIC" />
        </OP>
      </FORMULA>
      <FORMULA value="4">
        <VAL value="true" type="BOOLEAN" />
      </FORMULA>
    </CRITDEF>
    <CRITDEF id="FLEX_AVOIDINSTANCIATIONINLOOP">
      <AGGREG id="AVG" telt="ALL" />
      <COSTFORMULA>
        <VAL value="1" type="NUMERIC" />
      </COSTFORMULA>
      <FORMULA value="1">
        <OP id="gt" type="BOOLEAN">
          <VAR id="FLEX_AVOIDINSTANCIATIONINLOOP" type="NUMERIC" />
          <VAL value="0" type="NUMERIC" />
        </OP>
      </FORMULA>
      <FORMULA value="4">
        <VAL value="true" type="BOOLEAN" />
      </FORMULA>
    </CRITDEF>
    <CRITDEF id="FLEX_AVOIDUSINGMATHCEIL">
      <AGGREG id="AVG" telt="ALL" />
      <COSTFORMULA>
        <VAL value="1" type="NUMERIC" />
      </COSTFORMULA>
      <FORMULA value="1">
        <OP id="gt" type="BOOLEAN">
          <VAR id="FLEX_AVOIDUSINGMATHCEIL" type="NUMERIC" />
          <VAL value="0" type="NUMERIC" />
        </OP>
      </FORMULA>
      <FORMULA value="4">
        <VAL value="true" type="BOOLEAN" />
      </FORMULA>
    </CRITDEF>
    <CRITDEF id="FLEX_AVOIDUSINGMATHFLOOR">
      <AGGREG id="AVG" telt="ALL" />
      <COSTFORMULA>
        <VAL value="1" type="NUMERIC" />
      </COSTFORMULA>
      <FORMULA value="1">
        <OP id="gt" type="BOOLEAN">
          <VAR id="FLEX_AVOIDUSINGMATHFLOOR" type="NUMERIC" />
          <VAL value="0" type="NUMERIC" />
        </OP>
      </FORMULA>
      <FORMULA value="4">
        <VAL value="true" type="BOOLEAN" />
      </FORMULA>
    </CRITDEF>
    <CRITDEF id="FLEX_AVOIDUSINGMATHROUND">
      <AGGREG id="AVG" telt="ALL" />
      <COSTFORMULA>
        <VAL value="1" type="NUMERIC" />
      </COSTFORMULA>
      <FORMULA value="1">
        <OP id="gt" type="BOOLEAN">
          <VAR id="FLEX_AVOIDUSINGMATHROUND" type="NUMERIC" />
          <VAL value="0" type="NUMERIC" />
        </OP>
      </FORMULA>
      <FORMULA value="4">
        <VAL value="true" type="BOOLEAN" />
      </FORMULA>
    </CRITDEF>
    <CRITDEF id="FLEX_BINDABLECLASS">
      <AGGREG id="AVG" telt="ALL" />
      <COSTFORMULA>
        <VAL value="1" type="NUMERIC" />
      </COSTFORMULA>
      <FORMULA value="1">
        <OP id="gt" type="BOOLEAN">
          <VAR id="FLEX_BINDABLECLASS" type="NUMERIC" />
          <VAL value="0" type="NUMERIC" />
        </OP>
      </FORMULA>
      <FORMULA value="4">
        <VAL value="true" type="BOOLEAN" />
      </FORMULA>
    </CRITDEF>
    <CRITDEF id="FLEX_CREATIONPOLICYSETTOALL">
      <AGGREG id="AVG" telt="ALL" />
      <COSTFORMULA>
        <VAL value="1" type="NUMERIC" />
      </COSTFORMULA>
      <FORMULA value="1">
        <OP id="gt" type="BOOLEAN">
          <VAR id="FLEX_CREATIONPOLICYSETTOALL" type="NUMERIC" />
          <VAL value="0" type="NUMERIC" />
        </OP>
      </FORMULA>
      <FORMULA value="4">
        <VAL value="true" type="BOOLEAN" />
      </FORMULA>
    </CRITDEF>
    <CRITDEF id="FLEX_CYCLOMATICCOMPLEXITY">
      <AGGREG id="AVG" telt="ALL" />
      <COSTFORMULA>
        <VAL value="1" type="NUMERIC" />
      </COSTFORMULA>
      <FORMULA value="1">
        <OP id="gt" type="BOOLEAN">
          <VAR id="FLEX_CYCLOMATICCOMPLEXITY" type="NUMERIC" />
          <VAL value="0" type="NUMERIC" />
        </OP>
      </FORMULA>
      <FORMULA value="4">
        <VAL value="true" type="BOOLEAN" />
      </FORMULA>
    </CRITDEF>
    <CRITDEF id="FLEX_DEEPLYNESTEDIF">
      <AGGREG id="AVG" telt="ALL" />
      <COSTFORMULA>
        <VAL value="1" type="NUMERIC" />
      </COSTFORMULA>
      <FORMULA value="1">
        <OP id="gt" type="BOOLEAN">
          <VAR id="FLEX_DEEPLYNESTEDIF" type="NUMERIC" />
          <VAL value="0" type="NUMERIC" />
        </OP>
      </FORMULA>
      <FORMULA value="4">
        <VAL value="true" type="BOOLEAN" />
      </FORMULA>
    </CRITDEF>
    <CRITDEF id="FLEX_DYNAMICFILTERSUSEDINPOPUP">
      <AGGREG id="AVG" telt="ALL" />
      <COSTFORMULA>
        <VAL value="1" type="NUMERIC" />
      </COSTFORMULA>
      <FORMULA value="1">
        <OP id="gt" type="BOOLEAN">
          <VAR id="FLEX_DYNAMICFILTERSUSEDINPOPUP" type="NUMERIC" />
          <VAL value="0" type="NUMERIC" />
        </OP>
      </FORMULA>
      <FORMULA value="4">
        <VAL value="true" type="BOOLEAN" />
      </FORMULA>
    </CRITDEF>
    <CRITDEF id="FLEX_HEAVYCONSTRUCTOR">
      <AGGREG id="AVG" telt="ALL" />
      <COSTFORMULA>
        <VAL value="1" type="NUMERIC" />
      </COSTFORMULA>
      <FORMULA value="1">
        <OP id="gt" type="BOOLEAN">
          <VAR id="FLEX_HEAVYCONSTRUCTOR" type="NUMERIC" />
          <VAL value="0" type="NUMERIC" />
        </OP>
      </FORMULA>
      <FORMULA value="4">
        <VAL value="true" type="BOOLEAN" />
      </FORMULA>
    </CRITDEF>
    <CRITDEF id="FLEX_RECURSIVESTYLEMANAGER">
      <AGGREG id="AVG" telt="ALL" />
      <COSTFORMULA>
        <VAL value="1" type="NUMERIC" />
      </COSTFORMULA>
      <FORMULA value="1">
        <OP id="gt" type="BOOLEAN">
          <VAR id="FLEX_RECURSIVESTYLEMANAGER" type="NUMERIC" />
          <VAL value="0" type="NUMERIC" />
        </OP>
      </FORMULA>
      <FORMULA value="4">
        <VAL value="true" type="BOOLEAN" />
      </FORMULA>
    </CRITDEF>
    <CRITDEF id="FLEX_ALLOWALLSECUREDOMAIN">
      <AGGREG id="AVG" telt="ALL" />
      <COSTFORMULA>
        <VAL value="1" type="NUMERIC" />
      </COSTFORMULA>
      <FORMULA value="1">
        <OP id="gt" type="BOOLEAN">
          <VAR id="FLEX_ALLOWALLSECUREDOMAIN" type="NUMERIC" />
          <VAL value="0" type="NUMERIC" />
        </OP>
      </FORMULA>
      <FORMULA value="4">
        <VAL value="true" type="BOOLEAN" />
      </FORMULA>
    </CRITDEF>
    <CRITDEF id="FLEX_ALLOWINSECUREDOMAIN">
      <AGGREG id="AVG" telt="ALL" />
      <COSTFORMULA>
        <VAL value="1" type="NUMERIC" />
      </COSTFORMULA>
      <FORMULA value="1">
        <OP id="gt" type="BOOLEAN">
          <VAR id="FLEX_ALLOWINSECUREDOMAIN" type="NUMERIC" />
          <VAL value="0" type="NUMERIC" />
        </OP>
      </FORMULA>
      <FORMULA value="4">
        <VAL value="true" type="BOOLEAN" />
      </FORMULA>
    </CRITDEF>
    <CRITDEF id="FLEX_IMPORTLOADBESTPRACTICE">
      <AGGREG id="AVG" telt="ALL" />
      <COSTFORMULA>
        <VAL value="1" type="NUMERIC" />
      </COSTFORMULA>
      <FORMULA value="1">
        <OP id="gt" type="BOOLEAN">
          <VAR id="FLEX_IMPORTLOADBESTPRACTICE" type="NUMERIC" />
          <VAL value="0" type="NUMERIC" />
        </OP>
      </FORMULA>
      <FORMULA value="4">
        <VAL value="true" type="BOOLEAN" />
      </FORMULA>
    </CRITDEF>
    <CRITDEF id="FLEX_INSECUREEXACTSETTINGS">
      <AGGREG id="AVG" telt="ALL" />
      <COSTFORMULA>
        <VAL value="1" type="NUMERIC" />
      </COSTFORMULA>
      <FORMULA value="1">
        <OP id="gt" type="BOOLEAN">
          <VAR id="FLEX_INSECUREEXACTSETTINGS" type="NUMERIC" />
          <VAL value="0" type="NUMERIC" />
        </OP>
      </FORMULA>
      <FORMULA value="4">
        <VAL value="true" type="BOOLEAN" />
      </FORMULA>
    </CRITDEF>
    <CRITDEF id="FLEX_LOCALCONNECTIONSTAR">
      <AGGREG id="AVG" telt="ALL" />
      <COSTFORMULA>
        <VAL value="1" type="NUMERIC" />
      </COSTFORMULA>
      <FORMULA value="1">
        <OP id="gt" type="BOOLEAN">
          <VAR id="FLEX_LOCALCONNECTIONSTAR" type="NUMERIC" />
          <VAL value="0" type="NUMERIC" />
        </OP>
      </FORMULA>
      <FORMULA value="4">
        <VAL value="true" type="BOOLEAN" />
      </FORMULA>
    </CRITDEF>
    <CRITDEF id="FLEX_LSOSECUREFALSE">
      <AGGREG id="AVG" telt="ALL" />
      <COSTFORMULA>
        <VAL value="1" type="NUMERIC" />
      </COSTFORMULA>
      <FORMULA value="1">
        <OP id="gt" type="BOOLEAN">
          <VAR id="FLEX_LSOSECUREFALSE" type="NUMERIC" />
          <VAL value="0" type="NUMERIC" />
        </OP>
      </FORMULA>
      <FORMULA value="4">
        <VAL value="true" type="BOOLEAN" />
      </FORMULA>
    </CRITDEF>
    <CRITDEF id="FLEX_CONSTRUCTORDISPATCHINGEVENT">
      <AGGREG id="AVG" telt="ALL" />
      <COSTFORMULA>
        <VAL value="1" type="NUMERIC" />
      </COSTFORMULA>
      <FORMULA value="1">
        <OP id="gt" type="BOOLEAN">
          <VAR id="FLEX_CONSTRUCTORDISPATCHINGEVENT" type="NUMERIC" />
          <VAL value="0" type="NUMERIC" />
        </OP>
      </FORMULA>
      <FORMULA value="4">
        <VAL value="true" type="BOOLEAN" />
      </FORMULA>
    </CRITDEF>
    <CRITDEF id="FLEX_DEFAULTEVENTNAME">
      <AGGREG id="AVG" telt="ALL" />
      <COSTFORMULA>
        <VAL value="1" type="NUMERIC" />
      </COSTFORMULA>
      <FORMULA value="1">
        <OP id="gt" type="BOOLEAN">
          <VAR id="FLEX_DEFAULTEVENTNAME" type="NUMERIC" />
          <VAL value="0" type="NUMERIC" />
        </OP>
      </FORMULA>
      <FORMULA value="4">
        <VAL value="true" type="BOOLEAN" />
      </FORMULA>
    </CRITDEF>
    <CRITDEF id="FLEX_DISPATCHHARDCODEDEVENTNAME">
      <AGGREG id="AVG" telt="ALL" />
      <COSTFORMULA>
        <VAL value="1" type="NUMERIC" />
      </COSTFORMULA>
      <FORMULA value="1">
        <OP id="gt" type="BOOLEAN">
          <VAR id="FLEX_DISPATCHHARDCODEDEVENTNAME" type="NUMERIC" />
          <VAL value="0" type="NUMERIC" />
        </OP>
      </FORMULA>
      <FORMULA value="4">
        <VAL value="true" type="BOOLEAN" />
      </FORMULA>
    </CRITDEF>
    <CRITDEF id="FLEX_EMPTYCATCHSTATEMENT">
      <AGGREG id="AVG" telt="ALL" />
      <COSTFORMULA>
        <VAL value="1" type="NUMERIC" />
      </COSTFORMULA>
      <FORMULA value="1">
        <OP id="gt" type="BOOLEAN">
          <VAR id="FLEX_EMPTYCATCHSTATEMENT" type="NUMERIC" />
          <VAL value="0" type="NUMERIC" />
        </OP>
      </FORMULA>
      <FORMULA value="4">
        <VAL value="true" type="BOOLEAN" />
      </FORMULA>
    </CRITDEF>
    <CRITDEF id="FLEX_EMPTYIFSTMT">
      <AGGREG id="AVG" telt="ALL" />
      <COSTFORMULA>
        <VAL value="1" type="NUMERIC" />
      </COSTFORMULA>
      <FORMULA value="1">
        <OP id="gt" type="BOOLEAN">
          <VAR id="FLEX_EMPTYIFSTMT" type="NUMERIC" />
          <VAL value="0" type="NUMERIC" />
        </OP>
      </FORMULA>
      <FORMULA value="4">
        <VAL value="true" type="BOOLEAN" />
      </FORMULA>
    </CRITDEF>
    <CRITDEF id="FLEX_EMPTYUNITTEST">
      <AGGREG id="AVG" telt="ALL" />
      <COSTFORMULA>
        <VAL value="1" type="NUMERIC" />
      </COSTFORMULA>
      <FORMULA value="1">
        <OP id="gt" type="BOOLEAN">
          <VAR id="FLEX_EMPTYUNITTEST" type="NUMERIC" />
          <VAL value="0" type="NUMERIC" />
        </OP>
      </FORMULA>
      <FORMULA value="4">
        <VAL value="true" type="BOOLEAN" />
      </FORMULA>
    </CRITDEF>
    <CRITDEF id="FLEX_EVENTMISSINGCLONEFUNCTION">
      <AGGREG id="AVG" telt="ALL" />
      <COSTFORMULA>
        <VAL value="1" type="NUMERIC" />
      </COSTFORMULA>
      <FORMULA value="1">
        <OP id="gt" type="BOOLEAN">
          <VAR id="FLEX_EVENTMISSINGCLONEFUNCTION" type="NUMERIC" />
          <VAL value="0" type="NUMERIC" />
        </OP>
      </FORMULA>
      <FORMULA value="4">
        <VAL value="true" type="BOOLEAN" />
      </FORMULA>
    </CRITDEF>
    <CRITDEF id="FLEX_LISTENFORHARDCODEDEVENTNAME">
      <AGGREG id="AVG" telt="ALL" />
      <COSTFORMULA>
        <VAL value="1" type="NUMERIC" />
      </COSTFORMULA>
      <FORMULA value="1">
        <OP id="gt" type="BOOLEAN">
          <VAR id="FLEX_LISTENFORHARDCODEDEVENTNAME" type="NUMERIC" />
          <VAL value="0" type="NUMERIC" />
        </OP>
      </FORMULA>
      <FORMULA value="4">
        <VAL value="true" type="BOOLEAN" />
      </FORMULA>
    </CRITDEF>
    <CRITDEF id="FLEX_NONBREAKABLESWITCHCASE">
      <AGGREG id="AVG" telt="ALL" />
      <COSTFORMULA>
        <VAL value="1" type="NUMERIC" />
      </COSTFORMULA>
      <FORMULA value="1">
        <OP id="gt" type="BOOLEAN">
          <VAR id="FLEX_NONBREAKABLESWITCHCASE" type="NUMERIC" />
          <VAL value="0" type="NUMERIC" />
        </OP>
      </FORMULA>
      <FORMULA value="4">
        <VAL value="true" type="BOOLEAN" />
      </FORMULA>
    </CRITDEF>
    <CRITDEF id="FLEX_PUBLICVARIABLEINCUSTOMEVENT">
      <AGGREG id="AVG" telt="ALL" />
      <COSTFORMULA>
        <VAL value="1" type="NUMERIC" />
      </COSTFORMULA>
      <FORMULA value="1">
        <OP id="gt" type="BOOLEAN">
          <VAR id="FLEX_PUBLICVARIABLEINCUSTOMEVENT" type="NUMERIC" />
          <VAL value="0" type="NUMERIC" />
        </OP>
      </FORMULA>
      <FORMULA value="4">
        <VAL value="true" type="BOOLEAN" />
      </FORMULA>
    </CRITDEF>
    <CRITDEF id="FLEX_SWITCHSTATEMENTSSHOULDHAVEDEFAULT">
      <AGGREG id="AVG" telt="ALL" />
      <COSTFORMULA>
        <VAL value="1" type="NUMERIC" />
      </COSTFORMULA>
      <FORMULA value="1">
        <OP id="gt" type="BOOLEAN">
          <VAR id="FLEX_SWITCHSTATEMENTSSHOULDHAVEDEFAULT" type="NUMERIC" />
          <VAL value="0" type="NUMERIC" />
        </OP>
      </FORMULA>
      <FORMULA value="4">
        <VAL value="true" type="BOOLEAN" />
      </FORMULA>
    </CRITDEF>
    <CRITDEF id="FLEX_UNBOUNDTYPEINMETADATA">
      <AGGREG id="AVG" telt="ALL" />
      <COSTFORMULA>
        <VAL value="1" type="NUMERIC" />
      </COSTFORMULA>
      <FORMULA value="1">
        <OP id="gt" type="BOOLEAN">
          <VAR id="FLEX_UNBOUNDTYPEINMETADATA" type="NUMERIC" />
          <VAL value="0" type="NUMERIC" />
        </OP>
      </FORMULA>
      <FORMULA value="4">
        <VAL value="true" type="BOOLEAN" />
      </FORMULA>
    </CRITDEF>
    <CRITDEF id="FLEX_UNTYPEDEVENTMETADATA">
      <AGGREG id="AVG" telt="ALL" />
      <COSTFORMULA>
        <VAL value="1" type="NUMERIC" />
      </COSTFORMULA>
      <FORMULA value="1">
        <OP id="gt" type="BOOLEAN">
          <VAR id="FLEX_UNTYPEDEVENTMETADATA" type="NUMERIC" />
          <VAL value="0" type="NUMERIC" />
        </OP>
      </FORMULA>
      <FORMULA value="4">
        <VAL value="true" type="BOOLEAN" />
      </FORMULA>
    </CRITDEF>
    <CRITDEF id="FLEX_ATTRIBUTEASDOCMISSING">
      <AGGREG id="AVG" telt="ALL" />
      <COSTFORMULA>
        <VAL value="1" type="NUMERIC" />
      </COSTFORMULA>
      <FORMULA value="1">
        <OP id="gt" type="BOOLEAN">
          <VAR id="FLEX_ATTRIBUTEASDOCMISSING" type="NUMERIC" />
          <VAL value="0" type="NUMERIC" />
        </OP>
      </FORMULA>
      <FORMULA value="4">
        <VAL value="true" type="BOOLEAN" />
      </FORMULA>
    </CRITDEF>
    <CRITDEF id="FLEX_AVOIDROLLMOUSEEVENT">
      <AGGREG id="AVG" telt="ALL" />
      <COSTFORMULA>
        <VAL value="1" type="NUMERIC" />
      </COSTFORMULA>
      <FORMULA value="1">
        <OP id="gt" type="BOOLEAN">
          <VAR id="FLEX_AVOIDROLLMOUSEEVENT" type="NUMERIC" />
          <VAL value="0" type="NUMERIC" />
        </OP>
      </FORMULA>
      <FORMULA value="4">
        <VAL value="true" type="BOOLEAN" />
      </FORMULA>
    </CRITDEF>
    <CRITDEF id="FLEX_AVOIDTOOLTIP">
      <AGGREG id="AVG" telt="ALL" />
      <COSTFORMULA>
        <VAL value="1" type="NUMERIC" />
      </COSTFORMULA>
      <FORMULA value="1">
        <VAR id="FLEX_AVOIDTOOLTIP" type="BOOLEAN" />
      </FORMULA>
      <FORMULA value="4">
        <VAL value="true" type="BOOLEAN" />
      </FORMULA>
    </CRITDEF>
    <CRITDEF id="FLEX_BADFORMATLOGGER">
      <AGGREG id="AVG" telt="ALL" />
      <COSTFORMULA>
        <VAL value="1" type="NUMERIC" />
      </COSTFORMULA>
      <FORMULA value="1">
        <OP id="gt" type="BOOLEAN">
          <VAR id="FLEX_BADFORMATLOGGER" type="NUMERIC" />
          <VAL value="0" type="NUMERIC" />
        </OP>
      </FORMULA>
      <FORMULA value="4">
        <VAL value="true" type="BOOLEAN" />
      </FORMULA>
    </CRITDEF>
    <CRITDEF id="FLEX_CLASSASDOCMISSING">
      <AGGREG id="AVG" telt="ALL" />
      <COSTFORMULA>
        <VAL value="1" type="NUMERIC" />
      </COSTFORMULA>
      <FORMULA value="1">
        <OP id="gt" type="BOOLEAN">
          <VAR id="FLEX_CLASSASDOCMISSING" type="NUMERIC" />
          <VAL value="0" type="NUMERIC" />
        </OP>
      </FORMULA>
      <FORMULA value="4">
        <VAL value="true" type="BOOLEAN" />
      </FORMULA>
    </CRITDEF>
    <CRITDEF id="FLEX_CONSTRUCTORNONEMPTYRETURNTYPE">
      <AGGREG id="AVG" telt="ALL" />
      <COSTFORMULA>
        <VAL value="1" type="NUMERIC" />
      </COSTFORMULA>
      <FORMULA value="1">
        <OP id="gt" type="BOOLEAN">
          <VAR id="FLEX_CONSTRUCTORNONEMPTYRETURNTYPE" type="NUMERIC" />
          <VAL value="0" type="NUMERIC" />
        </OP>
      </FORMULA>
      <FORMULA value="4">
        <VAL value="true" type="BOOLEAN" />
      </FORMULA>
    </CRITDEF>
    <CRITDEF id="FLEX_COPYRIGHTMISSING">
      <AGGREG id="AVG" telt="ALL" />
      <COSTFORMULA>
        <VAL value="1" type="NUMERIC" />
      </COSTFORMULA>
      <FORMULA value="1">
        <OP id="gt" type="BOOLEAN">
          <VAR id="FLEX_COPYRIGHTMISSING" type="NUMERIC" />
          <VAL value="0" type="NUMERIC" />
        </OP>
      </FORMULA>
      <FORMULA value="4">
        <VAL value="true" type="BOOLEAN" />
      </FORMULA>
    </CRITDEF>
    <CRITDEF id="FLEX_IMPORTFROMSAMEPACKAGE">
      <AGGREG id="AVG" telt="ALL" />
      <COSTFORMULA>
        <VAL value="1" type="NUMERIC" />
      </COSTFORMULA>
      <FORMULA value="1">
        <OP id="gt" type="BOOLEAN">
          <VAR id="FLEX_IMPORTFROMSAMEPACKAGE" type="NUMERIC" />
          <VAL value="0" type="NUMERIC" />
        </OP>
      </FORMULA>
      <FORMULA value="4">
        <VAL value="true" type="BOOLEAN" />
      </FORMULA>
    </CRITDEF>
    <CRITDEF id="FLEX_METHODASDOCMISSING">
      <AGGREG id="AVG" telt="ALL" />
      <COSTFORMULA>
        <VAL value="1" type="NUMERIC" />
      </COSTFORMULA>
      <FORMULA value="1">
        <OP id="gt" type="BOOLEAN">
          <VAR id="FLEX_METHODASDOCMISSING" type="NUMERIC" />
          <VAL value="0" type="NUMERIC" />
        </OP>
      </FORMULA>
      <FORMULA value="4">
        <VAL value="true" type="BOOLEAN" />
      </FORMULA>
    </CRITDEF>
    <CRITDEF id="FLEX_OVERLONGLINE">
      <AGGREG id="AVG" telt="ALL" />
      <COSTFORMULA>
        <VAL value="1" type="NUMERIC" />
      </COSTFORMULA>
      <FORMULA value="1">
        <OP id="gt" type="BOOLEAN">
          <VAR id="FLEX_OVERLONGLINE" type="NUMERIC" />
          <VAL value="0" type="NUMERIC" />
        </OP>
      </FORMULA>
      <FORMULA value="4">
        <VAL value="true" type="BOOLEAN" />
      </FORMULA>
    </CRITDEF>
    <CRITDEF id="FLEX_STYLEBLOCKINMXML">
      <AGGREG id="AVG" telt="ALL" />
      <COSTFORMULA>
        <VAL value="1" type="NUMERIC" />
      </COSTFORMULA>
      <FORMULA value="1">
        <OP id="gt" type="BOOLEAN">
          <VAR id="FLEX_STYLEBLOCKINMXML" type="NUMERIC" />
          <VAL value="0" type="NUMERIC" />
        </OP>
      </FORMULA>
      <FORMULA value="4">
        <VAL value="true" type="BOOLEAN" />
      </FORMULA>
    </CRITDEF>
    <CRITDEF id="FLEX_USECSSINSTEADOFEMBEDMETADATA">
      <AGGREG id="AVG" telt="ALL" />
      <COSTFORMULA>
        <VAL value="1" type="NUMERIC" />
      </COSTFORMULA>
      <FORMULA value="1">
        <OP id="gt" type="BOOLEAN">
          <VAR id="FLEX_USECSSINSTEADOFEMBEDMETADATA" type="NUMERIC" />
          <VAL value="0" type="NUMERIC" />
        </OP>
      </FORMULA>
      <FORMULA value="4">
        <VAL value="true" type="BOOLEAN" />
      </FORMULA>
    </CRITDEF>
    <CRITDEF id="FLEX_TOOLONGBINDINGEXPRESSION">
      <AGGREG id="AVG" telt="ALL" />
      <COSTFORMULA>
        <VAL value="1" type="NUMERIC" />
      </COSTFORMULA>
      <FORMULA value="1">
        <OP id="gt" type="BOOLEAN">
          <VAR id="FLEX_TOOLONGBINDINGEXPRESSION" type="NUMERIC" />
          <VAL value="0" type="NUMERIC" />
        </OP>
      </FORMULA>
      <FORMULA value="4">
        <VAL value="true" type="BOOLEAN" />
      </FORMULA>
    </CRITDEF>
    <CRITDEF id="FLEX_BINDINGUTILS">
      <AGGREG id="AVG" telt="ALL" />
      <COSTFORMULA>
        <VAL value="1" type="NUMERIC" />
      </COSTFORMULA>
      <FORMULA value="1">
        <OP id="gt" type="BOOLEAN">
          <VAR id="FLEX_BINDINGUTILS" type="NUMERIC" />
          <VAL value="0" type="NUMERIC" />
        </OP>
      </FORMULA>
      <FORMULA value="4">
        <VAL value="true" type="BOOLEAN" />
      </FORMULA>
    </CRITDEF>
    <CRITDEF id="FLEX_CHANGEWATCHER">
      <AGGREG id="AVG" telt="ALL" />
      <COSTFORMULA>
        <VAL value="1" type="NUMERIC" />
      </COSTFORMULA>
      <FORMULA value="1">
        <OP id="gt" type="BOOLEAN">
          <VAR id="FLEX_CHANGEWATCHER" type="NUMERIC" />
          <VAL value="0" type="NUMERIC" />
        </OP>
      </FORMULA>
      <FORMULA value="4">
        <VAL value="true" type="BOOLEAN" />
      </FORMULA>
    </CRITDEF>
    <CRITDEF id="FLEX_TOOLONGFUNCTION">
      <AGGREG id="AVG" telt="ALL" />
      <COSTFORMULA>
        <VAL value="1" type="NUMERIC" />
      </COSTFORMULA>
      <FORMULA value="1">
        <OP id="gt" type="BOOLEAN">
          <VAR id="FLEX_TOOLONGFUNCTION" type="NUMERIC" />
          <VAL value="0" type="NUMERIC" />
        </OP>
      </FORMULA>
      <FORMULA value="4">
        <VAL value="true" type="BOOLEAN" />
      </FORMULA>
    </CRITDEF>
    <CRITDEF id="FLEX_TOOLONGSWITCHCASE">
      <AGGREG id="AVG" telt="ALL" />
      <COSTFORMULA>
        <VAL value="1" type="NUMERIC" />
      </COSTFORMULA>
      <FORMULA value="1">
        <OP id="gt" type="BOOLEAN">
          <VAR id="FLEX_TOOLONGSWITCHCASE" type="NUMERIC" />
          <VAL value="0" type="NUMERIC" />
        </OP>
      </FORMULA>
      <FORMULA value="4">
        <VAL value="true" type="BOOLEAN" />
      </FORMULA>
    </CRITDEF>
    <CRITDEF id="FLEX_TOOMANYFIELDINVO">
      <AGGREG id="AVG" telt="ALL" />
      <COSTFORMULA>
        <VAL value="1" type="NUMERIC" />
      </COSTFORMULA>
      <FORMULA value="1">
        <OP id="gt" type="BOOLEAN">
          <VAR id="FLEX_TOOMANYFIELDINVO" type="NUMERIC" />
          <VAL value="0" type="NUMERIC" />
        </OP>
      </FORMULA>
      <FORMULA value="4">
        <VAL value="true" type="BOOLEAN" />
      </FORMULA>
    </CRITDEF>
    <CRITDEF id="FLEX_TOOMANYFIELDS">
      <AGGREG id="AVG" telt="ALL" />
      <COSTFORMULA>
        <VAL value="1" type="NUMERIC" />
      </COSTFORMULA>
      <FORMULA value="1">
        <OP id="gt" type="BOOLEAN">
          <VAR id="FLEX_TOOMANYFIELDS" type="NUMERIC" />
          <VAL value="0" type="NUMERIC" />
        </OP>
      </FORMULA>
      <FORMULA value="4">
        <VAL value="true" type="BOOLEAN" />
      </FORMULA>
    </CRITDEF>
    <CRITDEF id="FLEX_TOOMANYFUNCTION">
      <AGGREG id="AVG" telt="ALL" />
      <COSTFORMULA>
        <VAL value="1" type="NUMERIC" />
      </COSTFORMULA>
      <FORMULA value="1">
        <OP id="gt" type="BOOLEAN">
          <VAR id="FLEX_TOOMANYFUNCTION" type="NUMERIC" />
          <VAL value="0" type="NUMERIC" />
        </OP>
      </FORMULA>
      <FORMULA value="4">
        <VAL value="true" type="BOOLEAN" />
      </FORMULA>
    </CRITDEF>
    <CRITDEF id="FLEX_TOOMANYPARAMETERS">
      <AGGREG id="AVG" telt="ALL" />
      <COSTFORMULA>
        <VAL value="1" type="NUMERIC" />
      </COSTFORMULA>
      <FORMULA value="1">
        <OP id="gt" type="BOOLEAN">
          <VAR id="FLEX_TOOMANYPARAMETERS" type="NUMERIC" />
          <VAL value="0" type="NUMERIC" />
        </OP>
      </FORMULA>
      <FORMULA value="4">
        <VAL value="true" type="BOOLEAN" />
      </FORMULA>
    </CRITDEF>
    <CRITDEF id="FLEX_TOOMANYPUBLIC">
      <AGGREG id="AVG" telt="ALL" />
      <COSTFORMULA>
        <VAL value="1" type="NUMERIC" />
      </COSTFORMULA>
      <FORMULA value="1">
        <OP id="gt" type="BOOLEAN">
          <VAR id="FLEX_TOOMANYPUBLIC" type="NUMERIC" />
          <VAL value="0" type="NUMERIC" />
        </OP>
      </FORMULA>
      <FORMULA value="4">
        <VAL value="true" type="BOOLEAN" />
      </FORMULA>
    </CRITDEF>
    <CRITDEF id="FLEX_EMPTYPRIVATEMETHOD">
      <AGGREG id="AVG" telt="ALL" />
      <COSTFORMULA>
        <VAL value="1" type="NUMERIC" />
      </COSTFORMULA>
      <FORMULA value="1">
        <OP id="gt" type="BOOLEAN">
          <VAR id="FLEX_EMPTYPRIVATEMETHOD" type="NUMERIC" />
          <VAL value="0" type="NUMERIC" />
        </OP>
      </FORMULA>
      <FORMULA value="4">
        <VAL value="true" type="BOOLEAN" />
      </FORMULA>
    </CRITDEF>
    <CRITDEF id="FLEX_UNUSEDFIELD">
      <AGGREG id="AVG" telt="ALL" />
      <COSTFORMULA>
        <VAL value="1" type="NUMERIC" />
      </COSTFORMULA>
      <FORMULA value="1">
        <OP id="gt" type="BOOLEAN">
          <VAR id="FLEX_UNUSEDFIELD" type="NUMERIC" />
          <VAL value="0" type="NUMERIC" />
        </OP>
      </FORMULA>
      <FORMULA value="4">
        <VAL value="true" type="BOOLEAN" />
      </FORMULA>
    </CRITDEF>
    <CRITDEF id="FLEX_UNUSEDLOCALVARIABLE">
      <AGGREG id="AVG" telt="ALL" />
      <COSTFORMULA>
        <VAL value="1" type="NUMERIC" />
      </COSTFORMULA>
      <FORMULA value="1">
        <OP id="gt" type="BOOLEAN">
          <VAR id="FLEX_UNUSEDLOCALVARIABLE" type="NUMERIC" />
          <VAL value="0" type="NUMERIC" />
        </OP>
      </FORMULA>
      <FORMULA value="4">
        <VAL value="true" type="BOOLEAN" />
      </FORMULA>
    </CRITDEF>
    <CRITDEF id="FLEX_UNUSEDPARAMETER">
      <AGGREG id="AVG" telt="ALL" />
      <COSTFORMULA>
        <VAL value="1" type="NUMERIC" />
      </COSTFORMULA>
      <FORMULA value="1">
        <OP id="gt" type="BOOLEAN">
          <VAR id="FLEX_UNUSEDPARAMETER" type="NUMERIC" />
          <VAL value="0" type="NUMERIC" />
        </OP>
      </FORMULA>
      <FORMULA value="4">
        <VAL value="true" type="BOOLEAN" />
      </FORMULA>
    </CRITDEF>
    <CRITDEF id="FLEX_UNUSEDPRIVATEMETHOD">
      <AGGREG id="AVG" telt="ALL" />
      <COSTFORMULA>
        <VAL value="1" type="NUMERIC" />
      </COSTFORMULA>
      <FORMULA value="1">
        <OP id="gt" type="BOOLEAN">
          <VAR id="FLEX_UNUSEDPRIVATEMETHOD" type="NUMERIC" />
          <VAL value="0" type="NUMERIC" />
        </OP>
      </FORMULA>
      <FORMULA value="4">
        <VAL value="true" type="BOOLEAN" />
      </FORMULA>
    </CRITDEF>
    <CRITDEF id="FLEX_CODEBEHINDINMXML">
      <AGGREG id="AVG" telt="ALL" />
      <COSTFORMULA>
        <VAL value="1" type="NUMERIC" />
      </COSTFORMULA>
      <FORMULA value="1">
        <OP id="gt" type="BOOLEAN">
          <VAR id="FLEX_CODEBEHINDINMXML" type="NUMERIC" />
          <VAL value="0" type="NUMERIC" />
        </OP>
      </FORMULA>
      <FORMULA value="4">
        <VAL value="true" type="BOOLEAN" />
      </FORMULA>
    </CRITDEF>
    <CRITDEF id="FLEX_IDENTICALSWITCHCASES">
      <AGGREG id="AVG" telt="ALL" />
      <COSTFORMULA>
        <VAL value="1" type="NUMERIC" />
      </COSTFORMULA>
      <FORMULA value="1">
        <OP id="gt" type="BOOLEAN">
          <VAR id="FLEX_IDENTICALSWITCHCASES" type="NUMERIC" />
          <VAL value="0" type="NUMERIC" />
        </OP>
      </FORMULA>
      <FORMULA value="4">
        <VAL value="true" type="BOOLEAN" />
      </FORMULA>
    </CRITDEF>
    <CRITDEF id="FLEX_MORETHANONEENTRYPOINTINMXML">
      <AGGREG id="AVG" telt="ALL" />
      <COSTFORMULA>
        <VAL value="1" type="NUMERIC" />
      </COSTFORMULA>
      <FORMULA value="1">
        <OP id="gt" type="BOOLEAN">
          <VAR id="FLEX_MORETHANONEENTRYPOINTINMXML" type="NUMERIC" />
          <VAL value="0" type="NUMERIC" />
        </OP>
      </FORMULA>
      <FORMULA value="4">
        <VAL value="true" type="BOOLEAN" />
      </FORMULA>
    </CRITDEF>
    <CRITDEF id="FLEX_MORETHANTWOENTRYPOINTSINMXML">
      <AGGREG id="AVG" telt="ALL" />
      <COSTFORMULA>
        <VAL value="1" type="NUMERIC" />
      </COSTFORMULA>
      <FORMULA value="1">
        <OP id="gt" type="BOOLEAN">
          <VAR id="FLEX_MORETHANTWOENTRYPOINTSINMXML" type="NUMERIC" />
          <VAL value="0" type="NUMERIC" />
        </OP>
      </FORMULA>
      <FORMULA value="4">
        <VAL value="true" type="BOOLEAN" />
      </FORMULA>
    </CRITDEF>
    <CRITDEF id="FLEX_NESTEDSWITCH">
      <AGGREG id="AVG" telt="ALL" />
      <COSTFORMULA>
        <VAL value="1" type="NUMERIC" />
      </COSTFORMULA>
      <FORMULA value="1">
        <OP id="gt" type="BOOLEAN">
          <VAR id="FLEX_NESTEDSWITCH" type="NUMERIC" />
          <VAL value="0" type="NUMERIC" />
        </OP>
      </FORMULA>
      <FORMULA value="4">
        <VAL value="true" type="BOOLEAN" />
      </FORMULA>
    </CRITDEF>
    <CRITDEF id="FLEX_TOOFEWBRANCHEINSWITCHSTATEMENT">
      <AGGREG id="AVG" telt="ALL" />
      <COSTFORMULA>
        <VAL value="1" type="NUMERIC" />
      </COSTFORMULA>
      <FORMULA value="1">
        <OP id="gt" type="BOOLEAN">
          <VAR id="FLEX_TOOFEWBRANCHEINSWITCHSTATEMENT" type="NUMERIC" />
          <VAL value="0" type="NUMERIC" />
        </OP>
      </FORMULA>
      <FORMULA value="4">
        <VAL value="true" type="BOOLEAN" />
      </FORMULA>
    </CRITDEF>
    <CRITDEF id="FLEX_TOOMANYSTATESINMXML">
      <AGGREG id="AVG" telt="ALL" />
      <COSTFORMULA>
        <VAL value="1" type="NUMERIC" />
      </COSTFORMULA>
      <FORMULA value="1">
        <OP id="gt" type="BOOLEAN">
          <VAR id="FLEX_TOOMANYSTATESINMXML" type="NUMERIC" />
          <VAL value="0" type="NUMERIC" />
        </OP>
      </FORMULA>
      <FORMULA value="4">
        <VAL value="true" type="BOOLEAN" />
      </FORMULA>
    </CRITDEF>
    <CRITDEF id="FLEX_TOOLONGSCRIPTBLOCK">
      <AGGREG id="AVG" telt="ALL" />
      <COSTFORMULA>
        <VAL value="1" type="NUMERIC" />
      </COSTFORMULA>
      <FORMULA value="1">
        <OP id="gt" type="BOOLEAN">
          <VAR id="FLEX_TOOLONGSCRIPTBLOCK" type="NUMERIC" />
          <VAL value="0" type="NUMERIC" />
        </OP>
      </FORMULA>
      <FORMULA value="4">
        <VAL value="true" type="BOOLEAN" />
      </FORMULA>
    </CRITDEF>
    <CRITDEF id="ANTI_COPIER_COLLER">
      <AGGREG id="AVG" telt="ALL" />
      <COSTFORMULA>
        <VAL value="1" type="NUMERIC" />
      </COSTFORMULA>
      <FORMULA value="1">
        <OP id="gt" type="BOOLEAN">
          <VAR id="COPY_PASTE" type="NUMERIC" />
          <VAL value="0" type="NUMERIC" />
        </OP>
      </FORMULA>
      <FORMULA value="4">
        <VAL value="true" type="BOOLEAN" />
      </FORMULA>
    </CRITDEF>
  </USAGE>
</METHOD>

