<?xml version="1.0"  encoding="UTF-8"?><e><r><c><![CDATA[ALL_CODE_MET]]></c><c/><c/><c><![CDATA[CAQS]]></c><c/><c/><c/><c/><c/><c/></r><r><c><![CDATA[ALL_CODE]]></c><c/><c/><c><![CDATA[CAQS]]></c><c/><c/><c/><c/><c/><c/></r><r><c><![CDATA[COMMENTS]]></c><c/><c/><c><![CDATA[CAQS]]></c><c/><c/><c/><c/><c/><c/></r><r><c><![CDATA[IFPUG]]></c><c/><c/><c><![CDATA[CAQS]]></c><c/><c/><c/><c/><c/><c/></r><r><c><![CDATA[AVG_VG]]></c><c/><c/><c><![CDATA[CAQS]]></c><c/><c/><c/><c/><c/><c/></r><r><c><![CDATA[BLANKS]]></c><c/><c/><c><![CDATA[CAQS]]></c><c/><c/><c/><c/><c/><c/></r><r><c><![CDATA[BRANCH]]></c><c/><c/><c><![CDATA[CAQS]]></c><c/><c/><c/><c/><c/><c/></r><r><c><![CDATA[CD]]></c><c/><c/><c><![CDATA[CAQS]]></c><c/><c/><c/><c/><c/><c/></r><r><c><![CDATA[CODE]]></c><c/><c/><c><![CDATA[CAQS]]></c><c/><c/><c/><c/><c/><c/></r><r><c><![CDATA[COPY_PASTE]]></c><c/><c/><c><![CDATA[CAQS]]></c><c/><c/><c/><c/><c/><c/></r><r><c><![CDATA[CYCLOMATIC_DENSITY]]></c><c/><c/><c><![CDATA[CAQS]]></c><c/><c/><c/><c/><c/><c/></r><r><c><![CDATA[DEC]]></c><c/><c/><c><![CDATA[CAQS]]></c><c/><c/><c/><c/><c/><c/></r><r><c><![CDATA[DECISION_DENSITY]]></c><c/><c/><c><![CDATA[CAQS]]></c><c/><c/><c/><c/><c/><c/></r><r><c><![CDATA[DEP_CT]]></c><c/><c/><c><![CDATA[CAQS]]></c><c/><c/><c/><c/><c/><c/></r><r><c><![CDATA[DEP_ON_CHILD]]></c><c/><c/><c><![CDATA[CAQS]]></c><c/><c/><c/><c/><c/><c/></r><r><c><![CDATA[DESIGN_DENSITY]]></c><c/><c/><c><![CDATA[CAQS]]></c><c/><c/><c/><c/><c/><c/></r><r><c><![CDATA[EDGES]]></c><c/><c/><c><![CDATA[CAQS]]></c><c/><c/><c/><c/><c/><c/></r><r><c><![CDATA[ESSENTIAL_DENSITY]]></c><c/><c/><c><![CDATA[CAQS]]></c><c/><c/><c/><c/><c/><c/></r><r><c><![CDATA[GDV]]></c><c/><c/><c><![CDATA[CAQS]]></c><c/><c/><c/><c/><c/><c/></r><r><c><![CDATA[GDV_SEVERITY]]></c><c/><c/><c><![CDATA[CAQS]]></c><c/><c/><c/><c/><c/><c/></r><r><c><![CDATA[GLOBAL_DATA_DENSITY]]></c><c/><c/><c><![CDATA[CAQS]]></c><c/><c/><c/><c/><c/><c/></r><r><c><![CDATA[HAL_DIFFICULTY]]></c><c/><c/><c><![CDATA[CAQS]]></c><c/><c/><c/><c/><c/><c/></r><r><c><![CDATA[HAL_EFFORT]]></c><c/><c/><c><![CDATA[CAQS]]></c><c/><c/><c/><c/><c/><c/></r><r><c><![CDATA[HAL_ERROR_EST]]></c><c/><c/><c><![CDATA[CAQS]]></c><c/><c/><c/><c/><c/><c/></r><r><c><![CDATA[HAL_INTEL]]></c><c/><c/><c><![CDATA[CAQS]]></c><c/><c/><c/><c/><c/><c/></r><r><c><![CDATA[HAL_LENGTH]]></c><c/><c/><c><![CDATA[CAQS]]></c><c/><c/><c/><c/><c/><c/></r><r><c><![CDATA[HAL_LEVEL]]></c><c/><c/><c><![CDATA[CAQS]]></c><c/><c/><c/><c/><c/><c/></r><r><c><![CDATA[HAL_PROG_TIME]]></c><c/><c/><c><![CDATA[CAQS]]></c><c/><c/><c/><c/><c/><c/></r><r><c><![CDATA[HAL_VOLUME]]></c><c/><c/><c><![CDATA[CAQS]]></c><c/><c/><c/><c/><c/><c/></r><r><c><![CDATA[IN_DATASET]]></c><c/><c/><c><![CDATA[CAQS]]></c><c/><c/><c/><c/><c/><c/></r><r><c><![CDATA[MAINT_SEVERITY]]></c><c/><c/><c><![CDATA[CAQS]]></c><c/><c/><c/><c/><c/><c/></r><r><c><![CDATA[MAX_EVG]]></c><c/><c/><c><![CDATA[CAQS]]></c><c/><c/><c/><c/><c/><c/></r><r><c><![CDATA[MC]]></c><c/><c/><c><![CDATA[CAQS]]></c><c/><c/><c/><c/><c/><c/></r><r><c><![CDATA[MCD]]></c><c/><c/><c><![CDATA[CAQS]]></c><c/><c/><c/><c/><c/><c/></r><r><c><![CDATA[MCDD]]></c><c/><c/><c><![CDATA[CAQS]]></c><c/><c/><c/><c/><c/><c/></r><r><c><![CDATA[MIXED]]></c><c/><c/><c><![CDATA[CAQS]]></c><c/><c/><c/><c/><c/><c/></r><r><c><![CDATA[NIAC]]></c><c/><c/><c><![CDATA[CAQS]]></c><c/><c/><c/><c/><c/><c/></r><r><c><![CDATA[NL]]></c><c/><c/><c><![CDATA[CAQS]]></c><c/><c/><c/><c/><c/><c/></r><r><c><![CDATA[NODES]]></c><c/><c/><c><![CDATA[CAQS]]></c><c/><c/><c/><c/><c/><c/></r><r><c><![CDATA[NORMAL_VG]]></c><c/><c/><c><![CDATA[CAQS]]></c><c/><c/><c/><c/><c/><c/></r><r><c><![CDATA[OOFANIN]]></c><c/><c/><c><![CDATA[CAQS]]></c><c/><c/><c/><c/><c/><c/></r><r><c><![CDATA[OPERAND_COUNT]]></c><c/><c/><c><![CDATA[CAQS]]></c><c/><c/><c/><c/><c/><c/></r><r><c><![CDATA[OPERATOR_COUNT]]></c><c/><c/><c><![CDATA[CAQS]]></c><c/><c/><c/><c/><c/><c/></r><r><c><![CDATA[PARAMS]]></c><c/><c/><c><![CDATA[CAQS]]></c><c/><c/><c/><c/><c/><c/></r><r><c><![CDATA[PCT_COMM]]></c><c/><c/><c><![CDATA[CAQS]]></c><c/><c/><c/><c/><c/><c/></r><r><c><![CDATA[PCT_NOTOV]]></c><c/><c/><c><![CDATA[CAQS]]></c><c/><c/><c/><c/><c/><c/></r><r><c><![CDATA[PROG_SUM_VG]]></c><c/><c/><c><![CDATA[CAQS]]></c><c/><c/><c/><c/><c/><c/></r><r><c><![CDATA[PVG]]></c><c/><c/><c><![CDATA[CAQS]]></c><c/><c/><c/><c/><c/><c/></r><r><c><![CDATA[ROOTCNT]]></c><c/><c/><c><![CDATA[CAQS]]></c><c/><c/><c/><c/><c/><c/></r><r><c><![CDATA[S0]]></c><c/><c/><c><![CDATA[CAQS]]></c><c/><c/><c/><c/><c/><c/></r><r><c><![CDATA[S0_DIV_SUMV]]></c><c/><c/><c><![CDATA[CAQS]]></c><c/><c/><c/><c/><c/><c/></r><r><c><![CDATA[S1]]></c><c/><c/><c><![CDATA[CAQS]]></c><c/><c/><c/><c/><c/><c/></r><r><c><![CDATA[SDR]]></c><c/><c/><c><![CDATA[CAQS]]></c><c/><c/><c/><c/><c/><c/></r><r><c><![CDATA[SDV]]></c><c/><c/><c><![CDATA[CAQS]]></c><c/><c/><c/><c/><c/><c/></r><r><c><![CDATA[START_LINE]]></c><c/><c/><c><![CDATA[CAQS]]></c><c/><c/><c/><c/><c/><c/></r><r><c><![CDATA[UNIQUE_OPERANDS]]></c><c/><c/><c><![CDATA[CAQS]]></c><c/><c/><c/><c/><c/><c/></r><r><c><![CDATA[UNIQUE_OPERATORS]]></c><c/><c/><c><![CDATA[CAQS]]></c><c/><c/><c/><c/><c/><c/></r><r><c><![CDATA[LIENS_MANQUANTS]]></c><c><![CDATA[ANTIPATTERN]]></c><c/><c><![CDATA[CAQS]]></c><c/><c/><c/><c/><c/><c/></r><r><c><![CDATA[LIENS_CS]]></c><c><![CDATA[ANTIPATTERN]]></c><c/><c><![CDATA[CAQS]]></c><c/><c/><c/><c/><c/><c/></r><r><c><![CDATA[LIENS_NP]]></c><c><![CDATA[ANTIPATTERN]]></c><c/><c><![CDATA[CAQS]]></c><c/><c/><c/><c/><c/><c/></r><r><c><![CDATA[CALL_PAIR]]></c><c/><c/><c><![CDATA[CAQS]]></c><c/><c/><c/><c/><c/><c/></r><r><c><![CDATA[DEPTH]]></c><c/><c/><c><![CDATA[CAQS]]></c><c/><c/><c/><c/><c/><c/></r><r><c><![CDATA[EVG]]></c><c/><c/><c><![CDATA[CAQS]]></c><c/><c/><c/><c/><c/><c/></r><r><c><![CDATA[IVG]]></c><c/><c/><c><![CDATA[CAQS]]></c><c/><c/><c/><c/><c/><c/></r><r><c><![CDATA[MAX_VG]]></c><c/><c/><c><![CDATA[CAQS]]></c><c/><c/><c/><c/><c/><c/></r><r><c><![CDATA[NOC]]></c><c/><c/><c><![CDATA[CAQS]]></c><c/><c/><c/><c/><c/><c/></r><r><c><![CDATA[RFC]]></c><c/><c/><c><![CDATA[CAQS]]></c><c/><c/><c/><c/><c/><c/></r><r><c><![CDATA[SUM_VG]]></c><c/><c/><c><![CDATA[CAQS]]></c><c/><c/><c/><c/><c/><c/></r><r><c><![CDATA[VG]]></c><c/><c/><c><![CDATA[CAQS]]></c><c/><c/><c/><c/><c/><c/></r><r><c><![CDATA[WMC]]></c><c/><c/><c><![CDATA[CAQS]]></c><c/><c/><c/><c/><c/><c/></r><r><c><![CDATA[CBO]]></c><c/><c/><c><![CDATA[CAQS]]></c><c/><c/><c/><c/><c/><c/></r><r><c><![CDATA[LOCM]]></c><c/><c/><c><![CDATA[CAQS]]></c><c/><c/><c/><c/><c/><c/></r><r><c><![CDATA[PUB_DATA]]></c><c/><c/><c><![CDATA[CAQS]]></c><c/><c/><c/><c/><c/><c/></r><r><c><![CDATA[PUB_ACCESS]]></c><c/><c/><c><![CDATA[CAQS]]></c><c/><c/><c/><c/><c/><c/></r><r><c><![CDATA[MI3]]></c><c/><c/><c><![CDATA[CAQS]]></c><c/><c/><c/><c/><c/><c/></r><r><c><![CDATA[MI4]]></c><c/><c/><c><![CDATA[CAQS]]></c><c/><c/><c/><c/><c/><c/></r><r><c><![CDATA[RECURSIVITE]]></c><c><![CDATA[ANTIPATTERN]]></c><c/><c><![CDATA[CAQS]]></c><c/><c/><c/><c/><c/><c/></r><r><c><![CDATA[LOC]]></c><c/><c/><c><![CDATA[CAQS]]></c><c/><c/><c/><c/><c/><c/></r><r><c><![CDATA[CLOC]]></c><c/><c/><c><![CDATA[CAQS]]></c><c/><c/><c/><c/><c/><c/></r><r><c><![CDATA[COMPLEX-COMPUTE]]></c><c/><c/><c><![CDATA[CAQS]]></c><c/><c><![CDATA[2006-07-17 00:00:00]]></c><c><![CDATA[2008-07-23 10:29:10]]></c><c><![CDATA[2006-07-17 00:00:00]]></c><c/><c/></r><r><c><![CDATA[UNKNOWN-DATA-NAME]]></c><c/><c/><c><![CDATA[CAQS]]></c><c/><c/><c><![CDATA[2008-07-23 14:42:05]]></c><c/><c/><c/></r><r><c><![CDATA[UNKNOWN-PROC-NAME]]></c><c/><c/><c><![CDATA[CAQS]]></c><c/><c/><c><![CDATA[2008-07-23 14:41:57]]></c><c/><c/><c/></r><r><c><![CDATA[COPYLIB-INITIALIZED-LINKAGE-VAR]]></c><c/><c/><c><![CDATA[CAQS]]></c><c/><c/><c><![CDATA[2008-07-23 10:38:06]]></c><c/><c/><c/></r><r><c><![CDATA[ALPHANUMIC-TO-ALPHA]]></c><c/><c/><c><![CDATA[CAQS]]></c><c/><c/><c><![CDATA[2008-07-23 11:01:06]]></c><c/><c/><c/></r><r><c><![CDATA[PLANNED]]></c><c/><c/><c><![CDATA[CAQS]]></c><c/><c><![CDATA[2008-06-20 00:00:00]]></c><c/><c><![CDATA[2008-06-20 00:00:00]]></c><c/><c/></r><r><c><![CDATA[ACTUAL]]></c><c/><c/><c><![CDATA[CAQS]]></c><c/><c><![CDATA[2008-06-20 00:00:00]]></c><c/><c><![CDATA[2008-06-20 00:00:00]]></c><c/><c/></r><r><c><![CDATA[TOBEDONE]]></c><c/><c/><c><![CDATA[CAQS]]></c><c/><c><![CDATA[2008-06-20 00:00:00]]></c><c/><c><![CDATA[2008-06-20 00:00:00]]></c><c/><c/></r><r><c><![CDATA[FANOUT]]></c><c/><c/><c><![CDATA[CAQS]]></c><c/><c/><c/><c/><c/><c/></r><r><c><![CDATA[MAXMCD]]></c><c/><c/><c><![CDATA[CAQS]]></c><c/><c/><c/><c/><c/><c/></r><r><c><![CDATA[TOT-CALL-NB]]></c><c/><c/><c><![CDATA[CAQS]]></c><c/><c><![CDATA[2006-07-17 00:00:00]]></c><c><![CDATA[2008-07-23 09:59:32]]></c><c><![CDATA[2006-07-17 00:00:00]]></c><c/><c/></r><r><c><![CDATA[HAL_VOCABULARY]]></c><c/><c/><c><![CDATA[CAQS]]></c><c/><c><![CDATA[2007-11-26 15:16:04]]></c><c><![CDATA[2007-11-26 15:16:04]]></c><c><![CDATA[2007-11-26 15:16:04]]></c><c><![CDATA[2007-11-26 15:16:04]]></c><c/></r><r><c><![CDATA[SA_RF_LINK]]></c><c/><c/><c><![CDATA[CAQS]]></c><c/><c><![CDATA[2008-01-10 00:00:00]]></c><c/><c><![CDATA[2008-01-10 00:00:00]]></c><c/><c/></r><r><c><![CDATA[JSP-MISSING-END-TAG]]></c><c/><c/><c><![CDATA[CAQS]]></c><c/><c><![CDATA[2008-01-08 00:00:00]]></c><c/><c><![CDATA[2008-01-08 00:00:00]]></c><c/><c/></r><r><c><![CDATA[JSP-UNBALANCED-TAG]]></c><c/><c/><c><![CDATA[CAQS]]></c><c/><c><![CDATA[2008-01-08 00:00:00]]></c><c/><c><![CDATA[2008-01-08 00:00:00]]></c><c/><c/></r><r><c><![CDATA[TEST]]></c><c/><c/><c><![CDATA[CAQS]]></c><c/><c><![CDATA[2007-12-18 00:00:00]]></c><c/><c><![CDATA[2007-12-18 00:00:00]]></c><c/><c/></r><r><c><![CDATA[JS_NOSHOWMODALDIALOG]]></c><c/><c/><c><![CDATA[CAQS]]></c><c/><c><![CDATA[2007-12-11 00:00:00]]></c><c/><c><![CDATA[2007-12-11 00:00:00]]></c><c/><c/></r><r><c><![CDATA[JS_NODEEPCODE]]></c><c/><c/><c><![CDATA[CAQS]]></c><c/><c><![CDATA[2007-12-11 00:00:00]]></c><c><![CDATA[2008-01-29 00:00:00]]></c><c><![CDATA[2007-12-11 00:00:00]]></c><c/><c/></r><r><c><![CDATA[JS_NEEDSBRACES]]></c><c/><c/><c><![CDATA[CAQS]]></c><c/><c><![CDATA[2007-12-11 00:00:00]]></c><c/><c><![CDATA[2007-12-11 00:00:00]]></c><c/><c/></r><r><c><![CDATA[DOC_HISTORIQUEINCOMPREHENSIBLE]]></c><c/><c/><c><![CDATA[CAQS]]></c><c/><c><![CDATA[2007-12-11 00:00:00]]></c><c/><c><![CDATA[2007-12-11 00:00:00]]></c><c/><c/></r><r><c><![CDATA[JS_JSP_SCRIPT_HEAD]]></c><c/><c/><c><![CDATA[CAQS]]></c><c/><c><![CDATA[2007-12-11 00:00:00]]></c><c/><c><![CDATA[2007-12-11 00:00:00]]></c><c/><c/></r><r><c><![CDATA[JS_JSP_SCRIPT_WITHOUT_LANGUAGE]]></c><c/><c/><c><![CDATA[CAQS]]></c><c/><c><![CDATA[2007-12-11 00:00:00]]></c><c/><c><![CDATA[2007-12-11 00:00:00]]></c><c/><c/></r><r><c><![CDATA[JS_EMPTY_BLOCK]]></c><c/><c/><c><![CDATA[CAQS]]></c><c/><c><![CDATA[2007-12-11 00:00:00]]></c><c/><c><![CDATA[2007-12-11 00:00:00]]></c><c/><c/></r><r><c><![CDATA[JS_COMMENT_PERCENT]]></c><c/><c/><c><![CDATA[CAQS]]></c><c/><c><![CDATA[2007-12-11 00:00:00]]></c><c/><c><![CDATA[2007-12-11 00:00:00]]></c><c/><c/></r><r><c><![CDATA[DOC_LIGNES]]></c><c/><c/><c><![CDATA[CAQS]]></c><c/><c><![CDATA[2007-12-11 00:00:00]]></c><c/><c><![CDATA[2007-12-11 00:00:00]]></c><c/><c/></r><r><c><![CDATA[DOC_PAGES]]></c><c/><c/><c><![CDATA[CAQS]]></c><c/><c><![CDATA[2007-12-11 00:00:00]]></c><c/><c><![CDATA[2007-12-11 00:00:00]]></c><c/><c/></r><r><c><![CDATA[DOC_ORTHOGRAPHE]]></c><c/><c/><c><![CDATA[CAQS]]></c><c/><c><![CDATA[2007-12-11 00:00:00]]></c><c/><c><![CDATA[2007-12-11 00:00:00]]></c><c/><c/></r><r><c><![CDATA[JS_JSP_EXTERNALIZE_JS]]></c><c/><c/><c><![CDATA[CAQS]]></c><c/><c><![CDATA[2007-12-11 00:00:00]]></c><c/><c><![CDATA[2007-12-11 00:00:00]]></c><c/><c/></r><r><c><![CDATA[JS_MISSING_HEADERDOC]]></c><c/><c/><c><![CDATA[CAQS]]></c><c/><c><![CDATA[2007-12-11 00:00:00]]></c><c/><c><![CDATA[2007-12-11 00:00:00]]></c><c/><c/></r><r><c><![CDATA[DOC_HISTORIQUECONFORME]]></c><c/><c/><c><![CDATA[CAQS]]></c><c/><c><![CDATA[2007-12-11 00:00:00]]></c><c/><c><![CDATA[2007-12-11 00:00:00]]></c><c/><c/></r><r><c><![CDATA[DOC_HISTORIQUEAMBIGU]]></c><c/><c/><c><![CDATA[CAQS]]></c><c/><c><![CDATA[2007-12-11 00:00:00]]></c><c/><c><![CDATA[2007-12-11 00:00:00]]></c><c/><c/></r><r><c><![CDATA[JS_JSP_HARDCODE_STRING]]></c><c/><c/><c><![CDATA[CAQS]]></c><c/><c><![CDATA[2007-12-11 00:00:00]]></c><c/><c><![CDATA[2007-12-11 00:00:00]]></c><c/><c/></r><r><c><![CDATA[JS_JSP_FACTOR_TAGLIB]]></c><c/><c/><c><![CDATA[CAQS]]></c><c/><c><![CDATA[2007-12-11 00:00:00]]></c><c/><c><![CDATA[2007-12-11 00:00:00]]></c><c/><c/></r><r><c><![CDATA[DOC_HISTORIQUEOK]]></c><c/><c/><c><![CDATA[CAQS]]></c><c/><c><![CDATA[2007-12-11 00:00:00]]></c><c/><c><![CDATA[2007-12-11 00:00:00]]></c><c/><c/></r><r><c><![CDATA[JS_IMPLICIT_CAST_COMPARE]]></c><c/><c/><c><![CDATA[CAQS]]></c><c/><c><![CDATA[2007-12-11 00:00:00]]></c><c/><c><![CDATA[2007-12-11 00:00:00]]></c><c/><c/></r><r><c><![CDATA[JS_NAN_TEST]]></c><c/><c/><c><![CDATA[CAQS]]></c><c/><c><![CDATA[2007-12-11 00:00:00]]></c><c/><c><![CDATA[2007-12-11 00:00:00]]></c><c/><c/></r><r><c><![CDATA[JS_INT_PARSING]]></c><c/><c/><c><![CDATA[CAQS]]></c><c/><c><![CDATA[2007-12-11 00:00:00]]></c><c/><c><![CDATA[2007-12-11 00:00:00]]></c><c/><c/></r><r><c><![CDATA[DOC_HEADERFOOTEROK]]></c><c/><c/><c><![CDATA[CAQS]]></c><c/><c><![CDATA[2007-12-11 00:00:00]]></c><c/><c><![CDATA[2007-12-11 00:00:00]]></c><c/><c/></r><r><c><![CDATA[JS_DBLE_QUOTE]]></c><c/><c/><c><![CDATA[CAQS]]></c><c/><c><![CDATA[2007-12-11 00:00:00]]></c><c/><c><![CDATA[2007-12-11 00:00:00]]></c><c/><c/></r><r><c><![CDATA[COBOL_DIFFICULTY]]></c><c/><c/><c><![CDATA[CAQS]]></c><c/><c><![CDATA[2008-07-23 00:00:00]]></c><c/><c><![CDATA[2008-07-23 00:00:00]]></c><c/><c/></r><r><c><![CDATA[COBOL_EFFORT]]></c><c/><c/><c><![CDATA[CAQS]]></c><c/><c><![CDATA[2008-07-23 00:00:00]]></c><c/><c><![CDATA[2008-07-23 00:00:00]]></c><c/><c/></r><r><c><![CDATA[COBOL_UNIQUE_OPERATORS]]></c><c/><c/><c><![CDATA[CAQS]]></c><c/><c><![CDATA[2008-07-23 00:00:00]]></c><c/><c><![CDATA[2008-07-23 00:00:00]]></c><c/><c/></r><r><c><![CDATA[COBOL_UNIQUE_OPERANDS]]></c><c/><c/><c><![CDATA[CAQS]]></c><c/><c><![CDATA[2008-07-23 00:00:00]]></c><c/><c><![CDATA[2008-07-23 00:00:00]]></c><c/><c/></r><r><c><![CDATA[COBOL_TOTAL_OPERANDS]]></c><c/><c/><c><![CDATA[CAQS]]></c><c/><c><![CDATA[2008-07-23 00:00:00]]></c><c/><c><![CDATA[2008-07-23 00:00:00]]></c><c/><c/></r><r><c><![CDATA[DOC_DOCUMENTOK]]></c><c/><c/><c><![CDATA[CAQS]]></c><c/><c><![CDATA[2007-12-10 00:00:00]]></c><c><![CDATA[2007-12-10 00:00:00]]></c><c><![CDATA[2007-12-10 00:00:00]]></c><c><![CDATA[2007-12-10 00:00:00]]></c><c/></r><r><c><![CDATA[DOC_DIFFUSIONOK]]></c><c/><c/><c><![CDATA[CAQS]]></c><c/><c><![CDATA[2007-12-11 00:00:00]]></c><c/><c><![CDATA[2007-12-11 00:00:00]]></c><c/><c/></r><r><c><![CDATA[DOC_DESCRIPTIONOK]]></c><c/><c/><c><![CDATA[CAQS]]></c><c/><c><![CDATA[2007-12-11 00:00:00]]></c><c/><c><![CDATA[2007-12-11 00:00:00]]></c><c/><c/></r><r><c><![CDATA[DOC_CHAPITRESPLUS]]></c><c/><c/><c><![CDATA[CAQS]]></c><c/><c><![CDATA[2007-12-11 00:00:00]]></c><c/><c><![CDATA[2007-12-11 00:00:00]]></c><c/><c/></r><r><c><![CDATA[DOC_CHAPITRESNONCONFORMES]]></c><c/><c/><c><![CDATA[CAQS]]></c><c/><c><![CDATA[2007-12-11 00:00:00]]></c><c/><c><![CDATA[2007-12-11 00:00:00]]></c><c/><c/></r><r><c><![CDATA[DOC_CHAPITRESINCOMPREHENSIBLES]]></c><c/><c/><c><![CDATA[CAQS]]></c><c/><c><![CDATA[2007-12-11 00:00:00]]></c><c/><c><![CDATA[2007-12-11 00:00:00]]></c><c/><c/></r><r><c><![CDATA[DOC_CHAPITRESINCOHERENTS]]></c><c/><c/><c><![CDATA[CAQS]]></c><c/><c><![CDATA[2007-12-11 00:00:00]]></c><c/><c><![CDATA[2007-12-11 00:00:00]]></c><c/><c/></r><r><c><![CDATA[DOC_CHAPITRESDT]]></c><c/><c/><c><![CDATA[CAQS]]></c><c/><c><![CDATA[2007-12-11 00:00:00]]></c><c/><c><![CDATA[2007-12-11 00:00:00]]></c><c/><c/></r><r><c><![CDATA[DOC_CHAPITRESAMBIGUS]]></c><c/><c/><c><![CDATA[CAQS]]></c><c/><c><![CDATA[2007-12-11 00:00:00]]></c><c/><c><![CDATA[2007-12-11 00:00:00]]></c><c/><c/></r><r><c><![CDATA[DOC_CHAPITRESABSENTS]]></c><c/><c/><c><![CDATA[CAQS]]></c><c/><c><![CDATA[2007-12-11 00:00:00]]></c><c/><c><![CDATA[2007-12-11 00:00:00]]></c><c/><c/></r><r><c><![CDATA[DOC_CHAPITRES]]></c><c/><c/><c><![CDATA[CAQS]]></c><c/><c><![CDATA[2007-12-11 00:00:00]]></c><c/><c><![CDATA[2007-12-11 00:00:00]]></c><c/><c/></r><r><c><![CDATA[DOC_APPROBATIONOK]]></c><c/><c/><c><![CDATA[CAQS]]></c><c/><c><![CDATA[2007-12-11 00:00:00]]></c><c/><c><![CDATA[2007-12-11 00:00:00]]></c><c/><c/></r><r><c><![CDATA[DOC_VALIDATIONOK]]></c><c/><c/><c><![CDATA[CAQS]]></c><c/><c><![CDATA[2007-12-11 00:00:00]]></c><c/><c><![CDATA[2007-12-11 00:00:00]]></c><c/><c/></r><r><c><![CDATA[DOC_SOMMAIREOK]]></c><c/><c/><c><![CDATA[CAQS]]></c><c/><c><![CDATA[2007-12-11 00:00:00]]></c><c/><c><![CDATA[2007-12-11 00:00:00]]></c><c/><c/></r><r><c><![CDATA[DOC_SCHEMAS]]></c><c/><c/><c><![CDATA[CAQS]]></c><c/><c><![CDATA[2007-12-11 00:00:00]]></c><c/><c><![CDATA[2007-12-11 00:00:00]]></c><c/><c/></r><r><c><![CDATA[DOC_REFERENCESINCOMPREHENSIBLES]]></c><c/><c/><c><![CDATA[CAQS]]></c><c/><c><![CDATA[2007-12-11 00:00:00]]></c><c/><c><![CDATA[2007-12-11 00:00:00]]></c><c/><c/></r><r><c><![CDATA[DOC_REFERENCESINCOHERENTES]]></c><c/><c/><c><![CDATA[CAQS]]></c><c/><c><![CDATA[2007-12-11 00:00:00]]></c><c/><c><![CDATA[2007-12-11 00:00:00]]></c><c/><c/></r><r><c><![CDATA[DOC_REFERENCESAMBIGUES]]></c><c/><c/><c><![CDATA[CAQS]]></c><c/><c><![CDATA[2007-12-11 00:00:00]]></c><c/><c><![CDATA[2007-12-11 00:00:00]]></c><c/><c/></r><r><c><![CDATA[DOC_REFERENCES]]></c><c/><c/><c><![CDATA[CAQS]]></c><c/><c><![CDATA[2007-12-11 00:00:00]]></c><c/><c><![CDATA[2007-12-11 00:00:00]]></c><c/><c/></r><r><c><![CDATA[DOC_PRESENTATIONOK]]></c><c/><c/><c><![CDATA[CAQS]]></c><c/><c><![CDATA[2007-12-11 00:00:00]]></c><c/><c><![CDATA[2007-12-11 00:00:00]]></c><c/><c/></r><r><c><![CDATA[DOC_PAGINATIONOK]]></c><c/><c/><c><![CDATA[CAQS]]></c><c/><c><![CDATA[2007-12-11 00:00:00]]></c><c/><c><![CDATA[2007-12-11 00:00:00]]></c><c/><c/></r><r><c><![CDATA[ENTETE]]></c><c/><c/><c><![CDATA[CAQS]]></c><c/><c><![CDATA[2008-07-23 00:00:00]]></c><c/><c><![CDATA[2008-07-23 00:00:00]]></c><c/><c/></r><r><c><![CDATA[DOC_VERSIONS]]></c><c/><c/><c><![CDATA[CAQS]]></c><c/><c><![CDATA[2007-12-11 00:00:00]]></c><c/><c><![CDATA[2007-12-11 00:00:00]]></c><c/><c/></r><r><c><![CDATA[LPE_CUD_IN_LOOP]]></c><c/><c/><c><![CDATA[CAQS]]></c><c/><c><![CDATA[2008-11-28 00:00:00]]></c><c/><c><![CDATA[2008-11-28 00:00:00]]></c><c/><c/></r><r><c><![CDATA[LPE_TX_SS_CLOSE]]></c><c/><c/><c><![CDATA[CAQS]]></c><c/><c><![CDATA[2008-11-28 00:00:00]]></c><c/><c><![CDATA[2008-11-28 00:00:00]]></c><c/><c/></r><r><c><![CDATA[LPE_TX_SS_COMMIT]]></c><c/><c/><c><![CDATA[CAQS]]></c><c/><c><![CDATA[2008-11-28 00:00:00]]></c><c/><c><![CDATA[2008-11-28 00:00:00]]></c><c/><c/></r><r><c><![CDATA[LPE_TX_SS_ROLLBACK]]></c><c/><c/><c><![CDATA[CAQS]]></c><c/><c><![CDATA[2008-11-28 00:00:00]]></c><c/><c><![CDATA[2008-11-28 00:00:00]]></c><c/><c/></r><r><c><![CDATA[LPE_RETRIEVE_SQL_BINDING]]></c><c/><c/><c><![CDATA[CAQS]]></c><c/><c><![CDATA[2008-11-28 00:00:00]]></c><c/><c><![CDATA[2008-11-28 00:00:00]]></c><c/><c/></r><r><c><![CDATA[LPE_RETRIEVE_SQL_SS_BINDING]]></c><c/><c/><c><![CDATA[CAQS]]></c><c/><c><![CDATA[2008-11-28 00:00:00]]></c><c/><c><![CDATA[2008-11-28 00:00:00]]></c><c/><c/></r><r><c><![CDATA[C_BACKSLASH_DIRECTORY]]></c><c/><c/><c><![CDATA[CAQS]]></c><c/><c/><c><![CDATA[2010-05-06 17:03:35]]></c><c/><c/><c/></r><r><c><![CDATA[SQL_BAD_LIKE]]></c><c/><c/><c><![CDATA[CAQS]]></c><c/><c/><c><![CDATA[2010-05-06 14:26:27]]></c><c/><c/><c/></r><r><c><![CDATA[SQL_SERVER_TIMESTAMP]]></c><c/><c/><c><![CDATA[CAQS]]></c><c/><c/><c><![CDATA[2010-05-06 14:10:10]]></c><c/><c/><c/></r><r><c><![CDATA[SQL_DEFINE_VALUES]]></c><c/><c/><c><![CDATA[CAQS]]></c><c/><c/><c><![CDATA[2010-05-06 14:08:00]]></c><c/><c/><c/></r><r><c><![CDATA[SQL_EXPLICIT_JOIN]]></c><c/><c/><c><![CDATA[CAQS]]></c><c/><c/><c><![CDATA[2010-05-06 12:38:00]]></c><c/><c/><c/></r><r><c><![CDATA[SQL_JOIN_CONDITIONS]]></c><c/><c/><c><![CDATA[CAQS]]></c><c/><c/><c><![CDATA[2010-05-06 11:54:29]]></c><c/><c/><c/></r><r><c><![CDATA[SQL_SELECT_STAR]]></c><c/><c/><c><![CDATA[CAQS]]></c><c/><c/><c><![CDATA[2010-05-06 11:46:57]]></c><c/><c/><c/></r><r><c><![CDATA[STRUTS_USE]]></c><c/><c/><c><![CDATA[CAQS]]></c><c/><c><![CDATA[2007-12-10 00:00:00]]></c><c><![CDATA[2007-12-10 00:00:00]]></c><c><![CDATA[2007-12-10 00:00:00]]></c><c/><c/></r><r><c><![CDATA[SPRING_USE]]></c><c/><c/><c><![CDATA[CAQS]]></c><c/><c><![CDATA[2007-12-10 00:00:00]]></c><c><![CDATA[2007-12-10 00:00:00]]></c><c><![CDATA[2007-12-10 00:00:00]]></c><c/><c/></r><r><c><![CDATA[PROCEDURE-NL]]></c><c/><c/><c><![CDATA[CAQS]]></c><c/><c><![CDATA[2008-07-09 00:00:00]]></c><c/><c><![CDATA[2008-07-09 00:00:00]]></c><c/><c/></r><r><c><![CDATA[PROCEDURE-COMMENTS-NL]]></c><c/><c/><c><![CDATA[CAQS]]></c><c/><c><![CDATA[2008-07-09 00:00:00]]></c><c><![CDATA[2008-07-23 09:01:49]]></c><c><![CDATA[2008-07-09 00:00:00]]></c><c/><c/></r><r><c><![CDATA[JSP-NBSTYLETAG]]></c><c/><c/><c><![CDATA[CAQS]]></c><c/><c><![CDATA[2007-12-10 00:00:00]]></c><c><![CDATA[2007-12-10 00:00:00]]></c><c><![CDATA[2007-12-10 00:00:00]]></c><c/><c/></r><r><c><![CDATA[JSP-NBSTYLEATTR]]></c><c/><c/><c><![CDATA[CAQS]]></c><c/><c><![CDATA[2007-12-10 00:00:00]]></c><c><![CDATA[2007-12-10 00:00:00]]></c><c><![CDATA[2007-12-10 00:00:00]]></c><c/><c/></r><r><c><![CDATA[JSP-NBSCRIPT-WITHOUT-LANGUAGE]]></c><c/><c/><c><![CDATA[CAQS]]></c><c/><c><![CDATA[2007-12-10 00:00:00]]></c><c><![CDATA[2007-12-10 00:00:00]]></c><c><![CDATA[2007-12-10 00:00:00]]></c><c/><c/></r><r><c><![CDATA[JSP-NBSCRIPTLET]]></c><c/><c/><c><![CDATA[CAQS]]></c><c/><c><![CDATA[2007-12-10 00:00:00]]></c><c><![CDATA[2007-12-10 00:00:00]]></c><c><![CDATA[2007-12-10 00:00:00]]></c><c/><c/></r><r><c><![CDATA[JSP-NBSCRIPT]]></c><c/><c/><c><![CDATA[CAQS]]></c><c/><c><![CDATA[2007-12-10 00:00:00]]></c><c><![CDATA[2007-12-10 00:00:00]]></c><c><![CDATA[2007-12-10 00:00:00]]></c><c/><c/></r><r><c><![CDATA[JSP-NBJSPDIRECTIVEINCLUDE]]></c><c/><c/><c><![CDATA[CAQS]]></c><c/><c><![CDATA[2007-12-10 00:00:00]]></c><c><![CDATA[2007-12-10 00:00:00]]></c><c><![CDATA[2007-12-10 00:00:00]]></c><c/><c/></r><r><c><![CDATA[JSP-NBEXPRESSION]]></c><c/><c/><c><![CDATA[CAQS]]></c><c/><c><![CDATA[2007-12-10 00:00:00]]></c><c><![CDATA[2007-12-10 00:00:00]]></c><c><![CDATA[2007-12-10 00:00:00]]></c><c/><c/></r><r><c><![CDATA[JSP-NBCUSTOMTAG]]></c><c/><c/><c><![CDATA[CAQS]]></c><c/><c><![CDATA[2007-12-10 00:00:00]]></c><c><![CDATA[2007-12-10 00:00:00]]></c><c><![CDATA[2007-12-10 00:00:00]]></c><c/><c/></r><r><c><![CDATA[JSP-NBCLASSATTRIBUTE]]></c><c/><c/><c><![CDATA[CAQS]]></c><c/><c><![CDATA[2007-12-10 00:00:00]]></c><c><![CDATA[2007-12-10 00:00:00]]></c><c><![CDATA[2007-12-10 00:00:00]]></c><c/><c/></r><r><c><![CDATA[JSP-NBACTIONINCLUDE]]></c><c/><c/><c><![CDATA[CAQS]]></c><c/><c><![CDATA[2007-12-11 00:00:00]]></c><c/><c><![CDATA[2007-12-11 00:00:00]]></c><c/><c/></r><r><c><![CDATA[JSP-LOC]]></c><c/><c/><c><![CDATA[CAQS]]></c><c/><c><![CDATA[2007-12-11 00:00:00]]></c><c><![CDATA[2007-12-11 00:00:00]]></c><c><![CDATA[2007-12-11 00:00:00]]></c><c/><c/></r><r><c><![CDATA[JSP-HTMLCOMMENT]]></c><c/><c/><c><![CDATA[CAQS]]></c><c/><c><![CDATA[2007-12-10 00:00:00]]></c><c><![CDATA[2007-12-10 00:00:00]]></c><c><![CDATA[2007-12-10 00:00:00]]></c><c/><c/></r><r><c><![CDATA[JSP-CLOC]]></c><c/><c/><c><![CDATA[CAQS]]></c><c/><c><![CDATA[2007-12-11 00:00:00]]></c><c><![CDATA[2007-12-11 00:00:00]]></c><c><![CDATA[2007-12-11 00:00:00]]></c><c/><c/></r><r><c><![CDATA[JS_SWITCH_WITHOUT_DEFAULT]]></c><c/><c/><c><![CDATA[CAQS]]></c><c/><c><![CDATA[2007-12-11 00:00:00]]></c><c/><c><![CDATA[2007-12-11 00:00:00]]></c><c/><c/></r><r><c><![CDATA[JS_ONLYONEINSTRUCTION]]></c><c/><c/><c><![CDATA[CAQS]]></c><c/><c><![CDATA[2007-12-11 00:00:00]]></c><c/><c><![CDATA[2007-12-11 00:00:00]]></c><c/><c/></r><r><c><![CDATA[NB_CLASS]]></c><c/><c/><c><![CDATA[CAQS]]></c><c/><c/><c><![CDATA[2010-10-14 16:52:08]]></c><c/><c/><c/></r><r><c><![CDATA[FLEX_ALLOWINSECUREDOMAIN]]></c><c/><c/><c><![CDATA[FLEXPMD]]></c><c/><c/><c/><c/><c/><c/></r><r><c><![CDATA[FLEX_ARRAYFIELDWITHNOARRAYELEMENTTYPE]]></c><c/><c/><c><![CDATA[FLEXPMD]]></c><c/><c/><c/><c/><c/><c/></r><r><c><![CDATA[FLEX_ATTRIBUTEASDOCMISSING]]></c><c/><c/><c><![CDATA[FLEXPMD]]></c><c/><c/><c/><c/><c/><c/></r><r><c><![CDATA[FLEX_AVOIDINSTANCIATIONINLOOP]]></c><c/><c/><c><![CDATA[FLEXPMD]]></c><c/><c/><c/><c/><c/><c/></r><r><c><![CDATA[FLEX_AVOIDPROTECTEDFIELDINFINALCLASS]]></c><c/><c/><c><![CDATA[FLEXPMD]]></c><c/><c/><c/><c/><c/><c/></r><r><c><![CDATA[FLEX_AVOIDROLLMOUSEEVENT]]></c><c/><c/><c><![CDATA[FLEXPMD]]></c><c/><c/><c/><c/><c/><c/></r><r><c><![CDATA[FLEX_AVOIDTOOLTIP]]></c><c/><c/><c><![CDATA[FLEXPMD]]></c><c/><c/><c/><c/><c/><c/></r><r><c><![CDATA[FLEX_AVOIDUSINGMATHCEIL]]></c><c/><c/><c><![CDATA[FLEXPMD]]></c><c/><c/><c/><c/><c/><c/></r><r><c><![CDATA[FLEX_AVOIDUSINGMATHFLOOR]]></c><c/><c/><c><![CDATA[FLEXPMD]]></c><c/><c/><c/><c/><c/><c/></r><r><c><![CDATA[FLEX_AVOIDUSINGMATHROUND]]></c><c/><c/><c><![CDATA[FLEXPMD]]></c><c/><c/><c/><c/><c/><c/></r><r><c><![CDATA[FLEX_AVOIDUSINGPUBLICSTATICFIELD]]></c><c/><c/><c><![CDATA[FLEXPMD]]></c><c/><c/><c/><c/><c/><c/></r><r><c><![CDATA[FLEX_AVOIDUSINGWITHKEYWORD]]></c><c/><c/><c><![CDATA[FLEXPMD]]></c><c/><c/><c/><c/><c/><c/></r><r><c><![CDATA[FLEX_BADCAIRNGORMEVENTNAMEFORMAT]]></c><c/><c/><c><![CDATA[FLEXPMD]]></c><c/><c/><c/><c/><c/><c/></r><r><c><![CDATA[FLEX_BADFORMATLOGGER]]></c><c/><c/><c><![CDATA[FLEXPMD]]></c><c/><c/><c/><c/><c/><c/></r><r><c><![CDATA[FLEX_BINDABLECLASS]]></c><c/><c/><c><![CDATA[FLEXPMD]]></c><c/><c/><c/><c/><c/><c/></r><r><c><![CDATA[FLEX_BINDABLEMODELLOCATOR]]></c><c/><c/><c><![CDATA[FLEXPMD]]></c><c/><c/><c/><c/><c/><c/></r><r><c><![CDATA[FLEX_BINDINGUTILS]]></c><c/><c/><c><![CDATA[FLEXPMD]]></c><c/><c/><c/><c/><c/><c/></r><r><c><![CDATA[FLEX_BOOLEANATTRIBUTESHOULDCONTAINISHAS]]></c><c/><c/><c><![CDATA[FLEXPMD]]></c><c/><c/><c/><c/><c/><c/></r><r><c><![CDATA[FLEX_CAIRNGORMEVENTDISPATCHERCALLEXPLICITLY]]></c><c/><c/><c><![CDATA[FLEXPMD]]></c><c/><c/><c/><c/><c/><c/></r><r><c><![CDATA[FLEX_CALLLATERDIRECTLY]]></c><c/><c/><c><![CDATA[FLEXPMD]]></c><c/><c/><c/><c/><c/><c/></r><r><c><![CDATA[FLEX_CAPITALIZECONSTANTS]]></c><c/><c/><c><![CDATA[FLEXPMD]]></c><c/><c/><c/><c/><c/><c/></r><r><c><![CDATA[FLEX_CHANGEWATCHER]]></c><c/><c/><c><![CDATA[FLEXPMD]]></c><c/><c/><c/><c/><c/><c/></r><r><c><![CDATA[FLEX_CLASSANDEXTENSIONAREIDENTICAL]]></c><c/><c/><c><![CDATA[FLEXPMD]]></c><c/><c/><c/><c/><c/><c/></r><r><c><![CDATA[FLEX_CLASSASDOCMISSING]]></c><c/><c/><c><![CDATA[FLEXPMD]]></c><c/><c/><c/><c/><c/><c/></r><r><c><![CDATA[FLEX_CODEBEHINDINMXML]]></c><c/><c/><c><![CDATA[FLEXPMD]]></c><c/><c/><c/><c/><c/><c/></r><r><c><![CDATA[FLEX_CONSTRUCTORDISPATCHINGEVENT]]></c><c/><c/><c><![CDATA[FLEXPMD]]></c><c/><c/><c/><c/><c/><c/></r><r><c><![CDATA[FLEX_CONSTRUCTORNONEMPTYRETURNTYPE]]></c><c/><c/><c><![CDATA[FLEXPMD]]></c><c/><c/><c/><c/><c/><c/></r><r><c><![CDATA[FLEX_COPYRIGHTMISSING]]></c><c/><c/><c><![CDATA[FLEXPMD]]></c><c/><c/><c/><c/><c/><c/></r><r><c><![CDATA[FLEX_CREATIONPOLICYSETTOALL]]></c><c/><c/><c><![CDATA[FLEXPMD]]></c><c/><c/><c/><c/><c/><c/></r><r><c><![CDATA[FLEX_CYCLOMATICCOMPLEXITY]]></c><c/><c/><c><![CDATA[FLEXPMD]]></c><c/><c/><c/><c/><c/><c/></r><r><c><![CDATA[FLEX_DEEPLYNESTEDIF]]></c><c/><c/><c><![CDATA[FLEXPMD]]></c><c/><c/><c/><c/><c/><c/></r><r><c><![CDATA[FLEX_DEFAULTEVENTNAME]]></c><c/><c/><c><![CDATA[FLEXPMD]]></c><c/><c/><c/><c/><c/><c/></r><r><c><![CDATA[FLEX_DISPATCHHARDCODEDEVENTNAME]]></c><c/><c/><c><![CDATA[FLEXPMD]]></c><c/><c/><c/><c/><c/><c/></r><r><c><![CDATA[FLEX_DYNAMICCLASS]]></c><c/><c/><c><![CDATA[FLEXPMD]]></c><c/><c/><c/><c/><c/><c/></r><r><c><![CDATA[FLEX_DYNAMICFILTERSUSEDINPOPUP]]></c><c/><c/><c><![CDATA[FLEXPMD]]></c><c/><c/><c/><c/><c/><c/></r><r><c><![CDATA[FLEX_EMPTYCATCHSTATEMENT]]></c><c/><c/><c><![CDATA[FLEXPMD]]></c><c/><c/><c/><c/><c/><c/></r><r><c><![CDATA[FLEX_EMPTYIFSTMT]]></c><c/><c/><c><![CDATA[FLEXPMD]]></c><c/><c/><c/><c/><c/><c/></r><r><c><![CDATA[FLEX_EMPTYPRIVATEMETHOD]]></c><c/><c/><c><![CDATA[FLEXPMD]]></c><c/><c/><c/><c/><c/><c/></r><r><c><![CDATA[FLEX_EMPTYSTATEMENT]]></c><c/><c/><c><![CDATA[FLEXPMD]]></c><c/><c/><c/><c/><c/><c/></r><r><c><![CDATA[FLEX_EMPTYUNITTEST]]></c><c/><c/><c><![CDATA[FLEXPMD]]></c><c/><c/><c/><c/><c/><c/></r><r><c><![CDATA[FLEX_EVENTMISSINGCLONEFUNCTION]]></c><c/><c/><c><![CDATA[FLEXPMD]]></c><c/><c/><c/><c/><c/><c/></r><r><c><![CDATA[FLEX_EXCESSIVEIMPORT]]></c><c/><c/><c><![CDATA[FLEXPMD]]></c><c/><c/><c/><c/><c/><c/></r><r><c><![CDATA[FLEX_FATCONTROLLER]]></c><c/><c/><c><![CDATA[FLEXPMD]]></c><c/><c/><c/><c/><c/><c/></r><r><c><![CDATA[FLEX_HEAVYCONSTRUCTOR]]></c><c/><c/><c><![CDATA[FLEXPMD]]></c><c/><c/><c/><c/><c/><c/></r><r><c><![CDATA[FLEX_IDENTICALSWITCHCASES]]></c><c/><c/><c><![CDATA[FLEXPMD]]></c><c/><c/><c/><c/><c/><c/></r><r><c><![CDATA[FLEX_IMPORTFROMSAMEPACKAGE]]></c><c/><c/><c><![CDATA[FLEXPMD]]></c><c/><c/><c/><c/><c/><c/></r><r><c><![CDATA[FLEX_IMPORTLOADBESTPRACTICE]]></c><c/><c/><c><![CDATA[FLEXPMD]]></c><c/><c/><c/><c/><c/><c/></r><r><c><![CDATA[FLEX_INACCESSIBLEMETADATA]]></c><c/><c/><c><![CDATA[FLEXPMD]]></c><c/><c/><c/><c/><c/><c/></r><r><c><![CDATA[FLEX_INCORRECTCLASSCASE]]></c><c/><c/><c><![CDATA[FLEXPMD]]></c><c/><c/><c/><c/><c/><c/></r><r><c><![CDATA[FLEX_INCORRECTEVENTHANDLERNAME]]></c><c/><c/><c><![CDATA[FLEXPMD]]></c><c/><c/><c/><c/><c/><c/></r><r><c><![CDATA[FLEX_INSECUREEXACTSETTINGS]]></c><c/><c/><c><![CDATA[FLEXPMD]]></c><c/><c/><c/><c/><c/><c/></r><r><c><![CDATA[FLEX_INTERFACENAMING]]></c><c/><c/><c><![CDATA[FLEXPMD]]></c><c/><c/><c/><c/><c/><c/></r><r><c><![CDATA[FLEX_LSOSECUREFALSE]]></c><c/><c/><c><![CDATA[FLEXPMD]]></c><c/><c/><c/><c/><c/><c/></r><r><c><![CDATA[FLEX_LISTENFORHARDCODEDEVENTNAME]]></c><c/><c/><c><![CDATA[FLEXPMD]]></c><c/><c/><c/><c/><c/><c/></r><r><c><![CDATA[FLEX_LOCALCONNECTIONSTAR]]></c><c/><c/><c><![CDATA[FLEXPMD]]></c><c/><c/><c/><c/><c/><c/></r><r><c><![CDATA[FLEX_MESSAGEINTERCEPTORSIGNATURE]]></c><c/><c/><c><![CDATA[FLEXPMD]]></c><c/><c/><c/><c/><c/><c/></r><r><c><![CDATA[FLEX_METHODASDOCMISSING]]></c><c/><c/><c><![CDATA[FLEXPMD]]></c><c/><c/><c/><c/><c/><c/></r><r><c><![CDATA[FLEX_MISMATCHEDMANAGEDEVENT]]></c><c/><c/><c><![CDATA[FLEXPMD]]></c><c/><c/><c/><c/><c/><c/></r><r><c><![CDATA[FLEX_MISPLACEDMETADATA]]></c><c/><c/><c><![CDATA[FLEXPMD]]></c><c/><c/><c/><c/><c/><c/></r><r><c><![CDATA[FLEX_MODELLOCATORREFERENCEDMORETHANONCEPERCLASS]]></c><c/><c/><c><![CDATA[FLEXPMD]]></c><c/><c/><c/><c/><c/><c/></r><r><c><![CDATA[FLEX_MONKEYPATCHING]]></c><c/><c/><c><![CDATA[FLEXPMD]]></c><c/><c/><c/><c/><c/><c/></r><r><c><![CDATA[FLEX_MORETHANONEENTRYPOINTINMXML]]></c><c/><c/><c><![CDATA[FLEXPMD]]></c><c/><c/><c/><c/><c/><c/></r><r><c><![CDATA[FLEX_MORETHANTWOENTRYPOINTSINMXML]]></c><c/><c/><c><![CDATA[FLEXPMD]]></c><c/><c/><c/><c/><c/><c/></r><r><c><![CDATA[FLEX_NESTEDSWITCH]]></c><c/><c/><c><![CDATA[FLEXPMD]]></c><c/><c/><c/><c/><c/><c/></r><r><c><![CDATA[FLEX_NONBREAKABLESWITCHCASE]]></c><c/><c/><c><![CDATA[FLEXPMD]]></c><c/><c/><c/><c/><c/><c/></r><r><c><![CDATA[FLEX_NONSTATICCONSTANTFIELD]]></c><c/><c/><c><![CDATA[FLEXPMD]]></c><c/><c/><c/><c/><c/><c/></r><r><c><![CDATA[FLEX_ONLYONERETURN]]></c><c/><c/><c><![CDATA[FLEXPMD]]></c><c/><c/><c/><c/><c/><c/></r><r><c><![CDATA[FLEX_OVERLONGLINE]]></c><c/><c/><c><![CDATA[FLEXPMD]]></c><c/><c/><c/><c/><c/><c/></r><r><c><![CDATA[FLEX_PACKAGECASE]]></c><c/><c/><c><![CDATA[FLEXPMD]]></c><c/><c/><c/><c/><c/><c/></r><r><c><![CDATA[FLEX_PROPERTYHIDDENBYLOCALVARIABLE]]></c><c/><c/><c><![CDATA[FLEXPMD]]></c><c/><c/><c/><c/><c/><c/></r><r><c><![CDATA[FLEX_PROTECTEDSTATICMETHOD]]></c><c/><c/><c><![CDATA[FLEXPMD]]></c><c/><c/><c/><c/><c/><c/></r><r><c><![CDATA[FLEX_PUBLICVARIABLEINCUSTOMEVENT]]></c><c/><c/><c><![CDATA[FLEXPMD]]></c><c/><c/><c/><c/><c/><c/></r><r><c><![CDATA[FLEX_RECURSIVESTYLEMANAGER]]></c><c/><c/><c><![CDATA[FLEXPMD]]></c><c/><c/><c/><c/><c/><c/></r><r><c><![CDATA[FLEX_REDUNDANTMESSAGEHANDLERTYPEATTRIBUTE]]></c><c/><c/><c><![CDATA[FLEXPMD]]></c><c/><c/><c/><c/><c/><c/></r><r><c><![CDATA[FLEX_REDUNDANTMETHODATTRIBUTE]]></c><c/><c/><c><![CDATA[FLEXPMD]]></c><c/><c/><c/><c/><c/><c/></r><r><c><![CDATA[FLEX_REFERENCEMODELLOCATOROUTSIDETHEMAINAPPLICATION]]></c><c/><c/><c><![CDATA[FLEXPMD]]></c><c/><c/><c/><c/><c/><c/></r><r><c><![CDATA[FLEX_REFERENCETOVARIABLEBINDINGFROMITSINITIALIZER]]></c><c/><c/><c><![CDATA[FLEXPMD]]></c><c/><c/><c/><c/><c/><c/></r><r><c><![CDATA[FLEX_STYLEBLOCKINMXML]]></c><c/><c/><c><![CDATA[FLEXPMD]]></c><c/><c/><c/><c/><c/><c/></r><r><c><![CDATA[FLEX_SWITCHSTATEMENTSSHOULDHAVEDEFAULT]]></c><c/><c/><c><![CDATA[FLEXPMD]]></c><c/><c/><c/><c/><c/><c/></r><r><c><![CDATA[FLEX_TOOFEWBRANCHEINSWITCHSTATEMENT]]></c><c/><c/><c><![CDATA[FLEXPMD]]></c><c/><c/><c/><c/><c/><c/></r><r><c><![CDATA[FLEX_TOOLONGBINDINGEXPRESSION]]></c><c/><c/><c><![CDATA[FLEXPMD]]></c><c/><c/><c/><c/><c/><c/></r><r><c><![CDATA[FLEX_TOOLONGFUNCTION]]></c><c/><c/><c><![CDATA[FLEXPMD]]></c><c/><c/><c/><c/><c/><c/></r><r><c><![CDATA[FLEX_TOOLONGFUNCTIONNAME]]></c><c/><c/><c><![CDATA[FLEXPMD]]></c><c/><c/><c/><c/><c/><c/></r><r><c><![CDATA[FLEX_TOOLONGSCRIPTBLOCK]]></c><c/><c/><c><![CDATA[FLEXPMD]]></c><c/><c/><c/><c/><c/><c/></r><r><c><![CDATA[FLEX_TOOLONGSWITCHCASE]]></c><c/><c/><c><![CDATA[FLEXPMD]]></c><c/><c/><c/><c/><c/><c/></r><r><c><![CDATA[FLEX_TOOMANYFIELDINVO]]></c><c/><c/><c><![CDATA[FLEXPMD]]></c><c/><c/><c/><c/><c/><c/></r><r><c><![CDATA[FLEX_TOOMANYFIELDS]]></c><c/><c/><c><![CDATA[FLEXPMD]]></c><c/><c/><c/><c/><c/><c/></r><r><c><![CDATA[FLEX_TOOMANYFUNCTION]]></c><c/><c/><c><![CDATA[FLEXPMD]]></c><c/><c/><c/><c/><c/><c/></r><r><c><![CDATA[FLEX_TOOMANYPARAMETERS]]></c><c/><c/><c><![CDATA[FLEXPMD]]></c><c/><c/><c/><c/><c/><c/></r><r><c><![CDATA[FLEX_ALERTSHOW]]></c><c/><c/><c><![CDATA[FLEXPMD]]></c><c/><c/><c/><c/><c/><c/></r><r><c><![CDATA[FLEX_ALLOWALLSECUREDOMAIN]]></c><c/><c/><c><![CDATA[FLEXPMD]]></c><c/><c/><c/><c/><c/><c/></r><r><c><![CDATA[FLEX_TOOMANYPUBLIC]]></c><c/><c/><c><![CDATA[FLEXPMD]]></c><c/><c/><c/><c/><c/><c/></r><r><c><![CDATA[FLEX_TOOMANYSTATESINMXML]]></c><c/><c/><c><![CDATA[FLEXPMD]]></c><c/><c/><c/><c/><c/><c/></r><r><c><![CDATA[FLEX_TOOSHORTVARIABLE]]></c><c/><c/><c><![CDATA[FLEXPMD]]></c><c/><c/><c/><c/><c/><c/></r><r><c><![CDATA[FLEX_TRUEFALSECONDITION]]></c><c/><c/><c><![CDATA[FLEXPMD]]></c><c/><c/><c/><c/><c/><c/></r><r><c><![CDATA[FLEX_UNBOUNDTYPEINMETADATA]]></c><c/><c/><c><![CDATA[FLEXPMD]]></c><c/><c/><c/><c/><c/><c/></r><r><c><![CDATA[FLEX_UNKNOWNMETADATAATTRIBUTE]]></c><c/><c/><c><![CDATA[FLEXPMD]]></c><c/><c/><c/><c/><c/><c/></r><r><c><![CDATA[FLEX_UNTYPEDEVENTMETADATA]]></c><c/><c/><c><![CDATA[FLEXPMD]]></c><c/><c/><c/><c/><c/><c/></r><r><c><![CDATA[FLEX_UNUSEDFIELD]]></c><c/><c/><c><![CDATA[FLEXPMD]]></c><c/><c/><c/><c/><c/><c/></r><r><c><![CDATA[FLEX_UNUSEDLOCALVARIABLE]]></c><c/><c/><c><![CDATA[FLEXPMD]]></c><c/><c/><c/><c/><c/><c/></r><r><c><![CDATA[FLEX_UNUSEDPARAMETER]]></c><c/><c/><c><![CDATA[FLEXPMD]]></c><c/><c/><c/><c/><c/><c/></r><r><c><![CDATA[FLEX_UNUSEDPRIVATEMETHOD]]></c><c/><c/><c><![CDATA[FLEXPMD]]></c><c/><c/><c/><c/><c/><c/></r><r><c><![CDATA[FLEX_UPDATECHILDRENNUMBERINUPDATEDISPLAYLIST]]></c><c/><c/><c><![CDATA[FLEXPMD]]></c><c/><c/><c/><c/><c/><c/></r><r><c><![CDATA[FLEX_USECSSINSTEADOFEMBEDMETADATA]]></c><c/><c/><c><![CDATA[FLEXPMD]]></c><c/><c/><c/><c/><c/><c/></r><r><c><![CDATA[FLEX_USEDICTIONARYTYPE]]></c><c/><c/><c><![CDATA[FLEXPMD]]></c><c/><c/><c/><c/><c/><c/></r><r><c><![CDATA[FLEX_USEGENERICTYPE]]></c><c/><c/><c><![CDATA[FLEXPMD]]></c><c/><c/><c/><c/><c/><c/></r><r><c><![CDATA[FLEX_USEINTERNALCLASSOUTSIDEAPICLASS]]></c><c/><c/><c><![CDATA[FLEXPMD]]></c><c/><c/><c/><c/><c/><c/></r><r><c><![CDATA[FLEX_USEOBJECTTYPE]]></c><c/><c/><c><![CDATA[FLEXPMD]]></c><c/><c/><c/><c/><c/><c/></r><r><c><![CDATA[FLEX_USELESSOVERRIDENFUNCTION]]></c><c/><c/><c><![CDATA[FLEXPMD]]></c><c/><c/><c/><c/><c/><c/></r><r><c><![CDATA[FLEX_VARIABLENAMEENDINGWITHNUMERIC]]></c><c/><c/><c><![CDATA[FLEXPMD]]></c><c/><c/><c/><c/><c/><c/></r><r><c><![CDATA[FLEX_VIEWCOMPONENTREFERENCEDINMODEL]]></c><c/><c/><c><![CDATA[FLEXPMD]]></c><c/><c/><c/><c/><c/><c/></r><r><c><![CDATA[FLEX_NCSS]]></c><c/><c/><c><![CDATA[FLEXPMD]]></c><c/><c/><c/><c/><c/><c/></r><r><c><![CDATA[FLEX_WRONGLYNAMEDVARIABLE]]></c><c/><c/><c><![CDATA[FLEXPMD]]></c><c/><c/><c/><c/><c/><c/></r><r><c><![CDATA[FLEX_CCN]]></c><c/><c/><c><![CDATA[FLEXPMD]]></c><c/><c/><c/><c/><c/><c/></r></e>