<?xml version="1.0"  encoding="UTF-8"?><e><r><c><![CDATA[COMP]]></c><c><![CDATA[2006-11-15 15:39:43]]></c><c/><c><![CDATA[2006-11-15 15:39:43]]></c><c/></r><r><c><![CDATA[DEST]]></c><c><![CDATA[2006-11-15 00:00:00]]></c><c><![CDATA[2008-11-06 17:20:37]]></c><c><![CDATA[2006-11-15 00:00:00]]></c><c/></r><r><c><![CDATA[PLOG]]></c><c><![CDATA[2006-11-15 00:00:00]]></c><c><![CDATA[2008-11-18 09:27:10]]></c><c><![CDATA[2006-11-15 00:00:00]]></c><c/></r><r><c><![CDATA[FF_BUFFER]]></c><c/><c/><c/><c/></r><r><c><![CDATA[FF_FORMAT]]></c><c/><c/><c/><c/></r><r><c><![CDATA[FF_RACE]]></c><c/><c/><c/><c/></r><r><c><![CDATA[FF_TMPFILE]]></c><c/><c/><c/><c/></r><r><c><![CDATA[FF_MISC]]></c><c/><c/><c/><c/></r><r><c><![CDATA[FF_ACCESS]]></c><c/><c/><c/><c/></r><r><c><![CDATA[FF_SHELL]]></c><c/><c/><c/><c/></r><r><c><![CDATA[FF_RANDOM]]></c><c/><c/><c/><c/></r><r><c><![CDATA[FF_CRYPTO]]></c><c/><c/><c/><c/></r><r><c><![CDATA[FF_OBSOLETE]]></c><c/><c/><c/><c/></r><r><c><![CDATA[FF_FREE]]></c><c/><c/><c/><c/></r><r><c><![CDATA[FF_INPUT]]></c><c/><c/><c/><c/></r><r><c><![CDATA[SPLINT_FORMAT]]></c><c/><c/><c/><c/></r><r><c><![CDATA[SPLINT_ABSTRACT]]></c><c/><c/><c/><c/></r><r><c><![CDATA[SPLINT_ALIASING_MEMORY]]></c><c/><c/><c/><c/></r><r><c><![CDATA[SPLINT_ALLUSE_EXPORT]]></c><c/><c/><c/><c/></r><r><c><![CDATA[SPLINT_ALLUSE_PARAMETERS]]></c><c/><c/><c/><c/></r><r><c><![CDATA[SPLINT_ALLUSE]]></c><c/><c/><c/><c/></r><r><c><![CDATA[SPLINT_BOOLEANS_HELP]]></c><c/><c/><c/><c/></r><r><c><![CDATA[SPLINT_BOOLEANS_OPERATIONS]]></c><c/><c/><c/><c/></r><r><c><![CDATA[SPLINT_BOOLEANS_POINTERS]]></c><c/><c/><c/><c/></r><r><c><![CDATA[SPLINT_BOOLEANS_PREDICATES]]></c><c/><c/><c/><c/></r><r><c><![CDATA[SPLINT_COMMENTS]]></c><c/><c/><c/><c/></r><r><c><![CDATA[SPLINT_COMPLETE_SPECIFICATIONS]]></c><c/><c/><c/><c/></r><r><c><![CDATA[SPLINT_CONTROLFLOW]]></c><c/><c/><c/><c/></r><r><c><![CDATA[SPLINT_DECLARATIONS_LIBRARIES]]></c><c/><c/><c/><c/></r><r><c><![CDATA[SPLINT_DECLARATIONS]]></c><c/><c/><c/><c/></r><r><c><![CDATA[SPLINT_DEFINITION]]></c><c/><c/><c/><c/></r><r><c><![CDATA[SPLINT_EFFECT_CONTROLFLOW]]></c><c/><c/><c/><c/></r><r><c><![CDATA[SPLINT_EXTENSIBLE_MEMORY]]></c><c/><c/><c/><c/></r><r><c><![CDATA[SPLINT_LIBRARIES_ANSI]]></c><c/><c/><c/><c/></r><r><c><![CDATA[SPLINT_MEMORY_DEFINITION]]></c><c/><c/><c/><c/></r><r><c><![CDATA[SPLINT_MEMORY_LEAKS]]></c><c/><c/><c/><c/></r><r><c><![CDATA[SPLINT_MEMORY_RELEASED]]></c><c/><c/><c/><c/></r><r><c><![CDATA[SPLINT_MEMORY]]></c><c/><c/><c/><c/></r><r><c><![CDATA[SPLINT_MODIFICATION_SPECIFICATIONS]]></c><c/><c/><c/><c/></r><r><c><![CDATA[SPLINT_NAMES_ANSI]]></c><c/><c/><c/><c/></r><r><c><![CDATA[SPLINT_NAMES_PREFIXES]]></c><c/><c/><c/><c/></r><r><c><![CDATA[SPLINT_NAMES]]></c><c/><c/><c/><c/></r><r><c><![CDATA[SPLINT_NULL_MEMORY]]></c><c/><c/><c/><c/></r><r><c><![CDATA[SPLINT_OPERATIONS_POINTERS]]></c><c/><c/><c/><c/></r><r><c><![CDATA[SPLINT_OPERATIONS]]></c><c/><c/><c/><c/></r><r><c><![CDATA[SPLINT_RETURNVALS_BOOLEANS]]></c><c/><c/><c/><c/></r><r><c><![CDATA[SPLINT_RETURNVALS]]></c><c/><c/><c/><c/></r><r><c><![CDATA[SPLINT_SYSTEMFUNCTIONS_UNDEFINED]]></c><c/><c/><c/><c/></r><r><c><![CDATA[SPLINT_SYSTEMFUNCTIONS]]></c><c/><c/><c/><c/></r><r><c><![CDATA[SPLINT_TYPEEQUIVALENCE_POINTERS]]></c><c/><c/><c/><c/></r><r><c><![CDATA[SPLINT_TYPEEQUIVALENCE]]></c><c/><c/><c/><c/></r><r><c><![CDATA[SPLINT_TYPEMISMATCH]]></c><c/><c/><c/><c/></r><r><c><![CDATA[SPLINT_UNDEFINED_ANSI]]></c><c/><c/><c/><c/></r><r><c><![CDATA[SPLINT_UNRECOGNIZED_DISPLAY]]></c><c/><c/><c/><c/></r><r><c><![CDATA[SPLINT_WARNUSE_SECURITY]]></c><c/><c/><c/><c/></r><r><c><![CDATA[CPPCHECK_CLASS]]></c><c/><c/><c/><c/></r><r><c><![CDATA[CPPCHECK_DANGEROUSFUNCTIONS]]></c><c/><c/><c/><c/></r><r><c><![CDATA[CPPCHECK_EXCEPTIONSAFETY]]></c><c/><c/><c/><c/></r><r><c><![CDATA[CPPCHECK_MISC]]></c><c/><c/><c/><c/></r><r><c><![CDATA[CPPCHECK_STL]]></c><c/><c/><c/><c/></r><r><c><![CDATA[CPPCHECK_MEMORYLEAK]]></c><c/><c/><c/><c/></r><r><c><![CDATA[CPPCHECK_DEADCODE]]></c><c/><c/><c/><c/></r><r><c><![CDATA[CPPCHECK_AUTOVARIABLES]]></c><c/><c/><c/><c/></r><r><c><![CDATA[CPPCHECK_BUFFEROVERRUN]]></c><c/><c/><c/><c/></r></e>