<?xml version="1.0"  encoding="UTF-8"?><e><r><c><![CDATA[C-RULES]]></c><c><![CDATA[EVOL]]></c><c><![CDATA[DEST]]></c><c><![CDATA[30]]></c><c/><c/></r><r><c><![CDATA[C-RULES]]></c><c><![CDATA[MAIN]]></c><c><![CDATA[DEST]]></c><c><![CDATA[3]]></c><c/><c/></r><r><c><![CDATA[C-RULES]]></c><c><![CDATA[MAIN]]></c><c><![CDATA[COMP]]></c><c><![CDATA[3]]></c><c/><c/></r><r><c><![CDATA[C-RULES]]></c><c><![CDATA[FIAB]]></c><c><![CDATA[DEST]]></c><c><![CDATA[3]]></c><c/><c/></r><r><c><![CDATA[C-RULES]]></c><c><![CDATA[FIAB]]></c><c><![CDATA[PLOG]]></c><c><![CDATA[3]]></c><c/><c/></r><r><c><![CDATA[C-RULES]]></c><c><![CDATA[MAIN]]></c><c><![CDATA[PLOG]]></c><c><![CDATA[3]]></c><c/><c/></r><r><c><![CDATA[C-RULES]]></c><c><![CDATA[EVOL]]></c><c><![CDATA[PLOG]]></c><c><![CDATA[20]]></c><c/><c/></r><r><c><![CDATA[C-RULES]]></c><c><![CDATA[FIAB]]></c><c><![CDATA[SPLINT_FORMAT]]></c><c><![CDATA[1]]></c><c/><c/></r><r><c><![CDATA[C-RULES]]></c><c><![CDATA[ROBU]]></c><c><![CDATA[SPLINT_FORMAT]]></c><c><![CDATA[1]]></c><c/><c/></r><r><c><![CDATA[C-RULES]]></c><c><![CDATA[ROBU]]></c><c><![CDATA[SPLINT_ALIASING_MEMORY]]></c><c><![CDATA[1]]></c><c/><c/></r><r><c><![CDATA[C-RULES]]></c><c><![CDATA[MAIN]]></c><c><![CDATA[SPLINT_ALLUSE_EXPORT]]></c><c><![CDATA[1]]></c><c/><c/></r><r><c><![CDATA[C-RULES]]></c><c><![CDATA[MAIN]]></c><c><![CDATA[SPLINT_ALLUSE_PARAMETERS]]></c><c><![CDATA[1]]></c><c/><c/></r><r><c><![CDATA[C-RULES]]></c><c><![CDATA[MAIN]]></c><c><![CDATA[SPLINT_ALLUSE]]></c><c><![CDATA[1]]></c><c/><c/></r><r><c><![CDATA[C-RULES]]></c><c><![CDATA[REUT]]></c><c><![CDATA[SPLINT_COMMENTS]]></c><c><![CDATA[1]]></c><c/><c/></r><r><c><![CDATA[C-RULES]]></c><c><![CDATA[MAIN]]></c><c><![CDATA[SPLINT_COMPLETE_SPECIFICATIONS]]></c><c><![CDATA[1]]></c><c/><c/></r><r><c><![CDATA[C-RULES]]></c><c><![CDATA[FIAB]]></c><c><![CDATA[SPLINT_CONTROLFLOW]]></c><c><![CDATA[1]]></c><c/><c/></r><r><c><![CDATA[C-RULES]]></c><c><![CDATA[REUT]]></c><c><![CDATA[SPLINT_DECLARATIONS_LIBRARIES]]></c><c><![CDATA[1]]></c><c/><c/></r><r><c><![CDATA[C-RULES]]></c><c><![CDATA[REUT]]></c><c><![CDATA[SPLINT_DECLARATIONS]]></c><c><![CDATA[1]]></c><c/><c/></r><r><c><![CDATA[C-RULES]]></c><c><![CDATA[EVOL]]></c><c><![CDATA[SPLINT_DEFINITION]]></c><c><![CDATA[1]]></c><c/><c/></r><r><c><![CDATA[C-RULES]]></c><c><![CDATA[MAIN]]></c><c><![CDATA[SPLINT_DEFINITION]]></c><c><![CDATA[1]]></c><c/><c/></r><r><c><![CDATA[C-RULES]]></c><c><![CDATA[ROBU]]></c><c><![CDATA[SPLINT_DEFINITION]]></c><c><![CDATA[1]]></c><c/><c/></r><r><c><![CDATA[C-RULES]]></c><c><![CDATA[FIAB]]></c><c><![CDATA[SPLINT_EFFECT_CONTROLFLOW]]></c><c><![CDATA[1]]></c><c/><c/></r><r><c><![CDATA[C-RULES]]></c><c><![CDATA[ROBU]]></c><c><![CDATA[SPLINT_LIBRARIES_ANSI]]></c><c><![CDATA[1]]></c><c/><c/></r><r><c><![CDATA[C-RULES]]></c><c><![CDATA[MAIN]]></c><c><![CDATA[SPLINT_MODIFICATION_SPECIFICATIONS]]></c><c><![CDATA[1]]></c><c/><c/></r><r><c><![CDATA[C-RULES]]></c><c><![CDATA[ROBU]]></c><c><![CDATA[SPLINT_NAMES_ANSI]]></c><c><![CDATA[1]]></c><c/><c/></r><r><c><![CDATA[C-RULES]]></c><c><![CDATA[REUT]]></c><c><![CDATA[SPLINT_NAMES_PREFIXES]]></c><c><![CDATA[1]]></c><c/><c/></r><r><c><![CDATA[C-RULES]]></c><c><![CDATA[REUT]]></c><c><![CDATA[SPLINT_NAMES]]></c><c><![CDATA[1]]></c><c/><c/></r><r><c><![CDATA[C-RULES]]></c><c><![CDATA[ROBU]]></c><c><![CDATA[SPLINT_OPERATIONS_POINTERS]]></c><c><![CDATA[1]]></c><c/><c/></r><r><c><![CDATA[C-RULES]]></c><c><![CDATA[ROBU]]></c><c><![CDATA[SPLINT_OPERATIONS]]></c><c><![CDATA[1]]></c><c/><c/></r><r><c><![CDATA[C-RULES]]></c><c><![CDATA[ROBU]]></c><c><![CDATA[SPLINT_SYSTEMFUNCTIONS_UNDEFINED]]></c><c><![CDATA[1]]></c><c/><c/></r><r><c><![CDATA[C-RULES]]></c><c><![CDATA[FIAB]]></c><c><![CDATA[SPLINT_TYPEEQUIVALENCE_POINTERS]]></c><c><![CDATA[1]]></c><c/><c/></r><r><c><![CDATA[C-RULES]]></c><c><![CDATA[ROBU]]></c><c><![CDATA[SPLINT_SYSTEMFUNCTIONS]]></c><c><![CDATA[1]]></c><c/><c/></r><r><c><![CDATA[C-RULES]]></c><c><![CDATA[ROBU]]></c><c><![CDATA[SPLINT_TYPEMISMATCH]]></c><c><![CDATA[1]]></c><c/><c/></r><r><c><![CDATA[C-RULES]]></c><c><![CDATA[MAIN]]></c><c><![CDATA[SPLINT_UNDEFINED_ANSI]]></c><c><![CDATA[1]]></c><c/><c/></r><r><c><![CDATA[C-RULES]]></c><c><![CDATA[ROBU]]></c><c><![CDATA[SPLINT_UNRECOGNIZED_DISPLAY]]></c><c><![CDATA[1]]></c><c/><c/></r><r><c><![CDATA[C-RULES]]></c><c><![CDATA[ROBU]]></c><c><![CDATA[SPLINT_WARNUSE_SECURITY]]></c><c><![CDATA[1]]></c><c/><c/></r><r><c><![CDATA[C-RULES]]></c><c><![CDATA[PERT]]></c><c><![CDATA[SPLINT_ABSTRACT]]></c><c><![CDATA[1]]></c><c/><c/></r><r><c><![CDATA[C-RULES]]></c><c><![CDATA[FIAB]]></c><c><![CDATA[SPLINT_ALIASING_MEMORY]]></c><c><![CDATA[1]]></c><c/><c/></r><r><c><![CDATA[C-RULES]]></c><c><![CDATA[FIAB]]></c><c><![CDATA[SPLINT_ALLUSE_EXPORT]]></c><c><![CDATA[1]]></c><c/><c/></r><r><c><![CDATA[C-RULES]]></c><c><![CDATA[FIAB]]></c><c><![CDATA[SPLINT_ALLUSE_PARAMETERS]]></c><c><![CDATA[1]]></c><c/><c/></r><r><c><![CDATA[C-RULES]]></c><c><![CDATA[FIAB]]></c><c><![CDATA[SPLINT_ALLUSE]]></c><c><![CDATA[1]]></c><c/><c/></r><r><c><![CDATA[C-RULES]]></c><c><![CDATA[ROBU]]></c><c><![CDATA[SPLINT_BOOLEANS_HELP]]></c><c><![CDATA[1]]></c><c/><c/></r><r><c><![CDATA[C-RULES]]></c><c><![CDATA[ROBU]]></c><c><![CDATA[SPLINT_BOOLEANS_OPERATIONS]]></c><c><![CDATA[1]]></c><c/><c/></r><r><c><![CDATA[C-RULES]]></c><c><![CDATA[ROBU]]></c><c><![CDATA[SPLINT_BOOLEANS_POINTERS]]></c><c><![CDATA[1]]></c><c/><c/></r><r><c><![CDATA[C-RULES]]></c><c><![CDATA[ROBU]]></c><c><![CDATA[SPLINT_BOOLEANS_PREDICATES]]></c><c><![CDATA[1]]></c><c/><c/></r><r><c><![CDATA[C-RULES]]></c><c><![CDATA[MAIN]]></c><c><![CDATA[SPLINT_COMMENTS]]></c><c><![CDATA[1]]></c><c/><c/></r><r><c><![CDATA[C-RULES]]></c><c><![CDATA[FIAB]]></c><c><![CDATA[SPLINT_COMPLETE_SPECIFICATIONS]]></c><c><![CDATA[1]]></c><c/><c/></r><r><c><![CDATA[C-RULES]]></c><c><![CDATA[ROBU]]></c><c><![CDATA[SPLINT_CONTROLFLOW]]></c><c><![CDATA[1]]></c><c/><c/></r><r><c><![CDATA[C-RULES]]></c><c><![CDATA[MAIN]]></c><c><![CDATA[SPLINT_DECLARATIONS_LIBRARIES]]></c><c><![CDATA[1]]></c><c/><c/></r><r><c><![CDATA[C-RULES]]></c><c><![CDATA[MAIN]]></c><c><![CDATA[SPLINT_DECLARATIONS]]></c><c><![CDATA[1]]></c><c/><c/></r><r><c><![CDATA[C-RULES]]></c><c><![CDATA[FIAB]]></c><c><![CDATA[SPLINT_DEFINITION]]></c><c><![CDATA[1]]></c><c/><c/></r><r><c><![CDATA[C-RULES]]></c><c><![CDATA[MAIN]]></c><c><![CDATA[SPLINT_EFFECT_CONTROLFLOW]]></c><c><![CDATA[1]]></c><c/><c/></r><r><c><![CDATA[C-RULES]]></c><c><![CDATA[ROBU]]></c><c><![CDATA[CPPCHECK_MEMORYLEAK]]></c><c><![CDATA[1]]></c><c/><c/></r><r><c><![CDATA[C-RULES]]></c><c><![CDATA[FIAB]]></c><c><![CDATA[CPPCHECK_AUTOVARIABLES]]></c><c><![CDATA[1]]></c><c/><c/></r><r><c><![CDATA[C-RULES]]></c><c><![CDATA[FIAB]]></c><c><![CDATA[SPLINT_EXTENSIBLE_MEMORY]]></c><c><![CDATA[1]]></c><c/><c/></r><r><c><![CDATA[C-RULES]]></c><c><![CDATA[FIAB]]></c><c><![CDATA[SPLINT_LIBRARIES_ANSI]]></c><c><![CDATA[1]]></c><c/><c/></r><r><c><![CDATA[C-RULES]]></c><c><![CDATA[FIAB]]></c><c><![CDATA[SPLINT_MEMORY_DEFINITION]]></c><c><![CDATA[1]]></c><c/><c/></r><r><c><![CDATA[C-RULES]]></c><c><![CDATA[FIAB]]></c><c><![CDATA[SPLINT_MEMORY_LEAKS]]></c><c><![CDATA[1]]></c><c/><c/></r><r><c><![CDATA[C-RULES]]></c><c><![CDATA[FIAB]]></c><c><![CDATA[SPLINT_MEMORY_RELEASED]]></c><c><![CDATA[1]]></c><c/><c/></r><r><c><![CDATA[C-RULES]]></c><c><![CDATA[FIAB]]></c><c><![CDATA[SPLINT_MEMORY]]></c><c><![CDATA[1]]></c><c/><c/></r><r><c><![CDATA[C-RULES]]></c><c><![CDATA[FIAB]]></c><c><![CDATA[SPLINT_MODIFICATION_SPECIFICATIONS]]></c><c><![CDATA[1]]></c><c/><c/></r><r><c><![CDATA[C-RULES]]></c><c><![CDATA[MAIN]]></c><c><![CDATA[SPLINT_NAMES_ANSI]]></c><c><![CDATA[1]]></c><c/><c/></r><r><c><![CDATA[C-RULES]]></c><c><![CDATA[MAIN]]></c><c><![CDATA[SPLINT_NAMES_PREFIXES]]></c><c><![CDATA[1]]></c><c/><c/></r><r><c><![CDATA[C-RULES]]></c><c><![CDATA[MAIN]]></c><c><![CDATA[SPLINT_NAMES]]></c><c><![CDATA[1]]></c><c/><c/></r><r><c><![CDATA[C-RULES]]></c><c><![CDATA[FIAB]]></c><c><![CDATA[SPLINT_NULL_MEMORY]]></c><c><![CDATA[1]]></c><c/><c/></r><r><c><![CDATA[C-RULES]]></c><c><![CDATA[FIAB]]></c><c><![CDATA[SPLINT_OPERATIONS_POINTERS]]></c><c><![CDATA[1]]></c><c/><c/></r><r><c><![CDATA[C-RULES]]></c><c><![CDATA[FIAB]]></c><c><![CDATA[SPLINT_OPERATIONS]]></c><c><![CDATA[1]]></c><c/><c/></r><r><c><![CDATA[C-RULES]]></c><c><![CDATA[FIAB]]></c><c><![CDATA[SPLINT_RETURNVALS_BOOLEANS]]></c><c><![CDATA[1]]></c><c/><c/></r><r><c><![CDATA[C-RULES]]></c><c><![CDATA[FIAB]]></c><c><![CDATA[SPLINT_RETURNVALS]]></c><c><![CDATA[1]]></c><c/><c/></r><r><c><![CDATA[C-RULES]]></c><c><![CDATA[FIAB]]></c><c><![CDATA[SPLINT_SYSTEMFUNCTIONS_UNDEFINED]]></c><c><![CDATA[1]]></c><c/><c/></r><r><c><![CDATA[C-RULES]]></c><c><![CDATA[FIAB]]></c><c><![CDATA[SPLINT_SYSTEMFUNCTIONS]]></c><c><![CDATA[1]]></c><c/><c/></r><r><c><![CDATA[C-RULES]]></c><c><![CDATA[PERT]]></c><c><![CDATA[SPLINT_TYPEEQUIVALENCE_POINTERS]]></c><c><![CDATA[1]]></c><c/><c/></r><r><c><![CDATA[C-RULES]]></c><c><![CDATA[ROBU]]></c><c><![CDATA[SPLINT_TYPEEQUIVALENCE]]></c><c><![CDATA[1]]></c><c/><c/></r><r><c><![CDATA[C-RULES]]></c><c><![CDATA[FIAB]]></c><c><![CDATA[SPLINT_TYPEMISMATCH]]></c><c><![CDATA[1]]></c><c/><c/></r><r><c><![CDATA[C-RULES]]></c><c><![CDATA[FIAB]]></c><c><![CDATA[SPLINT_UNDEFINED_ANSI]]></c><c><![CDATA[1]]></c><c/><c/></r><r><c><![CDATA[C-RULES]]></c><c><![CDATA[FIAB]]></c><c><![CDATA[SPLINT_UNRECOGNIZED_DISPLAY]]></c><c><![CDATA[1]]></c><c/><c/></r><r><c><![CDATA[C-RULES]]></c><c><![CDATA[FIAB]]></c><c><![CDATA[SPLINT_WARNUSE_SECURITY]]></c><c><![CDATA[1]]></c><c/><c/></r><r><c><![CDATA[C-RULES]]></c><c><![CDATA[SECU]]></c><c><![CDATA[FF_BUFFER]]></c><c><![CDATA[73]]></c><c/><c/></r><r><c><![CDATA[C-RULES]]></c><c><![CDATA[SECU]]></c><c><![CDATA[FF_FORMAT]]></c><c><![CDATA[3]]></c><c/><c/></r><r><c><![CDATA[C-RULES]]></c><c><![CDATA[SECU]]></c><c><![CDATA[FF_RACE]]></c><c><![CDATA[5]]></c><c/><c/></r><r><c><![CDATA[C-RULES]]></c><c><![CDATA[SECU]]></c><c><![CDATA[FF_TMPFILE]]></c><c><![CDATA[2]]></c><c/><c/></r><r><c><![CDATA[C-RULES]]></c><c><![CDATA[SECU]]></c><c><![CDATA[FF_MISC]]></c><c><![CDATA[10]]></c><c/><c/></r><r><c><![CDATA[C-RULES]]></c><c><![CDATA[SECU]]></c><c><![CDATA[FF_ACCESS]]></c><c><![CDATA[1]]></c><c/><c/></r><r><c><![CDATA[C-RULES]]></c><c><![CDATA[SECU]]></c><c><![CDATA[FF_SHELL]]></c><c><![CDATA[1]]></c><c/><c/></r><r><c><![CDATA[C-RULES]]></c><c><![CDATA[SECU]]></c><c><![CDATA[FF_RANDOM]]></c><c><![CDATA[1]]></c><c/><c/></r><r><c><![CDATA[C-RULES]]></c><c><![CDATA[SECU]]></c><c><![CDATA[FF_CRYPTO]]></c><c><![CDATA[1]]></c><c/><c/></r><r><c><![CDATA[C-RULES]]></c><c><![CDATA[SECU]]></c><c><![CDATA[FF_OBSOLETE]]></c><c><![CDATA[1]]></c><c/><c/></r><r><c><![CDATA[C-RULES]]></c><c><![CDATA[SECU]]></c><c><![CDATA[FF_FREE]]></c><c><![CDATA[1]]></c><c/><c/></r><r><c><![CDATA[C-RULES]]></c><c><![CDATA[SECU]]></c><c><![CDATA[FF_INPUT]]></c><c><![CDATA[1]]></c><c/><c/></r><r><c><![CDATA[C-RULES]]></c><c><![CDATA[PERT]]></c><c><![CDATA[CPPCHECK_CLASS]]></c><c><![CDATA[1]]></c><c/><c/></r><r><c><![CDATA[C-RULES]]></c><c><![CDATA[ROBU]]></c><c><![CDATA[CPPCHECK_DANGEROUSFUNCTIONS]]></c><c><![CDATA[1]]></c><c/><c/></r><r><c><![CDATA[C-RULES]]></c><c><![CDATA[ROBU]]></c><c><![CDATA[CPPCHECK_EXCEPTIONSAFETY]]></c><c><![CDATA[1]]></c><c/><c/></r><r><c><![CDATA[C-RULES]]></c><c><![CDATA[EVOL]]></c><c><![CDATA[CPPCHECK_MISC]]></c><c><![CDATA[1]]></c><c/><c/></r><r><c><![CDATA[C-RULES]]></c><c><![CDATA[ROBU]]></c><c><![CDATA[CPPCHECK_STL]]></c><c><![CDATA[1]]></c><c/><c/></r><r><c><![CDATA[C-RULES]]></c><c><![CDATA[MAIN]]></c><c><![CDATA[CPPCHECK_DEADCODE]]></c><c><![CDATA[1]]></c><c/><c/></r><r><c><![CDATA[C-RULES]]></c><c><![CDATA[ROBU]]></c><c><![CDATA[CPPCHECK_BUFFEROVERRUN]]></c><c><![CDATA[1]]></c><c/><c/></r></e>