<?xml version="1.0"  encoding="UTF-8"?><e><r><c><![CDATA[facteur]]></c><c><![CDATA[compl]]></c><c><![CDATA[EVOL]]></c><c><![CDATA[en]]></c><c><![CDATA[Evolutivity]]></c></r><r><c><![CDATA[facteur]]></c><c><![CDATA[compl]]></c><c><![CDATA[EVOL]]></c><c><![CDATA[fr]]></c><c><![CDATA[EvolutivitÃ©]]></c></r><r><c><![CDATA[facteur]]></c><c><![CDATA[compl]]></c><c><![CDATA[FIAB]]></c><c><![CDATA[en]]></c><c><![CDATA[Fiability]]></c></r><r><c><![CDATA[facteur]]></c><c><![CDATA[compl]]></c><c><![CDATA[FIAB]]></c><c><![CDATA[es]]></c><c><![CDATA[Fiabilité]]></c></r><r><c><![CDATA[facteur]]></c><c><![CDATA[compl]]></c><c><![CDATA[FIAB]]></c><c><![CDATA[fr]]></c><c><![CDATA[FiabilitÃ©]]></c></r><r><c><![CDATA[facteur]]></c><c><![CDATA[compl]]></c><c><![CDATA[MAIN]]></c><c><![CDATA[en]]></c><c><![CDATA[MAIN]]></c></r><r><c><![CDATA[facteur]]></c><c><![CDATA[compl]]></c><c><![CDATA[MAIN]]></c><c><![CDATA[fr]]></c><c><![CDATA[MAIN]]></c></r><r><c><![CDATA[facteur]]></c><c><![CDATA[compl]]></c><c><![CDATA[PERT]]></c><c><![CDATA[en]]></c><c><![CDATA[Architecture]]></c></r><r><c><![CDATA[facteur]]></c><c><![CDATA[compl]]></c><c><![CDATA[PERT]]></c><c><![CDATA[fr]]></c><c><![CDATA[Architecture]]></c></r><r><c><![CDATA[facteur]]></c><c><![CDATA[compl]]></c><c><![CDATA[ROBU]]></c><c><![CDATA[en]]></c><c><![CDATA[ROBU]]></c></r><r><c><![CDATA[facteur]]></c><c><![CDATA[compl]]></c><c><![CDATA[ROBU]]></c><c><![CDATA[fr]]></c><c><![CDATA[ROBU]]></c></r><r><c><![CDATA[facteur]]></c><c><![CDATA[compl]]></c><c><![CDATA[SECU]]></c><c><![CDATA[en]]></c><c><![CDATA[SECU]]></c></r><r><c><![CDATA[facteur]]></c><c><![CDATA[compl]]></c><c><![CDATA[SECU]]></c><c><![CDATA[es]]></c><c><![CDATA[SECU]]></c></r><r><c><![CDATA[facteur]]></c><c><![CDATA[compl]]></c><c><![CDATA[SECU]]></c><c><![CDATA[fr]]></c><c><![CDATA[SECU]]></c></r><r><c><![CDATA[facteur]]></c><c><![CDATA[desc]]></c><c><![CDATA[EVOL]]></c><c><![CDATA[en]]></c><c><![CDATA[Evaluating how easy it is to add functionality to the application]]></c></r><r><c><![CDATA[facteur]]></c><c><![CDATA[desc]]></c><c><![CDATA[EVOL]]></c><c><![CDATA[fr]]></c><c><![CDATA[Cet objectif a pour but d'évaluer la facilité d'ajouter des fonctionnalités à l'application sans dégrader ses autres fonctionnalités.]]></c></r><r><c><![CDATA[facteur]]></c><c><![CDATA[desc]]></c><c><![CDATA[FIAB]]></c><c><![CDATA[en]]></c><c><![CDATA[Evaluating the probability that an application works without falling out of order for a while, in well defined terms of service.]]></c></r><r><c><![CDATA[facteur]]></c><c><![CDATA[desc]]></c><c><![CDATA[FIAB]]></c><c><![CDATA[fr]]></c><c><![CDATA[Cet objectif a pour but d'évaluer la probabilité qu'une application fonctionne sans tomber en panne pendant un certain temps, dans des conditions d'utilisation bien définies.]]></c></r><r><c><![CDATA[facteur]]></c><c><![CDATA[desc]]></c><c><![CDATA[MAIN]]></c><c><![CDATA[en]]></c><c><![CDATA[Evaluating the ability to make changes with minimal side effects.]]></c></r><r><c><![CDATA[facteur]]></c><c><![CDATA[desc]]></c><c><![CDATA[MAIN]]></c><c><![CDATA[fr]]></c><c><![CDATA[Cet objectif a pour but d'évaluer l'aptitude de l'application à être réparée et à évoluer.]]></c></r><r><c><![CDATA[facteur]]></c><c><![CDATA[desc]]></c><c><![CDATA[PERT]]></c><c><![CDATA[en]]></c><c><![CDATA[Architecture]]></c></r><r><c><![CDATA[facteur]]></c><c><![CDATA[desc]]></c><c><![CDATA[PERT]]></c><c><![CDATA[es]]></c><c><![CDATA[Cet objectif a pour but d'évaluer la pertinence de l'architecture]]></c></r><r><c><![CDATA[facteur]]></c><c><![CDATA[desc]]></c><c><![CDATA[PERT]]></c><c><![CDATA[fr]]></c><c><![CDATA[Architecture]]></c></r><r><c><![CDATA[facteur]]></c><c><![CDATA[desc]]></c><c><![CDATA[REUT]]></c><c><![CDATA[en]]></c><c><![CDATA[Evaluating the ability to reuse parts of the application in other applications]]></c></r><r><c><![CDATA[facteur]]></c><c><![CDATA[desc]]></c><c><![CDATA[REUT]]></c><c><![CDATA[fr]]></c><c><![CDATA[Cet objectif a pour but d'évaluer la possibilité de remettre en service un composant (logiciel), dans un environnement autre que celui pour lequel il a été conçu à l'origine.]]></c></r><r><c><![CDATA[facteur]]></c><c><![CDATA[desc]]></c><c><![CDATA[ROBU]]></c><c><![CDATA[en]]></c><c><![CDATA[Evaluating the ability to keep the application running under stress (load testing, etc).]]></c></r><r><c><![CDATA[facteur]]></c><c><![CDATA[desc]]></c><c><![CDATA[ROBU]]></c><c><![CDATA[fr]]></c><c><![CDATA[Cet objectif permet d'évaluer la capacité de l'application à rester opérationnelle (montée en charge, etc) et stable.]]></c></r><r><c><![CDATA[facteur]]></c><c><![CDATA[desc]]></c><c><![CDATA[SECU]]></c><c><![CDATA[en]]></c><c><![CDATA[Evaluating the ability to ensure protection of data from read or update by non authorized users.]]></c></r><r><c><![CDATA[facteur]]></c><c><![CDATA[desc]]></c><c><![CDATA[SECU]]></c><c><![CDATA[es]]></c><c><![CDATA[SECU]]></c></r><r><c><![CDATA[facteur]]></c><c><![CDATA[desc]]></c><c><![CDATA[SECU]]></c><c><![CDATA[fr]]></c><c><![CDATA[La sécurité est la capacité à évaluer la protection de l''information et des données afin qu''elles ne puissent pas être lues ou modifiées par des personnes ou des systèmes non autorisés.]]></c></r><r><c><![CDATA[facteur]]></c><c><![CDATA[lib]]></c><c><![CDATA[EVOL]]></c><c><![CDATA[en]]></c><c><![CDATA[Evolutivity]]></c></r><r><c><![CDATA[facteur]]></c><c><![CDATA[lib]]></c><c><![CDATA[EVOL]]></c><c><![CDATA[fr]]></c><c><![CDATA[Evolutivité]]></c></r><r><c><![CDATA[facteur]]></c><c><![CDATA[lib]]></c><c><![CDATA[FIAB]]></c><c><![CDATA[en]]></c><c><![CDATA[Reliability]]></c></r><r><c><![CDATA[facteur]]></c><c><![CDATA[lib]]></c><c><![CDATA[FIAB]]></c><c><![CDATA[fr]]></c><c><![CDATA[Fiabilité]]></c></r><r><c><![CDATA[facteur]]></c><c><![CDATA[lib]]></c><c><![CDATA[MAIN]]></c><c><![CDATA[en]]></c><c><![CDATA[Maintainability]]></c></r><r><c><![CDATA[facteur]]></c><c><![CDATA[lib]]></c><c><![CDATA[MAIN]]></c><c><![CDATA[fr]]></c><c><![CDATA[Maintenabilité]]></c></r><r><c><![CDATA[facteur]]></c><c><![CDATA[lib]]></c><c><![CDATA[PERT]]></c><c><![CDATA[en]]></c><c><![CDATA[Architecture]]></c></r><r><c><![CDATA[facteur]]></c><c><![CDATA[lib]]></c><c><![CDATA[PERT]]></c><c><![CDATA[es]]></c><c><![CDATA[Architecture]]></c></r><r><c><![CDATA[facteur]]></c><c><![CDATA[lib]]></c><c><![CDATA[PERT]]></c><c><![CDATA[fr]]></c><c><![CDATA[Architecture]]></c></r><r><c><![CDATA[facteur]]></c><c><![CDATA[lib]]></c><c><![CDATA[REUT]]></c><c><![CDATA[en]]></c><c><![CDATA[Reusability]]></c></r><r><c><![CDATA[facteur]]></c><c><![CDATA[lib]]></c><c><![CDATA[REUT]]></c><c><![CDATA[fr]]></c><c><![CDATA[Réutilisation]]></c></r><r><c><![CDATA[facteur]]></c><c><![CDATA[lib]]></c><c><![CDATA[ROBU]]></c><c><![CDATA[en]]></c><c><![CDATA[Robustness]]></c></r><r><c><![CDATA[facteur]]></c><c><![CDATA[lib]]></c><c><![CDATA[ROBU]]></c><c><![CDATA[fr]]></c><c><![CDATA[Robustesse]]></c></r><r><c><![CDATA[facteur]]></c><c><![CDATA[lib]]></c><c><![CDATA[SECU]]></c><c><![CDATA[en]]></c><c><![CDATA[Security]]></c></r><r><c><![CDATA[facteur]]></c><c><![CDATA[lib]]></c><c><![CDATA[SECU]]></c><c><![CDATA[es]]></c><c><![CDATA[SECU]]></c></r><r><c><![CDATA[facteur]]></c><c><![CDATA[lib]]></c><c><![CDATA[SECU]]></c><c><![CDATA[fr]]></c><c><![CDATA[Sécurité]]></c></r></e>