<?xml version="1.0"  encoding="UTF-8"?><e><r><c><![CDATA[type_element]]></c><c><![CDATA[compl]]></c><c><![CDATA[FILE]]></c><c><![CDATA[en]]></c><c><![CDATA[File]]></c></r><r><c><![CDATA[type_element]]></c><c><![CDATA[compl]]></c><c><![CDATA[FILE]]></c><c><![CDATA[fr]]></c><c><![CDATA[Fichier]]></c></r><r><c><![CDATA[type_element]]></c><c><![CDATA[desc]]></c><c><![CDATA[FILE]]></c><c><![CDATA[en]]></c><c><![CDATA[File]]></c></r><r><c><![CDATA[type_element]]></c><c><![CDATA[desc]]></c><c><![CDATA[FILE]]></c><c><![CDATA[fr]]></c><c><![CDATA[Fichier]]></c></r><r><c><![CDATA[type_element]]></c><c><![CDATA[lib]]></c><c><![CDATA[FILE]]></c><c><![CDATA[en]]></c><c><![CDATA[File]]></c></r><r><c><![CDATA[type_element]]></c><c><![CDATA[lib]]></c><c><![CDATA[FILE]]></c><c><![CDATA[fr]]></c><c><![CDATA[Fichier]]></c></r><r><c><![CDATA[type_element]]></c><c><![CDATA[compl]]></c><c><![CDATA[MET]]></c><c><![CDATA[en]]></c><c><![CDATA[Method]]></c></r><r><c><![CDATA[type_element]]></c><c><![CDATA[compl]]></c><c><![CDATA[MET]]></c><c><![CDATA[es]]></c><c><![CDATA[MET]]></c></r><r><c><![CDATA[type_element]]></c><c><![CDATA[compl]]></c><c><![CDATA[MET]]></c><c><![CDATA[fr]]></c><c><![CDATA[Methode]]></c></r><r><c><![CDATA[type_element]]></c><c><![CDATA[desc]]></c><c><![CDATA[MET]]></c><c><![CDATA[en]]></c><c><![CDATA[Method]]></c></r><r><c><![CDATA[type_element]]></c><c><![CDATA[desc]]></c><c><![CDATA[MET]]></c><c><![CDATA[es]]></c><c><![CDATA[MET]]></c></r><r><c><![CDATA[type_element]]></c><c><![CDATA[desc]]></c><c><![CDATA[MET]]></c><c><![CDATA[fr]]></c><c><![CDATA[Methode]]></c></r><r><c><![CDATA[type_element]]></c><c><![CDATA[lib]]></c><c><![CDATA[MET]]></c><c><![CDATA[en]]></c><c><![CDATA[Method]]></c></r><r><c><![CDATA[type_element]]></c><c><![CDATA[lib]]></c><c><![CDATA[MET]]></c><c><![CDATA[es]]></c><c><![CDATA[MET]]></c></r><r><c><![CDATA[type_element]]></c><c><![CDATA[lib]]></c><c><![CDATA[MET]]></c><c><![CDATA[fr]]></c><c><![CDATA[Methode]]></c></r></e>