<?xml version="1.0"  encoding="UTF-8"?><e><r><c><![CDATA[critere]]></c><c><![CDATA[compl]]></c><c><![CDATA[COMP]]></c><c><![CDATA[fr]]></c><c><![CDATA[La compréhension d'une méthode est proportionnelle au taux de commentaire et à la complexité de celle-ci.]]></c></r><r><c><![CDATA[critere]]></c><c><![CDATA[compl]]></c><c><![CDATA[PLOG]]></c><c><![CDATA[fr]]></c><c><![CDATA[Un élément avec un poids logique élevé sera plus complexe à maintenir et à tester. Il est conseillé de diviser cet élément en plusieurs sous-éléments plus facilement maintenables.]]></c></r><r><c><![CDATA[critere]]></c><c><![CDATA[desc]]></c><c><![CDATA[PLOG]]></c><c><![CDATA[en]]></c><c><![CDATA[Based on the cyclomatic complexity and the essential complexity on a method.]]></c></r><r><c><![CDATA[critere]]></c><c><![CDATA[desc]]></c><c><![CDATA[PLOG]]></c><c><![CDATA[es]]></c><c><![CDATA[PLOG]]></c></r><r><c><![CDATA[critere]]></c><c><![CDATA[desc]]></c><c><![CDATA[COMP]]></c><c><![CDATA[en]]></c><c><![CDATA[Comprehension depends on comment ratio and method complexity. The more the method is complex and the less it is documented, the worst the comprehension will be.]]></c></r><r><c><![CDATA[critere]]></c><c><![CDATA[desc]]></c><c><![CDATA[COMP]]></c><c><![CDATA[fr]]></c><c><![CDATA[Fonction du taux de commentaire de traitement (intra procédures) et de la complexité cyclomatique (v(G)) de la procédure.]]></c></r><r><c><![CDATA[critere]]></c><c><![CDATA[desc]]></c><c><![CDATA[DEST]]></c><c><![CDATA[en]]></c><c><![CDATA[A method should not have a high essential complexity to allow simple and efficient tests..]]></c></r><r><c><![CDATA[critere]]></c><c><![CDATA[desc]]></c><c><![CDATA[DEST]]></c><c><![CDATA[es]]></c><c><![CDATA[DEST]]></c></r><r><c><![CDATA[critere]]></c><c><![CDATA[desc]]></c><c><![CDATA[DEST]]></c><c><![CDATA[fr]]></c><c><![CDATA[Fonction de la complexité essentielle (ev(G)) de la méthode. <BR/>La complexité essentielle est la mesure du niveau de structuration du code d'un module. Cette métrique permet de prédire l'effort d'entretien nécessaire à maintenir le code et constitue une aide à son processus de modularisation.<BR/>Plus la complexité essentielle est élevée, plus le nombre de constructions non structurées et non modulaires est présente et plus l'entretien de ce code est difficile.]]></c></r><r><c><![CDATA[critere]]></c><c><![CDATA[desc]]></c><c><![CDATA[PLOG]]></c><c><![CDATA[fr]]></c><c><![CDATA[Fonction de la complexité cyclomatique de la méthode et de sa complexité essentielle.<BR/>Un élément avec un poids logique élevé sera plus difficile à maintenir et à tester. Il est conseillé de diviser cet élément en plusieurs sous-éléments plus facilement maintenables.]]></c></r><r><c><![CDATA[critere]]></c><c><![CDATA[lib]]></c><c><![CDATA[COMP]]></c><c><![CDATA[en]]></c><c><![CDATA[Comprehension]]></c></r><r><c><![CDATA[critere]]></c><c><![CDATA[lib]]></c><c><![CDATA[COMP]]></c><c><![CDATA[fr]]></c><c><![CDATA[Compréhension]]></c></r><r><c><![CDATA[critere]]></c><c><![CDATA[lib]]></c><c><![CDATA[DEST]]></c><c><![CDATA[en]]></c><c><![CDATA[Essential complexity]]></c></r><r><c><![CDATA[critere]]></c><c><![CDATA[lib]]></c><c><![CDATA[DEST]]></c><c><![CDATA[es]]></c><c><![CDATA[DEST]]></c></r><r><c><![CDATA[critere]]></c><c><![CDATA[lib]]></c><c><![CDATA[DEST]]></c><c><![CDATA[fr]]></c><c><![CDATA[Déstructuration]]></c></r><r><c><![CDATA[critere]]></c><c><![CDATA[lib]]></c><c><![CDATA[PLOG]]></c><c><![CDATA[en]]></c><c><![CDATA[Logical weight]]></c></r><r><c><![CDATA[critere]]></c><c><![CDATA[lib]]></c><c><![CDATA[PLOG]]></c><c><![CDATA[es]]></c><c><![CDATA[PLOG]]></c></r><r><c><![CDATA[critere]]></c><c><![CDATA[lib]]></c><c><![CDATA[PLOG]]></c><c><![CDATA[fr]]></c><c><![CDATA[Poids Logique]]></c></r><r><c><![CDATA[critere]]></c><c><![CDATA[lib]]></c><c><![CDATA[FF_BUFFER]]></c><c><![CDATA[fr]]></c><c><![CDATA[Buffer Overflow]]></c></r><r><c><![CDATA[critere]]></c><c><![CDATA[lib]]></c><c><![CDATA[FF_FORMAT]]></c><c><![CDATA[fr]]></c><c><![CDATA[Format String]]></c></r><r><c><![CDATA[critere]]></c><c><![CDATA[lib]]></c><c><![CDATA[FF_RACE]]></c><c><![CDATA[fr]]></c><c><![CDATA[Race Condition]]></c></r><r><c><![CDATA[critere]]></c><c><![CDATA[lib]]></c><c><![CDATA[FF_TMPFILE]]></c><c><![CDATA[fr]]></c><c><![CDATA[Insecure Uses of Temporary Files]]></c></r><r><c><![CDATA[critere]]></c><c><![CDATA[lib]]></c><c><![CDATA[FF_MISC]]></c><c><![CDATA[fr]]></c><c><![CDATA[Resources Security Requirements]]></c></r><r><c><![CDATA[critere]]></c><c><![CDATA[lib]]></c><c><![CDATA[FF_ACCESS]]></c><c><![CDATA[fr]]></c><c><![CDATA[Access Control]]></c></r><r><c><![CDATA[critere]]></c><c><![CDATA[lib]]></c><c><![CDATA[FF_SHELL]]></c><c><![CDATA[fr]]></c><c><![CDATA[Shell Security Access to the Specified Directory and Executable]]></c></r><r><c><![CDATA[critere]]></c><c><![CDATA[lib]]></c><c><![CDATA[FF_RANDOM]]></c><c><![CDATA[fr]]></c><c><![CDATA[random number]]></c></r><r><c><![CDATA[critere]]></c><c><![CDATA[lib]]></c><c><![CDATA[FF_CRYPTO]]></c><c><![CDATA[fr]]></c><c><![CDATA[Implementing Cryptography]]></c></r><r><c><![CDATA[critere]]></c><c><![CDATA[lib]]></c><c><![CDATA[FF_OBSOLETE]]></c><c><![CDATA[fr]]></c><c><![CDATA[Obsolete function]]></c></r><r><c><![CDATA[critere]]></c><c><![CDATA[lib]]></c><c><![CDATA[FF_FREE]]></c><c><![CDATA[fr]]></c><c><![CDATA[Failure of free() function"]]></c></r><r><c><![CDATA[critere]]></c><c><![CDATA[lib]]></c><c><![CDATA[FF_INPUT]]></c><c><![CDATA[fr]]></c><c><![CDATA[Locating All Read Data]]></c></r><r><c><![CDATA[critere]]></c><c><![CDATA[desc]]></c><c><![CDATA[FF_BUFFER]]></c><c><![CDATA[fr]]></c><c><![CDATA[Check function buffer overflow vulnerability]]></c></r><r><c><![CDATA[critere]]></c><c><![CDATA[desc]]></c><c><![CDATA[FF_FORMAT]]></c><c><![CDATA[fr]]></c><c><![CDATA[Check format string attacks ]]></c></r><r><c><![CDATA[critere]]></c><c><![CDATA[desc]]></c><c><![CDATA[FF_ACCESS]]></c><c><![CDATA[fr]]></c><c><![CDATA[ensure that access checks are performed on the actual object being opened]]></c></r><r><c><![CDATA[critere]]></c><c><![CDATA[desc]]></c><c><![CDATA[FF_CRYPTO]]></c><c><![CDATA[fr]]></c><c><![CDATA[algorithm used does not meet minimum security criteria]]></c></r><r><c><![CDATA[critere]]></c><c><![CDATA[desc]]></c><c><![CDATA[FF_OBSOLETE]]></c><c><![CDATA[fr]]></c><c><![CDATA[Check Obsolete functions and C routine should not used in the source code]]></c></r><r><c><![CDATA[critere]]></c><c><![CDATA[desc]]></c><c><![CDATA[FF_FREE]]></c><c><![CDATA[fr]]></c><c><![CDATA[On some systems an attempt to free() results from memalign()may fail. Use posix_memalign instead]]></c></r><r><c><![CDATA[critere]]></c><c><![CDATA[desc]]></c><c><![CDATA[FF_INPUT]]></c><c><![CDATA[fr]]></c><c><![CDATA[If files refers to a socket, read is equivalent to recv (3SOCKET) with no flags set. The developer must ensure that the buffer is large enough to hold the number of bytes read]]></c></r><r><c><![CDATA[critere]]></c><c><![CDATA[lib]]></c><c><![CDATA[SPLINT_FORMAT]]></c><c><![CDATA[en]]></c><c><![CDATA[Format Codes]]></c></r><r><c><![CDATA[critere]]></c><c><![CDATA[lib]]></c><c><![CDATA[SPLINT_ABSTRACT]]></c><c><![CDATA[en]]></c><c><![CDATA[Use Type Definitions]]></c></r><r><c><![CDATA[critere]]></c><c><![CDATA[lib]]></c><c><![CDATA[SPLINT_ALIASING_MEMORY]]></c><c><![CDATA[en]]></c><c><![CDATA[Aliasing Memory]]></c></r><r><c><![CDATA[critere]]></c><c><![CDATA[lib]]></c><c><![CDATA[SPLINT_ALLUSE_EXPORT]]></c><c><![CDATA[en]]></c><c><![CDATA[All Use Declaration Export ]]></c></r><r><c><![CDATA[critere]]></c><c><![CDATA[lib]]></c><c><![CDATA[SPLINT_ALLUSE_PARAMETERS]]></c><c><![CDATA[en]]></c><c><![CDATA[All Use Parameters]]></c></r><r><c><![CDATA[critere]]></c><c><![CDATA[lib]]></c><c><![CDATA[SPLINT_ALLUSE]]></c><c><![CDATA[en]]></c><c><![CDATA[Unused Declarations]]></c></r><r><c><![CDATA[critere]]></c><c><![CDATA[lib]]></c><c><![CDATA[SPLINT_BOOLEANS_HELP]]></c><c><![CDATA[en]]></c><c><![CDATA[Booleans Help]]></c></r><r><c><![CDATA[critere]]></c><c><![CDATA[lib]]></c><c><![CDATA[SPLINT_BOOLEANS_OPERATIONS]]></c><c><![CDATA[en]]></c><c><![CDATA[Booleans Operations]]></c></r><r><c><![CDATA[critere]]></c><c><![CDATA[lib]]></c><c><![CDATA[SPLINT_BOOLEANS_POINTERS]]></c><c><![CDATA[en]]></c><c><![CDATA[Booleans Pointers Operations]]></c></r><r><c><![CDATA[critere]]></c><c><![CDATA[lib]]></c><c><![CDATA[SPLINT_BOOLEANS_PREDICATES]]></c><c><![CDATA[en]]></c><c><![CDATA[Booleans Predicates]]></c></r><r><c><![CDATA[critere]]></c><c><![CDATA[lib]]></c><c><![CDATA[SPLINT_COMMENTS]]></c><c><![CDATA[en]]></c><c><![CDATA[Earlier Unclosed Comments ]]></c></r><r><c><![CDATA[critere]]></c><c><![CDATA[lib]]></c><c><![CDATA[SPLINT_COMPLETE_SPECIFICATIONS]]></c><c><![CDATA[en]]></c><c><![CDATA[Complete Programs and Specifications]]></c></r><r><c><![CDATA[critere]]></c><c><![CDATA[lib]]></c><c><![CDATA[SPLINT_CONTROLFLOW]]></c><c><![CDATA[en]]></c><c><![CDATA[Control Flow]]></c></r><r><c><![CDATA[critere]]></c><c><![CDATA[lib]]></c><c><![CDATA[SPLINT_DECLARATIONS_LIBRARIES]]></c><c><![CDATA[en]]></c><c><![CDATA[Declaration Consistency]]></c></r><r><c><![CDATA[critere]]></c><c><![CDATA[lib]]></c><c><![CDATA[SPLINT_DECLARATIONS]]></c><c><![CDATA[en]]></c><c><![CDATA[Syntactic Comments ]]></c></r><r><c><![CDATA[critere]]></c><c><![CDATA[lib]]></c><c><![CDATA[SPLINT_DEFINITION]]></c><c><![CDATA[en]]></c><c><![CDATA[Use Before Definition]]></c></r><r><c><![CDATA[critere]]></c><c><![CDATA[lib]]></c><c><![CDATA[SPLINT_EFFECT_CONTROLFLOW]]></c><c><![CDATA[en]]></c><c><![CDATA[Effect Control Flow]]></c></r><r><c><![CDATA[critere]]></c><c><![CDATA[lib]]></c><c><![CDATA[SPLINT_EXTENSIBLE_MEMORY]]></c><c><![CDATA[en]]></c><c><![CDATA[Extensible Memory]]></c></r><r><c><![CDATA[critere]]></c><c><![CDATA[lib]]></c><c><![CDATA[SPLINT_LIBRARIES_ANSI]]></c><c><![CDATA[en]]></c><c><![CDATA[Libraries Ansi Unused]]></c></r><r><c><![CDATA[critere]]></c><c><![CDATA[lib]]></c><c><![CDATA[SPLINT_MEMORY_DEFINITION]]></c><c><![CDATA[en]]></c><c><![CDATA[Memory Definition]]></c></r><r><c><![CDATA[critere]]></c><c><![CDATA[lib]]></c><c><![CDATA[SPLINT_MEMORY_LEAKS]]></c><c><![CDATA[en]]></c><c><![CDATA[Memory Leaks]]></c></r><r><c><![CDATA[critere]]></c><c><![CDATA[lib]]></c><c><![CDATA[SPLINT_MEMORY_RELEASED]]></c><c><![CDATA[en]]></c><c><![CDATA[Memory Released]]></c></r><r><c><![CDATA[critere]]></c><c><![CDATA[lib]]></c><c><![CDATA[SPLINT_MEMORY]]></c><c><![CDATA[en]]></c><c><![CDATA[Memory Transfered]]></c></r><r><c><![CDATA[critere]]></c><c><![CDATA[lib]]></c><c><![CDATA[SPLINT_MODIFICATION_SPECIFICATIONS]]></c><c><![CDATA[en]]></c><c><![CDATA[modification specifications]]></c></r><r><c><![CDATA[critere]]></c><c><![CDATA[lib]]></c><c><![CDATA[SPLINT_NAMES_ANSI]]></c><c><![CDATA[en]]></c><c><![CDATA[Distinct ANSI Names]]></c></r><r><c><![CDATA[critere]]></c><c><![CDATA[lib]]></c><c><![CDATA[SPLINT_NAMES_PREFIXES]]></c><c><![CDATA[en]]></c><c><![CDATA[Namespace Prefixes]]></c></r><r><c><![CDATA[critere]]></c><c><![CDATA[lib]]></c><c><![CDATA[SPLINT_NAMES]]></c><c><![CDATA[en]]></c><c><![CDATA[Type Declaration]]></c></r><r><c><![CDATA[critere]]></c><c><![CDATA[lib]]></c><c><![CDATA[SPLINT_NULL_MEMORY]]></c><c><![CDATA[en]]></c><c><![CDATA[Null Memory Dereferences]]></c></r><r><c><![CDATA[critere]]></c><c><![CDATA[lib]]></c><c><![CDATA[SPLINT_OPERATIONS_POINTERS]]></c><c><![CDATA[en]]></c><c><![CDATA[operations pointers]]></c></r><r><c><![CDATA[critere]]></c><c><![CDATA[lib]]></c><c><![CDATA[SPLINT_OPERATIONS]]></c><c><![CDATA[en]]></c><c><![CDATA[Comparisons Operations]]></c></r><r><c><![CDATA[critere]]></c><c><![CDATA[lib]]></c><c><![CDATA[SPLINT_RETURNVALS_BOOLEANS]]></c><c><![CDATA[en]]></c><c><![CDATA[return vals booleans]]></c></r><r><c><![CDATA[critere]]></c><c><![CDATA[lib]]></c><c><![CDATA[SPLINT_RETURNVALS]]></c><c><![CDATA[en]]></c><c><![CDATA[Control Return Values]]></c></r><r><c><![CDATA[critere]]></c><c><![CDATA[lib]]></c><c><![CDATA[SPLINT_SYSTEMFUNCTIONS_UNDEFINED]]></c><c><![CDATA[en]]></c><c><![CDATA[System Funtions Undefined]]></c></r><r><c><![CDATA[critere]]></c><c><![CDATA[lib]]></c><c><![CDATA[SPLINT_SYSTEMFUNCTIONS]]></c><c><![CDATA[en]]></c><c><![CDATA[Main Type Declaration]]></c></r><r><c><![CDATA[critere]]></c><c><![CDATA[lib]]></c><c><![CDATA[SPLINT_TYPEEQUIVALENCE_POINTERS]]></c><c><![CDATA[en]]></c><c><![CDATA[Type Equivalence Pointers]]></c></r><r><c><![CDATA[critere]]></c><c><![CDATA[lib]]></c><c><![CDATA[SPLINT_TYPEEQUIVALENCE]]></c><c><![CDATA[en]]></c><c><![CDATA[Parsing Type Equivalence]]></c></r><r><c><![CDATA[critere]]></c><c><![CDATA[lib]]></c><c><![CDATA[SPLINT_TYPEMISMATCH]]></c><c><![CDATA[en]]></c><c><![CDATA[Type Declaration]]></c></r><r><c><![CDATA[critere]]></c><c><![CDATA[lib]]></c><c><![CDATA[SPLINT_UNDEFINED_ANSI]]></c><c><![CDATA[en]]></c><c><![CDATA[Undefined Evaluation Order]]></c></r><r><c><![CDATA[critere]]></c><c><![CDATA[lib]]></c><c><![CDATA[SPLINT_UNRECOGNIZED_DISPLAY]]></c><c><![CDATA[en]]></c><c><![CDATA[Unrecognized Identifiers]]></c></r><r><c><![CDATA[critere]]></c><c><![CDATA[lib]]></c><c><![CDATA[SPLINT_WARNUSE_SECURITY]]></c><c><![CDATA[en]]></c><c><![CDATA[Warn Use Security]]></c></r><r><c><![CDATA[critere]]></c><c><![CDATA[desc]]></c><c><![CDATA[SPLINT_FORMAT]]></c><c><![CDATA[en]]></c><c><![CDATA[Check invalid format code in the program]]></c></r><r><c><![CDATA[critere]]></c><c><![CDATA[desc]]></c><c><![CDATA[SPLINT_ABSTRACT]]></c><c><![CDATA[en]]></c><c><![CDATA[check where an abstract type is used to represent some natural program abstraction]]></c></r><r><c><![CDATA[critere]]></c><c><![CDATA[desc]]></c><c><![CDATA[SPLINT_ALIASING_MEMORY]]></c><c><![CDATA[en]]></c><c><![CDATA[Check errors involving dangerous aliasing of parameters]]></c></r><r><c><![CDATA[critere]]></c><c><![CDATA[desc]]></c><c><![CDATA[SPLINT_ALLUSE_PARAMETERS]]></c><c><![CDATA[en]]></c><c><![CDATA[Check parameters declared but never usued]]></c></r><r><c><![CDATA[critere]]></c><c><![CDATA[desc]]></c><c><![CDATA[SPLINT_BOOLEANS_OPERATIONS]]></c><c><![CDATA[en]]></c><c><![CDATA[Check operations of Comparison between Boolean values]]></c></r><r><c><![CDATA[critere]]></c><c><![CDATA[desc]]></c><c><![CDATA[SPLINT_BOOLEANS_POINTERS]]></c><c><![CDATA[en]]></c><c><![CDATA[Check the operand of the ! operator to be a booelan pointer]]></c></r><r><c><![CDATA[critere]]></c><c><![CDATA[desc]]></c><c><![CDATA[SPLINT_BOOLEANS_PREDICATES]]></c><c><![CDATA[en]]></c><c><![CDATA[Check type of condition test ]]></c></r><r><c><![CDATA[critere]]></c><c><![CDATA[desc]]></c><c><![CDATA[SPLINT_COMMENTS]]></c><c><![CDATA[en]]></c><c><![CDATA[check a comment open sequence (/*) not appears inside a comment]]></c></r><r><c><![CDATA[critere]]></c><c><![CDATA[desc]]></c><c><![CDATA[SPLINT_COMPLETE_SPECIFICATIONS]]></c><c><![CDATA[en]]></c><c><![CDATA[Chek all elements specified but never defined]]></c></r><r><c><![CDATA[critere]]></c><c><![CDATA[desc]]></c><c><![CDATA[SPLINT_DEFINITION]]></c><c><![CDATA[en]]></c><c><![CDATA[The elements should be initialized before use]]></c></r><r><c><![CDATA[critere]]></c><c><![CDATA[desc]]></c><c><![CDATA[SPLINT_EFFECT_CONTROLFLOW]]></c><c><![CDATA[en]]></c><c><![CDATA[Check statements that have no effect]]></c></r><r><c><![CDATA[critere]]></c><c><![CDATA[desc]]></c><c><![CDATA[SPLINT_EXTENSIBLE_MEMORY]]></c><c><![CDATA[en]]></c><c><![CDATA[Extensible Checking]]></c></r><r><c><![CDATA[critere]]></c><c><![CDATA[desc]]></c><c><![CDATA[SPLINT_MEMORY_DEFINITION]]></c><c><![CDATA[en]]></c><c><![CDATA[Checking memory definition]]></c></r><r><c><![CDATA[critere]]></c><c><![CDATA[desc]]></c><c><![CDATA[SPLINT_MEMORY_LEAKS]]></c><c><![CDATA[en]]></c><c><![CDATA[Checking memory leaks ]]></c></r><r><c><![CDATA[critere]]></c><c><![CDATA[desc]]></c><c><![CDATA[SPLINT_MEMORY_RELEASED]]></c><c><![CDATA[en]]></c><c><![CDATA[Ckeck a stack reference is pointed to by an external reference when the function returns]]></c></r><r><c><![CDATA[critere]]></c><c><![CDATA[desc]]></c><c><![CDATA[SPLINT_MODIFICATION_SPECIFICATIONS]]></c><c><![CDATA[en]]></c><c><![CDATA[modification specifications]]></c></r><r><c><![CDATA[critere]]></c><c><![CDATA[desc]]></c><c><![CDATA[SPLINT_NAMES_PREFIXES]]></c><c><![CDATA[en]]></c><c><![CDATA[Namespace prefixes should be define]]></c></r><r><c><![CDATA[critere]]></c><c><![CDATA[desc]]></c><c><![CDATA[SPLINT_NULL_MEMORY]]></c><c><![CDATA[en]]></c><c><![CDATA[Check Null Memory Dereferences]]></c></r><r><c><![CDATA[critere]]></c><c><![CDATA[desc]]></c><c><![CDATA[SPLINT_OPERATIONS_POINTERS]]></c><c><![CDATA[en]]></c><c><![CDATA[operations pointers]]></c></r><r><c><![CDATA[critere]]></c><c><![CDATA[desc]]></c><c><![CDATA[SPLINT_RETURNVALS_BOOLEANS]]></c><c><![CDATA[en]]></c><c><![CDATA[return vals booleans]]></c></r><r><c><![CDATA[critere]]></c><c><![CDATA[desc]]></c><c><![CDATA[SPLINT_SYSTEMFUNCTIONS_UNDEFINED]]></c><c><![CDATA[en]]></c><c><![CDATA[Check ISO Conformance of System Funtions ]]></c></r><r><c><![CDATA[critere]]></c><c><![CDATA[desc]]></c><c><![CDATA[SPLINT_SYSTEMFUNCTIONS]]></c><c><![CDATA[en]]></c><c><![CDATA[The return type of functions should always be declared]]></c></r><r><c><![CDATA[critere]]></c><c><![CDATA[desc]]></c><c><![CDATA[SPLINT_TYPEEQUIVALENCE_POINTERS]]></c><c><![CDATA[en]]></c><c><![CDATA[Type  Equivalence Pointers]]></c></r><r><c><![CDATA[critere]]></c><c><![CDATA[desc]]></c><c><![CDATA[SPLINT_TYPEEQUIVALENCE]]></c><c><![CDATA[en]]></c><c><![CDATA[The types qualifiers  should not be duplicated in the code source]]></c></r><r><c><![CDATA[critere]]></c><c><![CDATA[desc]]></c><c><![CDATA[SPLINT_UNDEFINED_ANSI]]></c><c><![CDATA[en]]></c><c><![CDATA[Check the instances where undetermined order of evaluation produces undefined behavior]]></c></r><r><c><![CDATA[critere]]></c><c><![CDATA[desc]]></c><c><![CDATA[SPLINT_WARNUSE_SECURITY]]></c><c><![CDATA[en]]></c><c><![CDATA[Do not use functions which lead to overflow]]></c></r><r><c><![CDATA[critere]]></c><c><![CDATA[compl]]></c><c><![CDATA[SPLINT_FORMAT]]></c><c><![CDATA[en]]></c><c><![CDATA[Check invalid format code in the program]]></c></r><r><c><![CDATA[critere]]></c><c><![CDATA[compl]]></c><c><![CDATA[SPLINT_ABSTRACT]]></c><c><![CDATA[en]]></c><c><![CDATA[check where an abstract type is used to represent some natural program abstraction]]></c></r><r><c><![CDATA[critere]]></c><c><![CDATA[compl]]></c><c><![CDATA[SPLINT_ALIASING_MEMORY]]></c><c><![CDATA[en]]></c><c><![CDATA[Check errors involving dangerous aliasing of parameters]]></c></r><r><c><![CDATA[critere]]></c><c><![CDATA[compl]]></c><c><![CDATA[SPLINT_ALLUSE_EXPORT]]></c><c><![CDATA[en]]></c><c><![CDATA[Check an exported declaration which is unused outside a module]]></c></r><r><c><![CDATA[critere]]></c><c><![CDATA[compl]]></c><c><![CDATA[SPLINT_ALLUSE_PARAMETERS]]></c><c><![CDATA[en]]></c><c><![CDATA[Check parameters declared but never usued]]></c></r><r><c><![CDATA[critere]]></c><c><![CDATA[compl]]></c><c><![CDATA[SPLINT_ALLUSE]]></c><c><![CDATA[en]]></c><c><![CDATA[Check in the program constants, functions, parameters, variables, types, enumerator members, and structure or union fields that are declared but never used]]></c></r><r><c><![CDATA[critere]]></c><c><![CDATA[compl]]></c><c><![CDATA[SPLINT_BOOLEANS_HELP]]></c><c><![CDATA[en]]></c><c><![CDATA[Check type which appears to be the boolean type]]></c></r><r><c><![CDATA[critere]]></c><c><![CDATA[compl]]></c><c><![CDATA[SPLINT_BOOLEANS_OPERATIONS]]></c><c><![CDATA[en]]></c><c><![CDATA[Check operations of Comparison between Boolean values]]></c></r><r><c><![CDATA[critere]]></c><c><![CDATA[compl]]></c><c><![CDATA[SPLINT_COMPLETE_SPECIFICATIONS]]></c><c><![CDATA[en]]></c><c><![CDATA[Chek all elements specified but never defined]]></c></r><r><c><![CDATA[critere]]></c><c><![CDATA[compl]]></c><c><![CDATA[SPLINT_DECLARATIONS]]></c><c><![CDATA[en]]></c><c><![CDATA[A syntactic comment should be used consistently]]></c></r><r><c><![CDATA[critere]]></c><c><![CDATA[compl]]></c><c><![CDATA[SPLINT_DEFINITION]]></c><c><![CDATA[en]]></c><c><![CDATA[The elements should be initialized before use]]></c></r><r><c><![CDATA[critere]]></c><c><![CDATA[compl]]></c><c><![CDATA[SPLINT_EFFECT_CONTROLFLOW]]></c><c><![CDATA[en]]></c><c><![CDATA[Check statements that have no effect]]></c></r><r><c><![CDATA[critere]]></c><c><![CDATA[compl]]></c><c><![CDATA[SPLINT_EXTENSIBLE_MEMORY]]></c><c><![CDATA[en]]></c><c><![CDATA[Extensible Checking]]></c></r><r><c><![CDATA[critere]]></c><c><![CDATA[compl]]></c><c><![CDATA[SPLINT_MEMORY_DEFINITION]]></c><c><![CDATA[en]]></c><c><![CDATA[Checking memory definition]]></c></r><r><c><![CDATA[critere]]></c><c><![CDATA[compl]]></c><c><![CDATA[SPLINT_MEMORY_LEAKS]]></c><c><![CDATA[en]]></c><c><![CDATA[Checking memory leaks ]]></c></r><r><c><![CDATA[critere]]></c><c><![CDATA[compl]]></c><c><![CDATA[SPLINT_MEMORY_RELEASED]]></c><c><![CDATA[en]]></c><c><![CDATA[Ckeck a stack reference is pointed to by an external reference when the function returns]]></c></r><r><c><![CDATA[critere]]></c><c><![CDATA[compl]]></c><c><![CDATA[SPLINT_MODIFICATION_SPECIFICATIONS]]></c><c><![CDATA[en]]></c><c><![CDATA[modification specifications]]></c></r><r><c><![CDATA[critere]]></c><c><![CDATA[compl]]></c><c><![CDATA[SPLINT_NAMES_PREFIXES]]></c><c><![CDATA[en]]></c><c><![CDATA[Namespace prefixes should be define]]></c></r><r><c><![CDATA[critere]]></c><c><![CDATA[compl]]></c><c><![CDATA[SPLINT_NULL_MEMORY]]></c><c><![CDATA[en]]></c><c><![CDATA[Check Null Memory Dereferences]]></c></r><r><c><![CDATA[critere]]></c><c><![CDATA[compl]]></c><c><![CDATA[SPLINT_OPERATIONS_POINTERS]]></c><c><![CDATA[en]]></c><c><![CDATA[operations pointers]]></c></r><r><c><![CDATA[critere]]></c><c><![CDATA[compl]]></c><c><![CDATA[SPLINT_RETURNVALS_BOOLEANS]]></c><c><![CDATA[en]]></c><c><![CDATA[return vals booleans]]></c></r><r><c><![CDATA[critere]]></c><c><![CDATA[compl]]></c><c><![CDATA[SPLINT_SYSTEMFUNCTIONS]]></c><c><![CDATA[en]]></c><c><![CDATA[The return type of functions should always be declared]]></c></r><r><c><![CDATA[critere]]></c><c><![CDATA[compl]]></c><c><![CDATA[SPLINT_TYPEEQUIVALENCE_POINTERS]]></c><c><![CDATA[en]]></c><c><![CDATA[Type  Equivalence Pointers]]></c></r><r><c><![CDATA[critere]]></c><c><![CDATA[compl]]></c><c><![CDATA[SPLINT_TYPEMISMATCH]]></c><c><![CDATA[en]]></c><c><![CDATA[Check the incompatible type in declaration]]></c></r><r><c><![CDATA[critere]]></c><c><![CDATA[desc]]></c><c><![CDATA[SPLINT_CONTROLFLOW]]></c><c><![CDATA[en]]></c><c><![CDATA[Check Control Structures ]]></c></r><r><c><![CDATA[critere]]></c><c><![CDATA[compl]]></c><c><![CDATA[SPLINT_WARNUSE_SECURITY]]></c><c><![CDATA[en]]></c><c><![CDATA[Do not use functions which lead to overflow]]></c></r><r><c><![CDATA[critere]]></c><c><![CDATA[lib]]></c><c><![CDATA[SPLINT_FORMAT]]></c><c><![CDATA[fr]]></c><c><![CDATA[Format Codes]]></c></r><r><c><![CDATA[critere]]></c><c><![CDATA[lib]]></c><c><![CDATA[SPLINT_ABSTRACT]]></c><c><![CDATA[fr]]></c><c><![CDATA[Use Type Definitions]]></c></r><r><c><![CDATA[critere]]></c><c><![CDATA[lib]]></c><c><![CDATA[SPLINT_ALIASING_MEMORY]]></c><c><![CDATA[fr]]></c><c><![CDATA[Aliasing Memory]]></c></r><r><c><![CDATA[critere]]></c><c><![CDATA[lib]]></c><c><![CDATA[SPLINT_ALLUSE_EXPORT]]></c><c><![CDATA[fr]]></c><c><![CDATA[All Use Declaration Export ]]></c></r><r><c><![CDATA[critere]]></c><c><![CDATA[lib]]></c><c><![CDATA[SPLINT_ALLUSE_PARAMETERS]]></c><c><![CDATA[fr]]></c><c><![CDATA[All Use Parameters]]></c></r><r><c><![CDATA[critere]]></c><c><![CDATA[lib]]></c><c><![CDATA[SPLINT_ALLUSE]]></c><c><![CDATA[fr]]></c><c><![CDATA[Unused Declarations]]></c></r><r><c><![CDATA[critere]]></c><c><![CDATA[lib]]></c><c><![CDATA[SPLINT_BOOLEANS_HELP]]></c><c><![CDATA[fr]]></c><c><![CDATA[Booleans Help]]></c></r><r><c><![CDATA[critere]]></c><c><![CDATA[lib]]></c><c><![CDATA[SPLINT_BOOLEANS_OPERATIONS]]></c><c><![CDATA[fr]]></c><c><![CDATA[Booleans Operations]]></c></r><r><c><![CDATA[critere]]></c><c><![CDATA[lib]]></c><c><![CDATA[SPLINT_BOOLEANS_POINTERS]]></c><c><![CDATA[fr]]></c><c><![CDATA[Booleans Pointers Operations]]></c></r><r><c><![CDATA[critere]]></c><c><![CDATA[lib]]></c><c><![CDATA[SPLINT_BOOLEANS_PREDICATES]]></c><c><![CDATA[fr]]></c><c><![CDATA[Booleans Predicates]]></c></r><r><c><![CDATA[critere]]></c><c><![CDATA[lib]]></c><c><![CDATA[SPLINT_COMMENTS]]></c><c><![CDATA[fr]]></c><c><![CDATA[Earlier Unclosed Comments ]]></c></r><r><c><![CDATA[critere]]></c><c><![CDATA[lib]]></c><c><![CDATA[SPLINT_COMPLETE_SPECIFICATIONS]]></c><c><![CDATA[fr]]></c><c><![CDATA[Complete Programs and Specifications]]></c></r><r><c><![CDATA[critere]]></c><c><![CDATA[lib]]></c><c><![CDATA[SPLINT_CONTROLFLOW]]></c><c><![CDATA[fr]]></c><c><![CDATA[Control Flow]]></c></r><r><c><![CDATA[critere]]></c><c><![CDATA[lib]]></c><c><![CDATA[SPLINT_DECLARATIONS_LIBRARIES]]></c><c><![CDATA[fr]]></c><c><![CDATA[Declaration Consistency]]></c></r><r><c><![CDATA[critere]]></c><c><![CDATA[lib]]></c><c><![CDATA[SPLINT_DECLARATIONS]]></c><c><![CDATA[fr]]></c><c><![CDATA[Syntactic Comments ]]></c></r><r><c><![CDATA[critere]]></c><c><![CDATA[lib]]></c><c><![CDATA[SPLINT_DEFINITION]]></c><c><![CDATA[fr]]></c><c><![CDATA[Use Before Definition]]></c></r><r><c><![CDATA[critere]]></c><c><![CDATA[lib]]></c><c><![CDATA[SPLINT_EFFECT_CONTROLFLOW]]></c><c><![CDATA[fr]]></c><c><![CDATA[Effect Control Flow]]></c></r><r><c><![CDATA[critere]]></c><c><![CDATA[lib]]></c><c><![CDATA[SPLINT_EXTENSIBLE_MEMORY]]></c><c><![CDATA[fr]]></c><c><![CDATA[Extensible Memory]]></c></r><r><c><![CDATA[critere]]></c><c><![CDATA[lib]]></c><c><![CDATA[SPLINT_LIBRARIES_ANSI]]></c><c><![CDATA[fr]]></c><c><![CDATA[Libraries Ansi Unused]]></c></r><r><c><![CDATA[critere]]></c><c><![CDATA[lib]]></c><c><![CDATA[SPLINT_MEMORY_DEFINITION]]></c><c><![CDATA[fr]]></c><c><![CDATA[Memory Definition]]></c></r><r><c><![CDATA[critere]]></c><c><![CDATA[lib]]></c><c><![CDATA[SPLINT_MEMORY_LEAKS]]></c><c><![CDATA[fr]]></c><c><![CDATA[Memory Leaks]]></c></r><r><c><![CDATA[critere]]></c><c><![CDATA[lib]]></c><c><![CDATA[SPLINT_MEMORY_RELEASED]]></c><c><![CDATA[fr]]></c><c><![CDATA[Memory Released]]></c></r><r><c><![CDATA[critere]]></c><c><![CDATA[lib]]></c><c><![CDATA[SPLINT_MEMORY]]></c><c><![CDATA[fr]]></c><c><![CDATA[Memory Transfered]]></c></r><r><c><![CDATA[critere]]></c><c><![CDATA[lib]]></c><c><![CDATA[SPLINT_MODIFICATION_SPECIFICATIONS]]></c><c><![CDATA[fr]]></c><c><![CDATA[modification specifications]]></c></r><r><c><![CDATA[critere]]></c><c><![CDATA[lib]]></c><c><![CDATA[SPLINT_NAMES_ANSI]]></c><c><![CDATA[fr]]></c><c><![CDATA[Distinct ANSI Names]]></c></r><r><c><![CDATA[critere]]></c><c><![CDATA[lib]]></c><c><![CDATA[SPLINT_NAMES_PREFIXES]]></c><c><![CDATA[fr]]></c><c><![CDATA[Namespace Prefixes]]></c></r><r><c><![CDATA[critere]]></c><c><![CDATA[lib]]></c><c><![CDATA[SPLINT_NAMES]]></c><c><![CDATA[fr]]></c><c><![CDATA[Type Declaration]]></c></r><r><c><![CDATA[critere]]></c><c><![CDATA[lib]]></c><c><![CDATA[SPLINT_NULL_MEMORY]]></c><c><![CDATA[fr]]></c><c><![CDATA[Null Memory Dereferences]]></c></r><r><c><![CDATA[critere]]></c><c><![CDATA[lib]]></c><c><![CDATA[SPLINT_OPERATIONS_POINTERS]]></c><c><![CDATA[fr]]></c><c><![CDATA[operations pointers]]></c></r><r><c><![CDATA[critere]]></c><c><![CDATA[lib]]></c><c><![CDATA[SPLINT_OPERATIONS]]></c><c><![CDATA[fr]]></c><c><![CDATA[Comparisons Operations]]></c></r><r><c><![CDATA[critere]]></c><c><![CDATA[lib]]></c><c><![CDATA[SPLINT_RETURNVALS_BOOLEANS]]></c><c><![CDATA[fr]]></c><c><![CDATA[return vals booleans]]></c></r><r><c><![CDATA[critere]]></c><c><![CDATA[lib]]></c><c><![CDATA[SPLINT_RETURNVALS]]></c><c><![CDATA[fr]]></c><c><![CDATA[Control Return Values]]></c></r><r><c><![CDATA[critere]]></c><c><![CDATA[lib]]></c><c><![CDATA[SPLINT_SYSTEMFUNCTIONS_UNDEFINED]]></c><c><![CDATA[fr]]></c><c><![CDATA[System Funtions Undefined]]></c></r><r><c><![CDATA[critere]]></c><c><![CDATA[lib]]></c><c><![CDATA[SPLINT_SYSTEMFUNCTIONS]]></c><c><![CDATA[fr]]></c><c><![CDATA[Main Type Declaration]]></c></r><r><c><![CDATA[critere]]></c><c><![CDATA[lib]]></c><c><![CDATA[SPLINT_TYPEEQUIVALENCE_POINTERS]]></c><c><![CDATA[fr]]></c><c><![CDATA[Type Equivalence Pointers]]></c></r><r><c><![CDATA[critere]]></c><c><![CDATA[lib]]></c><c><![CDATA[SPLINT_TYPEEQUIVALENCE]]></c><c><![CDATA[fr]]></c><c><![CDATA[Parsing Type Equivalence]]></c></r><r><c><![CDATA[critere]]></c><c><![CDATA[lib]]></c><c><![CDATA[SPLINT_TYPEMISMATCH]]></c><c><![CDATA[fr]]></c><c><![CDATA[Type Declaration]]></c></r><r><c><![CDATA[critere]]></c><c><![CDATA[lib]]></c><c><![CDATA[SPLINT_UNDEFINED_ANSI]]></c><c><![CDATA[fr]]></c><c><![CDATA[Undefined Evaluation Order]]></c></r><r><c><![CDATA[critere]]></c><c><![CDATA[lib]]></c><c><![CDATA[SPLINT_UNRECOGNIZED_DISPLAY]]></c><c><![CDATA[fr]]></c><c><![CDATA[Unrecognized Identifiers]]></c></r><r><c><![CDATA[critere]]></c><c><![CDATA[lib]]></c><c><![CDATA[SPLINT_WARNUSE_SECURITY]]></c><c><![CDATA[fr]]></c><c><![CDATA[Warn Use Security]]></c></r><r><c><![CDATA[critere]]></c><c><![CDATA[desc]]></c><c><![CDATA[SPLINT_ABSTRACT]]></c><c><![CDATA[fr]]></c><c><![CDATA[check where an abstract type is used to represent some natural program abstraction]]></c></r><r><c><![CDATA[critere]]></c><c><![CDATA[desc]]></c><c><![CDATA[SPLINT_ALIASING_MEMORY]]></c><c><![CDATA[fr]]></c><c><![CDATA[Check errors involving dangerous aliasing of parameters]]></c></r><r><c><![CDATA[critere]]></c><c><![CDATA[desc]]></c><c><![CDATA[SPLINT_ALLUSE_EXPORT]]></c><c><![CDATA[fr]]></c><c><![CDATA[Check an exported declaration which is unused outside a module]]></c></r><r><c><![CDATA[critere]]></c><c><![CDATA[desc]]></c><c><![CDATA[SPLINT_ALLUSE]]></c><c><![CDATA[fr]]></c><c><![CDATA[Check in the program constants, functions, parameters, variables, types, enumerator members, and structure or union fields that are declared but never used]]></c></r><r><c><![CDATA[critere]]></c><c><![CDATA[desc]]></c><c><![CDATA[SPLINT_BOOLEANS_HELP]]></c><c><![CDATA[fr]]></c><c><![CDATA[Check type which appears to be the boolean type]]></c></r><r><c><![CDATA[critere]]></c><c><![CDATA[desc]]></c><c><![CDATA[SPLINT_BOOLEANS_POINTERS]]></c><c><![CDATA[fr]]></c><c><![CDATA[Check the operand of the ! operator to be a booelan pointer]]></c></r><r><c><![CDATA[critere]]></c><c><![CDATA[desc]]></c><c><![CDATA[SPLINT_COMMENTS]]></c><c><![CDATA[fr]]></c><c><![CDATA[check a comment open sequence (/*) not appears inside a comment]]></c></r><r><c><![CDATA[critere]]></c><c><![CDATA[desc]]></c><c><![CDATA[SPLINT_CONTROLFLOW]]></c><c><![CDATA[fr]]></c><c><![CDATA[Check Control Structures ]]></c></r><r><c><![CDATA[critere]]></c><c><![CDATA[desc]]></c><c><![CDATA[SPLINT_DECLARATIONS_LIBRARIES]]></c><c><![CDATA[fr]]></c><c><![CDATA[Check an Identifier defined in a library is not  redefined with inconsistent type]]></c></r><r><c><![CDATA[critere]]></c><c><![CDATA[desc]]></c><c><![CDATA[SPLINT_EFFECT_CONTROLFLOW]]></c><c><![CDATA[fr]]></c><c><![CDATA[Check statements that have no effect]]></c></r><r><c><![CDATA[critere]]></c><c><![CDATA[desc]]></c><c><![CDATA[SPLINT_EXTENSIBLE_MEMORY]]></c><c><![CDATA[fr]]></c><c><![CDATA[Extensible Checking]]></c></r><r><c><![CDATA[critere]]></c><c><![CDATA[desc]]></c><c><![CDATA[SPLINT_LIBRARIES_ANSI]]></c><c><![CDATA[fr]]></c><c><![CDATA[Check libraries required when varargs are used]]></c></r><r><c><![CDATA[critere]]></c><c><![CDATA[desc]]></c><c><![CDATA[SPLINT_MEMORY_DEFINITION]]></c><c><![CDATA[fr]]></c><c><![CDATA[Checking memory definition]]></c></r><r><c><![CDATA[critere]]></c><c><![CDATA[desc]]></c><c><![CDATA[SPLINT_MEMORY_LEAKS]]></c><c><![CDATA[fr]]></c><c><![CDATA[Checking memory leaks ]]></c></r><r><c><![CDATA[critere]]></c><c><![CDATA[desc]]></c><c><![CDATA[SPLINT_MODIFICATION_SPECIFICATIONS]]></c><c><![CDATA[fr]]></c><c><![CDATA[modification specifications]]></c></r><r><c><![CDATA[critere]]></c><c><![CDATA[desc]]></c><c><![CDATA[SPLINT_NAMES_ANSI]]></c><c><![CDATA[fr]]></c><c><![CDATA[Check alphabetic case insignificant in external names]]></c></r><r><c><![CDATA[critere]]></c><c><![CDATA[desc]]></c><c><![CDATA[SPLINT_NAMES]]></c><c><![CDATA[fr]]></c><c><![CDATA[The type of elements should always be declared]]></c></r><r><c><![CDATA[critere]]></c><c><![CDATA[desc]]></c><c><![CDATA[SPLINT_NULL_MEMORY]]></c><c><![CDATA[fr]]></c><c><![CDATA[Check Null Memory Dereferences]]></c></r><r><c><![CDATA[critere]]></c><c><![CDATA[desc]]></c><c><![CDATA[SPLINT_OPERATIONS_POINTERS]]></c><c><![CDATA[fr]]></c><c><![CDATA[operations pointers]]></c></r><r><c><![CDATA[critere]]></c><c><![CDATA[desc]]></c><c><![CDATA[SPLINT_OPERATIONS]]></c><c><![CDATA[fr]]></c><c><![CDATA[Check operations of Comparison between elements not booleans values]]></c></r><r><c><![CDATA[critere]]></c><c><![CDATA[desc]]></c><c><![CDATA[SPLINT_RETURNVALS_BOOLEANS]]></c><c><![CDATA[fr]]></c><c><![CDATA[return vals booleans]]></c></r><r><c><![CDATA[critere]]></c><c><![CDATA[desc]]></c><c><![CDATA[SPLINT_SYSTEMFUNCTIONS_UNDEFINED]]></c><c><![CDATA[fr]]></c><c><![CDATA[Check ISO Conformance of System Funtions ]]></c></r><r><c><![CDATA[critere]]></c><c><![CDATA[desc]]></c><c><![CDATA[SPLINT_SYSTEMFUNCTIONS]]></c><c><![CDATA[fr]]></c><c><![CDATA[The return type of functions should always be declared]]></c></r><r><c><![CDATA[critere]]></c><c><![CDATA[desc]]></c><c><![CDATA[SPLINT_TYPEEQUIVALENCE_POINTERS]]></c><c><![CDATA[fr]]></c><c><![CDATA[Type  Equivalence Pointers]]></c></r><r><c><![CDATA[critere]]></c><c><![CDATA[desc]]></c><c><![CDATA[SPLINT_TYPEEQUIVALENCE]]></c><c><![CDATA[fr]]></c><c><![CDATA[The types qualifiers  should not be duplicated in the code source]]></c></r><r><c><![CDATA[critere]]></c><c><![CDATA[desc]]></c><c><![CDATA[SPLINT_TYPEMISMATCH]]></c><c><![CDATA[fr]]></c><c><![CDATA[Check the incompatible type in declaration]]></c></r><r><c><![CDATA[critere]]></c><c><![CDATA[desc]]></c><c><![CDATA[SPLINT_UNRECOGNIZED_DISPLAY]]></c><c><![CDATA[fr]]></c><c><![CDATA[An identifiers used in the source code should be declared and define]]></c></r><r><c><![CDATA[critere]]></c><c><![CDATA[desc]]></c><c><![CDATA[SPLINT_WARNUSE_SECURITY]]></c><c><![CDATA[fr]]></c><c><![CDATA[Do not use functions which lead to overflow]]></c></r><r><c><![CDATA[critere]]></c><c><![CDATA[compl]]></c><c><![CDATA[SPLINT_FORMAT]]></c><c><![CDATA[fr]]></c><c><![CDATA[Check invalid format code in the program]]></c></r><r><c><![CDATA[critere]]></c><c><![CDATA[compl]]></c><c><![CDATA[SPLINT_ABSTRACT]]></c><c><![CDATA[fr]]></c><c><![CDATA[check where an abstract type is used to represent some natural program abstraction]]></c></r><r><c><![CDATA[critere]]></c><c><![CDATA[compl]]></c><c><![CDATA[SPLINT_ALIASING_MEMORY]]></c><c><![CDATA[fr]]></c><c><![CDATA[Check errors involving dangerous aliasing of parameters]]></c></r><r><c><![CDATA[critere]]></c><c><![CDATA[compl]]></c><c><![CDATA[SPLINT_ALLUSE_EXPORT]]></c><c><![CDATA[fr]]></c><c><![CDATA[Check an exported declaration which is unused outside a module]]></c></r><r><c><![CDATA[critere]]></c><c><![CDATA[compl]]></c><c><![CDATA[SPLINT_ALLUSE_PARAMETERS]]></c><c><![CDATA[fr]]></c><c><![CDATA[Check parameters declared but never usued]]></c></r><r><c><![CDATA[critere]]></c><c><![CDATA[compl]]></c><c><![CDATA[SPLINT_ALLUSE]]></c><c><![CDATA[fr]]></c><c><![CDATA[Check in the program constants, functions, parameters, variables, types, enumerator members, and structure or union fields that are declared but never used]]></c></r><r><c><![CDATA[critere]]></c><c><![CDATA[compl]]></c><c><![CDATA[SPLINT_BOOLEANS_OPERATIONS]]></c><c><![CDATA[fr]]></c><c><![CDATA[Check operations of Comparison between Boolean values]]></c></r><r><c><![CDATA[critere]]></c><c><![CDATA[compl]]></c><c><![CDATA[SPLINT_BOOLEANS_POINTERS]]></c><c><![CDATA[fr]]></c><c><![CDATA[Check the operand of the ! operator to be a booelan pointer]]></c></r><r><c><![CDATA[critere]]></c><c><![CDATA[compl]]></c><c><![CDATA[SPLINT_BOOLEANS_PREDICATES]]></c><c><![CDATA[fr]]></c><c><![CDATA[Check type of condition test ]]></c></r><r><c><![CDATA[critere]]></c><c><![CDATA[compl]]></c><c><![CDATA[SPLINT_COMPLETE_SPECIFICATIONS]]></c><c><![CDATA[fr]]></c><c><![CDATA[Chek all elements specified but never defined]]></c></r><r><c><![CDATA[critere]]></c><c><![CDATA[compl]]></c><c><![CDATA[SPLINT_CONTROLFLOW]]></c><c><![CDATA[fr]]></c><c><![CDATA[Check Control Structures ]]></c></r><r><c><![CDATA[critere]]></c><c><![CDATA[compl]]></c><c><![CDATA[SPLINT_DECLARATIONS_LIBRARIES]]></c><c><![CDATA[fr]]></c><c><![CDATA[Check an Identifier defined in a library is not  redefined with inconsistent type]]></c></r><r><c><![CDATA[critere]]></c><c><![CDATA[compl]]></c><c><![CDATA[SPLINT_DEFINITION]]></c><c><![CDATA[fr]]></c><c><![CDATA[The elements should be initialized before use]]></c></r><r><c><![CDATA[critere]]></c><c><![CDATA[compl]]></c><c><![CDATA[SPLINT_EXTENSIBLE_MEMORY]]></c><c><![CDATA[fr]]></c><c><![CDATA[Extensible Checking]]></c></r><r><c><![CDATA[critere]]></c><c><![CDATA[compl]]></c><c><![CDATA[SPLINT_LIBRARIES_ANSI]]></c><c><![CDATA[fr]]></c><c><![CDATA[Check libraries required when varargs are used]]></c></r><r><c><![CDATA[critere]]></c><c><![CDATA[compl]]></c><c><![CDATA[SPLINT_MEMORY_DEFINITION]]></c><c><![CDATA[fr]]></c><c><![CDATA[Checking memory definition]]></c></r><r><c><![CDATA[critere]]></c><c><![CDATA[compl]]></c><c><![CDATA[SPLINT_MEMORY_LEAKS]]></c><c><![CDATA[fr]]></c><c><![CDATA[Checking memory leaks ]]></c></r><r><c><![CDATA[critere]]></c><c><![CDATA[compl]]></c><c><![CDATA[SPLINT_MODIFICATION_SPECIFICATIONS]]></c><c><![CDATA[fr]]></c><c><![CDATA[modification specifications]]></c></r><r><c><![CDATA[critere]]></c><c><![CDATA[compl]]></c><c><![CDATA[SPLINT_NAMES_ANSI]]></c><c><![CDATA[fr]]></c><c><![CDATA[Check alphabetic case insignificant in external names]]></c></r><r><c><![CDATA[critere]]></c><c><![CDATA[compl]]></c><c><![CDATA[SPLINT_NAMES]]></c><c><![CDATA[fr]]></c><c><![CDATA[The type of elements should always be declared]]></c></r><r><c><![CDATA[critere]]></c><c><![CDATA[compl]]></c><c><![CDATA[SPLINT_NULL_MEMORY]]></c><c><![CDATA[fr]]></c><c><![CDATA[Check Null Memory Dereferences]]></c></r><r><c><![CDATA[critere]]></c><c><![CDATA[compl]]></c><c><![CDATA[SPLINT_OPERATIONS_POINTERS]]></c><c><![CDATA[fr]]></c><c><![CDATA[operations pointers]]></c></r><r><c><![CDATA[critere]]></c><c><![CDATA[compl]]></c><c><![CDATA[SPLINT_RETURNVALS_BOOLEANS]]></c><c><![CDATA[fr]]></c><c><![CDATA[return vals booleans]]></c></r><r><c><![CDATA[critere]]></c><c><![CDATA[compl]]></c><c><![CDATA[SPLINT_SYSTEMFUNCTIONS_UNDEFINED]]></c><c><![CDATA[fr]]></c><c><![CDATA[Check ISO Conformance of System Funtions ]]></c></r><r><c><![CDATA[critere]]></c><c><![CDATA[compl]]></c><c><![CDATA[SPLINT_SYSTEMFUNCTIONS]]></c><c><![CDATA[fr]]></c><c><![CDATA[The return type of functions should always be declared]]></c></r><r><c><![CDATA[critere]]></c><c><![CDATA[compl]]></c><c><![CDATA[SPLINT_TYPEEQUIVALENCE_POINTERS]]></c><c><![CDATA[fr]]></c><c><![CDATA[Type  Equivalence Pointers]]></c></r><r><c><![CDATA[critere]]></c><c><![CDATA[compl]]></c><c><![CDATA[SPLINT_TYPEMISMATCH]]></c><c><![CDATA[fr]]></c><c><![CDATA[Check the incompatible type in declaration]]></c></r><r><c><![CDATA[critere]]></c><c><![CDATA[compl]]></c><c><![CDATA[SPLINT_UNRECOGNIZED_DISPLAY]]></c><c><![CDATA[fr]]></c><c><![CDATA[An identifiers used in the source code should be declared and define]]></c></r><r><c><![CDATA[critere]]></c><c><![CDATA[compl]]></c><c><![CDATA[SPLINT_WARNUSE_SECURITY]]></c><c><![CDATA[fr]]></c><c><![CDATA[Do not use functions which lead to overflow]]></c></r><r><c><![CDATA[critere]]></c><c><![CDATA[compl]]></c><c><![CDATA[FF_BUFFER]]></c><c><![CDATA[fr]]></c><c><![CDATA[Check function buffer overflow vulnerability]]></c></r><r><c><![CDATA[critere]]></c><c><![CDATA[compl]]></c><c><![CDATA[FF_TMPFILE]]></c><c><![CDATA[fr]]></c><c><![CDATA[identified the set of insecure functions: mktemp, tmpnam, tempnam, and tmpfile. These functions should never be used]]></c></r><r><c><![CDATA[critere]]></c><c><![CDATA[compl]]></c><c><![CDATA[FF_ACCESS]]></c><c><![CDATA[fr]]></c><c><![CDATA[ensure that access checks are performed on the actual object being opened]]></c></r><r><c><![CDATA[critere]]></c><c><![CDATA[compl]]></c><c><![CDATA[FF_CRYPTO]]></c><c><![CDATA[fr]]></c><c><![CDATA[algorithm used does not meet minimum security criteria]]></c></r><r><c><![CDATA[critere]]></c><c><![CDATA[lib]]></c><c><![CDATA[FF_BUFFER]]></c><c><![CDATA[en]]></c><c><![CDATA[Buffer Overflow]]></c></r><r><c><![CDATA[critere]]></c><c><![CDATA[lib]]></c><c><![CDATA[FF_FORMAT]]></c><c><![CDATA[en]]></c><c><![CDATA[Format String]]></c></r><r><c><![CDATA[critere]]></c><c><![CDATA[lib]]></c><c><![CDATA[FF_TMPFILE]]></c><c><![CDATA[en]]></c><c><![CDATA[Insecure Uses of Temporary Files]]></c></r><r><c><![CDATA[critere]]></c><c><![CDATA[lib]]></c><c><![CDATA[FF_MISC]]></c><c><![CDATA[en]]></c><c><![CDATA[Resources Security Requirements]]></c></r><r><c><![CDATA[critere]]></c><c><![CDATA[lib]]></c><c><![CDATA[FF_ACCESS]]></c><c><![CDATA[en]]></c><c><![CDATA[Access Control]]></c></r><r><c><![CDATA[critere]]></c><c><![CDATA[lib]]></c><c><![CDATA[FF_RANDOM]]></c><c><![CDATA[en]]></c><c><![CDATA[random number]]></c></r><r><c><![CDATA[critere]]></c><c><![CDATA[lib]]></c><c><![CDATA[FF_OBSOLETE]]></c><c><![CDATA[en]]></c><c><![CDATA[Obsolete function]]></c></r><r><c><![CDATA[critere]]></c><c><![CDATA[lib]]></c><c><![CDATA[FF_FREE]]></c><c><![CDATA[en]]></c><c><![CDATA[Failure of free() function"]]></c></r><r><c><![CDATA[critere]]></c><c><![CDATA[desc]]></c><c><![CDATA[FF_FORMAT]]></c><c><![CDATA[en]]></c><c><![CDATA[Check format string attacks ]]></c></r><r><c><![CDATA[critere]]></c><c><![CDATA[desc]]></c><c><![CDATA[FF_MISC]]></c><c><![CDATA[en]]></c><c><![CDATA[Check when opening files - can an attacker redirect it (via symlinks), force the opening of special file type (e.g., device files), move things around to create a race condition, control its ancestors, or change its contents ]]></c></r><r><c><![CDATA[critere]]></c><c><![CDATA[desc]]></c><c><![CDATA[FF_OBSOLETE]]></c><c><![CDATA[en]]></c><c><![CDATA[Check Obsolete functions and C routine should not used in the source code]]></c></r><r><c><![CDATA[critere]]></c><c><![CDATA[compl]]></c><c><![CDATA[FF_FORMAT]]></c><c><![CDATA[en]]></c><c><![CDATA[Check format string attacks ]]></c></r><r><c><![CDATA[critere]]></c><c><![CDATA[compl]]></c><c><![CDATA[FF_SHELL]]></c><c><![CDATA[en]]></c><c><![CDATA[Programmers should minimize vulnerability exposure by removing unnecessary use of system-supplied resources]]></c></r><r><c><![CDATA[critere]]></c><c><![CDATA[lib]]></c><c><![CDATA[FF_CRYPTO]]></c><c><![CDATA[en]]></c><c><![CDATA[Implementing Cryptography]]></c></r><r><c><![CDATA[critere]]></c><c><![CDATA[lib]]></c><c><![CDATA[FF_INPUT]]></c><c><![CDATA[en]]></c><c><![CDATA[Locating All Read Data]]></c></r><r><c><![CDATA[critere]]></c><c><![CDATA[lib]]></c><c><![CDATA[FF_RACE]]></c><c><![CDATA[en]]></c><c><![CDATA[Race Condition]]></c></r><r><c><![CDATA[critere]]></c><c><![CDATA[lib]]></c><c><![CDATA[FF_SHELL]]></c><c><![CDATA[en]]></c><c><![CDATA[Shell Security Access to the Specified Directory and Executable]]></c></r><r><c><![CDATA[critere]]></c><c><![CDATA[compl]]></c><c><![CDATA[FF_ACCESS]]></c><c><![CDATA[en]]></c><c><![CDATA[ensure that access checks are performed on the actual object being opened]]></c></r><r><c><![CDATA[critere]]></c><c><![CDATA[desc]]></c><c><![CDATA[FF_ACCESS]]></c><c><![CDATA[en]]></c><c><![CDATA[ensure that access checks are performed on the actual object being opened]]></c></r><r><c><![CDATA[critere]]></c><c><![CDATA[compl]]></c><c><![CDATA[FF_BUFFER]]></c><c><![CDATA[en]]></c><c><![CDATA[Check function buffer overflow vulnerability]]></c></r><r><c><![CDATA[critere]]></c><c><![CDATA[desc]]></c><c><![CDATA[FF_BUFFER]]></c><c><![CDATA[en]]></c><c><![CDATA[Check function buffer overflow vulnerability]]></c></r><r><c><![CDATA[critere]]></c><c><![CDATA[compl]]></c><c><![CDATA[FF_CRYPTO]]></c><c><![CDATA[en]]></c><c><![CDATA[algorithm used does not meet minimum security criteria]]></c></r><r><c><![CDATA[critere]]></c><c><![CDATA[desc]]></c><c><![CDATA[FF_CRYPTO]]></c><c><![CDATA[en]]></c><c><![CDATA[algorithm used does not meet minimum security criteria]]></c></r><r><c><![CDATA[critere]]></c><c><![CDATA[compl]]></c><c><![CDATA[FF_FORMAT]]></c><c><![CDATA[fr]]></c><c><![CDATA[Check format string attacks ]]></c></r><r><c><![CDATA[critere]]></c><c><![CDATA[compl]]></c><c><![CDATA[FF_FREE]]></c><c><![CDATA[en]]></c><c><![CDATA[On some systems an attempt to free() results from memalign()may fail. Use posix_memalign instead]]></c></r><r><c><![CDATA[critere]]></c><c><![CDATA[compl]]></c><c><![CDATA[FF_FREE]]></c><c><![CDATA[fr]]></c><c><![CDATA[On some systems an attempt to free() results from memalign()may fail. Use posix_memalign instead]]></c></r><r><c><![CDATA[critere]]></c><c><![CDATA[desc]]></c><c><![CDATA[FF_FREE]]></c><c><![CDATA[en]]></c><c><![CDATA[On some systems an attempt to free() results from memalign()may fail. Use posix_memalign instead]]></c></r><r><c><![CDATA[critere]]></c><c><![CDATA[compl]]></c><c><![CDATA[FF_INPUT]]></c><c><![CDATA[en]]></c><c><![CDATA[If files refers to a socket, read is equivalent to recv (3SOCKET) with no flags set. The developer must ensure that the buffer is large enough to hold the number of bytes read]]></c></r><r><c><![CDATA[critere]]></c><c><![CDATA[compl]]></c><c><![CDATA[FF_INPUT]]></c><c><![CDATA[fr]]></c><c><![CDATA[If files refers to a socket, read is equivalent to recv (3SOCKET) with no flags set. The developer must ensure that the buffer is large enough to hold the number of bytes read]]></c></r><r><c><![CDATA[critere]]></c><c><![CDATA[desc]]></c><c><![CDATA[FF_INPUT]]></c><c><![CDATA[en]]></c><c><![CDATA[If files refers to a socket, read is equivalent to recv (3SOCKET) with no flags set. The developer must ensure that the buffer is large enough to hold the number of bytes read]]></c></r><r><c><![CDATA[critere]]></c><c><![CDATA[compl]]></c><c><![CDATA[FF_MISC]]></c><c><![CDATA[en]]></c><c><![CDATA[Check when opening files - can an attacker redirect it (via symlinks), force the opening of special file type (e.g., device files), move things around to create a race condition, control its ancestors, or change its contents ]]></c></r><r><c><![CDATA[critere]]></c><c><![CDATA[compl]]></c><c><![CDATA[FF_MISC]]></c><c><![CDATA[fr]]></c><c><![CDATA[Check when opening files - can an attacker redirect it (via symlinks), force the opening of special file type (e.g., device files), move things around to create a race condition, control its ancestors, or change its contents ]]></c></r><r><c><![CDATA[critere]]></c><c><![CDATA[desc]]></c><c><![CDATA[FF_MISC]]></c><c><![CDATA[fr]]></c><c><![CDATA[Check when opening files - can an attacker redirect it (via symlinks), force the opening of special file type (e.g., device files), move things around to create a race condition, control its ancestors, or change its contents ]]></c></r><r><c><![CDATA[critere]]></c><c><![CDATA[compl]]></c><c><![CDATA[FF_OBSOLETE]]></c><c><![CDATA[en]]></c><c><![CDATA[Check Obsolete functions and C routine should not used in the source code]]></c></r><r><c><![CDATA[critere]]></c><c><![CDATA[compl]]></c><c><![CDATA[FF_OBSOLETE]]></c><c><![CDATA[fr]]></c><c><![CDATA[Check Obsolete functions and C routine should not used in the source code]]></c></r><r><c><![CDATA[critere]]></c><c><![CDATA[compl]]></c><c><![CDATA[FF_RACE]]></c><c><![CDATA[en]]></c><c><![CDATA[The race condition made possible for an attacker to damage the system and more important, the ability to cover his tracks. The proof of concept program exploited a race condition present in the product to fool the software to overwrite and delete log files]]></c></r><r><c><![CDATA[critere]]></c><c><![CDATA[compl]]></c><c><![CDATA[FF_RACE]]></c><c><![CDATA[fr]]></c><c><![CDATA[The race condition made possible for an attacker to damage the system and more important, the ability to cover his tracks. The proof of concept program exploited a race condition present in the product to fool the software to overwrite and delete log files]]></c></r><r><c><![CDATA[critere]]></c><c><![CDATA[desc]]></c><c><![CDATA[FF_RACE]]></c><c><![CDATA[en]]></c><c><![CDATA[The race condition made possible for an attacker to damage the system and more important, the ability to cover his tracks. The proof of concept program exploited a race condition present in the product to fool the software to overwrite and delete log files]]></c></r><r><c><![CDATA[critere]]></c><c><![CDATA[desc]]></c><c><![CDATA[FF_RACE]]></c><c><![CDATA[fr]]></c><c><![CDATA[The race condition made possible for an attacker to damage the system and more important, the ability to cover his tracks. The proof of concept program exploited a race condition present in the product to fool the software to overwrite and delete log files]]></c></r><r><c><![CDATA[critere]]></c><c><![CDATA[compl]]></c><c><![CDATA[FF_RANDOM]]></c><c><![CDATA[en]]></c><c><![CDATA[All the standard ANSI C random functions create predictable random numbers if no adequate seed is used. If the poor random number has been used for important matters then the level of security has decreased]]></c></r><r><c><![CDATA[critere]]></c><c><![CDATA[compl]]></c><c><![CDATA[FF_RANDOM]]></c><c><![CDATA[fr]]></c><c><![CDATA[All the standard ANSI C random functions create predictable random numbers if no adequate seed is used. If the poor random number has been used for important matters then the level of security has decreased]]></c></r><r><c><![CDATA[critere]]></c><c><![CDATA[desc]]></c><c><![CDATA[FF_RANDOM]]></c><c><![CDATA[en]]></c><c><![CDATA[All the standard ANSI C random functions create predictable random numbers if no adequate seed is used. If the poor random number has been used for important matters then the level of security has decreased]]></c></r><r><c><![CDATA[critere]]></c><c><![CDATA[desc]]></c><c><![CDATA[FF_RANDOM]]></c><c><![CDATA[fr]]></c><c><![CDATA[All the standard ANSI C random functions create predictable random numbers if no adequate seed is used. If the poor random number has been used for important matters then the level of security has decreased]]></c></r><r><c><![CDATA[critere]]></c><c><![CDATA[compl]]></c><c><![CDATA[FF_SHELL]]></c><c><![CDATA[fr]]></c><c><![CDATA[Programmers should minimize vulnerability exposure by removing unnecessary use of system-supplied resources]]></c></r><r><c><![CDATA[critere]]></c><c><![CDATA[desc]]></c><c><![CDATA[FF_SHELL]]></c><c><![CDATA[en]]></c><c><![CDATA[Programmers should minimize vulnerability exposure by removing unnecessary use of system-supplied resources]]></c></r><r><c><![CDATA[critere]]></c><c><![CDATA[desc]]></c><c><![CDATA[FF_SHELL]]></c><c><![CDATA[fr]]></c><c><![CDATA[Programmers should minimize vulnerability exposure by removing unnecessary use of system-supplied resources]]></c></r><r><c><![CDATA[critere]]></c><c><![CDATA[compl]]></c><c><![CDATA[FF_TMPFILE]]></c><c><![CDATA[en]]></c><c><![CDATA[identified the set of insecure functions: mktemp, tmpnam, tempnam, and tmpfile. These functions should never be used]]></c></r><r><c><![CDATA[critere]]></c><c><![CDATA[desc]]></c><c><![CDATA[FF_TMPFILE]]></c><c><![CDATA[en]]></c><c><![CDATA[identified the set of insecure functions: mktemp, tmpnam, tempnam, and tmpfile. These functions should never be used]]></c></r><r><c><![CDATA[critere]]></c><c><![CDATA[desc]]></c><c><![CDATA[FF_TMPFILE]]></c><c><![CDATA[fr]]></c><c><![CDATA[identified the set of insecure functions: mktemp, tmpnam, tempnam, and tmpfile. These functions should never be used]]></c></r><r><c><![CDATA[critere]]></c><c><![CDATA[desc]]></c><c><![CDATA[SPLINT_ALLUSE]]></c><c><![CDATA[en]]></c><c><![CDATA[Check in the program constants, functions, parameters, variables, types, enumerator members, and structure or union fields that are declared but never used]]></c></r><r><c><![CDATA[critere]]></c><c><![CDATA[desc]]></c><c><![CDATA[SPLINT_ALLUSE_EXPORT]]></c><c><![CDATA[en]]></c><c><![CDATA[Check an exported declaration which is unused outside a module]]></c></r><r><c><![CDATA[critere]]></c><c><![CDATA[desc]]></c><c><![CDATA[SPLINT_ALLUSE_PARAMETERS]]></c><c><![CDATA[fr]]></c><c><![CDATA[Check parameters declared but never usued]]></c></r><r><c><![CDATA[critere]]></c><c><![CDATA[compl]]></c><c><![CDATA[SPLINT_BOOLEANS_HELP]]></c><c><![CDATA[fr]]></c><c><![CDATA[Check type which appears to be the boolean type]]></c></r><r><c><![CDATA[critere]]></c><c><![CDATA[desc]]></c><c><![CDATA[SPLINT_BOOLEANS_HELP]]></c><c><![CDATA[en]]></c><c><![CDATA[Check type which appears to be the boolean type]]></c></r><r><c><![CDATA[critere]]></c><c><![CDATA[desc]]></c><c><![CDATA[SPLINT_BOOLEANS_OPERATIONS]]></c><c><![CDATA[fr]]></c><c><![CDATA[Check operations of Comparison between Boolean values]]></c></r><r><c><![CDATA[critere]]></c><c><![CDATA[compl]]></c><c><![CDATA[SPLINT_BOOLEANS_POINTERS]]></c><c><![CDATA[en]]></c><c><![CDATA[Check the operand of the ! operator to be a booelan pointer]]></c></r><r><c><![CDATA[critere]]></c><c><![CDATA[compl]]></c><c><![CDATA[SPLINT_BOOLEANS_PREDICATES]]></c><c><![CDATA[en]]></c><c><![CDATA[Check type of condition test ]]></c></r><r><c><![CDATA[critere]]></c><c><![CDATA[desc]]></c><c><![CDATA[SPLINT_BOOLEANS_PREDICATES]]></c><c><![CDATA[fr]]></c><c><![CDATA[Check type of condition test ]]></c></r><r><c><![CDATA[critere]]></c><c><![CDATA[compl]]></c><c><![CDATA[SPLINT_COMMENTS]]></c><c><![CDATA[en]]></c><c><![CDATA[check a comment open sequence (/*) not appears inside a comment]]></c></r><r><c><![CDATA[critere]]></c><c><![CDATA[compl]]></c><c><![CDATA[SPLINT_COMMENTS]]></c><c><![CDATA[fr]]></c><c><![CDATA[check a comment open sequence (/*) not appears inside a comment]]></c></r><r><c><![CDATA[critere]]></c><c><![CDATA[desc]]></c><c><![CDATA[SPLINT_COMPLETE_SPECIFICATIONS]]></c><c><![CDATA[fr]]></c><c><![CDATA[Chek all elements specified but never defined]]></c></r><r><c><![CDATA[critere]]></c><c><![CDATA[compl]]></c><c><![CDATA[SPLINT_CONTROLFLOW]]></c><c><![CDATA[en]]></c><c><![CDATA[Check Control Structures ]]></c></r><r><c><![CDATA[critere]]></c><c><![CDATA[compl]]></c><c><![CDATA[SPLINT_DECLARATIONS]]></c><c><![CDATA[fr]]></c><c><![CDATA[A syntactic comment should be used consistently]]></c></r><r><c><![CDATA[critere]]></c><c><![CDATA[desc]]></c><c><![CDATA[SPLINT_DECLARATIONS]]></c><c><![CDATA[en]]></c><c><![CDATA[A syntactic comment should be used consistently]]></c></r><r><c><![CDATA[critere]]></c><c><![CDATA[desc]]></c><c><![CDATA[SPLINT_DECLARATIONS]]></c><c><![CDATA[fr]]></c><c><![CDATA[A syntactic comment should be used consistently]]></c></r><r><c><![CDATA[critere]]></c><c><![CDATA[compl]]></c><c><![CDATA[SPLINT_DECLARATIONS_LIBRARIES]]></c><c><![CDATA[en]]></c><c><![CDATA[Check an Identifier defined in a library is not  redefined with inconsistent type]]></c></r><r><c><![CDATA[critere]]></c><c><![CDATA[desc]]></c><c><![CDATA[SPLINT_DECLARATIONS_LIBRARIES]]></c><c><![CDATA[en]]></c><c><![CDATA[Check an Identifier defined in a library is not  redefined with inconsistent type]]></c></r><r><c><![CDATA[critere]]></c><c><![CDATA[desc]]></c><c><![CDATA[SPLINT_DEFINITION]]></c><c><![CDATA[fr]]></c><c><![CDATA[The elements should be initialized before use]]></c></r><r><c><![CDATA[critere]]></c><c><![CDATA[compl]]></c><c><![CDATA[SPLINT_EFFECT_CONTROLFLOW]]></c><c><![CDATA[fr]]></c><c><![CDATA[Check statements that have no effect]]></c></r><r><c><![CDATA[critere]]></c><c><![CDATA[desc]]></c><c><![CDATA[SPLINT_FORMAT]]></c><c><![CDATA[fr]]></c><c><![CDATA[Check invalid format code in the program]]></c></r><r><c><![CDATA[critere]]></c><c><![CDATA[compl]]></c><c><![CDATA[SPLINT_LIBRARIES_ANSI]]></c><c><![CDATA[en]]></c><c><![CDATA[Check libraries required when varargs are used]]></c></r><r><c><![CDATA[critere]]></c><c><![CDATA[desc]]></c><c><![CDATA[SPLINT_LIBRARIES_ANSI]]></c><c><![CDATA[en]]></c><c><![CDATA[Check libraries required when varargs are used]]></c></r><r><c><![CDATA[critere]]></c><c><![CDATA[compl]]></c><c><![CDATA[SPLINT_MEMORY]]></c><c><![CDATA[en]]></c><c><![CDATA[Check that a transfer error is reported when storage is transferred in a way that is inconsistent.]]></c></r><r><c><![CDATA[critere]]></c><c><![CDATA[compl]]></c><c><![CDATA[SPLINT_MEMORY]]></c><c><![CDATA[fr]]></c><c><![CDATA[Check that a transfer error is reported when storage is transferred in a way that is inconsistent.]]></c></r><r><c><![CDATA[critere]]></c><c><![CDATA[desc]]></c><c><![CDATA[SPLINT_MEMORY]]></c><c><![CDATA[en]]></c><c><![CDATA[Check that a transfer error is reported when storage is transferred in a way that is inconsistent.]]></c></r><r><c><![CDATA[critere]]></c><c><![CDATA[desc]]></c><c><![CDATA[SPLINT_MEMORY]]></c><c><![CDATA[fr]]></c><c><![CDATA[Check that a transfer error is reported when storage is transferred in a way that is inconsistent.]]></c></r><r><c><![CDATA[critere]]></c><c><![CDATA[compl]]></c><c><![CDATA[SPLINT_MEMORY_RELEASED]]></c><c><![CDATA[fr]]></c><c><![CDATA[Ckeck a stack reference is pointed to by an external reference when the function returns]]></c></r><r><c><![CDATA[critere]]></c><c><![CDATA[desc]]></c><c><![CDATA[SPLINT_MEMORY_RELEASED]]></c><c><![CDATA[fr]]></c><c><![CDATA[Ckeck a stack reference is pointed to by an external reference when the function returns]]></c></r><r><c><![CDATA[critere]]></c><c><![CDATA[compl]]></c><c><![CDATA[SPLINT_NAMES]]></c><c><![CDATA[en]]></c><c><![CDATA[The type of elements should always be declared]]></c></r><r><c><![CDATA[critere]]></c><c><![CDATA[desc]]></c><c><![CDATA[SPLINT_NAMES]]></c><c><![CDATA[en]]></c><c><![CDATA[The type of elements should always be declared]]></c></r><r><c><![CDATA[critere]]></c><c><![CDATA[compl]]></c><c><![CDATA[SPLINT_NAMES_ANSI]]></c><c><![CDATA[en]]></c><c><![CDATA[Check alphabetic case insignificant in external names]]></c></r><r><c><![CDATA[critere]]></c><c><![CDATA[desc]]></c><c><![CDATA[SPLINT_NAMES_ANSI]]></c><c><![CDATA[en]]></c><c><![CDATA[Check alphabetic case insignificant in external names]]></c></r><r><c><![CDATA[critere]]></c><c><![CDATA[compl]]></c><c><![CDATA[SPLINT_NAMES_PREFIXES]]></c><c><![CDATA[fr]]></c><c><![CDATA[Namespace prefixes should be define]]></c></r><r><c><![CDATA[critere]]></c><c><![CDATA[desc]]></c><c><![CDATA[SPLINT_NAMES_PREFIXES]]></c><c><![CDATA[fr]]></c><c><![CDATA[Namespace prefixes should be define]]></c></r><r><c><![CDATA[critere]]></c><c><![CDATA[compl]]></c><c><![CDATA[SPLINT_OPERATIONS]]></c><c><![CDATA[en]]></c><c><![CDATA[Check operations of Comparison between elements not booleans values]]></c></r><r><c><![CDATA[critere]]></c><c><![CDATA[compl]]></c><c><![CDATA[SPLINT_OPERATIONS]]></c><c><![CDATA[fr]]></c><c><![CDATA[Check operations of Comparison between elements not booleans values]]></c></r><r><c><![CDATA[critere]]></c><c><![CDATA[desc]]></c><c><![CDATA[SPLINT_OPERATIONS]]></c><c><![CDATA[en]]></c><c><![CDATA[Check operations of Comparison between elements not booleans values]]></c></r><r><c><![CDATA[critere]]></c><c><![CDATA[compl]]></c><c><![CDATA[SPLINT_RETURNVALS]]></c><c><![CDATA[en]]></c><c><![CDATA[Control when errors are reported for function calls that do not use the return value]]></c></r><r><c><![CDATA[critere]]></c><c><![CDATA[compl]]></c><c><![CDATA[SPLINT_RETURNVALS]]></c><c><![CDATA[fr]]></c><c><![CDATA[Control when errors are reported for function calls that do not use the return value]]></c></r><r><c><![CDATA[critere]]></c><c><![CDATA[desc]]></c><c><![CDATA[SPLINT_RETURNVALS]]></c><c><![CDATA[en]]></c><c><![CDATA[Control when errors are reported for function calls that do not use the return value]]></c></r><r><c><![CDATA[critere]]></c><c><![CDATA[desc]]></c><c><![CDATA[SPLINT_RETURNVALS]]></c><c><![CDATA[fr]]></c><c><![CDATA[Control when errors are reported for function calls that do not use the return value]]></c></r><r><c><![CDATA[critere]]></c><c><![CDATA[compl]]></c><c><![CDATA[SPLINT_SYSTEMFUNCTIONS_UNDEFINED]]></c><c><![CDATA[en]]></c><c><![CDATA[Check ISO Conformance of System Funtions ]]></c></r><r><c><![CDATA[critere]]></c><c><![CDATA[compl]]></c><c><![CDATA[SPLINT_TYPEEQUIVALENCE]]></c><c><![CDATA[en]]></c><c><![CDATA[The types qualifiers  should not be duplicated in the code source]]></c></r><r><c><![CDATA[critere]]></c><c><![CDATA[compl]]></c><c><![CDATA[SPLINT_TYPEEQUIVALENCE]]></c><c><![CDATA[fr]]></c><c><![CDATA[The types qualifiers  should not be duplicated in the code source]]></c></r><r><c><![CDATA[critere]]></c><c><![CDATA[desc]]></c><c><![CDATA[SPLINT_TYPEMISMATCH]]></c><c><![CDATA[en]]></c><c><![CDATA[Check the incompatible type in declaration]]></c></r><r><c><![CDATA[critere]]></c><c><![CDATA[compl]]></c><c><![CDATA[SPLINT_UNDEFINED_ANSI]]></c><c><![CDATA[en]]></c><c><![CDATA[Check the instances where undetermined order of evaluation produces undefined behavior]]></c></r><r><c><![CDATA[critere]]></c><c><![CDATA[compl]]></c><c><![CDATA[SPLINT_UNDEFINED_ANSI]]></c><c><![CDATA[fr]]></c><c><![CDATA[Check the instances where undetermined order of evaluation produces undefined behavior]]></c></r><r><c><![CDATA[critere]]></c><c><![CDATA[desc]]></c><c><![CDATA[SPLINT_UNDEFINED_ANSI]]></c><c><![CDATA[fr]]></c><c><![CDATA[Check the instances where undetermined order of evaluation produces undefined behavior]]></c></r><r><c><![CDATA[critere]]></c><c><![CDATA[compl]]></c><c><![CDATA[SPLINT_UNRECOGNIZED_DISPLAY]]></c><c><![CDATA[en]]></c><c><![CDATA[An identifiers used in the source code should be declared and define]]></c></r><r><c><![CDATA[critere]]></c><c><![CDATA[desc]]></c><c><![CDATA[SPLINT_UNRECOGNIZED_DISPLAY]]></c><c><![CDATA[en]]></c><c><![CDATA[An identifiers used in the source code should be declared and define]]></c></r><r><c><![CDATA[critere]]></c><c><![CDATA[lib]]></c><c><![CDATA[CPPCHECK_AUTOVARIABLES]]></c><c><![CDATA[fr]]></c><c><![CDATA[Auto vriables]]></c></r><r><c><![CDATA[critere]]></c><c><![CDATA[lib]]></c><c><![CDATA[CPPCHECK_BUFFEROVERRUN]]></c><c><![CDATA[fr]]></c><c><![CDATA[Buffer overrun]]></c></r><r><c><![CDATA[critere]]></c><c><![CDATA[lib]]></c><c><![CDATA[CPPCHECK_CLASS]]></c><c><![CDATA[fr]]></c><c><![CDATA[Class]]></c></r><r><c><![CDATA[critere]]></c><c><![CDATA[lib]]></c><c><![CDATA[CPPCHECK_DANGEROUSFUNCTIONS]]></c><c><![CDATA[fr]]></c><c><![CDATA[Dangerous functions]]></c></r><r><c><![CDATA[critere]]></c><c><![CDATA[lib]]></c><c><![CDATA[CPPCHECK_EXCEPTIONSAFETY]]></c><c><![CDATA[fr]]></c><c><![CDATA[Exception safety]]></c></r><r><c><![CDATA[critere]]></c><c><![CDATA[lib]]></c><c><![CDATA[CPPCHECK_MISC]]></c><c><![CDATA[fr]]></c><c><![CDATA[Misc]]></c></r><r><c><![CDATA[critere]]></c><c><![CDATA[lib]]></c><c><![CDATA[CPPCHECK_STL]]></c><c><![CDATA[fr]]></c><c><![CDATA[Standard Template Library]]></c></r><r><c><![CDATA[critere]]></c><c><![CDATA[lib]]></c><c><![CDATA[CPPCHECK_DEADCODE]]></c><c><![CDATA[fr]]></c><c><![CDATA[Dead code]]></c></r><r><c><![CDATA[critere]]></c><c><![CDATA[lib]]></c><c><![CDATA[CPPCHECK_MEMORYLEAK]]></c><c><![CDATA[fr]]></c><c><![CDATA[Memory leak]]></c></r><r><c><![CDATA[critere]]></c><c><![CDATA[desc]]></c><c><![CDATA[CPPCHECK_AUTOVARIABLES]]></c><c><![CDATA[fr]]></c><c><![CDATA[Auto vriables]]></c></r><r><c><![CDATA[critere]]></c><c><![CDATA[desc]]></c><c><![CDATA[CPPCHECK_BUFFEROVERRUN]]></c><c><![CDATA[fr]]></c><c><![CDATA[Buffer overrun]]></c></r><r><c><![CDATA[critere]]></c><c><![CDATA[desc]]></c><c><![CDATA[CPPCHECK_CLASS]]></c><c><![CDATA[fr]]></c><c><![CDATA[Class]]></c></r><r><c><![CDATA[critere]]></c><c><![CDATA[desc]]></c><c><![CDATA[CPPCHECK_DANGEROUSFUNCTIONS]]></c><c><![CDATA[fr]]></c><c><![CDATA[Dangerous functions]]></c></r><r><c><![CDATA[critere]]></c><c><![CDATA[desc]]></c><c><![CDATA[CPPCHECK_EXCEPTIONSAFETY]]></c><c><![CDATA[fr]]></c><c><![CDATA[Exception safety]]></c></r><r><c><![CDATA[critere]]></c><c><![CDATA[desc]]></c><c><![CDATA[CPPCHECK_MISC]]></c><c><![CDATA[fr]]></c><c><![CDATA[Misc]]></c></r><r><c><![CDATA[critere]]></c><c><![CDATA[desc]]></c><c><![CDATA[CPPCHECK_STL]]></c><c><![CDATA[fr]]></c><c><![CDATA[Standard Template Library]]></c></r><r><c><![CDATA[critere]]></c><c><![CDATA[desc]]></c><c><![CDATA[CPPCHECK_DEADCODE]]></c><c><![CDATA[fr]]></c><c><![CDATA[Dead code]]></c></r><r><c><![CDATA[critere]]></c><c><![CDATA[desc]]></c><c><![CDATA[CPPCHECK_MEMORYLEAK]]></c><c><![CDATA[fr]]></c><c><![CDATA[Memory leak]]></c></r><r><c><![CDATA[critere]]></c><c><![CDATA[lib]]></c><c><![CDATA[CPPCHECK_AUTOVARIABLES]]></c><c><![CDATA[en]]></c><c><![CDATA[Auto vriables]]></c></r><r><c><![CDATA[critere]]></c><c><![CDATA[lib]]></c><c><![CDATA[CPPCHECK_BUFFEROVERRUN]]></c><c><![CDATA[en]]></c><c><![CDATA[Buffer overrun]]></c></r><r><c><![CDATA[critere]]></c><c><![CDATA[lib]]></c><c><![CDATA[CPPCHECK_CLASS]]></c><c><![CDATA[en]]></c><c><![CDATA[Class]]></c></r><r><c><![CDATA[critere]]></c><c><![CDATA[lib]]></c><c><![CDATA[CPPCHECK_DANGEROUSFUNCTIONS]]></c><c><![CDATA[en]]></c><c><![CDATA[Dangerous functions]]></c></r><r><c><![CDATA[critere]]></c><c><![CDATA[lib]]></c><c><![CDATA[CPPCHECK_EXCEPTIONSAFETY]]></c><c><![CDATA[en]]></c><c><![CDATA[Exception safety]]></c></r><r><c><![CDATA[critere]]></c><c><![CDATA[lib]]></c><c><![CDATA[CPPCHECK_MISC]]></c><c><![CDATA[en]]></c><c><![CDATA[Misc]]></c></r><r><c><![CDATA[critere]]></c><c><![CDATA[lib]]></c><c><![CDATA[CPPCHECK_STL]]></c><c><![CDATA[en]]></c><c><![CDATA[Standard Template Library]]></c></r><r><c><![CDATA[critere]]></c><c><![CDATA[desc]]></c><c><![CDATA[CPPCHECK_AUTOVARIABLES]]></c><c><![CDATA[en]]></c><c><![CDATA[Auto vriables]]></c></r><r><c><![CDATA[critere]]></c><c><![CDATA[desc]]></c><c><![CDATA[CPPCHECK_BUFFEROVERRUN]]></c><c><![CDATA[en]]></c><c><![CDATA[Buffer overrun]]></c></r><r><c><![CDATA[critere]]></c><c><![CDATA[desc]]></c><c><![CDATA[CPPCHECK_CLASS]]></c><c><![CDATA[en]]></c><c><![CDATA[Class]]></c></r><r><c><![CDATA[critere]]></c><c><![CDATA[desc]]></c><c><![CDATA[CPPCHECK_DANGEROUSFUNCTIONS]]></c><c><![CDATA[en]]></c><c><![CDATA[Dangerous functions]]></c></r><r><c><![CDATA[critere]]></c><c><![CDATA[desc]]></c><c><![CDATA[CPPCHECK_EXCEPTIONSAFETY]]></c><c><![CDATA[en]]></c><c><![CDATA[Exception safety]]></c></r><r><c><![CDATA[critere]]></c><c><![CDATA[desc]]></c><c><![CDATA[CPPCHECK_MISC]]></c><c><![CDATA[en]]></c><c><![CDATA[Misc]]></c></r><r><c><![CDATA[critere]]></c><c><![CDATA[desc]]></c><c><![CDATA[CPPCHECK_STL]]></c><c><![CDATA[en]]></c><c><![CDATA[Standard Template Library]]></c></r><r><c><![CDATA[critere]]></c><c><![CDATA[desc]]></c><c><![CDATA[CPPCHECK_DEADCODE]]></c><c><![CDATA[en]]></c><c><![CDATA[Dead code]]></c></r><r><c><![CDATA[critere]]></c><c><![CDATA[desc]]></c><c><![CDATA[CPPCHECK_MEMORYLEAK]]></c><c><![CDATA[en]]></c><c><![CDATA[Memory leak]]></c></r><r><c><![CDATA[critere]]></c><c><![CDATA[lib]]></c><c><![CDATA[CPPCHECK_DEADCODE]]></c><c><![CDATA[en]]></c><c><![CDATA[Dead code]]></c></r><r><c><![CDATA[critere]]></c><c><![CDATA[lib]]></c><c><![CDATA[CPPCHECK_MEMORYLEAK]]></c><c><![CDATA[en]]></c><c><![CDATA[Memory leak]]></c></r></e>