<?xml version="1.0"  encoding="UTF-8"?><e><r><c><![CDATA[outils]]></c><c><![CDATA[compl]]></c><c><![CDATA[FLAWFINDER]]></c><c><![CDATA[en]]></c><c><![CDATA[FLAWFINDER]]></c></r><r><c><![CDATA[outils]]></c><c><![CDATA[compl]]></c><c><![CDATA[FLAWFINDER]]></c><c><![CDATA[fr]]></c><c><![CDATA[FLAWFINDER]]></c></r><r><c><![CDATA[outils]]></c><c><![CDATA[desc]]></c><c><![CDATA[FLAWFINDER]]></c><c><![CDATA[en]]></c><c><![CDATA[FLAWFINDER]]></c></r><r><c><![CDATA[outils]]></c><c><![CDATA[desc]]></c><c><![CDATA[FLAWFINDER]]></c><c><![CDATA[fr]]></c><c><![CDATA[FLAWFINDER]]></c></r><r><c><![CDATA[outils]]></c><c><![CDATA[lib]]></c><c><![CDATA[FLAWFINDER]]></c><c><![CDATA[en]]></c><c><![CDATA[FLAWFINDER]]></c></r><r><c><![CDATA[outils]]></c><c><![CDATA[lib]]></c><c><![CDATA[FLAWFINDER]]></c><c><![CDATA[fr]]></c><c><![CDATA[FLAWFINDER]]></c></r><r><c><![CDATA[outils]]></c><c><![CDATA[compl]]></c><c><![CDATA[PMCCABE]]></c><c><![CDATA[en]]></c><c><![CDATA[PMCCABE]]></c></r><r><c><![CDATA[outils]]></c><c><![CDATA[compl]]></c><c><![CDATA[PMCCABE]]></c><c><![CDATA[fr]]></c><c><![CDATA[PMCCABE]]></c></r><r><c><![CDATA[outils]]></c><c><![CDATA[desc]]></c><c><![CDATA[PMCCABE]]></c><c><![CDATA[en]]></c><c><![CDATA[PMCCABE]]></c></r><r><c><![CDATA[outils]]></c><c><![CDATA[desc]]></c><c><![CDATA[PMCCABE]]></c><c><![CDATA[fr]]></c><c><![CDATA[PMCCABE]]></c></r><r><c><![CDATA[outils]]></c><c><![CDATA[lib]]></c><c><![CDATA[PMCCABE]]></c><c><![CDATA[en]]></c><c><![CDATA[PMCCABE]]></c></r><r><c><![CDATA[outils]]></c><c><![CDATA[lib]]></c><c><![CDATA[PMCCABE]]></c><c><![CDATA[fr]]></c><c><![CDATA[PMCCABE]]></c></r><r><c><![CDATA[outils]]></c><c><![CDATA[compl]]></c><c><![CDATA[SPLINT]]></c><c><![CDATA[en]]></c><c><![CDATA[SPLINT]]></c></r><r><c><![CDATA[outils]]></c><c><![CDATA[compl]]></c><c><![CDATA[SPLINT]]></c><c><![CDATA[fr]]></c><c><![CDATA[SPLINT]]></c></r><r><c><![CDATA[outils]]></c><c><![CDATA[desc]]></c><c><![CDATA[SPLINT]]></c><c><![CDATA[en]]></c><c><![CDATA[SPLINT]]></c></r><r><c><![CDATA[outils]]></c><c><![CDATA[desc]]></c><c><![CDATA[SPLINT]]></c><c><![CDATA[fr]]></c><c><![CDATA[SPLINT]]></c></r><r><c><![CDATA[outils]]></c><c><![CDATA[lib]]></c><c><![CDATA[SPLINT]]></c><c><![CDATA[en]]></c><c><![CDATA[SPLINT]]></c></r><r><c><![CDATA[outils]]></c><c><![CDATA[lib]]></c><c><![CDATA[SPLINT]]></c><c><![CDATA[fr]]></c><c><![CDATA[SPLINT]]></c></r></e>