<?xml version="1.0"  encoding="UTF-8"?><e><r><c><![CDATA[4_BUFFER_STRCPY]]></c><c/><c/><c><![CDATA[FLAWFINDER]]></c><c/><c/><c/><c/><c/><c/></r><r><c><![CDATA[4_BUFFER_LSTRCPY]]></c><c/><c/><c><![CDATA[FLAWFINDER]]></c><c/><c/><c/><c/><c/><c/></r><r><c><![CDATA[2_BUFFER_MEMCPY]]></c><c/><c/><c><![CDATA[FLAWFINDER]]></c><c/><c/><c/><c/><c/><c/></r><r><c><![CDATA[4_BUFFER_STRCAT]]></c><c/><c/><c><![CDATA[FLAWFINDER]]></c><c/><c/><c/><c/><c/><c/></r><r><c><![CDATA[4_BUFFER_LSTRCAT]]></c><c/><c/><c><![CDATA[FLAWFINDER]]></c><c/><c/><c/><c/><c/><c/></r><r><c><![CDATA[1_BUFFER_STRNCPY]]></c><c/><c/><c><![CDATA[FLAWFINDER]]></c><c/><c/><c/><c/><c/><c/></r><r><c><![CDATA[1_BUFFER_LSTRCPYN]]></c><c/><c/><c><![CDATA[FLAWFINDER]]></c><c/><c/><c/><c/><c/><c/></r><r><c><![CDATA[1_BUFFER_STRNCAT]]></c><c/><c/><c><![CDATA[FLAWFINDER]]></c><c/><c/><c/><c/><c/><c/></r><r><c><![CDATA[5_BUFFER_STRNCAT]]></c><c/><c/><c><![CDATA[FLAWFINDER]]></c><c/><c/><c/><c/><c/><c/></r><r><c><![CDATA[1_BUFFER_LSTRCATN]]></c><c/><c/><c><![CDATA[FLAWFINDER]]></c><c/><c/><c/><c/><c/><c/></r><r><c><![CDATA[1_BUFFER_STRCCPY]]></c><c/><c/><c><![CDATA[FLAWFINDER]]></c><c/><c/><c/><c/><c/><c/></r><r><c><![CDATA[5_BUFFER_GETS]]></c><c/><c/><c><![CDATA[FLAWFINDER]]></c><c/><c/><c/><c/><c/><c/></r><r><c><![CDATA[4_BUFFER_SPRINTF]]></c><c/><c/><c><![CDATA[FLAWFINDER]]></c><c/><c/><c/><c/><c/><c/></r><r><c><![CDATA[1_BUFFER_SPRINTF]]></c><c/><c/><c><![CDATA[FLAWFINDER]]></c><c/><c/><c/><c/><c/><c/></r><r><c><![CDATA[2_BUFFER_SPRINTF]]></c><c/><c/><c><![CDATA[FLAWFINDER]]></c><c/><c/><c/><c/><c/><c/></r><r><c><![CDATA[4_FORMAT_SPRINTF]]></c><c/><c/><c><![CDATA[FLAWFINDER]]></c><c/><c/><c/><c/><c/><c/></r><r><c><![CDATA[4_FORMAT_PRINTF]]></c><c/><c/><c><![CDATA[FLAWFINDER]]></c><c/><c/><c/><c/><c/><c/></r><r><c><![CDATA[4_FORMAT_FPRINTF]]></c><c/><c/><c><![CDATA[FLAWFINDER]]></c><c/><c/><c/><c/><c/><c/></r><r><c><![CDATA[4_FORMAT_SYSLOG]]></c><c/><c/><c><![CDATA[FLAWFINDER]]></c><c/><c/><c/><c/><c/><c/></r><r><c><![CDATA[4_FORMAT_SNPRINTF]]></c><c/><c/><c><![CDATA[FLAWFINDER]]></c><c/><c/><c/><c/><c/><c/></r><r><c><![CDATA[4_BUFFER_SCANF]]></c><c/><c/><c><![CDATA[FLAWFINDER]]></c><c/><c/><c/><c/><c/><c/></r><r><c><![CDATA[1_BUFFER_SCANF]]></c><c/><c/><c><![CDATA[FLAWFINDER]]></c><c/><c/><c/><c/><c/><c/></r><r><c><![CDATA[4_BUFFER_FSCANF]]></c><c/><c/><c><![CDATA[FLAWFINDER]]></c><c/><c/><c/><c/><c/><c/></r><r><c><![CDATA[1_BUFFER_STRLEN]]></c><c/><c/><c><![CDATA[FLAWFINDER]]></c><c/><c/><c/><c/><c/><c/></r><r><c><![CDATA[2_BUFFER_MULTIBYTETOWIDECHAR]]></c><c/><c/><c><![CDATA[FLAWFINDER]]></c><c/><c/><c/><c/><c/><c/></r><r><c><![CDATA[4_BUFFER_STREADD]]></c><c/><c/><c><![CDATA[FLAWFINDER]]></c><c/><c/><c/><c/><c/><c/></r><r><c><![CDATA[3_BUFFER_STRTRNS]]></c><c/><c/><c><![CDATA[FLAWFINDER]]></c><c/><c/><c/><c/><c/><c/></r><r><c><![CDATA[3_BUFFER_REALPATH]]></c><c/><c/><c><![CDATA[FLAWFINDER]]></c><c/><c/><c/><c/><c/><c/></r><r><c><![CDATA[3_BUFFER_GETOPT]]></c><c/><c/><c><![CDATA[FLAWFINDER]]></c><c/><c/><c/><c/><c/><c/></r><r><c><![CDATA[3_BUFFER_GETPASS]]></c><c/><c/><c><![CDATA[FLAWFINDER]]></c><c/><c/><c/><c/><c/><c/></r><r><c><![CDATA[3_BUFFER_GETWD]]></c><c/><c/><c><![CDATA[FLAWFINDER]]></c><c/><c/><c/><c/><c/><c/></r><r><c><![CDATA[1_BUFFER_GETCHAR]]></c><c/><c/><c><![CDATA[FLAWFINDER]]></c><c/><c/><c/><c/><c/><c/></r><r><c><![CDATA[4_RACE_ACCESS]]></c><c/><c/><c><![CDATA[FLAWFINDER]]></c><c/><c/><c/><c/><c/><c/></r><r><c><![CDATA[5_RACE_CHOWN]]></c><c/><c/><c><![CDATA[FLAWFINDER]]></c><c/><c/><c/><c/><c/><c/></r><r><c><![CDATA[5_RACE_CHGRP]]></c><c/><c/><c><![CDATA[FLAWFINDER]]></c><c/><c/><c/><c/><c/><c/></r><r><c><![CDATA[5_RACE_CHMOD]]></c><c/><c/><c><![CDATA[FLAWFINDER]]></c><c/><c/><c/><c/><c/><c/></r><r><c><![CDATA[2_RACE_VFORK]]></c><c/><c/><c><![CDATA[FLAWFINDER]]></c><c/><c/><c/><c/><c/><c/></r><r><c><![CDATA[5_RACE_READLINK]]></c><c/><c/><c><![CDATA[FLAWFINDER]]></c><c/><c/><c/><c/><c/><c/></r><r><c><![CDATA[2_TMPFILE_TMPFILE]]></c><c/><c/><c><![CDATA[FLAWFINDER]]></c><c/><c/><c/><c/><c/><c/></r><r><c><![CDATA[3_TMPFILE_TMPNAM]]></c><c/><c/><c><![CDATA[FLAWFINDER]]></c><c/><c/><c/><c/><c/><c/></r><r><c><![CDATA[4_TMPFILE_MKTEMP]]></c><c/><c/><c><![CDATA[FLAWFINDER]]></c><c/><c/><c/><c/><c/><c/></r><r><c><![CDATA[2_TMPFILE_MKSTEMP]]></c><c/><c/><c><![CDATA[FLAWFINDER]]></c><c/><c/><c/><c/><c/><c/></r><r><c><![CDATA[2_MISC_FOPEN]]></c><c/><c/><c><![CDATA[FLAWFINDER]]></c><c/><c/><c/><c/><c/><c/></r><r><c><![CDATA[1_ACCESS_UMASK]]></c><c/><c/><c><![CDATA[FLAWFINDER]]></c><c/><c/><c/><c/><c/><c/></r><r><c><![CDATA[3_TMPFILE_GETTEMPFILENAME]]></c><c/><c/><c><![CDATA[FLAWFINDER]]></c><c/><c/><c/><c/><c/><c/></r><r><c><![CDATA[4_SHELL_EXECL]]></c><c/><c/><c><![CDATA[FLAWFINDER]]></c><c/><c/><c/><c/><c/><c/></r><r><c><![CDATA[3_SHELL_CREATEPROCESSASUSER]]></c><c/><c/><c><![CDATA[FLAWFINDER]]></c><c/><c/><c/><c/><c/><c/></r><r><c><![CDATA[3_SHELL_CREATEPROCESS]]></c><c/><c/><c><![CDATA[FLAWFINDER]]></c><c/><c/><c/><c/><c/><c/></r><r><c><![CDATA[3_RANDOM_DRAND48]]></c><c/><c/><c><![CDATA[FLAWFINDER]]></c><c/><c/><c/><c/><c/><c/></r><r><c><![CDATA[4_CRYPTO_CRYPT]]></c><c/><c/><c><![CDATA[FLAWFINDER]]></c><c/><c/><c/><c/><c/><c/></r><r><c><![CDATA[4_CRYPTO_EVP_DES_ECB]]></c><c/><c/><c><![CDATA[FLAWFINDER]]></c><c/><c/><c/><c/><c/><c/></r><r><c><![CDATA[4_CRYPTO_EVP_RC4_40]]></c><c/><c/><c><![CDATA[FLAWFINDER]]></c><c/><c/><c/><c/><c/><c/></r><r><c><![CDATA[3_MISC_CHROOT]]></c><c/><c/><c><![CDATA[FLAWFINDER]]></c><c/><c/><c/><c/><c/><c/></r><r><c><![CDATA[3_BUFFER_GETENV]]></c><c/><c/><c><![CDATA[FLAWFINDER]]></c><c/><c/><c/><c/><c/><c/></r><r><c><![CDATA[3_BUFFER_G_GET_HOME_DIR]]></c><c/><c/><c><![CDATA[FLAWFINDER]]></c><c/><c/><c/><c/><c/><c/></r><r><c><![CDATA[3_BUFFER_G_GET_TMP_DIR]]></c><c/><c/><c><![CDATA[FLAWFINDER]]></c><c/><c/><c/><c/><c/><c/></r><r><c><![CDATA[4_ACCESS_RPCIMPERSONATECLIENT]]></c><c/><c/><c><![CDATA[FLAWFINDER]]></c><c/><c/><c/><c/><c/><c/></r><r><c><![CDATA[3_MISC_INITIALIZECRITICALSECTION]]></c><c/><c/><c><![CDATA[FLAWFINDER]]></c><c/><c/><c/><c/><c/><c/></r><r><c><![CDATA[3_MISC_ENTERCRITICALSECTION]]></c><c/><c/><c><![CDATA[FLAWFINDER]]></c><c/><c/><c/><c/><c/><c/></r><r><c><![CDATA[3_MISC_LOADLIBRARY]]></c><c/><c/><c><![CDATA[FLAWFINDER]]></c><c/><c/><c/><c/><c/><c/></r><r><c><![CDATA[5_MISC_SETSECURITYDESCRIPTORDACL]]></c><c/><c/><c><![CDATA[FLAWFINDER]]></c><c/><c/><c/><c/><c/><c/></r><r><c><![CDATA[3_MISC_ADDACCESSALLOWEDACE]]></c><c/><c/><c><![CDATA[FLAWFINDER]]></c><c/><c/><c/><c/><c/><c/></r><r><c><![CDATA[4_MISC_GETLOGIN]]></c><c/><c/><c><![CDATA[FLAWFINDER]]></c><c/><c/><c/><c/><c/><c/></r><r><c><![CDATA[4_MISC_CUSERID]]></c><c/><c/><c><![CDATA[FLAWFINDER]]></c><c/><c/><c/><c/><c/><c/></r><r><c><![CDATA[4_BUFFER_GETPW]]></c><c/><c/><c><![CDATA[FLAWFINDER]]></c><c/><c/><c/><c/><c/><c/></r><r><c><![CDATA[4_MISC_GETPASS]]></c><c/><c/><c><![CDATA[FLAWFINDER]]></c><c/><c/><c/><c/><c/><c/></r><r><c><![CDATA[2_OBSOLETE_GSIGNAL]]></c><c/><c/><c><![CDATA[FLAWFINDER]]></c><c/><c/><c/><c/><c/><c/></r><r><c><![CDATA[1_FREE_MEMALIGN]]></c><c/><c/><c><![CDATA[FLAWFINDER]]></c><c/><c/><c/><c/><c/><c/></r><r><c><![CDATA[1_OBSOLETE_ULIMIT]]></c><c/><c/><c><![CDATA[FLAWFINDER]]></c><c/><c/><c/><c/><c/><c/></r><r><c><![CDATA[1_OBSOLETE_USLEEP]]></c><c/><c/><c><![CDATA[FLAWFINDER]]></c><c/><c/><c/><c/><c/><c/></r><r><c><![CDATA[0_INPUT_RECV]]></c><c/><c/><c><![CDATA[FLAWFINDER]]></c><c/><c/><c><![CDATA[2008-01-28 13:34:02]]></c><c/><c/><c/></r><r><c><![CDATA[SPLINT_MODNOMODS]]></c><c/><c/><c><![CDATA[SPLINT]]></c><c/><c/><c/><c/><c/><c/></r><r><c><![CDATA[SPLINT_MODOBSERVER]]></c><c/><c/><c><![CDATA[SPLINT]]></c><c/><c/><c/><c/><c/><c/></r><r><c><![CDATA[SPLINT_MODOBSERVERUNCON]]></c><c/><c/><c><![CDATA[SPLINT]]></c><c/><c/><c/><c/><c/><c/></r><r><c><![CDATA[SPLINT_MODS]]></c><c/><c/><c><![CDATA[SPLINT]]></c><c/><c/><c/><c/><c/><c/></r><r><c><![CDATA[SPLINT_MODSIMPNOGLOBS]]></c><c/><c/><c><![CDATA[SPLINT]]></c><c/><c/><c/><c/><c/><c/></r><r><c><![CDATA[SPLINT_MODSTRICTGLOBSNOMODS]]></c><c/><c/><c><![CDATA[SPLINT]]></c><c/><c/><c/><c/><c/><c/></r><r><c><![CDATA[SPLINT_MODUNCON]]></c><c/><c/><c><![CDATA[SPLINT]]></c><c/><c/><c/><c/><c/><c/></r><r><c><![CDATA[SPLINT_MODUNCONNOMODS]]></c><c/><c/><c><![CDATA[SPLINT]]></c><c/><c/><c/><c/><c/><c/></r><r><c><![CDATA[SPLINT_MULTITHREADED]]></c><c/><c/><c><![CDATA[SPLINT]]></c><c/><c/><c/><c/><c/><c/></r><r><c><![CDATA[SPLINT_MUSTDEFINE]]></c><c/><c/><c><![CDATA[SPLINT]]></c><c/><c/><c/><c/><c/><c/></r><r><c><![CDATA[SPLINT_MUSTFREE]]></c><c/><c/><c><![CDATA[SPLINT]]></c><c/><c/><c/><c/><c/><c/></r><r><c><![CDATA[SPLINT_MUSTFREEFRESH]]></c><c/><c/><c><![CDATA[SPLINT]]></c><c/><c/><c/><c/><c/><c/></r><r><c><![CDATA[SPLINT_MUSTFREEONLY]]></c><c/><c/><c><![CDATA[SPLINT]]></c><c/><c/><c/><c/><c/><c/></r><r><c><![CDATA[SPLINT_MUSTMOD]]></c><c/><c/><c><![CDATA[SPLINT]]></c><c/><c/><c/><c/><c/><c/></r><r><c><![CDATA[SPLINT_MUSTNOTALIAS]]></c><c/><c/><c><![CDATA[SPLINT]]></c><c/><c/><c/><c/><c/><c/></r><r><c><![CDATA[SPLINT_MUTREP]]></c><c/><c/><c><![CDATA[SPLINT]]></c><c/><c/><c/><c/><c/><c/></r><r><c><![CDATA[SPLINT_NEEDSPEC]]></c><c/><c/><c><![CDATA[SPLINT]]></c><c/><c/><c/><c/><c/><c/></r><r><c><![CDATA[SPLINT_NESTCOMMENT]]></c><c/><c/><c><![CDATA[SPLINT]]></c><c/><c/><c/><c/><c/><c/></r><r><c><![CDATA[SPLINT_NESTEDEXTERN]]></c><c/><c/><c><![CDATA[SPLINT]]></c><c/><c/><c/><c/><c/><c/></r><r><c><![CDATA[SPLINT_NEVERINCLUDE]]></c><c/><c/><c><![CDATA[SPLINT]]></c><c/><c/><c/><c/><c/><c/></r><r><c><![CDATA[SPLINT_NEWDECL]]></c><c/><c/><c><![CDATA[SPLINT]]></c><c/><c/><c/><c/><c/><c/></r><r><c><![CDATA[SPLINT_NEWREFTRANS]]></c><c/><c/><c><![CDATA[SPLINT]]></c><c/><c/><c/><c/><c/><c/></r><r><c><![CDATA[SPLINT_NEXTLINEMACROS]]></c><c/><c/><c><![CDATA[SPLINT]]></c><c/><c/><c/><c/><c/><c/></r><r><c><![CDATA[SPLINT_NOEFFECT]]></c><c/><c/><c><![CDATA[SPLINT]]></c><c/><c/><c/><c/><c/><c/></r><r><c><![CDATA[SPLINT_NOEFFECTUNCON]]></c><c/><c/><c><![CDATA[SPLINT]]></c><c/><c/><c/><c/><c/><c/></r><r><c><![CDATA[SPLINT_NOPARAMS]]></c><c/><c/><c><![CDATA[SPLINT]]></c><c/><c/><c/><c/><c/><c/></r><r><c><![CDATA[SPLINT_NORET]]></c><c/><c/><c><![CDATA[SPLINT]]></c><c/><c/><c/><c/><c/><c/></r><r><c><![CDATA[SPLINT_NULL]]></c><c/><c/><c><![CDATA[SPLINT]]></c><c/><c/><c/><c/><c/><c/></r><r><c><![CDATA[SPLINT_NULLASSIGN]]></c><c/><c/><c><![CDATA[SPLINT]]></c><c/><c/><c/><c/><c/><c/></r><r><c><![CDATA[SPLINT_NULLDEREF]]></c><c/><c/><c><![CDATA[SPLINT]]></c><c/><c/><c/><c/><c/><c/></r><r><c><![CDATA[SPLINT_NULLINIT]]></c><c/><c/><c><![CDATA[SPLINT]]></c><c/><c/><c/><c/><c/><c/></r><r><c><![CDATA[SPLINT_NULLPASS]]></c><c/><c/><c><![CDATA[SPLINT]]></c><c/><c/><c/><c/><c/><c/></r><r><c><![CDATA[SPLINT_NULLPTRARITH]]></c><c/><c/><c><![CDATA[SPLINT]]></c><c/><c/><c/><c/><c/><c/></r><r><c><![CDATA[SPLINT_NULLRET]]></c><c/><c/><c><![CDATA[SPLINT]]></c><c/><c/><c/><c/><c/><c/></r><r><c><![CDATA[SPLINT_NULLSTATE]]></c><c/><c/><c><![CDATA[SPLINT]]></c><c/><c/><c/><c/><c/><c/></r><r><c><![CDATA[SPLINT_NULLTERMINATED]]></c><c/><c/><c><![CDATA[SPLINT]]></c><c/><c/><c/><c/><c/><c/></r><r><c><![CDATA[SPLINT_NUMABSTRACT]]></c><c/><c/><c><![CDATA[SPLINT]]></c><c/><c/><c/><c/><c/><c/></r><r><c><![CDATA[SPLINT_NUMABSTRACTCAST]]></c><c/><c/><c><![CDATA[SPLINT]]></c><c/><c/><c/><c/><c/><c/></r><r><c><![CDATA[SPLINT_NUMABSTRACTINDEX]]></c><c/><c/><c><![CDATA[SPLINT]]></c><c/><c/><c/><c/><c/><c/></r><r><c><![CDATA[SPLINT_NUMABSTRACTLIT]]></c><c/><c/><c><![CDATA[SPLINT]]></c><c/><c/><c/><c/><c/><c/></r><r><c><![CDATA[SPLINT_NUMABSTRACTPRINT]]></c><c/><c/><c><![CDATA[SPLINT]]></c><c/><c/><c/><c/><c/><c/></r><r><c><![CDATA[SPLINT_NUMENUMMEMBERS]]></c><c/><c/><c><![CDATA[SPLINT]]></c><c/><c/><c/><c/><c/><c/></r><r><c><![CDATA[SPLINT_NUMLITERAL]]></c><c/><c/><c><![CDATA[SPLINT]]></c><c/><c/><c/><c/><c/><c/></r><r><c><![CDATA[SPLINT_NUMSTRUCTFIELDS]]></c><c/><c/><c><![CDATA[SPLINT]]></c><c/><c/><c/><c/><c/><c/></r><r><c><![CDATA[SPLINT_OBSERVERTRANS]]></c><c/><c/><c><![CDATA[SPLINT]]></c><c/><c/><c/><c/><c/><c/></r><r><c><![CDATA[SPLINT_OLDSTYLE]]></c><c/><c/><c><![CDATA[SPLINT]]></c><c/><c/><c/><c/><c/><c/></r><r><c><![CDATA[SPLINT_ONLYTRANS]]></c><c/><c/><c><![CDATA[SPLINT]]></c><c/><c/><c/><c/><c/><c/></r><r><c><![CDATA[SPLINT_ONLYUNQGLOBALTRANS]]></c><c/><c/><c><![CDATA[SPLINT]]></c><c/><c/><c/><c/><c/><c/></r><r><c><![CDATA[SPLINT_OVERLOAD]]></c><c/><c/><c><![CDATA[SPLINT]]></c><c/><c/><c/><c/><c/><c/></r><r><c><![CDATA[SPLINT_OWNEDTRANS]]></c><c/><c/><c><![CDATA[SPLINT]]></c><c/><c/><c/><c/><c/><c/></r><r><c><![CDATA[SPLINT_PARAMUSE]]></c><c/><c/><c><![CDATA[SPLINT]]></c><c/><c/><c/><c/><c/><c/></r><r><c><![CDATA[SPLINT_PORTABILITY]]></c><c/><c/><c><![CDATA[SPLINT]]></c><c/><c/><c/><c/><c/><c/></r><r><c><![CDATA[SPLINT_POSIXLIB]]></c><c/><c/><c><![CDATA[SPLINT]]></c><c/><c/><c/><c/><c/><c/></r><r><c><![CDATA[SPLINT_POSIXSTRICTLIB]]></c><c/><c/><c><![CDATA[SPLINT]]></c><c/><c/><c/><c/><c/><c/></r><r><c><![CDATA[SPLINT_PREDASSIGN]]></c><c/><c/><c><![CDATA[SPLINT]]></c><c/><c/><c/><c/><c/><c/></r><r><c><![CDATA[SPLINT_PREDBOOL]]></c><c/><c/><c><![CDATA[SPLINT]]></c><c/><c/><c/><c/><c/><c/></r><r><c><![CDATA[SPLINT_PREDBOOLINT]]></c><c/><c/><c><![CDATA[SPLINT]]></c><c/><c/><c/><c/><c/><c/></r><r><c><![CDATA[SPLINT_PREDBOOLOTHERS]]></c><c/><c/><c><![CDATA[SPLINT]]></c><c/><c/><c/><c/><c/><c/></r><r><c><![CDATA[SPLINT_PREDBOOLPTR]]></c><c/><c/><c><![CDATA[SPLINT]]></c><c/><c/><c/><c/><c/><c/></r><r><c><![CDATA[SPLINT_PREPROC]]></c><c/><c/><c><![CDATA[SPLINT]]></c><c/><c/><c/><c/><c/><c/></r><r><c><![CDATA[SPLINT_PROTOPARAMMATCH]]></c><c/><c/><c><![CDATA[SPLINT]]></c><c/><c/><c/><c/><c/><c/></r><r><c><![CDATA[SPLINT_PROTOPARAMNAME]]></c><c/><c/><c><![CDATA[SPLINT]]></c><c/><c/><c/><c/><c/><c/></r><r><c><![CDATA[SPLINT_PROTOPARAMPREFIX]]></c><c/><c/><c><![CDATA[SPLINT]]></c><c/><c/><c/><c/><c/><c/></r><r><c><![CDATA[SPLINT_PROTOPARAMPREFIXEXCLUDE]]></c><c/><c/><c><![CDATA[SPLINT]]></c><c/><c/><c/><c/><c/><c/></r><r><c><![CDATA[SPLINT_PTRARITH]]></c><c/><c/><c><![CDATA[SPLINT]]></c><c/><c/><c/><c/><c/><c/></r><r><c><![CDATA[SPLINT_PTRCOMPARE]]></c><c/><c/><c><![CDATA[SPLINT]]></c><c/><c/><c/><c/><c/><c/></r><r><c><![CDATA[SPLINT_PTRNEGATE]]></c><c/><c/><c><![CDATA[SPLINT]]></c><c/><c/><c/><c/><c/><c/></r><r><c><![CDATA[SPLINT_READONLYSTRINGS]]></c><c/><c/><c><![CDATA[SPLINT]]></c><c/><c/><c/><c/><c/><c/></r><r><c><![CDATA[SPLINT_READONLYTRANS]]></c><c/><c/><c><![CDATA[SPLINT]]></c><c/><c/><c/><c/><c/><c/></r><r><c><![CDATA[SPLINT_REALCOMPARE]]></c><c/><c/><c><![CDATA[SPLINT]]></c><c/><c/><c/><c/><c/><c/></r><r><c><![CDATA[SPLINT_REALRELATECOMPARE]]></c><c/><c/><c><![CDATA[SPLINT]]></c><c/><c/><c/><c/><c/><c/></r><r><c><![CDATA[SPLINT_REDECL]]></c><c/><c/><c><![CDATA[SPLINT]]></c><c/><c/><c/><c/><c/><c/></r><r><c><![CDATA[SPLINT_REDEF]]></c><c/><c/><c><![CDATA[SPLINT]]></c><c/><c/><c/><c/><c/><c/></r><r><c><![CDATA[SPLINT_REDUNDANTCONSTRAINTS]]></c><c/><c/><c><![CDATA[SPLINT]]></c><c/><c/><c/><c/><c/><c/></r><r><c><![CDATA[SPLINT_REDUNDANTSHAREQUAL]]></c><c/><c/><c><![CDATA[SPLINT]]></c><c/><c/><c/><c/><c/><c/></r><r><c><![CDATA[SPLINT_REFCOUNTTRANS]]></c><c/><c/><c><![CDATA[SPLINT]]></c><c/><c/><c/><c/><c/><c/></r><r><c><![CDATA[SPLINT_RELAXQUALS]]></c><c/><c/><c><![CDATA[SPLINT]]></c><c/><c/><c/><c/><c/><c/></r><r><c><![CDATA[SPLINT_RELAXTYPES]]></c><c/><c/><c><![CDATA[SPLINT]]></c><c/><c/><c/><c/><c/><c/></r><r><c><![CDATA[SPLINT_REPEATUNRECOG]]></c><c/><c/><c><![CDATA[SPLINT]]></c><c/><c/><c/><c/><c/><c/></r><r><c><![CDATA[SPLINT_REPEXPOSE]]></c><c/><c/><c><![CDATA[SPLINT]]></c><c/><c/><c/><c/><c/><c/></r><r><c><![CDATA[SPLINT_RETALIAS]]></c><c/><c/><c><![CDATA[SPLINT]]></c><c/><c/><c/><c/><c/><c/></r><r><c><![CDATA[SPLINT_RETEXPOSE]]></c><c/><c/><c><![CDATA[SPLINT]]></c><c/><c/><c/><c/><c/><c/></r><r><c><![CDATA[SPLINT_RETVAL]]></c><c/><c/><c><![CDATA[SPLINT]]></c><c/><c/><c/><c/><c/><c/></r><r><c><![CDATA[SPLINT_RETVALBOOL]]></c><c/><c/><c><![CDATA[SPLINT]]></c><c/><c/><c/><c/><c/><c/></r><r><c><![CDATA[SPLINT_RETVALINT]]></c><c/><c/><c><![CDATA[SPLINT]]></c><c/><c/><c/><c/><c/><c/></r><r><c><![CDATA[SPLINT_RETVALOTHER]]></c><c/><c/><c><![CDATA[SPLINT]]></c><c/><c/><c/><c/><c/><c/></r><r><c><![CDATA[SPLINT_SEFPARAMS]]></c><c/><c/><c><![CDATA[SPLINT]]></c><c/><c/><c/><c/><c/><c/></r><r><c><![CDATA[SPLINT_SEFUNCON]]></c><c/><c/><c><![CDATA[SPLINT]]></c><c/><c/><c/><c/><c/><c/></r><r><c><![CDATA[SPLINT_SHADOW]]></c><c/><c/><c><![CDATA[SPLINT]]></c><c/><c/><c/><c/><c/><c/></r><r><c><![CDATA[SPLINT_SHAREDTRANS]]></c><c/><c/><c><![CDATA[SPLINT]]></c><c/><c/><c/><c/><c/><c/></r><r><c><![CDATA[SPLINT_SHIFTIMPLEMENTATION]]></c><c/><c/><c><![CDATA[SPLINT]]></c><c/><c/><c/><c/><c/><c/></r><r><c><![CDATA[SPLINT_SHIFTNEGATIVE]]></c><c/><c/><c><![CDATA[SPLINT]]></c><c/><c/><c/><c/><c/><c/></r><r><c><![CDATA[SPLINT_SHORTINT]]></c><c/><c/><c><![CDATA[SPLINT]]></c><c/><c/><c/><c/><c/><c/></r><r><c><![CDATA[SPLINT_SINGLEINCLUDE]]></c><c/><c/><c><![CDATA[SPLINT]]></c><c/><c/><c/><c/><c/><c/></r><r><c><![CDATA[SPLINT_SIZEOFFORMALARRAY]]></c><c/><c/><c><![CDATA[SPLINT]]></c><c/><c/><c/><c/><c/><c/></r><r><c><![CDATA[SPLINT_SIZEOFTYPE]]></c><c/><c/><c><![CDATA[SPLINT]]></c><c/><c/><c/><c/><c/><c/></r><r><c><![CDATA[SPLINT_SLASHSLASHCOMMENT]]></c><c/><c/><c><![CDATA[SPLINT]]></c><c/><c/><c/><c/><c/><c/></r><r><c><![CDATA[SPLINT_SLOVAK]]></c><c/><c/><c><![CDATA[SPLINT]]></c><c/><c/><c/><c/><c/><c/></r><r><c><![CDATA[SPLINT_SLOVAKCONSTS]]></c><c/><c/><c><![CDATA[SPLINT]]></c><c/><c/><c/><c/><c/><c/></r><r><c><![CDATA[SPLINT_SLOVAKFCNS]]></c><c/><c/><c><![CDATA[SPLINT]]></c><c/><c/><c/><c/><c/><c/></r><r><c><![CDATA[SPLINT_SLOVAKMACROS]]></c><c/><c/><c><![CDATA[SPLINT]]></c><c/><c/><c/><c/><c/><c/></r><r><c><![CDATA[SPLINT_SLOVAKTYPES]]></c><c/><c/><c><![CDATA[SPLINT]]></c><c/><c/><c/><c/><c/><c/></r><r><c><![CDATA[SPLINT_SLOVAKVARS]]></c><c/><c/><c><![CDATA[SPLINT]]></c><c/><c/><c/><c/><c/><c/></r><r><c><![CDATA[SPLINT_SPECUNDECL]]></c><c/><c/><c><![CDATA[SPLINT]]></c><c/><c/><c/><c/><c/><c/></r><r><c><![CDATA[SPLINT_SPECUNDEF]]></c><c/><c/><c><![CDATA[SPLINT]]></c><c/><c/><c/><c/><c/><c/></r><r><c><![CDATA[SPLINT_STACKREF]]></c><c/><c/><c><![CDATA[SPLINT]]></c><c/><c/><c/><c/><c/><c/></r><r><c><![CDATA[SPLINT_STATEMERGE]]></c><c/><c/><c><![CDATA[SPLINT]]></c><c/><c/><c/><c/><c/><c/></r><r><c><![CDATA[SPLINT_STATETRANSFER]]></c><c/><c/><c><![CDATA[SPLINT]]></c><c/><c/><c/><c/><c/><c/></r><r><c><![CDATA[SPLINT_STATICINITTRANS]]></c><c/><c/><c><![CDATA[SPLINT]]></c><c/><c/><c/><c/><c/><c/></r><r><c><![CDATA[SPLINT_STATICTRANS]]></c><c/><c/><c><![CDATA[SPLINT]]></c><c/><c/><c/><c/><c/><c/></r><r><c><![CDATA[SPLINT_STRICTBRANCHSTATE]]></c><c/><c/><c><![CDATA[SPLINT]]></c><c/><c/><c/><c/><c/><c/></r><r><c><![CDATA[SPLINT_STRICTLIB]]></c><c/><c/><c><![CDATA[SPLINT]]></c><c/><c/><c/><c/><c/><c/></r><r><c><![CDATA[SPLINT_STRICTOPS]]></c><c/><c/><c><![CDATA[SPLINT]]></c><c/><c/><c/><c/><c/><c/></r><r><c><![CDATA[SPLINT_STRICTUSERELEASED]]></c><c/><c/><c><![CDATA[SPLINT]]></c><c/><c/><c/><c/><c/><c/></r><r><c><![CDATA[SPLINT_STRINGLITERALLEN]]></c><c/><c/><c><![CDATA[SPLINT]]></c><c/><c/><c/><c/><c/><c/></r><r><c><![CDATA[SPLINT_STRINGLITERALNOROOM]]></c><c/><c/><c><![CDATA[SPLINT]]></c><c/><c/><c/><c/><c/><c/></r><r><c><![CDATA[SPLINT_STRINGLITERALNOROOMFINALNULL]]></c><c/><c/><c><![CDATA[SPLINT]]></c><c/><c/><c/><c/><c/><c/></r><r><c><![CDATA[SPLINT_STRINGLITERALSMALLER]]></c><c/><c/><c><![CDATA[SPLINT]]></c><c/><c/><c/><c/><c/><c/></r><r><c><![CDATA[SPLINT_STRINGLITERALTOOLONG]]></c><c/><c/><c><![CDATA[SPLINT]]></c><c/><c/><c/><c/><c/><c/></r><r><c><![CDATA[SPLINT_SUPERUSER]]></c><c/><c/><c><![CDATA[SPLINT]]></c><c/><c/><c/><c/><c/><c/></r><r><c><![CDATA[SPLINT_SWITCHLOOPBREAK]]></c><c/><c/><c><![CDATA[SPLINT]]></c><c/><c/><c/><c/><c/><c/></r><r><c><![CDATA[SPLINT_SWITCHSWITCHBREAK]]></c><c/><c/><c><![CDATA[SPLINT]]></c><c/><c/><c/><c/><c/><c/></r><r><c><![CDATA[SPLINT_SYNTAX]]></c><c/><c/><c><![CDATA[SPLINT]]></c><c/><c/><c/><c/><c/><c/></r><r><c><![CDATA[SPLINT_SYSDIRS]]></c><c/><c/><c><![CDATA[SPLINT]]></c><c/><c/><c/><c/><c/><c/></r><r><c><![CDATA[SPLINT_SYSUNRECOG]]></c><c/><c/><c><![CDATA[SPLINT]]></c><c/><c/><c/><c/><c/><c/></r><r><c><![CDATA[SPLINT_TAGPREFIX]]></c><c/><c/><c><![CDATA[SPLINT]]></c><c/><c/><c/><c/><c/><c/></r><r><c><![CDATA[SPLINT_TAGPREFIXEXCLUDE]]></c><c/><c/><c><![CDATA[SPLINT]]></c><c/><c/><c/><c/><c/><c/></r><r><c><![CDATA[SPLINT_TEMPTRANS]]></c><c/><c/><c><![CDATA[SPLINT]]></c><c/><c/><c/><c/><c/><c/></r><r><c><![CDATA[SPLINT_TOCTOU]]></c><c/><c/><c><![CDATA[SPLINT]]></c><c/><c/><c/><c/><c/><c/></r><r><c><![CDATA[SPLINT_TOPUSE]]></c><c/><c/><c><![CDATA[SPLINT]]></c><c/><c/><c/><c/><c/><c/></r><r><c><![CDATA[SPLINT_TRYTORECOVER]]></c><c/><c/><c><![CDATA[SPLINT]]></c><c/><c/><c/><c/><c/><c/></r><r><c><![CDATA[SPLINT_TYPE]]></c><c/><c/><c><![CDATA[SPLINT]]></c><c/><c/><c/><c/><c/><c/></r><r><c><![CDATA[SPLINT_TYPEPREFIX]]></c><c/><c/><c><![CDATA[SPLINT]]></c><c/><c/><c/><c/><c/><c/></r><r><c><![CDATA[SPLINT_TYPEPREFIXEXCLUDE]]></c><c/><c/><c><![CDATA[SPLINT]]></c><c/><c/><c/><c/><c/><c/></r><r><c><![CDATA[SPLINT_TYPEUSE]]></c><c/><c/><c><![CDATA[SPLINT]]></c><c/><c/><c/><c/><c/><c/></r><r><c><![CDATA[SPLINT_UNCHECKEDGLOBALIAS]]></c><c/><c/><c><![CDATA[SPLINT]]></c><c/><c/><c/><c/><c/><c/></r><r><c><![CDATA[SPLINT_UNCHECKEDMACROPREFIX]]></c><c/><c/><c><![CDATA[SPLINT]]></c><c/><c/><c/><c/><c/><c/></r><r><c><![CDATA[SPLINT_UNCHECKEDMACROPREFIXEXCLUDE]]></c><c/><c/><c><![CDATA[SPLINT]]></c><c/><c/><c/><c/><c/><c/></r><r><c><![CDATA[SPLINT_UNIONDEF]]></c><c/><c/><c><![CDATA[SPLINT]]></c><c/><c/><c/><c/><c/><c/></r><r><c><![CDATA[SPLINT_UNIXLIB]]></c><c/><c/><c><![CDATA[SPLINT]]></c><c/><c/><c/><c/><c/><c/></r><r><c><![CDATA[SPLINT_UNIXSTANDARD]]></c><c/><c/><c><![CDATA[SPLINT]]></c><c/><c/><c/><c/><c/><c/></r><r><c><![CDATA[SPLINT_UNIXSTRICTLIB]]></c><c/><c/><c><![CDATA[SPLINT]]></c><c/><c/><c/><c/><c/><c/></r><r><c><![CDATA[SPLINT_EXPOSETRANS]]></c><c/><c/><c><![CDATA[SPLINT]]></c><c/><c/><c/><c/><c/><c/></r><r><c><![CDATA[SPLINT_EXTERNALNAMECASEINSENSITIVE]]></c><c/><c/><c><![CDATA[SPLINT]]></c><c/><c/><c/><c/><c/><c/></r><r><c><![CDATA[SPLINT_EXTERNALNAMELEN]]></c><c/><c/><c><![CDATA[SPLINT]]></c><c/><c/><c/><c/><c/><c/></r><r><c><![CDATA[SPLINT_EXTERNALPREFIX]]></c><c/><c/><c><![CDATA[SPLINT]]></c><c/><c/><c/><c/><c/><c/></r><r><c><![CDATA[SPLINT_EXTERNALPREFIXEXCLUDE]]></c><c/><c/><c><![CDATA[SPLINT]]></c><c/><c/><c/><c/><c/><c/></r><r><c><![CDATA[SPLINT_FCNDEREF]]></c><c/><c/><c><![CDATA[SPLINT]]></c><c/><c/><c/><c/><c/><c/></r><r><c><![CDATA[SPLINT_FCNMACROS]]></c><c/><c/><c><![CDATA[SPLINT]]></c><c/><c/><c/><c/><c/><c/></r><r><c><![CDATA[SPLINT_FCNPOST]]></c><c/><c/><c><![CDATA[SPLINT]]></c><c/><c/><c/><c/><c/><c/></r><r><c><![CDATA[SPLINT_FCNUSE]]></c><c/><c/><c><![CDATA[SPLINT]]></c><c/><c/><c/><c/><c/><c/></r><r><c><![CDATA[SPLINT_FIELDUSE]]></c><c/><c/><c><![CDATA[SPLINT]]></c><c/><c/><c/><c/><c/><c/></r><r><c><![CDATA[SPLINT_FILESTATICPREFIX]]></c><c/><c/><c><![CDATA[SPLINT]]></c><c/><c/><c/><c/><c/><c/></r><r><c><![CDATA[SPLINT_FILESTATICPREFIXEXCLUDE]]></c><c/><c/><c><![CDATA[SPLINT]]></c><c/><c/><c/><c/><c/><c/></r><r><c><![CDATA[SPLINT_FIRSTCASE]]></c><c/><c/><c><![CDATA[SPLINT]]></c><c/><c/><c/><c/><c/><c/></r><r><c><![CDATA[SPLINT_FIXEDFORMALARRAY]]></c><c/><c/><c><![CDATA[SPLINT]]></c><c/><c/><c/><c/><c/><c/></r><r><c><![CDATA[SPLINT_FLOATDOUBLE]]></c><c/><c/><c><![CDATA[SPLINT]]></c><c/><c/><c/><c/><c/><c/></r><r><c><![CDATA[SPLINT_FORBLOCK]]></c><c/><c/><c><![CDATA[SPLINT]]></c><c/><c/><c/><c/><c/><c/></r><r><c><![CDATA[SPLINT_FORCEHINTS]]></c><c/><c/><c><![CDATA[SPLINT]]></c><c/><c/><c/><c/><c/><c/></r><r><c><![CDATA[SPLINT_FOREMPTY]]></c><c/><c/><c><![CDATA[SPLINT]]></c><c/><c/><c/><c/><c/><c/></r><r><c><![CDATA[SPLINT_FORMALARRAY]]></c><c/><c/><c><![CDATA[SPLINT]]></c><c/><c/><c/><c/><c/><c/></r><r><c><![CDATA[SPLINT_FORMATCODE]]></c><c/><c/><c><![CDATA[SPLINT]]></c><c/><c/><c/><c/><c/><c/></r><r><c><![CDATA[SPLINT_FORMATCONST]]></c><c/><c/><c><![CDATA[SPLINT]]></c><c/><c/><c/><c/><c/><c/></r><r><c><![CDATA[SPLINT_FORMATTYPE]]></c><c/><c/><c><![CDATA[SPLINT]]></c><c/><c/><c/><c/><c/><c/></r><r><c><![CDATA[CPPCHECK_ARRAYINDEXOUTOFBOUNDS]]></c><c/><c/><c><![CDATA[CPPCHECK]]></c><c/><c/><c/><c/><c/><c/></r><r><c><![CDATA[CPPCHECK_BUFFERACCESSOUTOFBOUNDS]]></c><c/><c/><c><![CDATA[CPPCHECK]]></c><c/><c/><c/><c/><c/><c/></r><r><c><![CDATA[CPPCHECK_DANGEROUSSTDCIN]]></c><c/><c/><c><![CDATA[CPPCHECK]]></c><c/><c/><c/><c/><c/><c/></r><r><c><![CDATA[CPPCHECK_STRNCATUSAGE]]></c><c/><c/><c><![CDATA[CPPCHECK]]></c><c/><c/><c/><c/><c/><c/></r><r><c><![CDATA[CPPCHECK_OUTOFBOUNDS]]></c><c/><c/><c><![CDATA[CPPCHECK]]></c><c/><c/><c/><c/><c/><c/></r><r><c><![CDATA[CPPCHECK_SIZEARGUMENTASCHAR]]></c><c/><c/><c><![CDATA[CPPCHECK]]></c><c/><c/><c/><c/><c/><c/></r><r><c><![CDATA[CPPCHECK_TERMINATESTRNCPY]]></c><c/><c/><c><![CDATA[CPPCHECK]]></c><c/><c/><c/><c/><c/><c/></r><r><c><![CDATA[CPPCHECK_THISSUBTRACTION]]></c><c/><c/><c><![CDATA[CPPCHECK]]></c><c/><c/><c/><c/><c/><c/></r><r><c><![CDATA[CPPCHECK_NOCONSTRUCTOR]]></c><c/><c/><c><![CDATA[CPPCHECK]]></c><c/><c/><c/><c/><c/><c/></r><r><c><![CDATA[CPPCHECK_UNINITVAR]]></c><c/><c/><c><![CDATA[CPPCHECK]]></c><c/><c/><c/><c/><c/><c/></r><r><c><![CDATA[CPPCHECK_OPERATOREQVARERROR]]></c><c/><c/><c><![CDATA[CPPCHECK]]></c><c/><c/><c/><c/><c/><c/></r><r><c><![CDATA[CPPCHECK_UNUSEDPRIVATEFUNCTION]]></c><c/><c/><c><![CDATA[CPPCHECK]]></c><c/><c/><c/><c/><c/><c/></r><r><c><![CDATA[CPPCHECK_MEMSETCLASS]]></c><c/><c/><c><![CDATA[CPPCHECK]]></c><c/><c/><c/><c/><c/><c/></r><r><c><![CDATA[CPPCHECK_MEMSETSTRUCT]]></c><c/><c/><c><![CDATA[CPPCHECK]]></c><c/><c/><c/><c/><c/><c/></r><r><c><![CDATA[CPPCHECK_OPERATOREQ]]></c><c/><c/><c><![CDATA[CPPCHECK]]></c><c/><c/><c/><c/><c/><c/></r><r><c><![CDATA[CPPCHECK_VIRTUALDESTRUCTOR]]></c><c/><c/><c><![CDATA[CPPCHECK]]></c><c/><c/><c/><c/><c/><c/></r><r><c><![CDATA[CPPCHECK_OPERATOREQRETREFTHIS]]></c><c/><c/><c><![CDATA[CPPCHECK]]></c><c/><c/><c/><c/><c/><c/></r><r><c><![CDATA[CPPCHECK_OPERATOREQTOSELF]]></c><c/><c/><c><![CDATA[CPPCHECK]]></c><c/><c/><c/><c/><c/><c/></r><r><c><![CDATA[CPPCHECK_DANGEROUSFUNCTIONMKTEMP]]></c><c/><c/><c><![CDATA[CPPCHECK]]></c><c/><c/><c/><c/><c/><c/></r><r><c><![CDATA[CPPCHECK_DANGEROUSFUNCTIONGETS]]></c><c/><c/><c><![CDATA[CPPCHECK]]></c><c/><c/><c/><c/><c/><c/></r><r><c><![CDATA[CPPCHECK_DANGEROUSFUNCTIONSCANF]]></c><c/><c/><c><![CDATA[CPPCHECK]]></c><c/><c/><c/><c/><c/><c/></r><r><c><![CDATA[CPPCHECK_EXCEPTTHROWINDESTRUCTOR]]></c><c/><c/><c><![CDATA[CPPCHECK]]></c><c/><c/><c/><c/><c/><c/></r><r><c><![CDATA[CPPCHECK_EXCEPTNEW]]></c><c/><c/><c><![CDATA[CPPCHECK]]></c><c/><c/><c/><c/><c/><c/></r><r><c><![CDATA[CPPCHECK_EXCEPTREALLOC]]></c><c/><c/><c><![CDATA[CPPCHECK]]></c><c/><c/><c/><c/><c/><c/></r><r><c><![CDATA[CPPCHECK_EXCEPTDEALLOCTHROW]]></c><c/><c/><c><![CDATA[CPPCHECK]]></c><c/><c/><c/><c/><c/><c/></r><r><c><![CDATA[CPPCHECK_CSTYLECAST]]></c><c/><c/><c><![CDATA[CPPCHECK]]></c><c/><c/><c/><c/><c/><c/></r><r><c><![CDATA[CPPCHECK_REDUNDANTIFDELETE0]]></c><c/><c/><c><![CDATA[CPPCHECK]]></c><c/><c/><c/><c/><c/><c/></r><r><c><![CDATA[CPPCHECK_REDUNDANTIFREMOVE]]></c><c/><c/><c><![CDATA[CPPCHECK]]></c><c/><c/><c/><c/><c/><c/></r><r><c><![CDATA[CPPCHECK_DANGEROUSUSAGESTRTOL]]></c><c/><c/><c><![CDATA[CPPCHECK]]></c><c/><c/><c/><c/><c/><c/></r><r><c><![CDATA[CPPCHECK_SPRINTFOVERLAPPINGDATA]]></c><c/><c/><c><![CDATA[CPPCHECK]]></c><c/><c/><c/><c/><c/><c/></r><r><c><![CDATA[CPPCHECK_UDIVERROR]]></c><c/><c/><c><![CDATA[CPPCHECK]]></c><c/><c/><c/><c/><c/><c/></r><r><c><![CDATA[CPPCHECK_UDIVWARNING]]></c><c/><c/><c><![CDATA[CPPCHECK]]></c><c/><c/><c/><c/><c/><c/></r><r><c><![CDATA[CPPCHECK_UNUSEDSTRUCTMEMBER]]></c><c/><c/><c><![CDATA[CPPCHECK]]></c><c/><c/><c/><c/><c/><c/></r><r><c><![CDATA[CPPCHECK_PASSEDBYVALUE]]></c><c/><c/><c><![CDATA[CPPCHECK]]></c><c/><c/><c/><c/><c/><c/></r><r><c><![CDATA[CPPCHECK_CONSTSTATEMENT]]></c><c/><c/><c><![CDATA[CPPCHECK]]></c><c/><c/><c/><c/><c/><c/></r><r><c><![CDATA[CPPCHECK_CHARARRAYINDEX]]></c><c/><c/><c><![CDATA[CPPCHECK]]></c><c/><c/><c/><c/><c/><c/></r><r><c><![CDATA[CPPCHECK_CHARBITOP]]></c><c/><c/><c><![CDATA[CPPCHECK]]></c><c/><c/><c/><c/><c/><c/></r><r><c><![CDATA[CPPCHECK_VARIABLESCOPE]]></c><c/><c/><c><![CDATA[CPPCHECK]]></c><c/><c/><c/><c/><c/><c/></r><r><c><![CDATA[CPPCHECK_CONDITIONALWAYSTRUEFALSE]]></c><c/><c/><c><![CDATA[CPPCHECK]]></c><c/><c/><c/><c/><c/><c/></r><r><c><![CDATA[CPPCHECK_STRPLUSCHAR]]></c><c/><c/><c><![CDATA[CPPCHECK]]></c><c/><c/><c/><c/><c/><c/></r><r><c><![CDATA[CPPCHECK_NULLPOINTER]]></c><c/><c/><c><![CDATA[CPPCHECK]]></c><c/><c/><c/><c/><c/><c/></r><r><c><![CDATA[CPPCHECK_UNINITDATA]]></c><c/><c/><c><![CDATA[CPPCHECK]]></c><c/><c/><c/><c/><c/><c/></r><r><c><![CDATA[CPPCHECK_ZERODIV]]></c><c/><c/><c><![CDATA[CPPCHECK]]></c><c/><c/><c/><c/><c/><c/></r><r><c><![CDATA[CPPCHECK_POSTINCREMENTDECREMENT]]></c><c/><c/><c><![CDATA[CPPCHECK]]></c><c/><c/><c/><c/><c/><c/></r><r><c><![CDATA[CPPCHECK_ITERATORS]]></c><c/><c/><c><![CDATA[CPPCHECK]]></c><c/><c/><c/><c/><c/><c/></r><r><c><![CDATA[CPPCHECK_ERASEDEREFERENCE]]></c><c/><c/><c><![CDATA[CPPCHECK]]></c><c/><c/><c/><c/><c/><c/></r><r><c><![CDATA[CPPCHECK_MISMATCHINGCONTAINERS]]></c><c/><c/><c><![CDATA[CPPCHECK]]></c><c/><c/><c/><c/><c/><c/></r><r><c><![CDATA[CPPCHECK_STLOUTOFBOUNDS]]></c><c/><c/><c><![CDATA[CPPCHECK]]></c><c/><c/><c/><c/><c/><c/></r><r><c><![CDATA[CPPCHECK_ERASE]]></c><c/><c/><c><![CDATA[CPPCHECK]]></c><c/><c/><c/><c/><c/><c/></r><r><c><![CDATA[CPPCHECK_INVALIDITERATOR]]></c><c/><c/><c><![CDATA[CPPCHECK]]></c><c/><c/><c/><c/><c/><c/></r><r><c><![CDATA[CPPCHECK_INVALIDPOINTER]]></c><c/><c/><c><![CDATA[CPPCHECK]]></c><c/><c/><c/><c/><c/><c/></r><r><c><![CDATA[CPPCHECK_STLBOUNDRIES]]></c><c/><c/><c><![CDATA[CPPCHECK]]></c><c/><c/><c/><c/><c/><c/></r><r><c><![CDATA[CPPCHECK_STLFIND]]></c><c/><c/><c><![CDATA[CPPCHECK]]></c><c/><c/><c/><c/><c/><c/></r><r><c><![CDATA[CPPCHECK_STLSIZE]]></c><c/><c/><c><![CDATA[CPPCHECK]]></c><c/><c/><c/><c/><c/><c/></r><r><c><![CDATA[CPPCHECK_UNUSEDFUNCTION]]></c><c/><c/><c><![CDATA[CPPCHECK]]></c><c/><c/><c/><c/><c/><c/></r><r><c><![CDATA[CPPCHECK_MEMLEAK]]></c><c/><c/><c><![CDATA[CPPCHECK]]></c><c/><c/><c/><c/><c/><c/></r><r><c><![CDATA[CPPCHECK_AUTOVARIABLES]]></c><c/><c/><c><![CDATA[CPPCHECK]]></c><c/><c/><c/><c/><c/><c/></r><r><c><![CDATA[CPPCHECK_RETURNLOCALVARIABLE]]></c><c/><c/><c><![CDATA[CPPCHECK]]></c><c/><c/><c/><c/><c/><c/></r><r><c><![CDATA[CPPCHECK_RESOURCELEAK]]></c><c/><c/><c><![CDATA[CPPCHECK]]></c><c/><c/><c/><c/><c/><c/></r><r><c><![CDATA[CPPCHECK_DEALLOCDEALLOC]]></c><c/><c/><c><![CDATA[CPPCHECK]]></c><c/><c/><c/><c/><c/><c/></r><r><c><![CDATA[CPPCHECK_DEALLOCUSE]]></c><c/><c/><c><![CDATA[CPPCHECK]]></c><c/><c/><c/><c/><c/><c/></r><r><c><![CDATA[CPPCHECK_MISMATCHSIZE]]></c><c/><c/><c><![CDATA[CPPCHECK]]></c><c/><c/><c/><c/><c/><c/></r><r><c><![CDATA[CPPCHECK_MISMATCHALLOCDEALLOC]]></c><c/><c/><c><![CDATA[CPPCHECK]]></c><c/><c/><c/><c/><c/><c/></r><r><c><![CDATA[SPLINT_UNQUALIFIEDINITTRANS]]></c><c/><c/><c><![CDATA[SPLINT]]></c><c/><c/><c/><c/><c/><c/></r><r><c><![CDATA[SPLINT_UNQUALIFIEDTRANS]]></c><c/><c/><c><![CDATA[SPLINT]]></c><c/><c/><c/><c/><c/><c/></r><r><c><![CDATA[SPLINT_UNREACHABLE]]></c><c/><c/><c><![CDATA[SPLINT]]></c><c/><c/><c/><c/><c/><c/></r><r><c><![CDATA[SPLINT_UNRECOG]]></c><c/><c/><c><![CDATA[SPLINT]]></c><c/><c/><c/><c/><c/><c/></r><r><c><![CDATA[SPLINT_UNRECOGCOMMENTS]]></c><c/><c/><c><![CDATA[SPLINT]]></c><c/><c/><c/><c/><c/><c/></r><r><c><![CDATA[SPLINT_UNRECOGDIRECTIVE]]></c><c/><c/><c><![CDATA[SPLINT]]></c><c/><c/><c/><c/><c/><c/></r><r><c><![CDATA[SPLINT_UNRECOGFLAGCOMMENTS]]></c><c/><c/><c><![CDATA[SPLINT]]></c><c/><c/><c/><c/><c/><c/></r><r><c><![CDATA[SPLINT_UNSIGNEDCOMPARE]]></c><c/><c/><c><![CDATA[SPLINT]]></c><c/><c/><c/><c/><c/><c/></r><r><c><![CDATA[SPLINT_USEDEF]]></c><c/><c/><c><![CDATA[SPLINT]]></c><c/><c/><c/><c/><c/><c/></r><r><c><![CDATA[SPLINT_USERELEASED]]></c><c/><c/><c><![CDATA[SPLINT]]></c><c/><c/><c/><c/><c/><c/></r><r><c><![CDATA[SPLINT_USEVARARGS]]></c><c/><c/><c><![CDATA[SPLINT]]></c><c/><c/><c/><c/><c/><c/></r><r><c><![CDATA[SPLINT_VARUSE]]></c><c/><c/><c><![CDATA[SPLINT]]></c><c/><c/><c/><c/><c/><c/></r><r><c><![CDATA[SPLINT_VOIDABSTRACT]]></c><c/><c/><c><![CDATA[SPLINT]]></c><c/><c/><c/><c/><c/><c/></r><r><c><![CDATA[SPLINT_WARNFLAGS]]></c><c/><c/><c><![CDATA[SPLINT]]></c><c/><c/><c/><c/><c/><c/></r><r><c><![CDATA[SPLINT_WARNLINTCOMMENTS]]></c><c/><c/><c><![CDATA[SPLINT]]></c><c/><c/><c/><c/><c/><c/></r><r><c><![CDATA[SPLINT_WARNMISSINGGLOBS]]></c><c/><c/><c><![CDATA[SPLINT]]></c><c/><c/><c/><c/><c/><c/></r><r><c><![CDATA[SPLINT_WARNMISSINGGLOBSNOGLOBS]]></c><c/><c/><c><![CDATA[SPLINT]]></c><c/><c/><c/><c/><c/><c/></r><r><c><![CDATA[SPLINT_WARNPOSIXHEADERS]]></c><c/><c/><c><![CDATA[SPLINT]]></c><c/><c/><c/><c/><c/><c/></r><r><c><![CDATA[SPLINT_WARNRC]]></c><c/><c/><c><![CDATA[SPLINT]]></c><c/><c/><c/><c/><c/><c/></r><r><c><![CDATA[SPLINT_WARNSYSFILES]]></c><c/><c/><c><![CDATA[SPLINT]]></c><c/><c/><c/><c/><c/><c/></r><r><c><![CDATA[SPLINT_WARNUNIXLIB]]></c><c/><c/><c><![CDATA[SPLINT]]></c><c/><c/><c/><c/><c/><c/></r><r><c><![CDATA[SPLINT_WARNUSE]]></c><c/><c/><c><![CDATA[SPLINT]]></c><c/><c/><c/><c/><c/><c/></r><r><c><![CDATA[SPLINT_WHILEBLOCK]]></c><c/><c/><c><![CDATA[SPLINT]]></c><c/><c/><c/><c/><c/><c/></r><r><c><![CDATA[SPLINT_WHILEEMPTY]]></c><c/><c/><c><![CDATA[SPLINT]]></c><c/><c/><c/><c/><c/><c/></r><r><c><![CDATA[PMCCABE_CSLPCT]]></c><c/><c/><c><![CDATA[PMCCABE]]></c><c/><c/><c/><c/><c/><c/></r><r><c><![CDATA[PMCCABE_NCSL]]></c><c/><c/><c><![CDATA[PMCCABE]]></c><c/><c/><c/><c/><c/><c/></r><r><c><![CDATA[PMCCABE_NL]]></c><c/><c/><c><![CDATA[PMCCABE]]></c><c/><c/><c/><c/><c/><c/></r><r><c><![CDATA[PMCCABE_CSL]]></c><c/><c/><c><![CDATA[PMCCABE]]></c><c/><c/><c/><c/><c/><c/></r><r><c><![CDATA[PMCCABE_NCSLPCT]]></c><c/><c/><c><![CDATA[PMCCABE]]></c><c/><c/><c/><c/><c/><c/></r><r><c><![CDATA[PMCCABE_LOC]]></c><c/><c/><c><![CDATA[PMCCABE]]></c><c/><c/><c/><c/><c/><c/></r><r><c><![CDATA[PMCCABE_EVG]]></c><c/><c/><c><![CDATA[PMCCABE]]></c><c/><c/><c/><c/><c/><c/></r><r><c><![CDATA[PMCCABE_VG]]></c><c/><c/><c><![CDATA[PMCCABE]]></c><c/><c/><c/><c/><c/><c/></r><r><c><![CDATA[PMCCABE_NB_STMT]]></c><c/><c/><c><![CDATA[PMCCABE]]></c><c/><c/><c/><c/><c/><c/></r><r><c><![CDATA[PMCCABE_FIRST_LINE]]></c><c/><c/><c><![CDATA[PMCCABE]]></c><c/><c/><c/><c/><c/><c/></r><r><c><![CDATA[SPLINT_ORCONSTRAINT]]></c><c/><c/><c><![CDATA[SPLINT]]></c><c/><c/><c/><c/><c/><c/></r><r><c><![CDATA[SPLINT_ABSTRACT]]></c><c/><c/><c><![CDATA[SPLINT]]></c><c/><c/><c/><c/><c/><c/></r><r><c><![CDATA[SPLINT_ABSTRACTCOMPARE]]></c><c/><c/><c><![CDATA[SPLINT]]></c><c/><c/><c/><c/><c/><c/></r><r><c><![CDATA[SPLINT_ACCESSALL]]></c><c/><c/><c><![CDATA[SPLINT]]></c><c/><c/><c/><c/><c/><c/></r><r><c><![CDATA[SPLINT_ACCESSCZECH]]></c><c/><c/><c><![CDATA[SPLINT]]></c><c/><c/><c/><c/><c/><c/></r><r><c><![CDATA[SPLINT_ACCESSCZECHOSLOVAK]]></c><c/><c/><c><![CDATA[SPLINT]]></c><c/><c/><c/><c/><c/><c/></r><r><c><![CDATA[SPLINT_ACCESSFILE]]></c><c/><c/><c><![CDATA[SPLINT]]></c><c/><c/><c/><c/><c/><c/></r><r><c><![CDATA[SPLINT_ACCESSMODULE]]></c><c/><c/><c><![CDATA[SPLINT]]></c><c/><c/><c/><c/><c/><c/></r><r><c><![CDATA[SPLINT_ACCESSSLOVAK]]></c><c/><c/><c><![CDATA[SPLINT]]></c><c/><c/><c/><c/><c/><c/></r><r><c><![CDATA[SPLINT_ALIASUNIQUE]]></c><c/><c/><c><![CDATA[SPLINT]]></c><c/><c/><c/><c/><c/><c/></r><r><c><![CDATA[SPLINT_ALLBLOCK]]></c><c/><c/><c><![CDATA[SPLINT]]></c><c/><c/><c/><c/><c/><c/></r><r><c><![CDATA[SPLINT_ALLEMPTY]]></c><c/><c/><c><![CDATA[SPLINT]]></c><c/><c/><c/><c/><c/><c/></r><r><c><![CDATA[SPLINT_ALLOCMISMATCH]]></c><c/><c/><c><![CDATA[SPLINT]]></c><c/><c/><c/><c/><c/><c/></r><r><c><![CDATA[SPLINT_ALWAYSEXITS]]></c><c/><c/><c><![CDATA[SPLINT]]></c><c/><c/><c/><c/><c/><c/></r><r><c><![CDATA[SPLINT_ANNOTATIONERROR]]></c><c/><c/><c><![CDATA[SPLINT]]></c><c/><c/><c/><c/><c/><c/></r><r><c><![CDATA[SPLINT_ANSI89LIMITS]]></c><c/><c/><c><![CDATA[SPLINT]]></c><c/><c/><c/><c/><c/><c/></r><r><c><![CDATA[SPLINT_ASSIGNEXPOSE]]></c><c/><c/><c><![CDATA[SPLINT]]></c><c/><c/><c/><c/><c/><c/></r><r><c><![CDATA[SPLINT_BADFLAG]]></c><c/><c/><c><![CDATA[SPLINT]]></c><c/><c/><c/><c/><c/><c/></r><r><c><![CDATA[SPLINT_BITWISESIGNED]]></c><c/><c/><c><![CDATA[SPLINT]]></c><c/><c/><c/><c/><c/><c/></r><r><c><![CDATA[SPLINT_BOOLCOMPARE]]></c><c/><c/><c><![CDATA[SPLINT]]></c><c/><c/><c/><c/><c/><c/></r><r><c><![CDATA[SPLINT_BOOLINT]]></c><c/><c/><c><![CDATA[SPLINT]]></c><c/><c/><c/><c/><c/><c/></r><r><c><![CDATA[SPLINT_BOOLOPS]]></c><c/><c/><c><![CDATA[SPLINT]]></c><c/><c/><c/><c/><c/><c/></r><r><c><![CDATA[SPLINT_BOUNDS]]></c><c/><c/><c><![CDATA[SPLINT]]></c><c/><c/><c/><c/><c/><c/></r><r><c><![CDATA[SPLINT_BOUNDSREAD]]></c><c/><c/><c><![CDATA[SPLINT]]></c><c/><c/><c/><c/><c/><c/></r><r><c><![CDATA[SPLINT_BOUNDSWRITE]]></c><c/><c/><c><![CDATA[SPLINT]]></c><c/><c/><c/><c/><c/><c/></r><r><c><![CDATA[SPLINT_BRANCHSTATE]]></c><c/><c/><c><![CDATA[SPLINT]]></c><c/><c/><c/><c/><c/><c/></r><r><c><![CDATA[SPLINT_BUFFEROVERFLOW]]></c><c/><c/><c><![CDATA[SPLINT]]></c><c/><c/><c/><c/><c/><c/></r><r><c><![CDATA[SPLINT_BUFFEROVERFLOWHIGH]]></c><c/><c/><c><![CDATA[SPLINT]]></c><c/><c/><c/><c/><c/><c/></r><r><c><![CDATA[SPLINT_CASEBREAK]]></c><c/><c/><c><![CDATA[SPLINT]]></c><c/><c/><c/><c/><c/><c/></r><r><c><![CDATA[SPLINT_CASTEXPOSE]]></c><c/><c/><c><![CDATA[SPLINT]]></c><c/><c/><c/><c/><c/><c/></r><r><c><![CDATA[SPLINT_CASTFCNPTR]]></c><c/><c/><c><![CDATA[SPLINT]]></c><c/><c/><c/><c/><c/><c/></r><r><c><![CDATA[SPLINT_CHARINDEX]]></c><c/><c/><c><![CDATA[SPLINT]]></c><c/><c/><c/><c/><c/><c/></r><r><c><![CDATA[SPLINT_CHARINT]]></c><c/><c/><c><![CDATA[SPLINT]]></c><c/><c/><c/><c/><c/><c/></r><r><c><![CDATA[SPLINT_CHARINTLITERAL]]></c><c/><c/><c><![CDATA[SPLINT]]></c><c/><c/><c/><c/><c/><c/></r><r><c><![CDATA[SPLINT_CHARUNSIGNEDCHAR]]></c><c/><c/><c><![CDATA[SPLINT]]></c><c/><c/><c/><c/><c/><c/></r><r><c><![CDATA[SPLINT_CHECKEDGLOBALIAS]]></c><c/><c/><c><![CDATA[SPLINT]]></c><c/><c/><c/><c/><c/><c/></r><r><c><![CDATA[SPLINT_CHECKMODGLOBALIAS]]></c><c/><c/><c><![CDATA[SPLINT]]></c><c/><c/><c/><c/><c/><c/></r><r><c><![CDATA[SPLINT_CHECKPOST]]></c><c/><c/><c><![CDATA[SPLINT]]></c><c/><c/><c/><c/><c/><c/></r><r><c><![CDATA[SPLINT_CHECKSTRICTGLOBALIAS]]></c><c/><c/><c><![CDATA[SPLINT]]></c><c/><c/><c/><c/><c/><c/></r><r><c><![CDATA[SPLINT_COMMENTCHAR]]></c><c/><c/><c><![CDATA[SPLINT]]></c><c/><c/><c/><c/><c/><c/></r><r><c><![CDATA[SPLINT_COMMENTERROR]]></c><c/><c/><c><![CDATA[SPLINT]]></c><c/><c/><c/><c/><c/><c/></r><r><c><![CDATA[SPLINT_COMPDEF]]></c><c/><c/><c><![CDATA[SPLINT]]></c><c/><c/><c/><c/><c/><c/></r><r><c><![CDATA[SPLINT_COMPDESTROY]]></c><c/><c/><c><![CDATA[SPLINT]]></c><c/><c/><c/><c/><c/><c/></r><r><c><![CDATA[SPLINT_COMPMEMPASS]]></c><c/><c/><c><![CDATA[SPLINT]]></c><c/><c/><c/><c/><c/><c/></r><r><c><![CDATA[SPLINT_CONSTMACROS]]></c><c/><c/><c><![CDATA[SPLINT]]></c><c/><c/><c/><c/><c/><c/></r><r><c><![CDATA[SPLINT_CONSTPREFIX]]></c><c/><c/><c><![CDATA[SPLINT]]></c><c/><c/><c/><c/><c/><c/></r><r><c><![CDATA[SPLINT_CONSTPREFIXEXCLUDE]]></c><c/><c/><c><![CDATA[SPLINT]]></c><c/><c/><c/><c/><c/><c/></r><r><c><![CDATA[SPLINT_CONSTUSE]]></c><c/><c/><c><![CDATA[SPLINT]]></c><c/><c/><c/><c/><c/><c/></r><r><c><![CDATA[SPLINT_CONTINUECOMMENT]]></c><c/><c/><c><![CDATA[SPLINT]]></c><c/><c/><c/><c/><c/><c/></r><r><c><![CDATA[SPLINT_CONTROLNESTDEPTH]]></c><c/><c/><c><![CDATA[SPLINT]]></c><c/><c/><c/><c/><c/><c/></r><r><c><![CDATA[SPLINT_CPPNAMES]]></c><c/><c/><c><![CDATA[SPLINT]]></c><c/><c/><c/><c/><c/><c/></r><r><c><![CDATA[SPLINT_CZECH]]></c><c/><c/><c><![CDATA[SPLINT]]></c><c/><c/><c/><c/><c/><c/></r><r><c><![CDATA[SPLINT_CZECHCONSTS]]></c><c/><c/><c><![CDATA[SPLINT]]></c><c/><c/><c/><c/><c/><c/></r><r><c><![CDATA[SPLINT_FRESHTRANS]]></c><c/><c/><c><![CDATA[SPLINT]]></c><c/><c/><c/><c/><c/><c/></r><r><c><![CDATA[SPLINT_FULLINITBLOCK]]></c><c/><c/><c><![CDATA[SPLINT]]></c><c/><c/><c/><c/><c/><c/></r><r><c><![CDATA[SPLINT_GLOBALIAS]]></c><c/><c/><c><![CDATA[SPLINT]]></c><c/><c/><c/><c/><c/><c/></r><r><c><![CDATA[SPLINT_GLOBALPREFIX]]></c><c/><c/><c><![CDATA[SPLINT]]></c><c/><c/><c/><c/><c/><c/></r><r><c><![CDATA[SPLINT_GLOBALPREFIXEXCLUDE]]></c><c/><c/><c><![CDATA[SPLINT]]></c><c/><c/><c/><c/><c/><c/></r><r><c><![CDATA[SPLINT_GLOBNOGLOBS]]></c><c/><c/><c><![CDATA[SPLINT]]></c><c/><c/><c/><c/><c/><c/></r><r><c><![CDATA[SPLINT_GLOBS]]></c><c/><c/><c><![CDATA[SPLINT]]></c><c/><c/><c/><c/><c/><c/></r><r><c><![CDATA[SPLINT_GLOBSIMPMODSNOTHING]]></c><c/><c/><c><![CDATA[SPLINT]]></c><c/><c/><c/><c/><c/><c/></r><r><c><![CDATA[SPLINT_GLOBSTATE]]></c><c/><c/><c><![CDATA[SPLINT]]></c><c/><c/><c/><c/><c/><c/></r><r><c><![CDATA[SPLINT_GLOBUSE]]></c><c/><c/><c><![CDATA[SPLINT]]></c><c/><c/><c/><c/><c/><c/></r><r><c><![CDATA[SPLINT_GNUEXTENSIONS]]></c><c/><c/><c><![CDATA[SPLINT]]></c><c/><c/><c/><c/><c/><c/></r><r><c><![CDATA[SPLINT_IFBLOCK]]></c><c/><c/><c><![CDATA[SPLINT]]></c><c/><c/><c/><c/><c/><c/></r><r><c><![CDATA[SPLINT_IFEMPTY]]></c><c/><c/><c><![CDATA[SPLINT]]></c><c/><c/><c/><c/><c/><c/></r><r><c><![CDATA[SPLINT_IGNOREQUALS]]></c><c/><c/><c><![CDATA[SPLINT]]></c><c/><c/><c/><c/><c/><c/></r><r><c><![CDATA[SPLINT_IGNORESIGNS]]></c><c/><c/><c><![CDATA[SPLINT]]></c><c/><c/><c/><c/><c/><c/></r><r><c><![CDATA[SPLINT_IMMEDIATETRANS]]></c><c/><c/><c><![CDATA[SPLINT]]></c><c/><c/><c/><c/><c/><c/></r><r><c><![CDATA[SPLINT_IMPLEMENTATIONOPTIONAL]]></c><c/><c/><c><![CDATA[SPLINT]]></c><c/><c/><c/><c/><c/><c/></r><r><c><![CDATA[SPLINT_IMPTYPE]]></c><c/><c/><c><![CDATA[SPLINT]]></c><c/><c/><c/><c/><c/><c/></r><r><c><![CDATA[SPLINT_INCLUDENEST]]></c><c/><c/><c><![CDATA[SPLINT]]></c><c/><c/><c/><c/><c/><c/></r><r><c><![CDATA[SPLINT_INCOMPLETETYPE]]></c><c/><c/><c><![CDATA[SPLINT]]></c><c/><c/><c/><c/><c/><c/></r><r><c><![CDATA[SPLINT_INCONDEFS]]></c><c/><c/><c><![CDATA[SPLINT]]></c><c/><c/><c/><c/><c/><c/></r><r><c><![CDATA[SPLINT_INCONDEFSLIB]]></c><c/><c/><c><![CDATA[SPLINT]]></c><c/><c/><c/><c/><c/><c/></r><r><c><![CDATA[SPLINT_INFLOOPS]]></c><c/><c/><c><![CDATA[SPLINT]]></c><c/><c/><c/><c/><c/><c/></r><r><c><![CDATA[SPLINT_INFLOOPSUNCON]]></c><c/><c/><c><![CDATA[SPLINT]]></c><c/><c/><c/><c/><c/><c/></r><r><c><![CDATA[SPLINT_INITALLELEMENTS]]></c><c/><c/><c><![CDATA[SPLINT]]></c><c/><c/><c/><c/><c/><c/></r><r><c><![CDATA[SPLINT_INITSIZE]]></c><c/><c/><c><![CDATA[SPLINT]]></c><c/><c/><c/><c/><c/><c/></r><r><c><![CDATA[SPLINT_INTERNALGLOBS]]></c><c/><c/><c><![CDATA[SPLINT]]></c><c/><c/><c/><c/><c/><c/></r><r><c><![CDATA[SPLINT_INTERNALGLOBSNOGLOBS]]></c><c/><c/><c><![CDATA[SPLINT]]></c><c/><c/><c/><c/><c/><c/></r><r><c><![CDATA[SPLINT_INTERNALNAMECASEINSENSITIVE]]></c><c/><c/><c><![CDATA[SPLINT]]></c><c/><c/><c/><c/><c/><c/></r><r><c><![CDATA[SPLINT_INTERNALNAMELEN]]></c><c/><c/><c><![CDATA[SPLINT]]></c><c/><c/><c/><c/><c/><c/></r><r><c><![CDATA[SPLINT_INTERNALNAMELOOKALIKE]]></c><c/><c/><c><![CDATA[SPLINT]]></c><c/><c/><c/><c/><c/><c/></r><r><c><![CDATA[SPLINT_ISO99LIMITS]]></c><c/><c/><c><![CDATA[SPLINT]]></c><c/><c/><c/><c/><c/><c/></r><r><c><![CDATA[SPLINT_ISOLIB]]></c><c/><c/><c><![CDATA[SPLINT]]></c><c/><c/><c/><c/><c/><c/></r><r><c><![CDATA[SPLINT_ISORESERVED]]></c><c/><c/><c><![CDATA[SPLINT]]></c><c/><c/><c/><c/><c/><c/></r><r><c><![CDATA[SPLINT_ISORESERVEDINTERNAL]]></c><c/><c/><c><![CDATA[SPLINT]]></c><c/><c/><c/><c/><c/><c/></r><r><c><![CDATA[SPLINT_ITERPREFIX]]></c><c/><c/><c><![CDATA[SPLINT]]></c><c/><c/><c/><c/><c/><c/></r><r><c><![CDATA[SPLINT_ITERPREFIXEXCLUDE]]></c><c/><c/><c><![CDATA[SPLINT]]></c><c/><c/><c/><c/><c/><c/></r><r><c><![CDATA[SPLINT_ITS4LOW]]></c><c/><c/><c><![CDATA[SPLINT]]></c><c/><c/><c/><c/><c/><c/></r><r><c><![CDATA[SPLINT_ITS4MODERATE]]></c><c/><c/><c><![CDATA[SPLINT]]></c><c/><c/><c/><c/><c/><c/></r><r><c><![CDATA[SPLINT_ITS4MOSTRISKY]]></c><c/><c/><c><![CDATA[SPLINT]]></c><c/><c/><c/><c/><c/><c/></r><r><c><![CDATA[SPLINT_ITS4RISKY]]></c><c/><c/><c><![CDATA[SPLINT]]></c><c/><c/><c/><c/><c/><c/></r><r><c><![CDATA[SPLINT_ITS4VERYRISKY]]></c><c/><c/><c><![CDATA[SPLINT]]></c><c/><c/><c/><c/><c/><c/></r><r><c><![CDATA[SPLINT_KEEPTRANS]]></c><c/><c/><c><![CDATA[SPLINT]]></c><c/><c/><c/><c/><c/><c/></r><r><c><![CDATA[SPLINT_KEPTTRANS]]></c><c/><c/><c><![CDATA[SPLINT]]></c><c/><c/><c/><c/><c/><c/></r><r><c><![CDATA[SPLINT_LEGACY]]></c><c/><c/><c><![CDATA[SPLINT]]></c><c/><c/><c/><c/><c/><c/></r><r><c><![CDATA[SPLINT_LIBMACROS]]></c><c/><c/><c><![CDATA[SPLINT]]></c><c/><c/><c/><c/><c/><c/></r><r><c><![CDATA[SPLINT_LIKELYBOOL]]></c><c/><c/><c><![CDATA[SPLINT]]></c><c/><c/><c/><c/><c/><c/></r><r><c><![CDATA[SPLINT_LIKELYBOUNDS]]></c><c/><c/><c><![CDATA[SPLINT]]></c><c/><c/><c/><c/><c/><c/></r><r><c><![CDATA[SPLINT_LIKELYBOUNDSREAD]]></c><c/><c/><c><![CDATA[SPLINT]]></c><c/><c/><c/><c/><c/><c/></r><r><c><![CDATA[SPLINT_LIKELYBOUNDSWRITE]]></c><c/><c/><c><![CDATA[SPLINT]]></c><c/><c/><c/><c/><c/><c/></r><r><c><![CDATA[SPLINT_LOCALPREFIX]]></c><c/><c/><c><![CDATA[SPLINT]]></c><c/><c/><c/><c/><c/><c/></r><r><c><![CDATA[SPLINT_LOCALPREFIXEXCLUDE]]></c><c/><c/><c><![CDATA[SPLINT]]></c><c/><c/><c/><c/><c/><c/></r><r><c><![CDATA[SPLINT_LONGINT]]></c><c/><c/><c><![CDATA[SPLINT]]></c><c/><c/><c/><c/><c/><c/></r><r><c><![CDATA[SPLINT_LONGINTEGRAL]]></c><c/><c/><c><![CDATA[SPLINT]]></c><c/><c/><c/><c/><c/><c/></r><r><c><![CDATA[SPLINT_LONGSIGNEDINTEGRAL]]></c><c/><c/><c><![CDATA[SPLINT]]></c><c/><c/><c/><c/><c/><c/></r><r><c><![CDATA[SPLINT_LONGUNSIGNEDINTEGRAL]]></c><c/><c/><c><![CDATA[SPLINT]]></c><c/><c/><c/><c/><c/><c/></r><r><c><![CDATA[SPLINT_LONGUNSIGNEDUNSIGNEDINTEGRAL]]></c><c/><c/><c><![CDATA[SPLINT]]></c><c/><c/><c/><c/><c/><c/></r><r><c><![CDATA[SPLINT_LOOPLOOPBREAK]]></c><c/><c/><c><![CDATA[SPLINT]]></c><c/><c/><c/><c/><c/><c/></r><r><c><![CDATA[SPLINT_LOOPLOOPCONTINUE]]></c><c/><c/><c><![CDATA[SPLINT]]></c><c/><c/><c/><c/><c/><c/></r><r><c><![CDATA[SPLINT_LOOPSWITCHBREAK]]></c><c/><c/><c><![CDATA[SPLINT]]></c><c/><c/><c/><c/><c/><c/></r><r><c><![CDATA[SPLINT_MACROASSIGN]]></c><c/><c/><c><![CDATA[SPLINT]]></c><c/><c/><c/><c/><c/><c/></r><r><c><![CDATA[SPLINT_MACROCONSTDECL]]></c><c/><c/><c><![CDATA[SPLINT]]></c><c/><c/><c/><c/><c/><c/></r><r><c><![CDATA[SPLINT_MACROCONSTDISTANCE]]></c><c/><c/><c><![CDATA[SPLINT]]></c><c/><c/><c/><c/><c/><c/></r><r><c><![CDATA[SPLINT_MACRODECL]]></c><c/><c/><c><![CDATA[SPLINT]]></c><c/><c/><c/><c/><c/><c/></r><r><c><![CDATA[SPLINT_MACROEMPTY]]></c><c/><c/><c><![CDATA[SPLINT]]></c><c/><c/><c/><c/><c/><c/></r><r><c><![CDATA[SPLINT_MACROFCNDECL]]></c><c/><c/><c><![CDATA[SPLINT]]></c><c/><c/><c/><c/><c/><c/></r><r><c><![CDATA[SPLINT_MACROMATCHNAME]]></c><c/><c/><c><![CDATA[SPLINT]]></c><c/><c/><c/><c/><c/><c/></r><r><c><![CDATA[SPLINT_MACROPARAMS]]></c><c/><c/><c><![CDATA[SPLINT]]></c><c/><c/><c/><c/><c/><c/></r><r><c><![CDATA[SPLINT_MACROPARENS]]></c><c/><c/><c><![CDATA[SPLINT]]></c><c/><c/><c/><c/><c/><c/></r><r><c><![CDATA[SPLINT_MACROREDEF]]></c><c/><c/><c><![CDATA[SPLINT]]></c><c/><c/><c/><c/><c/><c/></r><r><c><![CDATA[SPLINT_MACRORET]]></c><c/><c/><c><![CDATA[SPLINT]]></c><c/><c/><c/><c/><c/><c/></r><r><c><![CDATA[SPLINT_MACROSTMT]]></c><c/><c/><c><![CDATA[SPLINT]]></c><c/><c/><c/><c/><c/><c/></r><r><c><![CDATA[SPLINT_MACROUNRECOG]]></c><c/><c/><c><![CDATA[SPLINT]]></c><c/><c/><c/><c/><c/><c/></r><r><c><![CDATA[SPLINT_MACROVARPREFIX]]></c><c/><c/><c><![CDATA[SPLINT]]></c><c/><c/><c/><c/><c/><c/></r><r><c><![CDATA[SPLINT_MACROVARPREFIXEXCLUDE]]></c><c/><c/><c><![CDATA[SPLINT]]></c><c/><c/><c/><c/><c/><c/></r><r><c><![CDATA[SPLINT_MAINTYPE]]></c><c/><c/><c><![CDATA[SPLINT]]></c><c/><c/><c/><c/><c/><c/></r><r><c><![CDATA[SPLINT_MATCHANYINTEGRAL]]></c><c/><c/><c><![CDATA[SPLINT]]></c><c/><c/><c/><c/><c/><c/></r><r><c><![CDATA[SPLINT_MATCHFIELDS]]></c><c/><c/><c><![CDATA[SPLINT]]></c><c/><c/><c/><c/><c/><c/></r><r><c><![CDATA[SPLINT_MAYALIASUNIQUE]]></c><c/><c/><c><![CDATA[SPLINT]]></c><c/><c/><c/><c/><c/><c/></r><r><c><![CDATA[SPLINT_MEMTRANS]]></c><c/><c/><c><![CDATA[SPLINT]]></c><c/><c/><c/><c/><c/><c/></r><r><c><![CDATA[SPLINT_MISPLACEDSHAREQUAL]]></c><c/><c/><c><![CDATA[SPLINT]]></c><c/><c/><c/><c/><c/><c/></r><r><c><![CDATA[SPLINT_MISSCASE]]></c><c/><c/><c><![CDATA[SPLINT]]></c><c/><c/><c/><c/><c/><c/></r><r><c><![CDATA[SPLINT_MODGLOBS]]></c><c/><c/><c><![CDATA[SPLINT]]></c><c/><c/><c/><c/><c/><c/></r><r><c><![CDATA[SPLINT_MODGLOBSNOMODS]]></c><c/><c/><c><![CDATA[SPLINT]]></c><c/><c/><c/><c/><c/><c/></r><r><c><![CDATA[SPLINT_MODGLOBSUNCHECKED]]></c><c/><c/><c><![CDATA[SPLINT]]></c><c/><c/><c/><c/><c/><c/></r><r><c><![CDATA[SPLINT_MODINTERNALSTRICT]]></c><c/><c/><c><![CDATA[SPLINT]]></c><c/><c/><c/><c/><c/><c/></r><r><c><![CDATA[SPLINT_CZECHFCNS]]></c><c/><c/><c><![CDATA[SPLINT]]></c><c/><c/><c/><c/><c/><c/></r><r><c><![CDATA[SPLINT_CZECHMACROS]]></c><c/><c/><c><![CDATA[SPLINT]]></c><c/><c/><c/><c/><c/><c/></r><r><c><![CDATA[SPLINT_CZECHOSLOVAK]]></c><c/><c/><c><![CDATA[SPLINT]]></c><c/><c/><c/><c/><c/><c/></r><r><c><![CDATA[SPLINT_CZECHOSLOVAKCONSTS]]></c><c/><c/><c><![CDATA[SPLINT]]></c><c/><c/><c/><c/><c/><c/></r><r><c><![CDATA[SPLINT_CZECHOSLOVAKFCNS]]></c><c/><c/><c><![CDATA[SPLINT]]></c><c/><c/><c/><c/><c/><c/></r><r><c><![CDATA[SPLINT_CZECHOSLOVAKMACROS]]></c><c/><c/><c><![CDATA[SPLINT]]></c><c/><c/><c/><c/><c/><c/></r><r><c><![CDATA[SPLINT_CZECHOSLOVAKTYPES]]></c><c/><c/><c><![CDATA[SPLINT]]></c><c/><c/><c/><c/><c/><c/></r><r><c><![CDATA[SPLINT_CZECHOSLOVAKVARS]]></c><c/><c/><c><![CDATA[SPLINT]]></c><c/><c/><c/><c/><c/><c/></r><r><c><![CDATA[SPLINT_CZECHTYPES]]></c><c/><c/><c><![CDATA[SPLINT]]></c><c/><c/><c/><c/><c/><c/></r><r><c><![CDATA[SPLINT_CZECHVARS]]></c><c/><c/><c><![CDATA[SPLINT]]></c><c/><c/><c/><c/><c/><c/></r><r><c><![CDATA[SPLINT_DEBUGFCNCONSTRAINT]]></c><c/><c/><c><![CDATA[SPLINT]]></c><c/><c/><c/><c/><c/><c/></r><r><c><![CDATA[SPLINT_DECLUNDEF]]></c><c/><c/><c><![CDATA[SPLINT]]></c><c/><c/><c/><c/><c/><c/></r><r><c><![CDATA[SPLINT_DEEPBREAK]]></c><c/><c/><c><![CDATA[SPLINT]]></c><c/><c/><c/><c/><c/><c/></r><r><c><![CDATA[SPLINT_DEPARRAYS]]></c><c/><c/><c><![CDATA[SPLINT]]></c><c/><c/><c/><c/><c/><c/></r><r><c><![CDATA[SPLINT_DEPENDENTTRANS]]></c><c/><c/><c><![CDATA[SPLINT]]></c><c/><c/><c/><c/><c/><c/></r><r><c><![CDATA[SPLINT_DISTINCTEXTERNALNAMES]]></c><c/><c/><c><![CDATA[SPLINT]]></c><c/><c/><c/><c/><c/><c/></r><r><c><![CDATA[SPLINT_DISTINCTINTERNALNAMES]]></c><c/><c/><c><![CDATA[SPLINT]]></c><c/><c/><c/><c/><c/><c/></r><r><c><![CDATA[SPLINT_DUPLICATECASES]]></c><c/><c/><c><![CDATA[SPLINT]]></c><c/><c/><c/><c/><c/><c/></r><r><c><![CDATA[SPLINT_DUPLICATEQUALS]]></c><c/><c/><c><![CDATA[SPLINT]]></c><c/><c/><c/><c/><c/><c/></r><r><c><![CDATA[SPLINT_ELSEIFCOMPLETE]]></c><c/><c/><c><![CDATA[SPLINT]]></c><c/><c/><c/><c/><c/><c/></r><r><c><![CDATA[SPLINT_EMPTYRET]]></c><c/><c/><c><![CDATA[SPLINT]]></c><c/><c/><c/><c/><c/><c/></r><r><c><![CDATA[SPLINT_ENUMINDEX]]></c><c/><c/><c><![CDATA[SPLINT]]></c><c/><c/><c/><c/><c/><c/></r><r><c><![CDATA[SPLINT_ENUMINT]]></c><c/><c/><c><![CDATA[SPLINT]]></c><c/><c/><c/><c/><c/><c/></r><r><c><![CDATA[SPLINT_ENUMMEMBERS]]></c><c/><c/><c><![CDATA[SPLINT]]></c><c/><c/><c/><c/><c/><c/></r><r><c><![CDATA[SPLINT_ENUMMEMUSE]]></c><c/><c/><c><![CDATA[SPLINT]]></c><c/><c/><c/><c/><c/><c/></r><r><c><![CDATA[SPLINT_ENUMPREFIX]]></c><c/><c/><c><![CDATA[SPLINT]]></c><c/><c/><c/><c/><c/><c/></r><r><c><![CDATA[SPLINT_ENUMPREFIXEXCLUDE]]></c><c/><c/><c><![CDATA[SPLINT]]></c><c/><c/><c/><c/><c/><c/></r><r><c><![CDATA[SPLINT_EVALORDER]]></c><c/><c/><c><![CDATA[SPLINT]]></c><c/><c/><c/><c/><c/><c/></r><r><c><![CDATA[SPLINT_EVALORDERUNCON]]></c><c/><c/><c><![CDATA[SPLINT]]></c><c/><c/><c/><c/><c/><c/></r><r><c><![CDATA[SPLINT_EXITARG]]></c><c/><c/><c><![CDATA[SPLINT]]></c><c/><c/><c/><c/><c/><c/></r><r><c><![CDATA[SPLINT_EXPORTANY]]></c><c/><c/><c><![CDATA[SPLINT]]></c><c/><c/><c/><c/><c/><c/></r><r><c><![CDATA[SPLINT_EXPORTCONST]]></c><c/><c/><c><![CDATA[SPLINT]]></c><c/><c/><c/><c/><c/><c/></r><r><c><![CDATA[SPLINT_EXPORTFCN]]></c><c/><c/><c><![CDATA[SPLINT]]></c><c/><c/><c/><c/><c/><c/></r><r><c><![CDATA[SPLINT_EXPORTHEADER]]></c><c/><c/><c><![CDATA[SPLINT]]></c><c/><c/><c/><c/><c/><c/></r><r><c><![CDATA[SPLINT_EXPORTHEADERVAR]]></c><c/><c/><c><![CDATA[SPLINT]]></c><c/><c/><c/><c/><c/><c/></r><r><c><![CDATA[SPLINT_EXPORTITER]]></c><c/><c/><c><![CDATA[SPLINT]]></c><c/><c/><c/><c/><c/><c/></r><r><c><![CDATA[SPLINT_EXPORTLOCAL]]></c><c/><c/><c><![CDATA[SPLINT]]></c><c/><c/><c/><c/><c/><c/></r><r><c><![CDATA[SPLINT_EXPORTMACRO]]></c><c/><c/><c><![CDATA[SPLINT]]></c><c/><c/><c/><c/><c/><c/></r><r><c><![CDATA[SPLINT_EXPORTTYPE]]></c><c/><c/><c><![CDATA[SPLINT]]></c><c/><c/><c/><c/><c/><c/></r><r><c><![CDATA[SPLINT_EXPORTVAR]]></c><c/><c/><c><![CDATA[SPLINT]]></c><c/><c/><c/><c/><c/><c/></r></e>