<?xml version="1.0"  encoding="UTF-8"?><e><r><c><![CDATA[CPPCHECK_STL]]></c><c><![CDATA[CPPCHECK_INVALIDITERATOR]]></c><c><![CDATA[C-RULES]]></c><c/><c/></r><r><c><![CDATA[CPPCHECK_STL]]></c><c><![CDATA[CPPCHECK_INVALIDPOINTER]]></c><c><![CDATA[C-RULES]]></c><c/><c/></r><r><c><![CDATA[CPPCHECK_STL]]></c><c><![CDATA[CPPCHECK_STLBOUNDRIES]]></c><c><![CDATA[C-RULES]]></c><c/><c/></r><r><c><![CDATA[CPPCHECK_STL]]></c><c><![CDATA[CPPCHECK_STLFIND]]></c><c><![CDATA[C-RULES]]></c><c/><c/></r><r><c><![CDATA[CPPCHECK_STL]]></c><c><![CDATA[CPPCHECK_STLSIZE]]></c><c><![CDATA[C-RULES]]></c><c/><c/></r><r><c><![CDATA[CPPCHECK_MEMORYLEAK]]></c><c><![CDATA[CPPCHECK_MISMATCHALLOCDEALLOC]]></c><c><![CDATA[C-RULES]]></c><c/><c/></r><r><c><![CDATA[COMP]]></c><c><![CDATA[PMCCABE_NCSL]]></c><c><![CDATA[C-RULES]]></c><c/><c/></r><r><c><![CDATA[COMP]]></c><c><![CDATA[PMCCABE_CSL]]></c><c><![CDATA[C-RULES]]></c><c/><c/></r><r><c><![CDATA[COMP]]></c><c><![CDATA[PMCCABE_NL]]></c><c><![CDATA[C-RULES]]></c><c/><c/></r><r><c><![CDATA[CPPCHECK_MEMORYLEAK]]></c><c><![CDATA[CPPCHECK_MEMLEAK]]></c><c><![CDATA[C-RULES]]></c><c/><c/></r><r><c><![CDATA[CPPCHECK_MEMORYLEAK]]></c><c><![CDATA[CPPCHECK_RESOURCELEAK]]></c><c><![CDATA[C-RULES]]></c><c/><c/></r><r><c><![CDATA[CPPCHECK_MEMORYLEAK]]></c><c><![CDATA[CPPCHECK_DEALLOCDEALLOC]]></c><c><![CDATA[C-RULES]]></c><c/><c/></r><r><c><![CDATA[CPPCHECK_MEMORYLEAK]]></c><c><![CDATA[CPPCHECK_DEALLOCUSE]]></c><c><![CDATA[C-RULES]]></c><c/><c/></r><r><c><![CDATA[DEST]]></c><c><![CDATA[PMCCABE_EVG]]></c><c><![CDATA[C-RULES]]></c><c/><c/></r><r><c><![CDATA[PLOG]]></c><c><![CDATA[PMCCABE_VG]]></c><c><![CDATA[C-RULES]]></c><c/><c/></r><r><c><![CDATA[PLOG]]></c><c><![CDATA[PMCCABE_EVG]]></c><c><![CDATA[C-RULES]]></c><c/><c/></r><r><c><![CDATA[SPLINT_FORMAT]]></c><c><![CDATA[SPLINT_FORMATCODE]]></c><c><![CDATA[C-RULES]]></c><c/><c/></r><r><c><![CDATA[SPLINT_FORMAT]]></c><c><![CDATA[SPLINT_FORMATCONST]]></c><c><![CDATA[C-RULES]]></c><c/><c/></r><r><c><![CDATA[SPLINT_FORMAT]]></c><c><![CDATA[SPLINT_FORMATTYPE]]></c><c><![CDATA[C-RULES]]></c><c/><c/></r><r><c><![CDATA[SPLINT_ABSTRACT]]></c><c><![CDATA[SPLINT_ABSTRACT]]></c><c><![CDATA[C-RULES]]></c><c/><c/></r><r><c><![CDATA[SPLINT_ALIASING_MEMORY]]></c><c><![CDATA[SPLINT_ALIASUNIQUE]]></c><c><![CDATA[C-RULES]]></c><c/><c/></r><r><c><![CDATA[SPLINT_ALIASING_MEMORY]]></c><c><![CDATA[SPLINT_MAYALIASUNIQUE]]></c><c><![CDATA[C-RULES]]></c><c/><c/></r><r><c><![CDATA[SPLINT_ALIASING_MEMORY]]></c><c><![CDATA[SPLINT_MUSTNOTALIAS]]></c><c><![CDATA[C-RULES]]></c><c/><c/></r><r><c><![CDATA[SPLINT_ALLUSE_EXPORT]]></c><c><![CDATA[SPLINT_EXPORTLOCAL]]></c><c><![CDATA[C-RULES]]></c><c/><c/></r><r><c><![CDATA[SPLINT_ALLUSE_PARAMETERS]]></c><c><![CDATA[SPLINT_PARAMUSE]]></c><c><![CDATA[C-RULES]]></c><c/><c/></r><r><c><![CDATA[SPLINT_ALLUSE]]></c><c><![CDATA[SPLINT_CONSTUSE]]></c><c><![CDATA[C-RULES]]></c><c/><c/></r><r><c><![CDATA[SPLINT_ALLUSE]]></c><c><![CDATA[SPLINT_ENUMMEMUSE]]></c><c><![CDATA[C-RULES]]></c><c/><c/></r><r><c><![CDATA[SPLINT_ALLUSE]]></c><c><![CDATA[SPLINT_FCNUSE]]></c><c><![CDATA[C-RULES]]></c><c/><c/></r><r><c><![CDATA[SPLINT_ALLUSE]]></c><c><![CDATA[SPLINT_FIELDUSE]]></c><c><![CDATA[C-RULES]]></c><c/><c/></r><r><c><![CDATA[SPLINT_ALLUSE]]></c><c><![CDATA[SPLINT_TYPEUSE]]></c><c><![CDATA[C-RULES]]></c><c/><c/></r><r><c><![CDATA[SPLINT_ALLUSE]]></c><c><![CDATA[SPLINT_VARUSE]]></c><c><![CDATA[C-RULES]]></c><c/><c/></r><r><c><![CDATA[SPLINT_BOOLEANS_HELP]]></c><c><![CDATA[SPLINT_LIKELYBOOL]]></c><c><![CDATA[C-RULES]]></c><c/><c/></r><r><c><![CDATA[SPLINT_BOOLEANS_OPERATIONS]]></c><c><![CDATA[SPLINT_BOOLCOMPARE]]></c><c><![CDATA[C-RULES]]></c><c/><c/></r><r><c><![CDATA[SPLINT_BOOLEANS_OPERATIONS]]></c><c><![CDATA[SPLINT_BOOLOPS]]></c><c><![CDATA[C-RULES]]></c><c/><c/></r><r><c><![CDATA[SPLINT_BOOLEANS_POINTERS]]></c><c><![CDATA[SPLINT_PTRNEGATE]]></c><c><![CDATA[C-RULES]]></c><c/><c/></r><r><c><![CDATA[SPLINT_BOOLEANS_PREDICATES]]></c><c><![CDATA[SPLINT_PREDASSIGN]]></c><c><![CDATA[C-RULES]]></c><c/><c/></r><r><c><![CDATA[SPLINT_BOOLEANS_PREDICATES]]></c><c><![CDATA[SPLINT_PREDBOOLOTHERS]]></c><c><![CDATA[C-RULES]]></c><c/><c/></r><r><c><![CDATA[SPLINT_COMMENTS]]></c><c><![CDATA[SPLINT_NESTCOMMENT]]></c><c><![CDATA[C-RULES]]></c><c/><c/></r><r><c><![CDATA[SPLINT_COMPLETE_SPECIFICATIONS]]></c><c><![CDATA[SPLINT_SPECUNDEF]]></c><c><![CDATA[C-RULES]]></c><c/><c/></r><r><c><![CDATA[SPLINT_CONTROLFLOW]]></c><c><![CDATA[SPLINT_ALWAYSEXITS]]></c><c><![CDATA[C-RULES]]></c><c/><c/></r><r><c><![CDATA[SPLINT_CONTROLFLOW]]></c><c><![CDATA[SPLINT_CASEBREAK]]></c><c><![CDATA[C-RULES]]></c><c/><c/></r><r><c><![CDATA[SPLINT_CONTROLFLOW]]></c><c><![CDATA[SPLINT_DUPLICATECASES]]></c><c><![CDATA[C-RULES]]></c><c/><c/></r><r><c><![CDATA[SPLINT_CONTROLFLOW]]></c><c><![CDATA[SPLINT_EMPTYRET]]></c><c><![CDATA[C-RULES]]></c><c/><c/></r><r><c><![CDATA[SPLINT_CONTROLFLOW]]></c><c><![CDATA[SPLINT_FIRSTCASE]]></c><c><![CDATA[C-RULES]]></c><c/><c/></r><r><c><![CDATA[SPLINT_CONTROLFLOW]]></c><c><![CDATA[SPLINT_IFEMPTY]]></c><c><![CDATA[C-RULES]]></c><c/><c/></r><r><c><![CDATA[SPLINT_CONTROLFLOW]]></c><c><![CDATA[SPLINT_INFLOOPS]]></c><c><![CDATA[C-RULES]]></c><c/><c/></r><r><c><![CDATA[SPLINT_CONTROLFLOW]]></c><c><![CDATA[SPLINT_MISSCASE]]></c><c><![CDATA[C-RULES]]></c><c/><c/></r><r><c><![CDATA[SPLINT_CONTROLFLOW]]></c><c><![CDATA[SPLINT_NORET]]></c><c><![CDATA[C-RULES]]></c><c/><c/></r><r><c><![CDATA[SPLINT_CONTROLFLOW]]></c><c><![CDATA[SPLINT_UNREACHABLE]]></c><c><![CDATA[C-RULES]]></c><c/><c/></r><r><c><![CDATA[SPLINT_DECLARATIONS_LIBRARIES]]></c><c><![CDATA[SPLINT_INCONDEFSLIB]]></c><c><![CDATA[C-RULES]]></c><c/><c/></r><r><c><![CDATA[SPLINT_DECLARATIONS]]></c><c><![CDATA[SPLINT_ANNOTATIONERROR]]></c><c><![CDATA[C-RULES]]></c><c/><c/></r><r><c><![CDATA[SPLINT_DECLARATIONS]]></c><c><![CDATA[SPLINT_COMMENTERROR]]></c><c><![CDATA[C-RULES]]></c><c/><c/></r><r><c><![CDATA[SPLINT_DECLARATIONS]]></c><c><![CDATA[SPLINT_FIXEDFORMALARRAY]]></c><c><![CDATA[C-RULES]]></c><c/><c/></r><r><c><![CDATA[SPLINT_DECLARATIONS]]></c><c><![CDATA[SPLINT_IMPTYPE]]></c><c><![CDATA[C-RULES]]></c><c/><c/></r><r><c><![CDATA[SPLINT_DECLARATIONS]]></c><c><![CDATA[SPLINT_INCOMPLETETYPE]]></c><c><![CDATA[C-RULES]]></c><c/><c/></r><r><c><![CDATA[SPLINT_DECLARATIONS]]></c><c><![CDATA[SPLINT_INCONDEFS]]></c><c><![CDATA[C-RULES]]></c><c/><c/></r><r><c><![CDATA[SPLINT_DECLARATIONS]]></c><c><![CDATA[SPLINT_MATCHFIELDS]]></c><c><![CDATA[C-RULES]]></c><c/><c/></r><r><c><![CDATA[SPLINT_DECLARATIONS]]></c><c><![CDATA[SPLINT_MISPLACEDSHAREQUAL]]></c><c><![CDATA[C-RULES]]></c><c/><c/></r><r><c><![CDATA[SPLINT_DECLARATIONS]]></c><c><![CDATA[SPLINT_NESTEDEXTERN]]></c><c><![CDATA[C-RULES]]></c><c/><c/></r><r><c><![CDATA[SPLINT_DECLARATIONS]]></c><c><![CDATA[SPLINT_REDEF]]></c><c><![CDATA[C-RULES]]></c><c/><c/></r><r><c><![CDATA[SPLINT_DECLARATIONS]]></c><c><![CDATA[SPLINT_SHADOW]]></c><c><![CDATA[C-RULES]]></c><c/><c/></r><r><c><![CDATA[SPLINT_DEFINITION]]></c><c><![CDATA[SPLINT_FULLINITBLOCK]]></c><c><![CDATA[C-RULES]]></c><c/><c/></r><r><c><![CDATA[SPLINT_DEFINITION]]></c><c><![CDATA[SPLINT_INITALLELEMENTS]]></c><c><![CDATA[C-RULES]]></c><c/><c/></r><r><c><![CDATA[SPLINT_DEFINITION]]></c><c><![CDATA[SPLINT_INITSIZE]]></c><c><![CDATA[C-RULES]]></c><c/><c/></r><r><c><![CDATA[SPLINT_EFFECT_CONTROLFLOW]]></c><c><![CDATA[SPLINT_NOEFFECT]]></c><c><![CDATA[C-RULES]]></c><c/><c/></r><r><c><![CDATA[SPLINT_EXTENSIBLE_MEMORY]]></c><c><![CDATA[SPLINT_STATEMERGE]]></c><c><![CDATA[C-RULES]]></c><c/><c/></r><r><c><![CDATA[SPLINT_EXTENSIBLE_MEMORY]]></c><c><![CDATA[SPLINT_STATETRANSFER]]></c><c><![CDATA[C-RULES]]></c><c/><c/></r><r><c><![CDATA[FF_BUFFER]]></c><c><![CDATA[2_BUFFER_MEMCPY]]></c><c><![CDATA[C-RULES]]></c><c/><c/></r><r><c><![CDATA[FF_BUFFER]]></c><c><![CDATA[4_BUFFER_STRCAT]]></c><c><![CDATA[C-RULES]]></c><c/><c/></r><r><c><![CDATA[SPLINT_LIBRARIES_ANSI]]></c><c><![CDATA[SPLINT_USEVARARGS]]></c><c><![CDATA[C-RULES]]></c><c/><c/></r><r><c><![CDATA[FF_BUFFER]]></c><c><![CDATA[4_BUFFER_LSTRCAT]]></c><c><![CDATA[C-RULES]]></c><c/><c/></r><r><c><![CDATA[SPLINT_MEMORY_DEFINITION]]></c><c><![CDATA[SPLINT_COMPDEF]]></c><c><![CDATA[C-RULES]]></c><c/><c/></r><r><c><![CDATA[SPLINT_MEMORY_DEFINITION]]></c><c><![CDATA[SPLINT_COMPMEMPASS]]></c><c><![CDATA[C-RULES]]></c><c/><c/></r><r><c><![CDATA[SPLINT_MEMORY_DEFINITION]]></c><c><![CDATA[SPLINT_MUSTDEFINE]]></c><c><![CDATA[C-RULES]]></c><c/><c/></r><r><c><![CDATA[SPLINT_MEMORY_DEFINITION]]></c><c><![CDATA[SPLINT_UNIONDEF]]></c><c><![CDATA[C-RULES]]></c><c/><c/></r><r><c><![CDATA[FF_BUFFER]]></c><c><![CDATA[1_BUFFER_STRNCPY]]></c><c><![CDATA[C-RULES]]></c><c/><c/></r><r><c><![CDATA[FF_BUFFER]]></c><c><![CDATA[1_BUFFER_LSTRCPYN]]></c><c><![CDATA[C-RULES]]></c><c/><c/></r><r><c><![CDATA[FF_BUFFER]]></c><c><![CDATA[1_BUFFER_STRNCAT]]></c><c><![CDATA[C-RULES]]></c><c/><c/></r><r><c><![CDATA[SPLINT_MEMORY_LEAKS]]></c><c><![CDATA[SPLINT_COMPDESTROY]]></c><c><![CDATA[C-RULES]]></c><c/><c/></r><r><c><![CDATA[SPLINT_MEMORY_LEAKS]]></c><c><![CDATA[SPLINT_MUSTFREEFRESH]]></c><c><![CDATA[C-RULES]]></c><c/><c/></r><r><c><![CDATA[SPLINT_MEMORY_LEAKS]]></c><c><![CDATA[SPLINT_MUSTFREEONLY]]></c><c><![CDATA[C-RULES]]></c><c/><c/></r><r><c><![CDATA[SPLINT_MEMORY_RELEASED]]></c><c><![CDATA[SPLINT_STACKREF]]></c><c><![CDATA[C-RULES]]></c><c/><c/></r><r><c><![CDATA[SPLINT_MEMORY_RELEASED]]></c><c><![CDATA[SPLINT_USERELEASED]]></c><c><![CDATA[C-RULES]]></c><c/><c/></r><r><c><![CDATA[SPLINT_MEMORY]]></c><c><![CDATA[SPLINT_BRANCHSTATE]]></c><c><![CDATA[C-RULES]]></c><c/><c/></r><r><c><![CDATA[SPLINT_MEMORY]]></c><c><![CDATA[SPLINT_DEPENDENTTRANS]]></c><c><![CDATA[C-RULES]]></c><c/><c/></r><r><c><![CDATA[SPLINT_MEMORY]]></c><c><![CDATA[SPLINT_EXPOSETRANS]]></c><c><![CDATA[C-RULES]]></c><c/><c/></r><r><c><![CDATA[SPLINT_MEMORY]]></c><c><![CDATA[SPLINT_FRESHTRANS]]></c><c><![CDATA[C-RULES]]></c><c/><c/></r><r><c><![CDATA[SPLINT_MEMORY]]></c><c><![CDATA[SPLINT_IMMEDIATETRANS]]></c><c><![CDATA[C-RULES]]></c><c/><c/></r><r><c><![CDATA[SPLINT_MEMORY]]></c><c><![CDATA[SPLINT_KEEPTRANS]]></c><c><![CDATA[C-RULES]]></c><c/><c/></r><r><c><![CDATA[SPLINT_MEMORY]]></c><c><![CDATA[SPLINT_KEPTTRANS]]></c><c><![CDATA[C-RULES]]></c><c/><c/></r><r><c><![CDATA[SPLINT_MEMORY]]></c><c><![CDATA[SPLINT_NEWREFTRANS]]></c><c><![CDATA[C-RULES]]></c><c/><c/></r><r><c><![CDATA[SPLINT_MEMORY]]></c><c><![CDATA[SPLINT_OBSERVERTRANS]]></c><c><![CDATA[C-RULES]]></c><c/><c/></r><r><c><![CDATA[SPLINT_MEMORY]]></c><c><![CDATA[SPLINT_ONLYTRANS]]></c><c><![CDATA[C-RULES]]></c><c/><c/></r><r><c><![CDATA[SPLINT_MEMORY]]></c><c><![CDATA[SPLINT_OWNEDTRANS]]></c><c><![CDATA[C-RULES]]></c><c/><c/></r><r><c><![CDATA[SPLINT_MEMORY]]></c><c><![CDATA[SPLINT_READONLYSTRINGS]]></c><c><![CDATA[C-RULES]]></c><c/><c/></r><r><c><![CDATA[SPLINT_MEMORY]]></c><c><![CDATA[SPLINT_REFCOUNTTRANS]]></c><c><![CDATA[C-RULES]]></c><c/><c/></r><r><c><![CDATA[SPLINT_MEMORY]]></c><c><![CDATA[SPLINT_SHAREDTRANS]]></c><c><![CDATA[C-RULES]]></c><c/><c/></r><r><c><![CDATA[SPLINT_MEMORY]]></c><c><![CDATA[SPLINT_STATICTRANS]]></c><c><![CDATA[C-RULES]]></c><c/><c/></r><r><c><![CDATA[SPLINT_MEMORY]]></c><c><![CDATA[SPLINT_TEMPTRANS]]></c><c><![CDATA[C-RULES]]></c><c/><c/></r><r><c><![CDATA[SPLINT_MEMORY]]></c><c><![CDATA[SPLINT_UNQUALIFIEDTRANS]]></c><c><![CDATA[C-RULES]]></c><c/><c/></r><r><c><![CDATA[FF_BUFFER]]></c><c><![CDATA[5_BUFFER_STRNCAT]]></c><c><![CDATA[C-RULES]]></c><c/><c/></r><r><c><![CDATA[SPLINT_MODIFICATION_SPECIFICATIONS]]></c><c><![CDATA[SPLINT_MODS]]></c><c><![CDATA[C-RULES]]></c><c/><c/></r><r><c><![CDATA[FF_BUFFER]]></c><c><![CDATA[1_BUFFER_LSTRCATN]]></c><c><![CDATA[C-RULES]]></c><c/><c/></r><r><c><![CDATA[SPLINT_NAMES_ANSI]]></c><c><![CDATA[SPLINT_EXTERNALNAMECASEINSENSITIVE]]></c><c><![CDATA[C-RULES]]></c><c/><c/></r><r><c><![CDATA[SPLINT_NAMES_PREFIXES]]></c><c><![CDATA[SPLINT_MACROVARPREFIX]]></c><c><![CDATA[C-RULES]]></c><c/><c/></r><r><c><![CDATA[SPLINT_NAMES_PREFIXES]]></c><c><![CDATA[SPLINT_MACROVARPREFIXEXCLUDE]]></c><c><![CDATA[C-RULES]]></c><c/><c/></r><r><c><![CDATA[SPLINT_NAMES]]></c><c><![CDATA[SPLINT_STRINGLITERALNOROOM]]></c><c><![CDATA[C-RULES]]></c><c/><c/></r><r><c><![CDATA[SPLINT_NAMES]]></c><c><![CDATA[SPLINT_STRINGLITERALNOROOMFINALNULL]]></c><c><![CDATA[C-RULES]]></c><c/><c/></r><r><c><![CDATA[SPLINT_NAMES]]></c><c><![CDATA[SPLINT_STRINGLITERALTOOLONG]]></c><c><![CDATA[C-RULES]]></c><c/><c/></r><r><c><![CDATA[SPLINT_NULL_MEMORY]]></c><c><![CDATA[SPLINT_NULLASSIGN]]></c><c><![CDATA[C-RULES]]></c><c/><c/></r><r><c><![CDATA[SPLINT_NULL_MEMORY]]></c><c><![CDATA[SPLINT_NULLDEREF]]></c><c><![CDATA[C-RULES]]></c><c/><c/></r><r><c><![CDATA[SPLINT_NULL_MEMORY]]></c><c><![CDATA[SPLINT_NULLINIT]]></c><c><![CDATA[C-RULES]]></c><c/><c/></r><r><c><![CDATA[SPLINT_NULL_MEMORY]]></c><c><![CDATA[SPLINT_NULLPASS]]></c><c><![CDATA[C-RULES]]></c><c/><c/></r><r><c><![CDATA[SPLINT_NULL_MEMORY]]></c><c><![CDATA[SPLINT_NULLRET]]></c><c><![CDATA[C-RULES]]></c><c/><c/></r><r><c><![CDATA[SPLINT_NULL_MEMORY]]></c><c><![CDATA[SPLINT_NULLSTATE]]></c><c><![CDATA[C-RULES]]></c><c/><c/></r><r><c><![CDATA[SPLINT_OPERATIONS_POINTERS]]></c><c><![CDATA[SPLINT_PTRCOMPARE]]></c><c><![CDATA[C-RULES]]></c><c/><c/></r><r><c><![CDATA[SPLINT_OPERATIONS]]></c><c><![CDATA[SPLINT_REALCOMPARE]]></c><c><![CDATA[C-RULES]]></c><c/><c/></r><r><c><![CDATA[SPLINT_OPERATIONS]]></c><c><![CDATA[SPLINT_SHIFTIMPLEMENTATION]]></c><c><![CDATA[C-RULES]]></c><c/><c/></r><r><c><![CDATA[SPLINT_OPERATIONS]]></c><c><![CDATA[SPLINT_SHIFTNEGATIVE]]></c><c><![CDATA[C-RULES]]></c><c/><c/></r><r><c><![CDATA[SPLINT_OPERATIONS]]></c><c><![CDATA[SPLINT_SIZEOFFORMALARRAY]]></c><c><![CDATA[C-RULES]]></c><c/><c/></r><r><c><![CDATA[SPLINT_RETURNVALS_BOOLEANS]]></c><c><![CDATA[SPLINT_RETVALBOOL]]></c><c><![CDATA[C-RULES]]></c><c/><c/></r><r><c><![CDATA[SPLINT_RETURNVALS_BOOLEANS]]></c><c><![CDATA[SPLINT_RETVALOTHER]]></c><c><![CDATA[C-RULES]]></c><c/><c/></r><r><c><![CDATA[SPLINT_RETURNVALS]]></c><c><![CDATA[SPLINT_RETVALINT]]></c><c><![CDATA[C-RULES]]></c><c/><c/></r><r><c><![CDATA[SPLINT_SYSTEMFUNCTIONS_UNDEFINED]]></c><c><![CDATA[SPLINT_EXITARG]]></c><c><![CDATA[C-RULES]]></c><c/><c/></r><r><c><![CDATA[SPLINT_SYSTEMFUNCTIONS]]></c><c><![CDATA[SPLINT_MAINTYPE]]></c><c><![CDATA[C-RULES]]></c><c/><c/></r><r><c><![CDATA[SPLINT_TYPEEQUIVALENCE_POINTERS]]></c><c><![CDATA[SPLINT_CASTFCNPTR]]></c><c><![CDATA[C-RULES]]></c><c/><c/></r><r><c><![CDATA[SPLINT_TYPEEQUIVALENCE]]></c><c><![CDATA[SPLINT_DUPLICATEQUALS]]></c><c><![CDATA[C-RULES]]></c><c/><c/></r><r><c><![CDATA[SPLINT_TYPEMISMATCH]]></c><c><![CDATA[SPLINT_TYPE]]></c><c><![CDATA[C-RULES]]></c><c/><c/></r><r><c><![CDATA[SPLINT_UNDEFINED_ANSI]]></c><c><![CDATA[SPLINT_EVALORDER]]></c><c><![CDATA[C-RULES]]></c><c/><c/></r><r><c><![CDATA[SPLINT_UNRECOGNIZED_DISPLAY]]></c><c><![CDATA[SPLINT_SYSUNRECOG]]></c><c><![CDATA[C-RULES]]></c><c/><c/></r><r><c><![CDATA[SPLINT_WARNUSE_SECURITY]]></c><c><![CDATA[SPLINT_BUFFEROVERFLOW]]></c><c><![CDATA[C-RULES]]></c><c/><c/></r><r><c><![CDATA[SPLINT_WARNUSE_SECURITY]]></c><c><![CDATA[SPLINT_BUFFEROVERFLOWHIGH]]></c><c><![CDATA[C-RULES]]></c><c/><c/></r><r><c><![CDATA[FF_BUFFER]]></c><c><![CDATA[4_BUFFER_STRCPY]]></c><c><![CDATA[C-RULES]]></c><c/><c/></r><r><c><![CDATA[FF_BUFFER]]></c><c><![CDATA[4_BUFFER_LSTRCPY]]></c><c><![CDATA[C-RULES]]></c><c/><c/></r><r><c><![CDATA[FF_BUFFER]]></c><c><![CDATA[1_BUFFER_STRCCPY]]></c><c><![CDATA[C-RULES]]></c><c/><c/></r><r><c><![CDATA[FF_BUFFER]]></c><c><![CDATA[5_BUFFER_GETS]]></c><c><![CDATA[C-RULES]]></c><c/><c/></r><r><c><![CDATA[FF_BUFFER]]></c><c><![CDATA[4_BUFFER_SPRINTF]]></c><c><![CDATA[C-RULES]]></c><c/><c/></r><r><c><![CDATA[FF_BUFFER]]></c><c><![CDATA[1_BUFFER_SPRINTF]]></c><c><![CDATA[C-RULES]]></c><c/><c/></r><r><c><![CDATA[CPPCHECK_DEADCODE]]></c><c><![CDATA[CPPCHECK_UNUSEDPRIVATEFUNCTION]]></c><c><![CDATA[C-RULES]]></c><c/><c/></r><r><c><![CDATA[CPPCHECK_MEMORYLEAK]]></c><c><![CDATA[CPPCHECK_MISMATCHSIZE]]></c><c><![CDATA[C-RULES]]></c><c/><c/></r><r><c><![CDATA[FF_MISC]]></c><c><![CDATA[3_MISC_ENTERCRITICALSECTION]]></c><c><![CDATA[C-RULES]]></c><c/><c/></r><r><c><![CDATA[FF_MISC]]></c><c><![CDATA[3_MISC_LOADLIBRARY]]></c><c><![CDATA[C-RULES]]></c><c/><c/></r><r><c><![CDATA[FF_MISC]]></c><c><![CDATA[5_MISC_SETSECURITYDESCRIPTORDACL]]></c><c><![CDATA[C-RULES]]></c><c/><c/></r><r><c><![CDATA[FF_MISC]]></c><c><![CDATA[3_MISC_ADDACCESSALLOWEDACE]]></c><c><![CDATA[C-RULES]]></c><c/><c/></r><r><c><![CDATA[FF_MISC]]></c><c><![CDATA[4_MISC_GETLOGIN]]></c><c><![CDATA[C-RULES]]></c><c/><c/></r><r><c><![CDATA[FF_MISC]]></c><c><![CDATA[4_MISC_CUSERID]]></c><c><![CDATA[C-RULES]]></c><c/><c/></r><r><c><![CDATA[FF_MISC]]></c><c><![CDATA[4_MISC_GETPASS]]></c><c><![CDATA[C-RULES]]></c><c/><c/></r><r><c><![CDATA[FF_OBSOLETE]]></c><c><![CDATA[2_OBSOLETE_GSIGNAL]]></c><c><![CDATA[C-RULES]]></c><c/><c/></r><r><c><![CDATA[FF_FREE]]></c><c><![CDATA[1_FREE_MEMALIGN]]></c><c><![CDATA[C-RULES]]></c><c/><c/></r><r><c><![CDATA[FF_OBSOLETE]]></c><c><![CDATA[1_OBSOLETE_ULIMIT]]></c><c><![CDATA[C-RULES]]></c><c/><c/></r><r><c><![CDATA[FF_OBSOLETE]]></c><c><![CDATA[1_OBSOLETE_USLEEP]]></c><c><![CDATA[C-RULES]]></c><c/><c/></r><r><c><![CDATA[FF_INPUT]]></c><c><![CDATA[0_INPUT_RECV]]></c><c><![CDATA[C-RULES]]></c><c/><c/></r><r><c><![CDATA[CPPCHECK_AUTOVARIABLES]]></c><c><![CDATA[CPPCHECK_AUTOVARIABLES]]></c><c><![CDATA[C-RULES]]></c><c/><c/></r><r><c><![CDATA[CPPCHECK_AUTOVARIABLES]]></c><c><![CDATA[CPPCHECK_RETURNLOCALVARIABLE]]></c><c><![CDATA[C-RULES]]></c><c/><c/></r><r><c><![CDATA[CPPCHECK_BUFFEROVERRUN]]></c><c><![CDATA[CPPCHECK_ARRAYINDEXOUTOFBOUNDS]]></c><c><![CDATA[C-RULES]]></c><c/><c/></r><r><c><![CDATA[CPPCHECK_BUFFEROVERRUN]]></c><c><![CDATA[CPPCHECK_BUFFERACCESSOUTOFBOUNDS]]></c><c><![CDATA[C-RULES]]></c><c/><c/></r><r><c><![CDATA[CPPCHECK_BUFFEROVERRUN]]></c><c><![CDATA[CPPCHECK_DANGEROUSSTDCIN]]></c><c><![CDATA[C-RULES]]></c><c/><c/></r><r><c><![CDATA[CPPCHECK_BUFFEROVERRUN]]></c><c><![CDATA[CPPCHECK_STRNCATUSAGE]]></c><c><![CDATA[C-RULES]]></c><c/><c/></r><r><c><![CDATA[CPPCHECK_BUFFEROVERRUN]]></c><c><![CDATA[CPPCHECK_OUTOFBOUNDS]]></c><c><![CDATA[C-RULES]]></c><c/><c/></r><r><c><![CDATA[CPPCHECK_BUFFEROVERRUN]]></c><c><![CDATA[CPPCHECK_SIZEARGUMENTASCHAR]]></c><c><![CDATA[C-RULES]]></c><c/><c/></r><r><c><![CDATA[CPPCHECK_BUFFEROVERRUN]]></c><c><![CDATA[CPPCHECK_TERMINATESTRNCPY]]></c><c><![CDATA[C-RULES]]></c><c/><c/></r><r><c><![CDATA[CPPCHECK_CLASS]]></c><c><![CDATA[CPPCHECK_THISSUBTRACTION]]></c><c><![CDATA[C-RULES]]></c><c/><c/></r><r><c><![CDATA[CPPCHECK_CLASS]]></c><c><![CDATA[CPPCHECK_NOCONSTRUCTOR]]></c><c><![CDATA[C-RULES]]></c><c/><c/></r><r><c><![CDATA[CPPCHECK_CLASS]]></c><c><![CDATA[CPPCHECK_UNINITVAR]]></c><c><![CDATA[C-RULES]]></c><c/><c/></r><r><c><![CDATA[CPPCHECK_CLASS]]></c><c><![CDATA[CPPCHECK_OPERATOREQVARERROR]]></c><c><![CDATA[C-RULES]]></c><c/><c/></r><r><c><![CDATA[FF_BUFFER]]></c><c><![CDATA[2_BUFFER_SPRINTF]]></c><c><![CDATA[C-RULES]]></c><c/><c/></r><r><c><![CDATA[FF_FORMAT]]></c><c><![CDATA[4_FORMAT_SPRINTF]]></c><c><![CDATA[C-RULES]]></c><c/><c/></r><r><c><![CDATA[FF_FORMAT]]></c><c><![CDATA[4_FORMAT_PRINTF]]></c><c><![CDATA[C-RULES]]></c><c/><c/></r><r><c><![CDATA[FF_FORMAT]]></c><c><![CDATA[4_FORMAT_FPRINTF]]></c><c><![CDATA[C-RULES]]></c><c/><c/></r><r><c><![CDATA[FF_FORMAT]]></c><c><![CDATA[4_FORMAT_SYSLOG]]></c><c><![CDATA[C-RULES]]></c><c/><c/></r><r><c><![CDATA[FF_FORMAT]]></c><c><![CDATA[4_FORMAT_SNPRINTF]]></c><c><![CDATA[C-RULES]]></c><c/><c/></r><r><c><![CDATA[FF_BUFFER]]></c><c><![CDATA[4_BUFFER_SCANF]]></c><c><![CDATA[C-RULES]]></c><c/><c/></r><r><c><![CDATA[FF_BUFFER]]></c><c><![CDATA[1_BUFFER_SCANF]]></c><c><![CDATA[C-RULES]]></c><c/><c/></r><r><c><![CDATA[FF_BUFFER]]></c><c><![CDATA[4_BUFFER_FSCANF]]></c><c><![CDATA[C-RULES]]></c><c/><c/></r><r><c><![CDATA[FF_BUFFER]]></c><c><![CDATA[1_BUFFER_STRLEN]]></c><c><![CDATA[C-RULES]]></c><c/><c/></r><r><c><![CDATA[FF_BUFFER]]></c><c><![CDATA[2_BUFFER_MULTIBYTETOWIDECHAR]]></c><c><![CDATA[C-RULES]]></c><c/><c/></r><r><c><![CDATA[FF_BUFFER]]></c><c><![CDATA[4_BUFFER_STREADD]]></c><c><![CDATA[C-RULES]]></c><c/><c/></r><r><c><![CDATA[FF_BUFFER]]></c><c><![CDATA[3_BUFFER_STRTRNS]]></c><c><![CDATA[C-RULES]]></c><c/><c/></r><r><c><![CDATA[FF_BUFFER]]></c><c><![CDATA[3_BUFFER_REALPATH]]></c><c><![CDATA[C-RULES]]></c><c/><c/></r><r><c><![CDATA[FF_BUFFER]]></c><c><![CDATA[3_BUFFER_GETOPT]]></c><c><![CDATA[C-RULES]]></c><c/><c/></r><r><c><![CDATA[FF_BUFFER]]></c><c><![CDATA[3_BUFFER_GETPASS]]></c><c><![CDATA[C-RULES]]></c><c/><c/></r><r><c><![CDATA[FF_BUFFER]]></c><c><![CDATA[3_BUFFER_GETWD]]></c><c><![CDATA[C-RULES]]></c><c/><c/></r><r><c><![CDATA[FF_BUFFER]]></c><c><![CDATA[1_BUFFER_GETCHAR]]></c><c><![CDATA[C-RULES]]></c><c/><c/></r><r><c><![CDATA[FF_RACE]]></c><c><![CDATA[4_RACE_ACCESS]]></c><c><![CDATA[C-RULES]]></c><c/><c/></r><r><c><![CDATA[FF_RACE]]></c><c><![CDATA[5_RACE_CHOWN]]></c><c><![CDATA[C-RULES]]></c><c/><c/></r><r><c><![CDATA[FF_RACE]]></c><c><![CDATA[5_RACE_CHGRP]]></c><c><![CDATA[C-RULES]]></c><c/><c/></r><r><c><![CDATA[FF_RACE]]></c><c><![CDATA[5_RACE_CHMOD]]></c><c><![CDATA[C-RULES]]></c><c/><c/></r><r><c><![CDATA[FF_RACE]]></c><c><![CDATA[2_RACE_VFORK]]></c><c><![CDATA[C-RULES]]></c><c/><c/></r><r><c><![CDATA[FF_TMPFILE]]></c><c><![CDATA[2_TMPFILE_TMPFILE]]></c><c><![CDATA[C-RULES]]></c><c/><c/></r><r><c><![CDATA[FF_TMPFILE]]></c><c><![CDATA[3_TMPFILE_TMPNAM]]></c><c><![CDATA[C-RULES]]></c><c/><c/></r><r><c><![CDATA[FF_TMPFILE]]></c><c><![CDATA[4_TMPFILE_MKTEMP]]></c><c><![CDATA[C-RULES]]></c><c/><c/></r><r><c><![CDATA[FF_TMPFILE]]></c><c><![CDATA[2_TMPFILE_MKSTEMP]]></c><c><![CDATA[C-RULES]]></c><c/><c/></r><r><c><![CDATA[FF_MISC]]></c><c><![CDATA[2_MISC_FOPEN]]></c><c><![CDATA[C-RULES]]></c><c/><c/></r><r><c><![CDATA[FF_ACCESS]]></c><c><![CDATA[1_ACCESS_UMASK]]></c><c><![CDATA[C-RULES]]></c><c/><c/></r><r><c><![CDATA[FF_RACE]]></c><c><![CDATA[5_RACE_READLINK]]></c><c><![CDATA[C-RULES]]></c><c/><c/></r><r><c><![CDATA[FF_TMPFILE]]></c><c><![CDATA[3_TMPFILE_GETTEMPFILENAME]]></c><c><![CDATA[C-RULES]]></c><c/><c/></r><r><c><![CDATA[FF_SHELL]]></c><c><![CDATA[4_SHELL_EXECL]]></c><c><![CDATA[C-RULES]]></c><c/><c/></r><r><c><![CDATA[FF_SHELL]]></c><c><![CDATA[3_SHELL_CREATEPROCESSASUSER]]></c><c><![CDATA[C-RULES]]></c><c/><c/></r><r><c><![CDATA[FF_SHELL]]></c><c><![CDATA[3_SHELL_CREATEPROCESS]]></c><c><![CDATA[C-RULES]]></c><c/><c/></r><r><c><![CDATA[FF_RANDOM]]></c><c><![CDATA[3_RANDOM_DRAND48]]></c><c><![CDATA[C-RULES]]></c><c/><c/></r><r><c><![CDATA[FF_CRYPTO]]></c><c><![CDATA[4_CRYPTO_CRYPT]]></c><c><![CDATA[C-RULES]]></c><c/><c/></r><r><c><![CDATA[FF_CRYPTO]]></c><c><![CDATA[4_CRYPTO_EVP_DES_ECB]]></c><c><![CDATA[C-RULES]]></c><c/><c/></r><r><c><![CDATA[FF_CRYPTO]]></c><c><![CDATA[4_CRYPTO_EVP_RC4_40]]></c><c><![CDATA[C-RULES]]></c><c/><c/></r><r><c><![CDATA[FF_MISC]]></c><c><![CDATA[3_MISC_CHROOT]]></c><c><![CDATA[C-RULES]]></c><c/><c/></r><r><c><![CDATA[FF_BUFFER]]></c><c><![CDATA[3_BUFFER_GETENV]]></c><c><![CDATA[C-RULES]]></c><c/><c/></r><r><c><![CDATA[FF_BUFFER]]></c><c><![CDATA[3_BUFFER_G_GET_HOME_DIR]]></c><c><![CDATA[C-RULES]]></c><c/><c/></r><r><c><![CDATA[FF_BUFFER]]></c><c><![CDATA[3_BUFFER_G_GET_TMP_DIR]]></c><c><![CDATA[C-RULES]]></c><c/><c/></r><r><c><![CDATA[FF_ACCESS]]></c><c><![CDATA[4_ACCESS_RPCIMPERSONATECLIENT]]></c><c><![CDATA[C-RULES]]></c><c/><c/></r><r><c><![CDATA[FF_MISC]]></c><c><![CDATA[3_MISC_INITIALIZECRITICALSECTION]]></c><c><![CDATA[C-RULES]]></c><c/><c/></r><r><c><![CDATA[CPPCHECK_DEADCODE]]></c><c><![CDATA[CPPCHECK_UNUSEDFUNCTION]]></c><c><![CDATA[C-RULES]]></c><c/><c/></r><r><c><![CDATA[CPPCHECK_DEADCODE]]></c><c><![CDATA[CPPCHECK_UNUSEDSTRUCTMEMBER]]></c><c><![CDATA[C-RULES]]></c><c/><c/></r><r><c><![CDATA[FF_BUFFER]]></c><c><![CDATA[4_BUFFER_GETPW]]></c><c><![CDATA[C-RULES]]></c><c/><c/></r><r><c><![CDATA[CPPCHECK_CLASS]]></c><c><![CDATA[CPPCHECK_MEMSETCLASS]]></c><c><![CDATA[C-RULES]]></c><c/><c/></r><r><c><![CDATA[CPPCHECK_CLASS]]></c><c><![CDATA[CPPCHECK_MEMSETSTRUCT]]></c><c><![CDATA[C-RULES]]></c><c/><c/></r><r><c><![CDATA[CPPCHECK_CLASS]]></c><c><![CDATA[CPPCHECK_OPERATOREQ]]></c><c><![CDATA[C-RULES]]></c><c/><c/></r><r><c><![CDATA[CPPCHECK_CLASS]]></c><c><![CDATA[CPPCHECK_VIRTUALDESTRUCTOR]]></c><c><![CDATA[C-RULES]]></c><c/><c/></r><r><c><![CDATA[CPPCHECK_CLASS]]></c><c><![CDATA[CPPCHECK_OPERATOREQRETREFTHIS]]></c><c><![CDATA[C-RULES]]></c><c/><c/></r><r><c><![CDATA[CPPCHECK_CLASS]]></c><c><![CDATA[CPPCHECK_OPERATOREQTOSELF]]></c><c><![CDATA[C-RULES]]></c><c/><c/></r><r><c><![CDATA[CPPCHECK_DANGEROUSFUNCTIONS]]></c><c><![CDATA[CPPCHECK_DANGEROUSFUNCTIONMKTEMP]]></c><c><![CDATA[C-RULES]]></c><c/><c/></r><r><c><![CDATA[CPPCHECK_DANGEROUSFUNCTIONS]]></c><c><![CDATA[CPPCHECK_DANGEROUSFUNCTIONGETS]]></c><c><![CDATA[C-RULES]]></c><c/><c/></r><r><c><![CDATA[CPPCHECK_DANGEROUSFUNCTIONS]]></c><c><![CDATA[CPPCHECK_DANGEROUSFUNCTIONSCANF]]></c><c><![CDATA[C-RULES]]></c><c/><c/></r><r><c><![CDATA[CPPCHECK_EXCEPTIONSAFETY]]></c><c><![CDATA[CPPCHECK_EXCEPTTHROWINDESTRUCTOR]]></c><c><![CDATA[C-RULES]]></c><c/><c/></r><r><c><![CDATA[CPPCHECK_EXCEPTIONSAFETY]]></c><c><![CDATA[CPPCHECK_EXCEPTNEW]]></c><c><![CDATA[C-RULES]]></c><c/><c/></r><r><c><![CDATA[CPPCHECK_EXCEPTIONSAFETY]]></c><c><![CDATA[CPPCHECK_EXCEPTREALLOC]]></c><c><![CDATA[C-RULES]]></c><c/><c/></r><r><c><![CDATA[CPPCHECK_EXCEPTIONSAFETY]]></c><c><![CDATA[CPPCHECK_EXCEPTDEALLOCTHROW]]></c><c><![CDATA[C-RULES]]></c><c/><c/></r><r><c><![CDATA[CPPCHECK_MISC]]></c><c><![CDATA[CPPCHECK_CSTYLECAST]]></c><c><![CDATA[C-RULES]]></c><c/><c/></r><r><c><![CDATA[CPPCHECK_MISC]]></c><c><![CDATA[CPPCHECK_REDUNDANTIFDELETE0]]></c><c><![CDATA[C-RULES]]></c><c/><c/></r><r><c><![CDATA[CPPCHECK_MISC]]></c><c><![CDATA[CPPCHECK_REDUNDANTIFREMOVE]]></c><c><![CDATA[C-RULES]]></c><c/><c/></r><r><c><![CDATA[CPPCHECK_MISC]]></c><c><![CDATA[CPPCHECK_DANGEROUSUSAGESTRTOL]]></c><c><![CDATA[C-RULES]]></c><c/><c/></r><r><c><![CDATA[CPPCHECK_MISC]]></c><c><![CDATA[CPPCHECK_SPRINTFOVERLAPPINGDATA]]></c><c><![CDATA[C-RULES]]></c><c/><c/></r><r><c><![CDATA[CPPCHECK_MISC]]></c><c><![CDATA[CPPCHECK_UDIVERROR]]></c><c><![CDATA[C-RULES]]></c><c/><c/></r><r><c><![CDATA[CPPCHECK_MISC]]></c><c><![CDATA[CPPCHECK_UDIVWARNING]]></c><c><![CDATA[C-RULES]]></c><c/><c/></r><r><c><![CDATA[CPPCHECK_MISC]]></c><c><![CDATA[CPPCHECK_PASSEDBYVALUE]]></c><c><![CDATA[C-RULES]]></c><c/><c/></r><r><c><![CDATA[CPPCHECK_MISC]]></c><c><![CDATA[CPPCHECK_CONSTSTATEMENT]]></c><c><![CDATA[C-RULES]]></c><c/><c/></r><r><c><![CDATA[CPPCHECK_MISC]]></c><c><![CDATA[CPPCHECK_CHARARRAYINDEX]]></c><c><![CDATA[C-RULES]]></c><c/><c/></r><r><c><![CDATA[CPPCHECK_MISC]]></c><c><![CDATA[CPPCHECK_CHARBITOP]]></c><c><![CDATA[C-RULES]]></c><c/><c/></r><r><c><![CDATA[CPPCHECK_MISC]]></c><c><![CDATA[CPPCHECK_VARIABLESCOPE]]></c><c><![CDATA[C-RULES]]></c><c/><c/></r><r><c><![CDATA[CPPCHECK_MISC]]></c><c><![CDATA[CPPCHECK_CONDITIONALWAYSTRUEFALSE]]></c><c><![CDATA[C-RULES]]></c><c/><c/></r><r><c><![CDATA[CPPCHECK_MISC]]></c><c><![CDATA[CPPCHECK_STRPLUSCHAR]]></c><c><![CDATA[C-RULES]]></c><c/><c/></r><r><c><![CDATA[CPPCHECK_MISC]]></c><c><![CDATA[CPPCHECK_NULLPOINTER]]></c><c><![CDATA[C-RULES]]></c><c/><c/></r><r><c><![CDATA[CPPCHECK_MISC]]></c><c><![CDATA[CPPCHECK_UNINITDATA]]></c><c><![CDATA[C-RULES]]></c><c/><c/></r><r><c><![CDATA[CPPCHECK_MISC]]></c><c><![CDATA[CPPCHECK_UNINITVAR]]></c><c><![CDATA[C-RULES]]></c><c/><c/></r><r><c><![CDATA[CPPCHECK_MISC]]></c><c><![CDATA[CPPCHECK_ZERODIV]]></c><c><![CDATA[C-RULES]]></c><c/><c/></r><r><c><![CDATA[CPPCHECK_MISC]]></c><c><![CDATA[CPPCHECK_POSTINCREMENTDECREMENT]]></c><c><![CDATA[C-RULES]]></c><c/><c/></r><r><c><![CDATA[CPPCHECK_STL]]></c><c><![CDATA[CPPCHECK_ITERATORS]]></c><c><![CDATA[C-RULES]]></c><c/><c/></r><r><c><![CDATA[CPPCHECK_STL]]></c><c><![CDATA[CPPCHECK_ERASEDEREFERENCE]]></c><c><![CDATA[C-RULES]]></c><c/><c/></r><r><c><![CDATA[CPPCHECK_STL]]></c><c><![CDATA[CPPCHECK_MISMATCHINGCONTAINERS]]></c><c><![CDATA[C-RULES]]></c><c/><c/></r><r><c><![CDATA[CPPCHECK_STL]]></c><c><![CDATA[CPPCHECK_STLOUTOFBOUNDS]]></c><c><![CDATA[C-RULES]]></c><c/><c/></r><r><c><![CDATA[CPPCHECK_STL]]></c><c><![CDATA[CPPCHECK_ERASE]]></c><c><![CDATA[C-RULES]]></c><c/><c/></r></e>