<?xml version="1.0"  encoding="UTF-8"?><e><r><c><![CDATA[DP8-CDATE-FOUND]]></c><c/><c/><c/><c/></r><r><c><![CDATA[DP8-NO-ARG-EXC]]></c><c/><c/><c/><c/></r><r><c><![CDATA[DP8-ON-ERROR]]></c><c/><c/><c/><c/></r><r><c><![CDATA[DP8-RESUME-FOUND]]></c><c/><c/><c/><c/></r><r><c><![CDATA[DP8-MAIN-WITHOUT-ERROR]]></c><c/><c/><c/><c/></r><r><c><![CDATA[DP8-EXC-IN-DESTRUCTOR]]></c><c/><c/><c/><c/></r><r><c><![CDATA[DP8-ERR-IN-CACHE-ADD]]></c><c/><c/><c/><c/></r><r><c><![CDATA[DP8-SYSTEM.EXC]]></c><c/><c/><c/><c/></r><r><c><![CDATA[DP8-GC-COLLECT]]></c><c/><c/><c/><c/></r><r><c><![CDATA[DP8-LONG-WEAK]]></c><c/><c/><c/><c/></r><r><c><![CDATA[DP8-PERF-DESTRUCTOR]]></c><c/><c/><c/><c/></r><r><c><![CDATA[DP8-REF-SELF]]></c><c/><c/><c/><c/></r><r><c><![CDATA[DP8-RESSURECTION-OBJECT]]></c><c/><c/><c/><c/></r><r><c><![CDATA[DP8-GC-REGISTERFORFINALIZE]]></c><c/><c/><c/><c/></r><r><c><![CDATA[DP8-FINALIZE-DISPOSE]]></c><c/><c/><c/><c/></r><r><c><![CDATA[DP8-DESTR-CALL-DISPOSE]]></c><c/><c/><c/><c/></r><r><c><![CDATA[DP8-BASE-CALL-DISPOSE]]></c><c/><c/><c/><c/></r><r><c><![CDATA[DP8-CLOSE-CALL-DISPOSE]]></c><c/><c/><c/><c/></r><r><c><![CDATA[DP8-OBJECTDISPOSED-DISPOSE]]></c><c/><c/><c/><c/></r><r><c><![CDATA[DP8-DISPOSABLE-CLASS]]></c><c/><c/><c/><c/></r><r><c><![CDATA[DP8-LOOP-NOT-ENTERED]]></c><c/><c/><c/><c/></r><r><c><![CDATA[DP8-PROTECTED-FIELD]]></c><c/><c/><c/><c/></r><r><c><![CDATA[DP8-NO-HTML]]></c><c/><c/><c/><c/></r><r><c><![CDATA[DP8-PUBLIC-FIELD]]></c><c/><c/><c/><c/></r><r><c><![CDATA[DP8-RETURN-FROM-MAIN]]></c><c/><c/><c/><c/></r><r><c><![CDATA[DP8-MAIN-CALLED]]></c><c/><c/><c/><c/></r><r><c><![CDATA[DP8-NO-EQUALS-OVERRIDE]]></c><c/><c/><c/><c/></r><r><c><![CDATA[DP8-NO-SESSION-IN-CONSTRUCTEUR]]></c><c/><c/><c/><c/></r><r><c><![CDATA[DP8-NO-PRIVATE-DEFAULT-CONSTRUCTEUR]]></c><c/><c/><c/><c/></r><r><c><![CDATA[DP8-GOTO]]></c><c/><c/><c/><c/></r><r><c><![CDATA[DP8-ASC-FUNCTION]]></c><c/><c/><c/><c/></r><r><c><![CDATA[DP8-DOEVENTS]]></c><c/><c/><c/><c/></r><r><c><![CDATA[DP8-FILEATTR-ARG]]></c><c/><c/><c/><c/></r><r><c><![CDATA[DP8-LOCK-FOUND]]></c><c/><c/><c/><c/></r><r><c><![CDATA[DP8-DBCDROPDOWNLIST]]></c><c/><c/><c/><c/></r><r><c><![CDATA[DP8-ITEM-FROM-CACHE]]></c><c/><c/><c/><c/></r><r><c><![CDATA[DP8-AT-SYMBOL]]></c><c/><c/><c/><c/></r><r><c><![CDATA[DP8-CLASS-NAME-NAMESPACE]]></c><c/><c/><c/><c/></r><r><c><![CDATA[DP8-NO-RELATIVE-PATH-IN-URL]]></c><c/><c/><c/><c/></r><r><c><![CDATA[DP8-VARIABLE-SAME-NAME]]></c><c/><c/><c/><c/></r><r><c><![CDATA[DP8-MULTIPLE-INDEXERS]]></c><c/><c/><c/><c/></r><r><c><![CDATA[DP8-RESPONSE-BUFFEROUTPUT]]></c><c/><c/><c/><c/></r><r><c><![CDATA[DP8-SMALL-CONSTRUCTOR]]></c><c/><c/><c/><c/></r><r><c><![CDATA[DP8-NESTED-STATEMENT]]></c><c/><c/><c/><c/></r><r><c><![CDATA[DP8-NO-COMMENT]]></c><c/><c/><c/><c/></r><r><c><![CDATA[DP8-STOP-STATEMENT]]></c><c/><c/><c/><c/></r><r><c><![CDATA[DP8-END-STATEMENT]]></c><c/><c/><c/><c/></r><r><c><![CDATA[DP8-DOTNET-COLLECTION]]></c><c/><c/><c/><c/></r><r><c><![CDATA[DP8-MORE-100-LINES]]></c><c/><c/><c/><c/></r><r><c><![CDATA[DP8-METHOD-NAME-CASE]]></c><c/><c/><c/><c/></r><r><c><![CDATA[DP8-NAMESPACE-NAME-CASE]]></c><c/><c/><c/><c/></r><r><c><![CDATA[DP8-TYPE-NAME-CASE]]></c><c/><c/><c/><c/></r><r><c><![CDATA[DP8-EVENT-NAME-CASE]]></c><c/><c/><c/><c/></r><r><c><![CDATA[DP8-PARAMETER-NAME-CASE]]></c><c/><c/><c/><c/></r><r><c><![CDATA[DP8-PARAMETER-NAME-METHOD]]></c><c/><c/><c/><c/></r><r><c><![CDATA[DP8-METHODNAME-PROPERTY]]></c><c/><c/><c/><c/></r><r><c><![CDATA[DP8-JAGGED-ARRAY]]></c><c/><c/><c/><c/></r><r><c><![CDATA[DP8-UNMANAGED-MANAGED]]></c><c/><c/><c/><c/></r><r><c><![CDATA[DP8-EXCESSIVE-AUTOPOSTBACK]]></c><c/><c/><c/><c/></r><r><c><![CDATA[DP8-PAGE-ISPOSTBACK]]></c><c/><c/><c/><c/></r><r><c><![CDATA[DP8-WRITEIF-WRITELINEIF]]></c><c/><c/><c/><c/></r><r><c><![CDATA[DP8-STRING-CONCATENATION]]></c><c/><c/><c/><c/></r><r><c><![CDATA[DP8-REDIMARRAY]]></c><c/><c/><c/><c/></r><r><c><![CDATA[DP8-NEW-KEYWORD]]></c><c/><c/><c/><c/></r><r><c><![CDATA[DP8-REQUEST-COLLECTION]]></c><c/><c/><c/><c/></r><r><c><![CDATA[DP8-RESPONSE-REDIRECT]]></c><c/><c/><c/><c/></r><r><c><![CDATA[DP8-UBOUND-LBOUND]]></c><c/><c/><c/><c/></r><r><c><![CDATA[DP8-TEST-EMPTY-STRING]]></c><c/><c/><c/><c/></r><r><c><![CDATA[DP8-PRESERVE-REDIM]]></c><c/><c/><c/><c/></r><r><c><![CDATA[DP8-TURN-OFF-FUNCTIONNALITY]]></c><c/><c/><c/><c/></r><r><c><![CDATA[DP8-ASPCOMPAT]]></c><c/><c/><c/><c/></r><r><c><![CDATA[DP8-NO-VALIDATION-CONTROL]]></c><c/><c/><c/><c/></r><r><c><![CDATA[DP8-DISABLE-VIEW-STATE]]></c><c/><c/><c/><c/></r><r><c><![CDATA[DP8-CACHING-IMPLEMENTATION]]></c><c/><c/><c/><c/></r><r><c><![CDATA[DP8-VIEW-STATE-NOT-REQUIRED]]></c><c/><c/><c/><c/></r><r><c><![CDATA[DP8-CACHE-ATTRIBUTE-SET]]></c><c/><c/><c/><c/></r><r><c><![CDATA[DP8-DISABLE-SESSIONSTATE]]></c><c/><c/><c/><c/></r><r><c><![CDATA[DP8-OPTION-COMPARE]]></c><c/><c/><c/><c/></r><r><c><![CDATA[DP8-USE-HTMLENCODE]]></c><c/><c/><c/><c/></r><r><c><![CDATA[DP8-TURN-OFF-OPTIONS]]></c><c/><c/><c/><c/></r><r><c><![CDATA[DP8-VERIFY-CACHE-DURATION]]></c><c/><c/><c/><c/></r><r><c><![CDATA[DP8-HTMLENCODE-WITH-TEXT]]></c><c/><c/><c/><c/></r><r><c><![CDATA[DP8-NO-CODE-VERIFICATION]]></c><c/><c/><c/><c/></r><r><c><![CDATA[DP8-STATIC-CONSTRUCTOR-NOT-PROTECTED]]></c><c/><c/><c/><c/></r><r><c><![CDATA[DP8-SECURITY-ASSERT]]></c><c/><c/><c/><c/></r><r><c><![CDATA[DP8-SECURITY-DEMANDS]]></c><c/><c/><c/><c/></r><r><c><![CDATA[DP8-OPTIONAL-PERMISSIONS]]></c><c/><c/><c/><c/></r><r><c><![CDATA[DP8-NOTHING-PERMISSION]]></c><c/><c/><c/><c/></r><r><c><![CDATA[DP8-FULLTRUST-PERMISSION]]></c><c/><c/><c/><c/></r><r><c><![CDATA[DP8-INVALID-INHERITANCE]]></c><c/><c/><c/><c/></r><r><c><![CDATA[DP8-TYPE-UNTRUSTED-CODE]]></c><c/><c/><c/><c/></r><r><c><![CDATA[DP8-ASSEMBLY-OPEN]]></c><c/><c/><c/><c/></r><r><c><![CDATA[DP8-ELEVATED-PRIVILEGES]]></c><c/><c/><c/><c/></r><r><c><![CDATA[DP8-SECURITY-HOLE]]></c><c/><c/><c/><c/></r><r><c><![CDATA[DP8-NOT-ENFORCED-LINKDEMAND]]></c><c/><c/><c/><c/></r><r><c><![CDATA[DP8-OPEN-HACKING]]></c><c/><c/><c/><c/></r><r><c><![CDATA[DP8-FIELD-SECURITY-HOLE]]></c><c/><c/><c/><c/></r><r><c><![CDATA[DP8-SECURITY-CIRCUMVENTION]]></c><c/><c/><c/><c/></r><r><c><![CDATA[DP8-PROTECTED-FINALIZE]]></c><c/><c/><c/><c/></r><r><c><![CDATA[DP8-LOSS-ASSERT-INFORMATION]]></c><c/><c/><c/><c/></r><r><c><![CDATA[DP8-INSUFFICIENT-SECURITY-PINVOKE]]></c><c/><c/><c/><c/></r><r><c><![CDATA[DP8-VIRTUAL-ON-PUBLIC]]></c><c/><c/><c/><c/></r><r><c><![CDATA[DP8-SECURITY-FOR-CONSTRUCTOR]]></c><c/><c/><c/><c/></r><r><c><![CDATA[DP8-SECURE-GETDATAOBJECT]]></c><c/><c/><c/><c/></r><r><c><![CDATA[DP8-CUSTOMERRORS-NOT-REMOTEONLY]]></c><c/><c/><c/><c/></r><r><c><![CDATA[DP8-DECRYPTIONKEY-AUTOGENERATE]]></c><c/><c/><c/><c/></r><r><c><![CDATA[DP8-CLEAR-PASSWORD]]></c><c/><c/><c/><c/></r><r><c><![CDATA[DP8-BLANK-PASSWORD-CONNECTION-SQL]]></c><c/><c/><c/><c/></r><r><c><![CDATA[DP8-QUIT-AUTHENTICATE-PAGE]]></c><c/><c/><c/><c/></r><r><c><![CDATA[DP8-REVIEW-HTML-COMMENTS]]></c><c/><c/><c/><c/></r><r><c><![CDATA[DP8-UNFILTERED-USER-WROTE]]></c><c/><c/><c/><c/></r><r><c><![CDATA[DP8-URLREFERRER-HEADER]]></c><c/><c/><c/><c/></r><r><c><![CDATA[DP8-LOSS-SECURITY-INFORMATION]]></c><c/><c/><c/><c/></r><r><c><![CDATA[DP8-SLOW-ADO-COLL]]></c><c/><c/><c/><c/></r></e>