<?xml version="1.0"  encoding="UTF-8"?><e><r><c><![CDATA[DP8-RESSURECTION-OBJECT]]></c><c><![CDATA[DP8-1015]]></c><c><![CDATA[STANDARD-VB.NET]]></c><c><![CDATA[2007-07-09 16:06:50]]></c><c/></r><r><c><![CDATA[DP8-GC-REGISTERFORFINALIZE]]></c><c><![CDATA[DP8-1016]]></c><c><![CDATA[STANDARD-VB.NET]]></c><c><![CDATA[2007-07-09 16:06:50]]></c><c/></r><r><c><![CDATA[DP8-GC-REGISTERFORFINALIZE]]></c><c><![CDATA[DP8-1182]]></c><c><![CDATA[STANDARD-VB.NET]]></c><c><![CDATA[2007-07-09 16:06:50]]></c><c/></r><r><c><![CDATA[DP8-FINALIZE-DISPOSE]]></c><c><![CDATA[DP8-1056]]></c><c><![CDATA[STANDARD-VB.NET]]></c><c><![CDATA[2007-07-09 16:06:50]]></c><c/></r><r><c><![CDATA[DP8-DESTR-CALL-DISPOSE]]></c><c><![CDATA[DP8-1062]]></c><c><![CDATA[STANDARD-VB.NET]]></c><c><![CDATA[2007-07-09 16:06:50]]></c><c/></r><r><c><![CDATA[DP8-BASE-CALL-DISPOSE]]></c><c><![CDATA[DP8-1178]]></c><c><![CDATA[STANDARD-VB.NET]]></c><c><![CDATA[2007-07-09 16:06:50]]></c><c/></r><r><c><![CDATA[DP8-CLOSE-CALL-DISPOSE]]></c><c><![CDATA[DP8-1179]]></c><c><![CDATA[STANDARD-VB.NET]]></c><c><![CDATA[2007-07-09 16:06:50]]></c><c/></r><r><c><![CDATA[DP8-OBJECTDISPOSED-DISPOSE]]></c><c><![CDATA[DP8-1181]]></c><c><![CDATA[STANDARD-VB.NET]]></c><c><![CDATA[2007-07-09 16:06:50]]></c><c/></r><r><c><![CDATA[DP8-DISPOSABLE-CLASS]]></c><c><![CDATA[DP8-1609]]></c><c><![CDATA[STANDARD-VB.NET]]></c><c><![CDATA[2007-07-09 16:06:50]]></c><c/></r><r><c><![CDATA[DP8-LOOP-NOT-ENTERED]]></c><c><![CDATA[DP8-1031]]></c><c><![CDATA[STANDARD-VB.NET]]></c><c><![CDATA[2007-07-09 16:06:50]]></c><c/></r><r><c><![CDATA[DP8-LOOP-NOT-ENTERED]]></c><c><![CDATA[DP8-1559]]></c><c><![CDATA[STANDARD-VB.NET]]></c><c><![CDATA[2007-07-09 16:06:50]]></c><c/></r><r><c><![CDATA[DP8-PROTECTED-FIELD]]></c><c><![CDATA[DP8-1038]]></c><c><![CDATA[STANDARD-VB.NET]]></c><c><![CDATA[2007-07-09 16:06:50]]></c><c/></r><r><c><![CDATA[DP8-NO-HTML]]></c><c><![CDATA[DP8-1043]]></c><c><![CDATA[STANDARD-VB.NET]]></c><c><![CDATA[2007-07-09 16:06:50]]></c><c/></r><r><c><![CDATA[DP8-PUBLIC-FIELD]]></c><c><![CDATA[DP8-1044]]></c><c><![CDATA[STANDARD-VB.NET]]></c><c><![CDATA[2007-07-09 16:06:50]]></c><c/></r><r><c><![CDATA[DP8-RETURN-FROM-MAIN]]></c><c><![CDATA[DP8-1002]]></c><c><![CDATA[STANDARD-VB.NET]]></c><c><![CDATA[2007-07-09 16:06:50]]></c><c/></r><r><c><![CDATA[DP8-MAIN-CALLED]]></c><c><![CDATA[DP8-1006]]></c><c><![CDATA[STANDARD-VB.NET]]></c><c><![CDATA[2007-07-09 16:06:50]]></c><c/></r><r><c><![CDATA[DP8-NO-EQUALS-OVERRIDE]]></c><c><![CDATA[DP8-1011]]></c><c><![CDATA[STANDARD-VB.NET]]></c><c><![CDATA[2007-07-09 16:06:50]]></c><c/></r><r><c><![CDATA[DP8-NO-SESSION-IN-CONSTRUCTEUR]]></c><c><![CDATA[DP8-1025]]></c><c><![CDATA[STANDARD-VB.NET]]></c><c><![CDATA[2007-07-09 16:06:50]]></c><c/></r><r><c><![CDATA[DP8-NO-PRIVATE-DEFAULT-CONSTRUCTEUR]]></c><c><![CDATA[DP8-1060]]></c><c><![CDATA[STANDARD-VB.NET]]></c><c><![CDATA[2007-07-09 16:06:50]]></c><c/></r><r><c><![CDATA[DP8-GOTO]]></c><c><![CDATA[DP8-1073]]></c><c><![CDATA[STANDARD-VB.NET]]></c><c><![CDATA[2007-07-09 16:06:50]]></c><c/></r><r><c><![CDATA[DP8-ASC-FUNCTION]]></c><c><![CDATA[DP8-1080]]></c><c><![CDATA[STANDARD-VB.NET]]></c><c><![CDATA[2007-07-09 16:06:50]]></c><c/></r><r><c><![CDATA[DP8-DOEVENTS]]></c><c><![CDATA[DP8-1082]]></c><c><![CDATA[STANDARD-VB.NET]]></c><c><![CDATA[2007-07-09 16:06:50]]></c><c/></r><r><c><![CDATA[DP8-FILEATTR-ARG]]></c><c><![CDATA[DP8-1083]]></c><c><![CDATA[STANDARD-VB.NET]]></c><c><![CDATA[2007-07-09 16:06:50]]></c><c/></r><r><c><![CDATA[DP8-LOCK-FOUND]]></c><c><![CDATA[DP8-1086]]></c><c><![CDATA[STANDARD-VB.NET]]></c><c><![CDATA[2007-07-09 16:06:50]]></c><c/></r><r><c><![CDATA[DP8-DBCDROPDOWNLIST]]></c><c><![CDATA[DP8-1089]]></c><c><![CDATA[STANDARD-VB.NET]]></c><c><![CDATA[2007-07-09 16:06:50]]></c><c/></r><r><c><![CDATA[DP8-ITEM-FROM-CACHE]]></c><c><![CDATA[DP8-1601]]></c><c><![CDATA[STANDARD-VB.NET]]></c><c><![CDATA[2007-07-09 16:06:50]]></c><c/></r><r><c><![CDATA[DP8-AT-SYMBOL]]></c><c><![CDATA[DP8-1004]]></c><c><![CDATA[STANDARD-VB.NET]]></c><c><![CDATA[2007-07-09 16:06:50]]></c><c/></r><r><c><![CDATA[DP8-CLASS-NAME-NAMESPACE]]></c><c><![CDATA[DP8-1018]]></c><c><![CDATA[STANDARD-VB.NET]]></c><c><![CDATA[2007-07-09 16:06:50]]></c><c/></r><r><c><![CDATA[DP8-NO-RELATIVE-PATH-IN-URL]]></c><c><![CDATA[DP8-1020]]></c><c><![CDATA[STANDARD-VB.NET]]></c><c><![CDATA[2007-07-09 16:06:50]]></c><c/></r><r><c><![CDATA[DP8-NO-RELATIVE-PATH-IN-URL]]></c><c><![CDATA[DP8-1562]]></c><c><![CDATA[STANDARD-VB.NET]]></c><c><![CDATA[2007-07-09 16:06:50]]></c><c/></r><r><c><![CDATA[DP8-VARIABLE-SAME-NAME]]></c><c><![CDATA[DP8-1021]]></c><c><![CDATA[STANDARD-VB.NET]]></c><c><![CDATA[2007-07-09 16:06:50]]></c><c/></r><r><c><![CDATA[DP8-MULTIPLE-INDEXERS]]></c><c><![CDATA[DP8-1052]]></c><c><![CDATA[STANDARD-VB.NET]]></c><c><![CDATA[2007-07-09 16:06:50]]></c><c/></r><r><c><![CDATA[DP8-RESPONSE-BUFFEROUTPUT]]></c><c><![CDATA[DP8-1054]]></c><c><![CDATA[STANDARD-VB.NET]]></c><c><![CDATA[2007-07-09 16:06:50]]></c><c/></r><r><c><![CDATA[DP8-SMALL-CONSTRUCTOR]]></c><c><![CDATA[DP8-1061]]></c><c><![CDATA[STANDARD-VB.NET]]></c><c><![CDATA[2007-07-09 16:06:50]]></c><c/></r><r><c><![CDATA[DP8-NESTED-STATEMENT]]></c><c><![CDATA[DP8-1067]]></c><c><![CDATA[STANDARD-VB.NET]]></c><c><![CDATA[2007-07-09 16:06:50]]></c><c/></r><r><c><![CDATA[DP8-NO-COMMENT]]></c><c><![CDATA[DP8-1069]]></c><c><![CDATA[STANDARD-VB.NET]]></c><c><![CDATA[2007-07-09 16:06:50]]></c><c/></r><r><c><![CDATA[DP8-STOP-STATEMENT]]></c><c><![CDATA[DP8-1070]]></c><c><![CDATA[STANDARD-VB.NET]]></c><c><![CDATA[2007-07-09 16:06:50]]></c><c/></r><r><c><![CDATA[DP8-END-STATEMENT]]></c><c><![CDATA[DP8-1071]]></c><c><![CDATA[STANDARD-VB.NET]]></c><c><![CDATA[2007-07-09 16:06:50]]></c><c/></r><r><c><![CDATA[DP8-DOTNET-COLLECTION]]></c><c><![CDATA[DP8-1075]]></c><c><![CDATA[STANDARD-VB.NET]]></c><c><![CDATA[2007-07-09 16:06:50]]></c><c/></r><r><c><![CDATA[DP8-MORE-100-LINES]]></c><c><![CDATA[DP8-1079]]></c><c><![CDATA[STANDARD-VB.NET]]></c><c><![CDATA[2007-07-09 16:06:50]]></c><c/></r><r><c><![CDATA[DP8-METHOD-NAME-CASE]]></c><c><![CDATA[DP8-1610]]></c><c><![CDATA[STANDARD-VB.NET]]></c><c><![CDATA[2007-07-09 16:06:50]]></c><c/></r><r><c><![CDATA[DP8-NAMESPACE-NAME-CASE]]></c><c><![CDATA[DP8-1611]]></c><c><![CDATA[STANDARD-VB.NET]]></c><c><![CDATA[2007-07-09 16:06:50]]></c><c/></r><r><c><![CDATA[DP8-TYPE-NAME-CASE]]></c><c><![CDATA[DP8-1612]]></c><c><![CDATA[STANDARD-VB.NET]]></c><c><![CDATA[2007-07-09 16:06:50]]></c><c/></r><r><c><![CDATA[DP8-EVENT-NAME-CASE]]></c><c><![CDATA[DP8-1613]]></c><c><![CDATA[STANDARD-VB.NET]]></c><c><![CDATA[2007-07-09 16:06:50]]></c><c/></r><r><c><![CDATA[DP8-PARAMETER-NAME-CASE]]></c><c><![CDATA[DP8-1614]]></c><c><![CDATA[STANDARD-VB.NET]]></c><c><![CDATA[2007-07-09 16:06:50]]></c><c/></r><r><c><![CDATA[DP8-PARAMETER-NAME-METHOD]]></c><c><![CDATA[DP8-1615]]></c><c><![CDATA[STANDARD-VB.NET]]></c><c><![CDATA[2007-07-09 16:06:50]]></c><c/></r><r><c><![CDATA[DP8-METHODNAME-PROPERTY]]></c><c><![CDATA[DP8-1616]]></c><c><![CDATA[STANDARD-VB.NET]]></c><c><![CDATA[2007-07-09 16:06:50]]></c><c/></r><r><c><![CDATA[DP8-JAGGED-ARRAY]]></c><c><![CDATA[DP8-1026]]></c><c><![CDATA[STANDARD-VB.NET]]></c><c><![CDATA[2007-07-09 16:06:50]]></c><c/></r><r><c><![CDATA[DP8-UNMANAGED-MANAGED]]></c><c><![CDATA[DP8-1036]]></c><c><![CDATA[STANDARD-VB.NET]]></c><c><![CDATA[2007-07-09 16:06:50]]></c><c/></r><r><c><![CDATA[DP8-EXCESSIVE-AUTOPOSTBACK]]></c><c><![CDATA[DP8-1040]]></c><c><![CDATA[STANDARD-VB.NET]]></c><c><![CDATA[2007-07-09 16:06:50]]></c><c/></r><r><c><![CDATA[DP8-EXCESSIVE-AUTOPOSTBACK]]></c><c><![CDATA[DP8-1563]]></c><c><![CDATA[STANDARD-VB.NET]]></c><c><![CDATA[2007-07-09 16:06:50]]></c><c/></r><r><c><![CDATA[DP8-PAGE-ISPOSTBACK]]></c><c><![CDATA[DP8-1041]]></c><c><![CDATA[STANDARD-VB.NET]]></c><c><![CDATA[2007-07-09 16:06:50]]></c><c/></r><r><c><![CDATA[DP8-WRITEIF-WRITELINEIF]]></c><c><![CDATA[DP8-1046]]></c><c><![CDATA[STANDARD-VB.NET]]></c><c><![CDATA[2007-07-09 16:06:50]]></c><c/></r><r><c><![CDATA[DP8-STRING-CONCATENATION]]></c><c><![CDATA[DP8-1003]]></c><c><![CDATA[STANDARD-VB.NET]]></c><c><![CDATA[2007-07-09 16:06:50]]></c><c/></r><r><c><![CDATA[DP8-REDIMARRAY]]></c><c><![CDATA[DP8-1010]]></c><c><![CDATA[STANDARD-VB.NET]]></c><c><![CDATA[2007-07-09 16:06:50]]></c><c/></r><r><c><![CDATA[DP8-NEW-KEYWORD]]></c><c><![CDATA[DP8-1024]]></c><c><![CDATA[STANDARD-VB.NET]]></c><c><![CDATA[2007-07-09 16:06:50]]></c><c/></r><r><c><![CDATA[DP8-REQUEST-COLLECTION]]></c><c><![CDATA[DP8-1053]]></c><c><![CDATA[STANDARD-VB.NET]]></c><c><![CDATA[2007-07-09 16:06:50]]></c><c/></r><r><c><![CDATA[DP8-RESPONSE-REDIRECT]]></c><c><![CDATA[DP8-1055]]></c><c><![CDATA[STANDARD-VB.NET]]></c><c><![CDATA[2007-07-09 16:06:50]]></c><c/></r><r><c><![CDATA[DP8-UBOUND-LBOUND]]></c><c><![CDATA[DP8-1078]]></c><c><![CDATA[STANDARD-VB.NET]]></c><c><![CDATA[2007-07-09 16:06:50]]></c><c/></r><r><c><![CDATA[DP8-TEST-EMPTY-STRING]]></c><c><![CDATA[DP8-1088]]></c><c><![CDATA[STANDARD-VB.NET]]></c><c><![CDATA[2007-07-09 16:06:50]]></c><c/></r><r><c><![CDATA[DP8-TURN-OFF-OPTIONS]]></c><c><![CDATA[DP8-1169]]></c><c><![CDATA[STANDARD-VB.NET]]></c><c><![CDATA[2007-07-09 16:06:50]]></c><c/></r><r><c><![CDATA[DP8-TURN-OFF-OPTIONS]]></c><c><![CDATA[DP8-1560]]></c><c><![CDATA[STANDARD-VB.NET]]></c><c><![CDATA[2007-07-09 16:06:50]]></c><c/></r><r><c><![CDATA[DP8-TURN-OFF-OPTIONS]]></c><c><![CDATA[DP8-1561]]></c><c><![CDATA[STANDARD-VB.NET]]></c><c><![CDATA[2007-07-09 16:06:50]]></c><c/></r><r><c><![CDATA[DP8-TURN-OFF-OPTIONS]]></c><c><![CDATA[DP8-1567]]></c><c><![CDATA[STANDARD-VB.NET]]></c><c><![CDATA[2007-07-09 16:06:50]]></c><c/></r><r><c><![CDATA[DP8-TURN-OFF-OPTIONS]]></c><c><![CDATA[DP8-1568]]></c><c><![CDATA[STANDARD-VB.NET]]></c><c><![CDATA[2007-07-09 16:06:50]]></c><c/></r><r><c><![CDATA[DP8-VERIFY-CACHE-DURATION]]></c><c><![CDATA[DP8-1172]]></c><c><![CDATA[STANDARD-VB.NET]]></c><c><![CDATA[2007-07-09 16:06:50]]></c><c/></r><r><c><![CDATA[DP8-HTMLENCODE-WITH-TEXT]]></c><c><![CDATA[DP8-1566]]></c><c><![CDATA[STANDARD-VB.NET]]></c><c><![CDATA[2007-07-09 16:06:50]]></c><c/></r><r><c><![CDATA[DP8-NO-CODE-VERIFICATION]]></c><c><![CDATA[DP8-1571]]></c><c><![CDATA[STANDARD-VB.NET]]></c><c><![CDATA[2007-07-09 16:06:50]]></c><c/></r><r><c><![CDATA[DP8-STATIC-CONSTRUCTOR-NOT-PROTECTED]]></c><c><![CDATA[DP8-1572]]></c><c><![CDATA[STANDARD-VB.NET]]></c><c><![CDATA[2007-07-09 16:06:50]]></c><c/></r><r><c><![CDATA[DP8-SECURITY-ASSERT]]></c><c><![CDATA[DP8-1573]]></c><c><![CDATA[STANDARD-VB.NET]]></c><c><![CDATA[2007-07-09 16:06:50]]></c><c/></r><r><c><![CDATA[DP8-SECURITY-DEMANDS]]></c><c><![CDATA[DP8-1574]]></c><c><![CDATA[STANDARD-VB.NET]]></c><c><![CDATA[2007-07-09 16:06:50]]></c><c/></r><r><c><![CDATA[DP8-OPTIONAL-PERMISSIONS]]></c><c><![CDATA[DP8-1575]]></c><c><![CDATA[STANDARD-VB.NET]]></c><c><![CDATA[2007-07-09 16:06:50]]></c><c/></r><r><c><![CDATA[DP8-NOTHING-PERMISSION]]></c><c><![CDATA[DP8-1576]]></c><c><![CDATA[STANDARD-VB.NET]]></c><c><![CDATA[2007-07-09 16:06:50]]></c><c/></r><r><c><![CDATA[DP8-FULLTRUST-PERMISSION]]></c><c><![CDATA[DP8-1578]]></c><c><![CDATA[STANDARD-VB.NET]]></c><c><![CDATA[2007-07-09 16:06:50]]></c><c/></r><r><c><![CDATA[DP8-INVALID-INHERITANCE]]></c><c><![CDATA[DP8-1579]]></c><c><![CDATA[STANDARD-VB.NET]]></c><c><![CDATA[2007-07-09 16:06:50]]></c><c/></r><r><c><![CDATA[DP8-TYPE-UNTRUSTED-CODE]]></c><c><![CDATA[DP8-1580]]></c><c><![CDATA[STANDARD-VB.NET]]></c><c><![CDATA[2007-07-09 16:06:50]]></c><c/></r><r><c><![CDATA[DP8-ASSEMBLY-OPEN]]></c><c><![CDATA[DP8-1581]]></c><c><![CDATA[STANDARD-VB.NET]]></c><c><![CDATA[2007-07-09 16:06:50]]></c><c/></r><r><c><![CDATA[DP8-ELEVATED-PRIVILEGES]]></c><c><![CDATA[DP8-1582]]></c><c><![CDATA[STANDARD-VB.NET]]></c><c><![CDATA[2007-07-09 16:06:50]]></c><c/></r><r><c><![CDATA[DP8-SECURITY-HOLE]]></c><c><![CDATA[DP8-1583]]></c><c><![CDATA[STANDARD-VB.NET]]></c><c><![CDATA[2007-07-09 16:06:50]]></c><c/></r><r><c><![CDATA[DP8-NOT-ENFORCED-LINKDEMAND]]></c><c><![CDATA[DP8-1584]]></c><c><![CDATA[STANDARD-VB.NET]]></c><c><![CDATA[2007-07-09 16:06:50]]></c><c/></r><r><c><![CDATA[DP8-OPEN-HACKING]]></c><c><![CDATA[DP8-1585]]></c><c><![CDATA[STANDARD-VB.NET]]></c><c><![CDATA[2007-07-09 16:06:50]]></c><c/></r><r><c><![CDATA[DP8-FIELD-SECURITY-HOLE]]></c><c><![CDATA[DP8-1586]]></c><c><![CDATA[STANDARD-VB.NET]]></c><c><![CDATA[2007-07-09 16:06:50]]></c><c/></r><r><c><![CDATA[DP8-SECURITY-CIRCUMVENTION]]></c><c><![CDATA[DP8-1587]]></c><c><![CDATA[STANDARD-VB.NET]]></c><c><![CDATA[2007-07-09 16:06:50]]></c><c/></r><r><c><![CDATA[DP8-PROTECTED-FINALIZE]]></c><c><![CDATA[DP8-1588]]></c><c><![CDATA[STANDARD-VB.NET]]></c><c><![CDATA[2007-07-09 16:06:50]]></c><c/></r><r><c><![CDATA[DP8-LOSS-ASSERT-INFORMATION]]></c><c><![CDATA[DP8-1589]]></c><c><![CDATA[STANDARD-VB.NET]]></c><c><![CDATA[2007-07-09 16:06:50]]></c><c/></r><r><c><![CDATA[DP8-INSUFFICIENT-SECURITY-PINVOKE]]></c><c><![CDATA[DP8-1590]]></c><c><![CDATA[STANDARD-VB.NET]]></c><c><![CDATA[2007-07-09 16:06:50]]></c><c/></r><r><c><![CDATA[DP8-VIRTUAL-ON-PUBLIC]]></c><c><![CDATA[DP8-1591]]></c><c><![CDATA[STANDARD-VB.NET]]></c><c><![CDATA[2007-07-09 16:06:50]]></c><c/></r><r><c><![CDATA[DP8-SECURITY-FOR-CONSTRUCTOR]]></c><c><![CDATA[DP8-1592]]></c><c><![CDATA[STANDARD-VB.NET]]></c><c><![CDATA[2007-07-09 16:06:50]]></c><c/></r><r><c><![CDATA[DP8-SECURE-GETDATAOBJECT]]></c><c><![CDATA[DP8-1593]]></c><c><![CDATA[STANDARD-VB.NET]]></c><c><![CDATA[2007-07-09 16:06:50]]></c><c/></r><r><c><![CDATA[DP8-CUSTOMERRORS-NOT-REMOTEONLY]]></c><c><![CDATA[DP8-1594]]></c><c><![CDATA[STANDARD-VB.NET]]></c><c><![CDATA[2007-07-09 16:06:50]]></c><c/></r><r><c><![CDATA[DP8-DECRYPTIONKEY-AUTOGENERATE]]></c><c><![CDATA[DP8-1597]]></c><c><![CDATA[STANDARD-VB.NET]]></c><c><![CDATA[2007-07-09 16:06:50]]></c><c/></r><r><c><![CDATA[DP8-CLEAR-PASSWORD]]></c><c><![CDATA[DP8-1598]]></c><c><![CDATA[STANDARD-VB.NET]]></c><c><![CDATA[2007-07-09 16:06:50]]></c><c/></r><r><c><![CDATA[DP8-BLANK-PASSWORD-CONNECTION-SQL]]></c><c><![CDATA[DP8-1599]]></c><c><![CDATA[STANDARD-VB.NET]]></c><c><![CDATA[2007-07-09 16:06:50]]></c><c/></r><r><c><![CDATA[DP8-QUIT-AUTHENTICATE-PAGE]]></c><c><![CDATA[DP8-1600]]></c><c><![CDATA[STANDARD-VB.NET]]></c><c><![CDATA[2007-07-09 16:06:50]]></c><c/></r><r><c><![CDATA[DP8-REVIEW-HTML-COMMENTS]]></c><c><![CDATA[DP8-1602]]></c><c><![CDATA[STANDARD-VB.NET]]></c><c><![CDATA[2007-07-09 16:06:50]]></c><c/></r><r><c><![CDATA[DP8-UNFILTERED-USER-WROTE]]></c><c><![CDATA[DP8-1603]]></c><c><![CDATA[STANDARD-VB.NET]]></c><c><![CDATA[2007-07-09 16:06:50]]></c><c/></r><r><c><![CDATA[DP8-URLREFERRER-HEADER]]></c><c><![CDATA[DP8-1604]]></c><c><![CDATA[STANDARD-VB.NET]]></c><c><![CDATA[2007-07-09 16:06:50]]></c><c/></r><r><c><![CDATA[DP8-LOSS-SECURITY-INFORMATION]]></c><c><![CDATA[DP8-1607]]></c><c><![CDATA[STANDARD-VB.NET]]></c><c><![CDATA[2007-07-09 16:06:50]]></c><c/></r><r><c><![CDATA[DP8-LOSS-SECURITY-INFORMATION]]></c><c><![CDATA[DP8-1608]]></c><c><![CDATA[STANDARD-VB.NET]]></c><c><![CDATA[2007-07-09 16:06:50]]></c><c/></r><r><c><![CDATA[DP8-SLOW-ADO-COLL]]></c><c><![CDATA[DP8-1606]]></c><c><![CDATA[STANDARD-VB.NET]]></c><c/><c/></r><r><c><![CDATA[DP8-PRESERVE-REDIM]]></c><c><![CDATA[DP8-1109]]></c><c><![CDATA[STANDARD-VB.NET]]></c><c><![CDATA[2007-07-09 16:06:50]]></c><c/></r><r><c><![CDATA[DP8-TURN-OFF-FUNCTIONNALITY]]></c><c><![CDATA[DP8-1164]]></c><c><![CDATA[STANDARD-VB.NET]]></c><c><![CDATA[2007-07-09 16:06:50]]></c><c/></r><r><c><![CDATA[DP8-TURN-OFF-FUNCTIONNALITY]]></c><c><![CDATA[DP8-1167]]></c><c><![CDATA[STANDARD-VB.NET]]></c><c><![CDATA[2007-07-09 16:06:50]]></c><c/></r><r><c><![CDATA[DP8-TURN-OFF-FUNCTIONNALITY]]></c><c><![CDATA[DP8-1565]]></c><c><![CDATA[STANDARD-VB.NET]]></c><c><![CDATA[2007-07-09 16:06:50]]></c><c/></r><r><c><![CDATA[DP8-ASPCOMPAT]]></c><c><![CDATA[DP8-1171]]></c><c><![CDATA[STANDARD-VB.NET]]></c><c><![CDATA[2007-07-09 16:06:50]]></c><c/></r><r><c><![CDATA[DP8-NO-VALIDATION-CONTROL]]></c><c><![CDATA[DP8-1173]]></c><c><![CDATA[STANDARD-VB.NET]]></c><c><![CDATA[2007-07-09 16:06:50]]></c><c/></r><r><c><![CDATA[DP8-NO-VALIDATION-CONTROL]]></c><c><![CDATA[DP8-1569]]></c><c><![CDATA[STANDARD-VB.NET]]></c><c><![CDATA[2007-07-09 16:06:50]]></c><c/></r><r><c><![CDATA[DP8-DISABLE-VIEW-STATE]]></c><c><![CDATA[DP8-1174]]></c><c><![CDATA[STANDARD-VB.NET]]></c><c><![CDATA[2007-07-09 16:06:50]]></c><c/></r><r><c><![CDATA[DP8-CACHING-IMPLEMENTATION]]></c><c><![CDATA[DP8-1564]]></c><c><![CDATA[STANDARD-VB.NET]]></c><c><![CDATA[2007-07-09 16:06:50]]></c><c/></r><r><c><![CDATA[DP8-VIEW-STATE-NOT-REQUIRED]]></c><c><![CDATA[DP8-1570]]></c><c><![CDATA[STANDARD-VB.NET]]></c><c><![CDATA[2007-07-09 16:06:50]]></c><c/></r><r><c><![CDATA[DP8-CACHE-ATTRIBUTE-SET]]></c><c><![CDATA[DP8-1595]]></c><c><![CDATA[STANDARD-VB.NET]]></c><c><![CDATA[2007-07-09 16:06:50]]></c><c/></r><r><c><![CDATA[DP8-DISABLE-SESSIONSTATE]]></c><c><![CDATA[DP8-1175]]></c><c><![CDATA[STANDARD-VB.NET]]></c><c><![CDATA[2007-07-09 16:06:50]]></c><c/></r><r><c><![CDATA[DP8-OPTION-COMPARE]]></c><c><![CDATA[DP8-1049]]></c><c><![CDATA[STANDARD-VB.NET]]></c><c><![CDATA[2007-07-09 16:06:50]]></c><c/></r><r><c><![CDATA[DP8-USE-HTMLENCODE]]></c><c><![CDATA[DP8-1166]]></c><c><![CDATA[STANDARD-VB.NET]]></c><c><![CDATA[2007-07-09 16:06:50]]></c><c/></r><r><c><![CDATA[DP8-TURN-OFF-OPTIONS]]></c><c><![CDATA[DP8-1168]]></c><c><![CDATA[STANDARD-VB.NET]]></c><c><![CDATA[2007-07-09 16:06:50]]></c><c/></r><r><c><![CDATA[DP8-CDATE-FOUND]]></c><c><![CDATA[DP8-1090]]></c><c><![CDATA[STANDARD-VB.NET]]></c><c><![CDATA[2007-07-09 16:06:50]]></c><c/></r><r><c><![CDATA[DP8-NO-ARG-EXC]]></c><c><![CDATA[DP8-1027]]></c><c><![CDATA[STANDARD-VB.NET]]></c><c><![CDATA[2007-07-09 16:06:50]]></c><c/></r><r><c><![CDATA[DP8-ON-ERROR]]></c><c><![CDATA[DP8-1065]]></c><c><![CDATA[STANDARD-VB.NET]]></c><c><![CDATA[2007-07-09 16:06:50]]></c><c/></r><r><c><![CDATA[DP8-ON-ERROR]]></c><c><![CDATA[DP8-1206]]></c><c><![CDATA[STANDARD-VB.NET]]></c><c><![CDATA[2007-07-09 16:06:50]]></c><c/></r><r><c><![CDATA[DP8-RESUME-FOUND]]></c><c><![CDATA[DP8-1072]]></c><c><![CDATA[STANDARD-VB.NET]]></c><c><![CDATA[2007-07-09 16:06:50]]></c><c/></r><r><c><![CDATA[DP8-MAIN-WITHOUT-ERROR]]></c><c><![CDATA[DP8-1081]]></c><c><![CDATA[STANDARD-VB.NET]]></c><c><![CDATA[2007-07-09 16:06:50]]></c><c/></r><r><c><![CDATA[DP8-EXC-IN-DESTRUCTOR]]></c><c><![CDATA[DP8-1177]]></c><c><![CDATA[STANDARD-VB.NET]]></c><c><![CDATA[2007-07-09 16:06:50]]></c><c/></r><r><c><![CDATA[DP8-ERR-IN-CACHE-ADD]]></c><c><![CDATA[DP8-1596]]></c><c><![CDATA[STANDARD-VB.NET]]></c><c><![CDATA[2007-07-09 16:06:50]]></c><c/></r><r><c><![CDATA[DP8-SYSTEM.EXC]]></c><c><![CDATA[DP8-1631]]></c><c><![CDATA[STANDARD-VB.NET]]></c><c><![CDATA[2007-07-09 16:06:50]]></c><c/></r><r><c><![CDATA[DP8-GC-COLLECT]]></c><c><![CDATA[DP8-1039]]></c><c><![CDATA[STANDARD-VB.NET]]></c><c><![CDATA[2007-07-09 16:06:50]]></c><c/></r><r><c><![CDATA[DP8-LONG-WEAK]]></c><c><![CDATA[DP8-1045]]></c><c><![CDATA[STANDARD-VB.NET]]></c><c><![CDATA[2007-07-09 16:06:50]]></c><c/></r><r><c><![CDATA[DP8-PERF-DESTRUCTOR]]></c><c><![CDATA[DP8-1013]]></c><c><![CDATA[STANDARD-VB.NET]]></c><c><![CDATA[2007-07-09 16:06:50]]></c><c/></r><r><c><![CDATA[DP8-REF-SELF]]></c><c><![CDATA[DP8-1014]]></c><c><![CDATA[STANDARD-VB.NET]]></c><c><![CDATA[2007-07-09 16:06:50]]></c><c/></r></e>