<?xml version="1.0"  encoding="UTF-8"?><e><r><c><![CDATA[ALPHANUMERIC-MOVE]]></c><c><![CDATA[2006-07-17 00:00:00]]></c><c><![CDATA[2008-07-22 17:44:44]]></c><c><![CDATA[2006-07-17 00:00:00]]></c><c/></r><r><c><![CDATA[ALTER-STATEMENT]]></c><c/><c><![CDATA[2008-07-22 17:31:46]]></c><c/><c/></r><r><c><![CDATA[ARITHMETIC_OP_WITH_DISPLAY_OPERAND]]></c><c><![CDATA[2008-08-22 00:00:00]]></c><c/><c><![CDATA[2008-08-22 00:00:00]]></c><c/></r><r><c><![CDATA[ARITHMETIC_OP_WITH_UNSIGNED_OPERAND]]></c><c><![CDATA[2008-08-22 00:00:00]]></c><c/><c><![CDATA[2008-08-22 00:00:00]]></c><c/></r><r><c><![CDATA[ARITHMETIC-OVERFLOW]]></c><c><![CDATA[2006-07-17 00:00:00]]></c><c><![CDATA[2008-08-25 09:01:40]]></c><c><![CDATA[2006-07-17 00:00:00]]></c><c/></r><r><c><![CDATA[CALL-STMT-NB]]></c><c/><c><![CDATA[2008-07-23 14:34:09]]></c><c/><c/></r><r><c><![CDATA[COBOL-CORRESPONDING-USE]]></c><c><![CDATA[2008-07-22 00:00:00]]></c><c/><c><![CDATA[2008-07-22 00:00:00]]></c><c/></r><r><c><![CDATA[COMMENT_BEFORE_PARAGRAPH]]></c><c><![CDATA[2008-07-23 00:00:00]]></c><c><![CDATA[2008-07-23 11:14:45]]></c><c><![CDATA[2008-07-23 00:00:00]]></c><c/></r><r><c><![CDATA[COMPLEXITY]]></c><c><![CDATA[2006-07-20 00:00:00]]></c><c><![CDATA[2008-07-22 17:19:08]]></c><c><![CDATA[2006-07-20 00:00:00]]></c><c/></r><r><c><![CDATA[EMPTY-PARAGRAPH]]></c><c/><c><![CDATA[2008-07-23 11:24:45]]></c><c/><c/></r><r><c><![CDATA[EXEC-STATEMENT]]></c><c><![CDATA[2006-07-17 00:00:00]]></c><c><![CDATA[2008-07-22 17:33:39]]></c><c><![CDATA[2006-07-17 00:00:00]]></c><c/></r><r><c><![CDATA[FILE-TOO-LONG]]></c><c><![CDATA[2008-07-09 00:00:00]]></c><c><![CDATA[2008-07-22 17:19:57]]></c><c><![CDATA[2008-07-09 00:00:00]]></c><c/></r><r><c><![CDATA[GOTO-AND-PERFORM]]></c><c><![CDATA[2006-07-17 00:00:00]]></c><c><![CDATA[2008-07-22 17:20:22]]></c><c><![CDATA[2006-07-17 00:00:00]]></c><c/></r><r><c><![CDATA[IDENTIFIER-TOO-LONG]]></c><c><![CDATA[2006-07-17 00:00:00]]></c><c><![CDATA[2008-07-22 17:34:43]]></c><c><![CDATA[2006-07-17 00:00:00]]></c><c/></r><r><c><![CDATA[INITIALIZED-LINKAGE-VAR]]></c><c/><c><![CDATA[2008-07-22 17:40:35]]></c><c/><c/></r><r><c><![CDATA[LINKAGE-IN-COPYBOOK]]></c><c><![CDATA[2006-07-17 00:00:00]]></c><c><![CDATA[2008-07-22 17:41:30]]></c><c><![CDATA[2006-07-17 00:00:00]]></c><c/></r><r><c><![CDATA[LITERAL]]></c><c><![CDATA[2006-07-17 00:00:00]]></c><c><![CDATA[2008-07-22 17:42:40]]></c><c><![CDATA[2006-07-17 00:00:00]]></c><c/></r><r><c><![CDATA[NB-GOTOS]]></c><c><![CDATA[2008-07-22 00:00:00]]></c><c><![CDATA[2008-07-23 14:34:40]]></c><c><![CDATA[2008-07-22 00:00:00]]></c><c/></r><r><c><![CDATA[NO_WHEN_OTHER_IN_EVALUATE]]></c><c><![CDATA[2008-08-22 00:00:00]]></c><c/><c><![CDATA[2008-08-22 00:00:00]]></c><c/></r><r><c><![CDATA[NUMERIC-VAR-TOO-BIG]]></c><c/><c><![CDATA[2008-07-22 17:35:36]]></c><c/><c/></r><r><c><![CDATA[PARAGRAPH-FALLS-THROUGH]]></c><c/><c><![CDATA[2008-07-22 17:29:17]]></c><c/><c/></r><r><c><![CDATA[PERFORMANCE_CPU_CONSUMPTION]]></c><c><![CDATA[2009-04-16 00:00:00]]></c><c/><c><![CDATA[2009-04-16 00:00:00]]></c><c/></r><r><c><![CDATA[COMP]]></c><c><![CDATA[2006-11-15 15:39:43]]></c><c/><c><![CDATA[2006-11-15 15:39:43]]></c><c/></r><r><c><![CDATA[PERFORMANCE_IO_WAIT]]></c><c><![CDATA[2009-04-16 00:00:00]]></c><c/><c><![CDATA[2009-04-16 00:00:00]]></c><c/></r><r><c><![CDATA[PRECISION-LOSS]]></c><c><![CDATA[2006-07-17 00:00:00]]></c><c><![CDATA[2008-07-22 17:48:05]]></c><c><![CDATA[2006-07-17 00:00:00]]></c><c/></r><r><c><![CDATA[PROCEDURE-LOC]]></c><c/><c><![CDATA[2008-07-23 14:35:31]]></c><c/><c/></r><r><c><![CDATA[SIGNED-OPERATION]]></c><c><![CDATA[2006-07-17 00:00:00]]></c><c><![CDATA[2008-07-22 17:48:40]]></c><c><![CDATA[2006-07-17 00:00:00]]></c><c/></r><r><c><![CDATA[SIMPLE_COMPUTE]]></c><c><![CDATA[2008-08-21 00:00:00]]></c><c/><c><![CDATA[2008-08-21 00:00:00]]></c><c/></r><r><c><![CDATA[STRING_UNSTRING_USE]]></c><c><![CDATA[2008-08-21 00:00:00]]></c><c/><c><![CDATA[2008-08-21 00:00:00]]></c><c/></r><r><c><![CDATA[TABS-PRESENT]]></c><c/><c><![CDATA[2008-07-22 17:36:23]]></c><c/><c/></r><r><c><![CDATA[TRUNCATION-DURING-MOVE]]></c><c><![CDATA[2006-07-17 00:00:00]]></c><c><![CDATA[2008-07-22 17:50:00]]></c><c><![CDATA[2006-07-17 00:00:00]]></c><c/></r><r><c><![CDATA[UNUSED-CODE]]></c><c><![CDATA[2006-07-17 00:00:00]]></c><c><![CDATA[2008-07-22 17:43:56]]></c><c><![CDATA[2006-07-17 00:00:00]]></c><c/></r></e>