<?xml version="1.0"  encoding="UTF-8"?><e><r><c><![CDATA[type_element]]></c><c><![CDATA[desc]]></c><c><![CDATA[EA]]></c><c><![CDATA[en]]></c><c><![CDATA[Application entity]]></c></r><r><c><![CDATA[type_element]]></c><c><![CDATA[desc]]></c><c><![CDATA[EA]]></c><c><![CDATA[fr]]></c><c><![CDATA[Entité applicative]]></c></r><r><c><![CDATA[type_element]]></c><c><![CDATA[lib]]></c><c><![CDATA[EA]]></c><c><![CDATA[en]]></c><c><![CDATA[Application entity]]></c></r><r><c><![CDATA[type_element]]></c><c><![CDATA[lib]]></c><c><![CDATA[EA]]></c><c><![CDATA[fr]]></c><c><![CDATA[Entité applicative]]></c></r><r><c><![CDATA[type_element]]></c><c><![CDATA[compl]]></c><c><![CDATA[FILE]]></c><c><![CDATA[en]]></c><c><![CDATA[File]]></c></r><r><c><![CDATA[type_element]]></c><c><![CDATA[compl]]></c><c><![CDATA[FILE]]></c><c><![CDATA[fr]]></c><c><![CDATA[Fichier]]></c></r><r><c><![CDATA[type_element]]></c><c><![CDATA[desc]]></c><c><![CDATA[FILE]]></c><c><![CDATA[en]]></c><c><![CDATA[File]]></c></r><r><c><![CDATA[type_element]]></c><c><![CDATA[desc]]></c><c><![CDATA[FILE]]></c><c><![CDATA[fr]]></c><c><![CDATA[Fichier]]></c></r><r><c><![CDATA[type_element]]></c><c><![CDATA[lib]]></c><c><![CDATA[FILE]]></c><c><![CDATA[en]]></c><c><![CDATA[File]]></c></r><r><c><![CDATA[type_element]]></c><c><![CDATA[lib]]></c><c><![CDATA[FILE]]></c><c><![CDATA[fr]]></c><c><![CDATA[Fichier]]></c></r><r><c><![CDATA[type_element]]></c><c><![CDATA[compl]]></c><c><![CDATA[PROCEDURE]]></c><c><![CDATA[en]]></c><c><![CDATA[Procedure]]></c></r><r><c><![CDATA[type_element]]></c><c><![CDATA[compl]]></c><c><![CDATA[PROCEDURE]]></c><c><![CDATA[es]]></c><c><![CDATA[PROCEDURE]]></c></r><r><c><![CDATA[type_element]]></c><c><![CDATA[compl]]></c><c><![CDATA[PROCEDURE]]></c><c><![CDATA[fr]]></c><c><![CDATA[Procédure]]></c></r><r><c><![CDATA[type_element]]></c><c><![CDATA[desc]]></c><c><![CDATA[PROCEDURE]]></c><c><![CDATA[en]]></c><c><![CDATA[Procedure]]></c></r><r><c><![CDATA[type_element]]></c><c><![CDATA[desc]]></c><c><![CDATA[PROCEDURE]]></c><c><![CDATA[es]]></c><c><![CDATA[PROCEDURE]]></c></r><r><c><![CDATA[type_element]]></c><c><![CDATA[desc]]></c><c><![CDATA[PROCEDURE]]></c><c><![CDATA[fr]]></c><c><![CDATA[Procédure]]></c></r><r><c><![CDATA[type_element]]></c><c><![CDATA[lib]]></c><c><![CDATA[PROCEDURE]]></c><c><![CDATA[en]]></c><c><![CDATA[Procedure]]></c></r><r><c><![CDATA[type_element]]></c><c><![CDATA[lib]]></c><c><![CDATA[PROCEDURE]]></c><c><![CDATA[es]]></c><c><![CDATA[PROCEDURE]]></c></r><r><c><![CDATA[type_element]]></c><c><![CDATA[lib]]></c><c><![CDATA[PROCEDURE]]></c><c><![CDATA[fr]]></c><c><![CDATA[Procédure]]></c></r></e>