<?xml version="1.0" encoding="UTF-8"?>
<METHOD xmlns="http://www.w3schools.com">
  <USAGE xmlns="" id="COBOL_STROBE_V1">
    <CRITDEF id="PRECISION-LOSS">
      <!-- Gestion des aggregations -->
      <!-- Gestion des stereotypes.
    <STEREOTYPE>
        <include list="TEST1,TEST2" />
        <exclude list="TEST3" />
    </STEREOTYPE>
    -->
      <AGGREG id="AVG" telt="ALL" />
      <COSTFORMULA>
        <VAL value="1" type="NUMERIC" />
      </COSTFORMULA>
      <FORMULA value="1">
        <OP id="gt" type="BOOLEAN">
          <VAR id="PRECISION-LOSS" type="NUMERIC" />
          <VAL value="0" type="NUMERIC" />
        </OP>
      </FORMULA>
      <FORMULA value="4">
        <VAL value="true" type="BOOLEAN" />
      </FORMULA>
    </CRITDEF>
    <CRITDEF id="LINKAGE-IN-COPYBOOK">
      <!-- Gestion des aggregations -->
      <!-- Gestion des stereotypes.
    <STEREOTYPE>
        <include list="TEST1,TEST2" />
        <exclude list="TEST3" />
    </STEREOTYPE>
    -->
      <AGGREG id="AVG" telt="ALL" />
      <COSTFORMULA>
        <VAL value="1" type="NUMERIC" />
      </COSTFORMULA>
      <FORMULA value="1">
        <OP id="gt" type="BOOLEAN">
          <VAR id="LINKAGE-IN-COPYBOOK" type="NUMERIC" />
          <VAL value="0" type="NUMERIC" />
        </OP>
      </FORMULA>
      <FORMULA value="4">
        <VAL value="true" type="BOOLEAN" />
      </FORMULA>
    </CRITDEF>
    <CRITDEF id="GOTO-AND-PERFORM">
      <!-- Gestion des aggregations -->
      <!-- Gestion des stereotypes.
    <STEREOTYPE>
        <include list="TEST1,TEST2" />
        <exclude list="TEST3" />
    </STEREOTYPE>
    -->
      <AGGREG id="EXCLUS_AVG" telt="ALL">
        <PARAM id="VALUE_EXCLUS" value="1" type="NUMERIC" />
      </AGGREG>
      <COSTFORMULA>
        <VAL value="1" type="NUMERIC" />
      </COSTFORMULA>
      <FORMULA value="1">
        <OP id="gt" type="BOOLEAN">
          <VAR id="GOTO-OUT-OF-PERFORM" type="NUMERIC" />
          <VAL value="0" type="NUMERIC" />
        </OP>
      </FORMULA>
      <FORMULA value="2">
        <OP id="gt" type="BOOLEAN">
          <VAR id="GOTO-INTO-PERFORM" type="NUMERIC" />
          <VAL value="0" type="NUMERIC" />
        </OP>
      </FORMULA>
      <FORMULA value="4">
        <VAL value="true" type="BOOLEAN" />
      </FORMULA>
    </CRITDEF>
    <CRITDEF id="UNUSED-CODE">
      <!-- Gestion des aggregations -->
      <!-- Gestion des stereotypes.
    <STEREOTYPE>
        <include list="TEST1,TEST2" />
        <exclude list="TEST3" />
    </STEREOTYPE>
    -->
      <AGGREG id="AVG" telt="ALL" />
      <COSTFORMULA>
        <VAL value="1" type="NUMERIC" />
      </COSTFORMULA>
      <FORMULA value="1">
        <OP id="gt" type="BOOLEAN">
          <VAR id="UNREACHABLE-PARAGRAPH" type="NUMERIC" />
          <VAL value="0" type="NUMERIC" />
        </OP>
      </FORMULA>
      <FORMULA value="1">
        <OP id="gt" type="BOOLEAN">
          <VAR id="INEXECUTABLE-STATEMENT" type="NUMERIC" />
          <VAL value="0" type="NUMERIC" />
        </OP>
      </FORMULA>
      <FORMULA value="4">
        <VAL value="true" type="BOOLEAN" />
      </FORMULA>
    </CRITDEF>
    <CRITDEF id="LITERAL">
      <!-- Gestion des aggregations -->
      <!-- Gestion des stereotypes.
    <STEREOTYPE>
        <include list="TEST1,TEST2" />
        <exclude list="TEST3" />
    </STEREOTYPE>
    -->
      <AGGREG id="AVG" telt="ALL" />
      <COSTFORMULA>
        <VAL value="1" type="NUMERIC" />
      </COSTFORMULA>
      <FORMULA value="1">
        <OP id="gt" type="BOOLEAN">
          <VAR id="LITERAL-IN-PROC-DIV" type="NUMERIC" />
          <VAL value="0" type="NUMERIC" />
        </OP>
      </FORMULA>
      <FORMULA value="4">
        <VAL value="true" type="BOOLEAN" />
      </FORMULA>
    </CRITDEF>
    <CRITDEF id="INITIALIZED-LINKAGE-VAR" telt="CLS">
      <AGGREG id="AVG" telt="ALL" />
      <COSTFORMULA>
        <VAL value="1" type="NUMERIC" />
      </COSTFORMULA>
      <FORMULA value="1">
        <OP id="gt" type="BOOLEAN">
          <VAR id="INITIALIZED-LINKAGE-VAR" type="NUMERIC" />
          <VAL value="0" type="NUMERIC" />
        </OP>
      </FORMULA>
      <FORMULA value="4">
        <VAL value="true" type="BOOLEAN" />
      </FORMULA>
    </CRITDEF>
    <CRITDEF id="PARAGRAPH-FALLS-THROUGH" telt="CLS">
      <AGGREG id="AVG" telt="ALL" />
      <COSTFORMULA>
        <VAL value="1" type="NUMERIC" />
      </COSTFORMULA>
      <FORMULA value="1">
        <OP id="gt" type="BOOLEAN">
          <VAR id="PARAGRAPH-FALLS-THROUGH" type="NUMERIC" />
          <VAL value="0" type="NUMERIC" />
        </OP>
      </FORMULA>
      <FORMULA value="4">
        <VAL value="true" type="BOOLEAN" />
      </FORMULA>
    </CRITDEF>
    <CRITDEF id="EMPTY-PARAGRAPH">
      <!-- Gestion des aggregations -->
      <!-- Gestion des stereotypes.
    <STEREOTYPE>
        <include list="TEST1,TEST2" />
        <exclude list="TEST3" />
    </STEREOTYPE>
    -->
      <AGGREG id="AVG" telt="ALL" />
      <COSTFORMULA>
        <VAL value="1" type="NUMERIC" />
      </COSTFORMULA>
      <FORMULA value="1">
        <OP id="AND" type="BOOLEAN">
          <OP id="eq" type="BOOLEAN">
            <VAR id="NL" type="NUMERIC" />
            <VAL value="0" type="NUMERIC" />
          </OP>
          <OP id="eq" type="BOOLEAN">
            <VAR id="CLOC" type="NUMERIC" />
            <VAL value="0" type="NUMERIC" />
          </OP>
        </OP>
      </FORMULA>
      <FORMULA value="4">
        <VAL value="true" type="BOOLEAN" />
      </FORMULA>
    </CRITDEF>
    <CRITDEF id="ALTER-STATEMENT" telt="CLS">
      <AGGREG id="EXCLUS" telt="ALL" />
      <COSTFORMULA>
        <VAL value="1" type="NUMERIC" />
      </COSTFORMULA>
      <FORMULA value="1">
        <OP id="gt" type="BOOLEAN">
          <VAR id="NB_ALTER" type="NUMERIC" />
          <VAL value="0" type="NUMERIC" />
        </OP>
      </FORMULA>
      <FORMULA value="4">
        <VAL value="true" type="BOOLEAN" />
      </FORMULA>
    </CRITDEF>
    <CRITDEF id="TABS-PRESENT" telt="CLS">
      <AGGREG id="EXCLUS" telt="ALL" />
      <COSTFORMULA>
        <VAL value="1" type="NUMERIC" />
      </COSTFORMULA>
      <FORMULA value="1">
        <OP id="gt" type="BOOLEAN">
          <VAR id="TABS-PRESENT" type="NUMERIC" />
          <VAL value="0" type="NUMERIC" />
        </OP>
      </FORMULA>
      <FORMULA value="4">
        <VAL value="true" type="BOOLEAN" />
      </FORMULA>
    </CRITDEF>
    <CRITDEF id="IDENTIFIER-TOO-LONG">
      <!-- Gestion des aggregations -->
      <!-- Gestion des stereotypes.
    <STEREOTYPE>
        <include list="TEST1,TEST2" />
        <exclude list="TEST3" />
    </STEREOTYPE>
    -->
      <AGGREG id="AVG" telt="ALL" />
      <COSTFORMULA>
        <VAL value="1" type="NUMERIC" />
      </COSTFORMULA>
      <FORMULA value="1">
        <OP id="gt" type="BOOLEAN">
          <VAR id="IDENTIFIER-TOO-LONG" type="NUMERIC" />
          <VAL value="0" type="NUMERIC" />
        </OP>
      </FORMULA>
      <FORMULA value="4">
        <VAL value="true" type="BOOLEAN" />
      </FORMULA>
    </CRITDEF>
    <CRITDEF id="NUMERIC-VAR-TOO-BIG" telt="CLS">
      <AGGREG id="EXCLUS" telt="ALL" />
      <COSTFORMULA>
        <VAL value="1" type="NUMERIC" />
      </COSTFORMULA>
      <FORMULA value="1">
        <OP id="gt" type="BOOLEAN">
          <VAR id="NUMERIC-VAR-TOO-BIG" type="NUMERIC" />
          <VAL value="0" type="NUMERIC" />
        </OP>
      </FORMULA>
      <FORMULA value="4">
        <VAL value="true" type="BOOLEAN" />
      </FORMULA>
    </CRITDEF>
    <CRITDEF id="EXEC-STATEMENT">
      <!-- Gestion des aggregations -->
      <!-- Gestion des stereotypes.
    <STEREOTYPE>
        <include list="TEST1,TEST2" />
        <exclude list="TEST3" />
    </STEREOTYPE>
    -->
      <AGGREG id="AVG" telt="ALL" />
      <COSTFORMULA>
        <VAL value="1" type="NUMERIC" />
      </COSTFORMULA>
      <FORMULA value="1">
        <OP id="gt" type="BOOLEAN">
          <VAR id="NB_EXECUTE" type="NUMERIC" />
          <VAL value="0" type="NUMERIC" />
        </OP>
      </FORMULA>
      <FORMULA value="4">
        <VAL value="true" type="BOOLEAN" />
      </FORMULA>
    </CRITDEF>
    <CRITDEF id="SIGNED-OPERATION">
      <!-- Gestion des aggregations -->
      <!-- Gestion des stereotypes.
    <STEREOTYPE>
        <include list="TEST1,TEST2" />
        <exclude list="TEST3" />
    </STEREOTYPE>
    -->
      <AGGREG id="AVG" telt="ALL" />
      <COSTFORMULA>
        <VAL value="1" type="NUMERIC" />
      </COSTFORMULA>
      <FORMULA value="1">
        <OP id="gt" type="BOOLEAN">
          <VAR id="SIGNED-TO-UNSIGNED" type="NUMERIC" />
          <VAL value="0" type="NUMERIC" />
        </OP>
      </FORMULA>
      <FORMULA value="4">
        <VAL value="true" type="BOOLEAN" />
      </FORMULA>
    </CRITDEF>
    <CRITDEF id="TRUNCATION-DURING-MOVE">
      <!-- Gestion des aggregations -->
      <!-- Gestion des stereotypes.
    <STEREOTYPE>
        <include list="TEST1,TEST2" />
        <exclude list="TEST3" />
    </STEREOTYPE>
    -->
      <AGGREG id="AVG" telt="ALL" />
      <COSTFORMULA>
        <VAL value="1" type="NUMERIC" />
      </COSTFORMULA>
      <FORMULA value="1">
        <OP id="gt" type="BOOLEAN">
          <VAR id="TRUNCATION-DURING-MOVE" type="NUMERIC" />
          <VAL value="0" type="NUMERIC" />
        </OP>
      </FORMULA>
      <FORMULA value="4">
        <VAL value="true" type="BOOLEAN" />
      </FORMULA>
    </CRITDEF>
    <CRITDEF id="ALPHANUMERIC-MOVE">
      <!-- Gestion des aggregations -->
      <!-- Gestion des stereotypes.
    <STEREOTYPE>
        <include list="TEST1,TEST2" />
        <exclude list="TEST3" />
    </STEREOTYPE>
    -->
      <AGGREG id="EXCLUS_AVG" telt="ALL">
        <PARAM id="VALUE_EXCLUS" value="1" type="NUMERIC" />
      </AGGREG>
      <COSTFORMULA>
        <VAL value="1" type="NUMERIC" />
      </COSTFORMULA>
      <FORMULA value="1">
        <OP id="gt" type="BOOLEAN">
          <VAR id="ALPHANUMERIC-TO-NUMERIC" type="NUMERIC" />
          <VAL value="0" type="NUMERIC" />
        </OP>
      </FORMULA>
      <FORMULA value="1">
        <OP id="gt" type="BOOLEAN">
          <VAR id="ALPHA-TO-NUMERIC" type="NUMERIC" />
          <VAL value="0" type="NUMERIC" />
        </OP>
      </FORMULA>
      <FORMULA value="2">
        <OP id="gt" type="BOOLEAN">
          <VAR id="NUMERIC-TO-ALPHA" type="NUMERIC" />
          <VAL value="0" type="NUMERIC" />
        </OP>
      </FORMULA>
      <FORMULA value="2">
        <OP id="gt" type="BOOLEAN">
          <VAR id="ALPHANUMERIC-TO-ALPHA" type="NUMERIC" />
          <VAL value="0" type="NUMERIC" />
        </OP>
      </FORMULA>
      <FORMULA value="4">
        <VAL value="true" type="BOOLEAN" />
      </FORMULA>
    </CRITDEF>
    <CRITDEF id="ARITHMETIC-OVERFLOW">
      <!-- Gestion des aggregations -->
      <!-- Gestion des stereotypes.
    <STEREOTYPE>
        <include list="TEST1,TEST2" />
        <exclude list="TEST3" />
    </STEREOTYPE>
    -->
      <FORMULA value="2">
        <OP id="gt" type="BOOLEAN">
          <VAR type="NUMERIC" id="ARITHMETIC-OVERFLOW" />
          <VAL type="NUMERIC" value="0" />
        </OP>
      </FORMULA>
      <FORMULA value="4">
        <VAL value="true" type="BOOLEAN" />
      </FORMULA>
      <AGGREG id="EXCLUS" telt="ALL">
        <PARAM id="DEFAULT" value="4" type="NUMERIC" />
        <PARAM id="VALUE_EXCLUS" value="2" type="NUMERIC" />
      </AGGREG>
    </CRITDEF>
    <CRITDEF id="PROCEDURE-LOC">
      <!-- Gestion des aggregations -->
      <!-- Gestion des stereotypes.
    <STEREOTYPE>
        <include list="TEST1,TEST2" />
        <exclude list="TEST3" />
    </STEREOTYPE>
    -->
      <AGGREG id="AVG" telt="ALL" />
      <COSTFORMULA>
        <VAL value="1" type="NUMERIC" />
      </COSTFORMULA>
      <FORMULA value="1">
        <OP id="gt" type="BOOLEAN">
          <VAR id="PROCEDURE_DIV_LOC" type="NUMERIC" />
          <VAL value="1000" type="NUMERIC" />
        </OP>
      </FORMULA>
      <FORMULA value="2">
        <OP id="gt" type="BOOLEAN">
          <VAR id="PROCEDURE_DIV_LOC" type="NUMERIC" />
          <VAL value="900" type="NUMERIC" />
        </OP>
      </FORMULA>
      <FORMULA value="3">
        <OP id="gt" type="BOOLEAN">
          <VAR id="PROCEDURE_DIV_LOC" type="NUMERIC" />
          <VAL value="700" type="NUMERIC" />
        </OP>
      </FORMULA>
      <FORMULA value="4">
        <VAL value="true" type="BOOLEAN" />
      </FORMULA>
    </CRITDEF>
    <CRITDEF id="CALL-STMT-NB">
      <!-- Gestion des aggregations -->
      <!-- Gestion des stereotypes.
    <STEREOTYPE>
        <include list="TEST1,TEST2" />
        <exclude list="TEST3" />
    </STEREOTYPE>
    -->
      <AGGREG id="AVG" telt="ALL" />
      <COSTFORMULA>
        <VAL value="1" type="NUMERIC" />
      </COSTFORMULA>
      <FORMULA value="2">
        <OP id="gt" type="BOOLEAN">
          <OP id="*" type="NUMERIC">
            <OP id="/" type="NUMERIC">
              <VAR id="NB_CALL" type="NUMERIC" />
              <VAR id="COBOL_TOTAL_OPERATORS" type="NUMERIC" />
            </OP>
            <VAL value="100" type="NUMERIC" />
          </OP>
          <VAL value="5" type="NUMERIC" />
        </OP>
      </FORMULA>
      <FORMULA value="3">
        <OP id="gt" type="BOOLEAN">
          <OP id="*" type="NUMERIC">
            <OP id="/" type="NUMERIC">
              <VAR id="NB_CALL" type="NUMERIC" />
              <VAR id="COBOL_TOTAL_OPERATORS" type="NUMERIC" />
            </OP>
            <VAL value="100" type="NUMERIC" />
          </OP>
          <VAL value="4" type="NUMERIC" />
        </OP>
      </FORMULA>
      <FORMULA value="4">
        <VAL value="true" type="BOOLEAN" />
      </FORMULA>
    </CRITDEF>
    <CRITDEF id="COMP">
      <!-- Gestion des aggregations -->
      <!-- Gestion des stereotypes.
    <STEREOTYPE>
        <include list="TEST1,TEST2" />
        <exclude list="TEST3" />
    </STEREOTYPE>
    -->
      <AGGREG id="AVG" telt="ALL" />
      <COSTFORMULA>
        <VAL value="1" type="NUMERIC" />
      </COSTFORMULA>
      <FORMULA value="1">
        <OP id="AND" type="BOOLEAN">
          <OP id="gt" type="BOOLEAN">
            <OP id="/" type="NUMERIC">
              <VAR id="MCCABE-CYCLOMATIC" type="NUMERIC" />
              <VAR id="NB_PARAGRAPHS" type="NUMERIC" />
            </OP>
            <VAL value="20" type="NUMERIC" />
          </OP>
          <OP id="lt" type="BOOLEAN">
            <OP id="*" type="NUMERIC">
              <OP id="/" type="NUMERIC">
                <VAR id="CLOC" type="NUMERIC" />
                <VAR id="LOC" type="NUMERIC" />
              </OP>
              <VAL value="100" type="NUMERIC" />
            </OP>
            <VAL value="30" type="NUMERIC" />
          </OP>
        </OP>
      </FORMULA>
      <FORMULA value="2">
        <OP id="AND" type="BOOLEAN">
          <OP id="gt" type="BOOLEAN">
            <OP id="/" type="NUMERIC">
              <VAR id="MCCABE-CYCLOMATIC" type="NUMERIC" />
              <VAR id="NB_PARAGRAPHS" type="NUMERIC" />
            </OP>
            <VAL value="10" type="NUMERIC" />
          </OP>
          <OP id="lt" type="BOOLEAN">
            <OP id="*" type="NUMERIC">
              <OP id="/" type="NUMERIC">
                <VAR id="CLOC" type="NUMERIC" />
                <VAR id="LOC" type="NUMERIC" />
              </OP>
              <VAL value="100" type="NUMERIC" />
            </OP>
            <VAL value="20" type="NUMERIC" />
          </OP>
        </OP>
      </FORMULA>
      <FORMULA value="3">
        <OP id="AND" type="BOOLEAN">
          <OP id="lt" type="BOOLEAN">
            <OP id="/" type="NUMERIC">
              <VAR id="MCCABE-CYCLOMATIC" type="NUMERIC" />
              <VAR id="NB_PARAGRAPHS" type="NUMERIC" />
            </OP>
            <VAL value="10" type="NUMERIC" />
          </OP>
          <OP id="gt" type="BOOLEAN">
            <OP id="*" type="NUMERIC">
              <OP id="/" type="NUMERIC">
                <VAR id="CLOC" type="NUMERIC" />
                <VAR id="LOC" type="NUMERIC" />
              </OP>
              <VAL value="100" type="NUMERIC" />
            </OP>
            <VAL value="20" type="NUMERIC" />
          </OP>
        </OP>
      </FORMULA>
      <FORMULA value="3">
        <OP id="lt" type="BOOLEAN">
          <OP id="*" type="NUMERIC">
            <OP id="/" type="NUMERIC">
              <VAR id="CLOC" type="NUMERIC" />
              <VAR id="LOC" type="NUMERIC" />
            </OP>
            <VAL value="100" type="NUMERIC" />
          </OP>
          <VAL value="20" type="NUMERIC" />
        </OP>
      </FORMULA>
      <FORMULA value="4">
        <VAL value="true" type="BOOLEAN" />
      </FORMULA>
    </CRITDEF>
    <CRITDEF id="COMPLEXITY">
      <!-- Gestion des aggregations -->
      <!-- Gestion des stereotypes.
    <STEREOTYPE>
        <include list="TEST1,TEST2" />
        <exclude list="TEST3" />
    </STEREOTYPE>
    -->
      <AGGREG id="EXCLUS_AVG" telt="ALL">
        <PARAM id="VALUE_EXCLUS" value="1" type="NUMERIC" />
      </AGGREG>
      <COSTFORMULA>
        <VAL value="1" type="NUMERIC" />
      </COSTFORMULA>
      <FORMULA value="1">
        <OP id="gt" type="BOOLEAN">
          <OP id="/" type="NUMERIC">
            <VAR id="MCCABE-CYCLOMATIC" type="NUMERIC" />
            <VAR id="NB_PARAGRAPHS" type="NUMERIC" />
          </OP>
          <VAL value="30" type="NUMERIC" />
        </OP>
      </FORMULA>
      <FORMULA value="2">
        <OP id="gt" type="BOOLEAN">
          <OP id="/" type="NUMERIC">
            <VAR id="MCCABE-CYCLOMATIC" type="NUMERIC" />
            <VAR id="NB_PARAGRAPHS" type="NUMERIC" />
          </OP>
          <VAL value="20" type="NUMERIC" />
        </OP>
      </FORMULA>
      <FORMULA value="3">
        <OP id="gt" type="BOOLEAN">
          <OP id="/" type="NUMERIC">
            <VAR id="MCCABE-CYCLOMATIC" type="NUMERIC" />
            <VAR id="NB_PARAGRAPHS" type="NUMERIC" />
          </OP>
          <VAL value="10" type="NUMERIC" />
        </OP>
      </FORMULA>
      <FORMULA value="4">
        <VAL value="true" type="BOOLEAN" />
      </FORMULA>
    </CRITDEF>
    <CRITDEF id="FILE-TOO-LONG">
      <AGGREG id="MULTI_SEUIL" telt="ALL">
        <PARAM id="VALUE_EXCLUS" value="1" type="NUMERIC" />
        <PARAM id="SEUIL1" value="30" type="NUMERIC" />
        <PARAM id="SEUIL2" value="15" type="NUMERIC" />
        <PARAM id="SEUIL3" value="1" type="NUMERIC" />
      </AGGREG>
      <COSTFORMULA>
        <VAL value="1" type="NUMERIC" />
      </COSTFORMULA>
      <FORMULA value="1">
        <OP id="gt" type="BOOLEAN">
          <VAR id="NL" type="NUMERIC" />
          <VAL value="3000" type="NUMERIC" />
        </OP>
      </FORMULA>
      <FORMULA value="4">
        <VAL value="true" type="BOOLEAN" />
      </FORMULA>
    </CRITDEF>
    <CRITDEF id="NB-GOTOS">
      <AGGREG id="AVG" telt="ALL" />
      <COSTFORMULA>
        <VAL value="1" type="NUMERIC" />
      </COSTFORMULA>
      <FORMULA value="1">
        <OP id="gt" type="BOOLEAN">
          <VAR id="NB-GOTOS" type="NUMERIC" />
          <VAL value="5" type="NUMERIC" />
        </OP>
      </FORMULA>
      <FORMULA value="2">
        <OP id="gt" type="BOOLEAN">
          <VAR id="NB-GOTOS" type="NUMERIC" />
          <VAL value="3" type="NUMERIC" />
        </OP>
      </FORMULA>
      <FORMULA value="3">
        <OP id="gt" type="BOOLEAN">
          <VAR id="NB-GOTOS" type="NUMERIC" />
          <VAL value="0" type="NUMERIC" />
        </OP>
      </FORMULA>
      <FORMULA value="4">
        <VAL value="true" type="BOOLEAN" />
      </FORMULA>
    </CRITDEF>
    <CRITDEF id="COMMENT_BEFORE_PARAGRAPH">
      <AGGREG id="AVG" telt="ALL" />
      <COSTFORMULA>
        <VAL value="1" type="NUMERIC" />
      </COSTFORMULA>
      <FORMULA value="1">
        <OP id="gt" type="BOOLEAN">
          <VAR id="COMMENT_BEFORE_PARAGRAPH" type="NUMERIC" />
          <VAL value="0" type="NUMERIC" />
        </OP>
      </FORMULA>
      <FORMULA value="4">
        <VAL value="true" type="BOOLEAN" />
      </FORMULA>
    </CRITDEF>
    <CRITDEF id="COBOL-CORRESPONDING-USE">
      <AGGREG id="EXCLUS" telt="ALL">
        <PARAM id="DEFAULT" value="4" type="NUMERIC" />
        <PARAM id="VALUE_EXCLUS" value="2" type="NUMERIC" />
      </AGGREG>
      <COSTFORMULA>
        <VAL value="1" type="NUMERIC" />
      </COSTFORMULA>
      <FORMULA value="2">
        <OP id="gt" type="BOOLEAN">
          <VAR id="NB_ADDCORRESPONDING" type="NUMERIC" />
          <VAL value="0" type="NUMERIC" />
        </OP>
      </FORMULA>
      <FORMULA value="2">
        <OP id="gt" type="BOOLEAN">
          <VAR id="NB_SUBSTRACTCORRESPONDING" type="NUMERIC" />
          <VAL value="0" type="NUMERIC" />
        </OP>
      </FORMULA>
      <FORMULA value="2">
        <OP id="gt" type="BOOLEAN">
          <VAR id="NB_ADDCORRESPONDING" type="NUMERIC" />
          <VAL value="0" type="NUMERIC" />
        </OP>
      </FORMULA>
      <FORMULA value="4">
        <VAL value="true" type="BOOLEAN" />
      </FORMULA>
    </CRITDEF>
    <CRITDEF id="SIMPLE_COMPUTE">
      <AGGREG id="EXCLUS" telt="ALL">
        <PARAM id="DEFAULT" value="4" type="NUMERIC" />
        <PARAM id="VALUE_EXCLUS" value="2" type="NUMERIC" />
      </AGGREG>
      <COSTFORMULA>
        <VAL value="1" type="NUMERIC" />
      </COSTFORMULA>
      <FORMULA value="2">
        <OP id="gt" type="BOOLEAN">
          <VAR id="NB_TWO_OPERANDS_COMPUTE" type="NUMERIC" />
          <VAL value="0" type="NUMERIC" />
        </OP>
      </FORMULA>
      <FORMULA value="4">
        <VAL value="true" type="BOOLEAN" />
      </FORMULA>
    </CRITDEF>
    <CRITDEF id="STRING_UNSTRING_USE">
      <AGGREG id="EXCLUS_AVG" telt="ALL">
        <PARAM id="VALUE_EXCLUS" value="1" type="NUMERIC" />
      </AGGREG>
      <COSTFORMULA>
        <VAL value="1" type="NUMERIC" />
      </COSTFORMULA>
      <FORMULA value="1">
        <OP id="gt" type="BOOLEAN">
          <VAR id="NB_UNSTRING" type="NUMERIC" />
          <VAL value="0" type="NUMERIC" />
        </OP>
      </FORMULA>
      <FORMULA value="2">
        <OP id="gt" type="BOOLEAN">
          <VAR id="NB_STRING" type="NUMERIC" />
          <VAL value="0" type="NUMERIC" />
        </OP>
      </FORMULA>
      <FORMULA value="4">
        <VAL value="true" type="BOOLEAN" />
      </FORMULA>
    </CRITDEF>
    <CRITDEF id="ARITHMETIC_OP_WITH_DISPLAY_OPERAND">
      <AGGREG id="EXCLUS" telt="ALL">
        <PARAM id="DEFAULT" value="4" type="NUMERIC" />
        <PARAM id="VALUE_EXCLUS" value="1" type="NUMERIC" />
      </AGGREG>
      <COSTFORMULA>
        <VAL value="1" type="NUMERIC" />
      </COSTFORMULA>
      <FORMULA value="1">
        <OP id="gt" type="BOOLEAN">
          <VAR id="NB_ARITHMETIC_OP_WITH_DISPLAY_OPERAND" type="NUMERIC" />
          <VAL value="0" type="NUMERIC" />
        </OP>
      </FORMULA>
      <FORMULA value="4">
        <VAL value="true" type="BOOLEAN" />
      </FORMULA>
    </CRITDEF>
    <CRITDEF id="ARITHMETIC_OP_WITH_UNSIGNED_OPERAND">
      <AGGREG id="EXCLUS" telt="ALL">
        <PARAM id="DEFAULT" value="4" type="NUMERIC" />
        <PARAM id="VALUE_EXCLUS" value="2" type="NUMERIC" />
      </AGGREG>
      <COSTFORMULA>
        <VAL value="1" type="NUMERIC" />
      </COSTFORMULA>
      <FORMULA value="2">
        <OP id="gt" type="BOOLEAN">
          <VAR id="NB_ARITHMETIC_OP_WITH_UNSIGNED_OPERAND" type="NUMERIC" />
          <VAL value="0" type="NUMERIC" />
        </OP>
      </FORMULA>
      <FORMULA value="4">
        <VAL value="true" type="BOOLEAN" />
      </FORMULA>
    </CRITDEF>
    <CRITDEF id="NO_WHEN_OTHER_IN_EVALUATE">
      <AGGREG id="AVG" telt="ALL" />
      <COSTFORMULA>
        <VAL value="1" type="NUMERIC" />
      </COSTFORMULA>
      <FORMULA value="1">
        <OP id="gt" type="BOOLEAN">
          <VAR id="NO_WHEN_OTHER_IN_EVALUATE" type="NUMERIC" />
          <VAL value="0" type="NUMERIC" />
        </OP>
      </FORMULA>
      <FORMULA value="4">
        <VAL value="true" type="BOOLEAN" />
      </FORMULA>
    </CRITDEF>
    <CRITDEF id="PERFORMANCE_CPU_CONSUMPTION">
      <AGGREG id="EXCLUS_AVG" telt="ALL">
        <PARAM id="VALUE_EXCLUS" value="1" type="NUMERIC" />
      </AGGREG>
      <COSTFORMULA>
        <VAL value="1" type="NUMERIC" />
      </COSTFORMULA>
      <FORMULA value="1">
        <OP id="AND" type="BOOLEAN">
          <OP id="gt" type="BOOLEAN">
            <VAR id="STROBE_PROGRAM_ATTRIBUTED_CPU_USAGE_TIME" type="NUMERIC" />
            <VAL value="2" type="NUMERIC" />
          </OP>
          <OP id="ge" type="BOOLEAN">
            <VAR id="STROBE_PROGRAM_ATTRIBUTED_CPU_USAGE_PCT" type="NUMERIC" />
            <VAL value="20" type="NUMERIC" />
          </OP>
        </OP>
      </FORMULA>
      <FORMULA value="2">
        <OP id="AND" type="BOOLEAN">
          <OP id="gt" type="BOOLEAN">
            <VAR id="STROBE_PROGRAM_ATTRIBUTED_CPU_USAGE_TIME" type="NUMERIC" />
            <VAL value="2" type="NUMERIC" />
          </OP>
          <OP id="lt" type="BOOLEAN">
            <VAR id="STROBE_PROGRAM_ATTRIBUTED_CPU_USAGE_PCT" type="NUMERIC" />
            <VAL value="20" type="NUMERIC" />
          </OP>
        </OP>
      </FORMULA>
      <FORMULA value="2">
        <OP id="AND" type="BOOLEAN">
          <OP id="gt" type="BOOLEAN">
            <VAR id="STROBE_PROGRAM_ATTRIBUTED_CPU_USAGE_TIME" type="NUMERIC" />
            <VAL value="0.5" type="NUMERIC" />
          </OP>
          <OP id="ge" type="BOOLEAN">
            <VAR id="STROBE_PROGRAM_ATTRIBUTED_CPU_USAGE_PCT" type="NUMERIC" />
            <VAL value="20" type="NUMERIC" />
          </OP>
        </OP>
      </FORMULA>
      <FORMULA value="3">
        <OP id="AND" type="BOOLEAN">
          <OP id="gt" type="BOOLEAN">
            <VAR id="STROBE_PROGRAM_ATTRIBUTED_CPU_USAGE_TIME" type="NUMERIC" />
            <VAL value="0.5" type="NUMERIC" />
          </OP>
          <OP id="lt" type="BOOLEAN">
            <VAR id="STROBE_PROGRAM_ATTRIBUTED_CPU_USAGE_PCT" type="NUMERIC" />
            <VAL value="20" type="NUMERIC" />
          </OP>
        </OP>
      </FORMULA>
      <FORMULA value="3">
        <OP id="gt" type="BOOLEAN">
          <VAR id="STROBE_PROGRAM_ATTRIBUTED_CPU_USAGE_TIME" type="NUMERIC" />
          <VAL value="0.05" type="NUMERIC" />
        </OP>
      </FORMULA>
    </CRITDEF>
    <CRITDEF id="PERFORMANCE_IO_WAIT">
      <AGGREG id="EXCLUS_AVG" telt="ALL">
        <PARAM id="VALUE_EXCLUS" value="1" type="NUMERIC" />
      </AGGREG>
      <COSTFORMULA>
        <VAL value="1" type="NUMERIC" />
      </COSTFORMULA>
      <FORMULA value="1">
        <OP id="AND" type="BOOLEAN">
          <OP id="gt" type="BOOLEAN">
            <OP id="/" type="NUMERIC">
              <VAR id="STROBE_TOTAL_NB_IO" type="NUMERIC" />
              <VAR id="STROBE_TOTAL_SESSION_TIME" type="NUMERIC" />
            </OP>
            <VAL value="10" type="NUMERIC" />
          </OP>
          <OP id="gt" type="BOOLEAN">
            <VAR id="STROBE_TOTAL_WAIT_PCT" type="NUMERIC" />
            <VAL value="20" type="NUMERIC" />
          </OP>
        </OP>
      </FORMULA>
      <FORMULA value="2">
        <OP id="AND" type="BOOLEAN">
          <OP id="gt" type="BOOLEAN">
            <OP id="/" type="NUMERIC">
              <VAR id="STROBE_TOTAL_NB_IO" type="NUMERIC" />
              <VAR id="STROBE_TOTAL_SESSION_TIME" type="NUMERIC" />
            </OP>
            <VAL value="10" type="NUMERIC" />
          </OP>
          <OP id="lt" type="BOOLEAN">
            <VAR id="STROBE_TOTAL_WAIT_PCT" type="NUMERIC" />
            <VAL value="20" type="NUMERIC" />
          </OP>
        </OP>
      </FORMULA>
      <FORMULA value="2">
        <OP id="AND" type="BOOLEAN">
          <OP id="gt" type="BOOLEAN">
            <OP id="/" type="NUMERIC">
              <VAR id="STROBE_TOTAL_NB_IO" type="NUMERIC" />
              <VAR id="STROBE_TOTAL_SESSION_TIME" type="NUMERIC" />
            </OP>
            <VAL value="3" type="NUMERIC" />
          </OP>
          <OP id="gt" type="BOOLEAN">
            <VAR id="STROBE_TOTAL_WAIT_PCT" type="NUMERIC" />
            <VAL value="20" type="NUMERIC" />
          </OP>
        </OP>
      </FORMULA>
      <FORMULA value="3">
        <OP id="AND" type="BOOLEAN">
          <OP id="gt" type="BOOLEAN">
            <OP id="/" type="NUMERIC">
              <VAR id="STROBE_TOTAL_NB_IO" type="NUMERIC" />
              <VAR id="STROBE_TOTAL_SESSION_TIME" type="NUMERIC" />
            </OP>
            <VAL value="3" type="NUMERIC" />
          </OP>
          <OP id="lt" type="BOOLEAN">
            <VAR id="STROBE_TOTAL_WAIT_PCT" type="NUMERIC" />
            <VAL value="20" type="NUMERIC" />
          </OP>
        </OP>
      </FORMULA>
      <FORMULA value="3">
        <OP id="AND" type="BOOLEAN">
          <OP id="gt" type="BOOLEAN">
            <OP id="/" type="NUMERIC">
              <VAR id="STROBE_TOTAL_NB_IO" type="NUMERIC" />
              <VAR id="STROBE_TOTAL_SESSION_TIME" type="NUMERIC" />
            </OP>
            <VAL value="0" type="NUMERIC" />
          </OP>
          <OP id="lt" type="BOOLEAN">
            <VAR id="STROBE_TOTAL_WAIT_PCT" type="NUMERIC" />
            <VAL value="20" type="NUMERIC" />
          </OP>
        </OP>
      </FORMULA>
    </CRITDEF>
    <IFPUG telt="PROCEDURE">
      <OP id="/" type="NUMERIC">
        <VAR id="LOC" type="NUMERIC" />
        <VAL value="29" type="NUMERIC" />
      </OP>
    </IFPUG>
  </USAGE>
</METHOD>

