<?xml version="1.0"  encoding="UTF-8"?><e><r><c><![CDATA[ALL_CODE_MET]]></c><c/><c/><c><![CDATA[CAQS]]></c><c/><c/><c/><c/><c/><c/></r><r><c><![CDATA[ALL_CODE]]></c><c/><c/><c><![CDATA[CAQS]]></c><c/><c/><c/><c/><c/><c/></r><r><c><![CDATA[COMMENTS]]></c><c/><c/><c><![CDATA[CAQS]]></c><c/><c/><c/><c/><c/><c/></r><r><c><![CDATA[IFPUG]]></c><c/><c/><c><![CDATA[CAQS]]></c><c/><c/><c/><c/><c/><c/></r><r><c><![CDATA[AVG_VG]]></c><c/><c/><c><![CDATA[CAQS]]></c><c/><c/><c/><c/><c/><c/></r><r><c><![CDATA[BLANKS]]></c><c/><c/><c><![CDATA[CAQS]]></c><c/><c/><c/><c/><c/><c/></r><r><c><![CDATA[BRANCH]]></c><c/><c/><c><![CDATA[CAQS]]></c><c/><c/><c/><c/><c/><c/></r><r><c><![CDATA[CD]]></c><c/><c/><c><![CDATA[CAQS]]></c><c/><c/><c/><c/><c/><c/></r><r><c><![CDATA[CODE]]></c><c/><c/><c><![CDATA[CAQS]]></c><c/><c/><c/><c/><c/><c/></r><r><c><![CDATA[COPY_PASTE]]></c><c/><c/><c><![CDATA[CAQS]]></c><c/><c/><c/><c/><c/><c/></r><r><c><![CDATA[CYCLOMATIC_DENSITY]]></c><c/><c/><c><![CDATA[CAQS]]></c><c/><c/><c/><c/><c/><c/></r><r><c><![CDATA[DEC]]></c><c/><c/><c><![CDATA[CAQS]]></c><c/><c/><c/><c/><c/><c/></r><r><c><![CDATA[DECISION_DENSITY]]></c><c/><c/><c><![CDATA[CAQS]]></c><c/><c/><c/><c/><c/><c/></r><r><c><![CDATA[DEP_CT]]></c><c/><c/><c><![CDATA[CAQS]]></c><c/><c/><c/><c/><c/><c/></r><r><c><![CDATA[DEP_ON_CHILD]]></c><c/><c/><c><![CDATA[CAQS]]></c><c/><c/><c/><c/><c/><c/></r><r><c><![CDATA[DESIGN_DENSITY]]></c><c/><c/><c><![CDATA[CAQS]]></c><c/><c/><c/><c/><c/><c/></r><r><c><![CDATA[EDGES]]></c><c/><c/><c><![CDATA[CAQS]]></c><c/><c/><c/><c/><c/><c/></r><r><c><![CDATA[ESSENTIAL_DENSITY]]></c><c/><c/><c><![CDATA[CAQS]]></c><c/><c/><c/><c/><c/><c/></r><r><c><![CDATA[GDV]]></c><c/><c/><c><![CDATA[CAQS]]></c><c/><c/><c/><c/><c/><c/></r><r><c><![CDATA[GDV_SEVERITY]]></c><c/><c/><c><![CDATA[CAQS]]></c><c/><c/><c/><c/><c/><c/></r><r><c><![CDATA[GLOBAL_DATA_DENSITY]]></c><c/><c/><c><![CDATA[CAQS]]></c><c/><c/><c/><c/><c/><c/></r><r><c><![CDATA[HAL_DIFFICULTY]]></c><c/><c/><c><![CDATA[CAQS]]></c><c/><c/><c/><c/><c/><c/></r><r><c><![CDATA[HAL_EFFORT]]></c><c/><c/><c><![CDATA[CAQS]]></c><c/><c/><c/><c/><c/><c/></r><r><c><![CDATA[HAL_ERROR_EST]]></c><c/><c/><c><![CDATA[CAQS]]></c><c/><c/><c/><c/><c/><c/></r><r><c><![CDATA[HAL_INTEL]]></c><c/><c/><c><![CDATA[CAQS]]></c><c/><c/><c/><c/><c/><c/></r><r><c><![CDATA[HAL_LENGTH]]></c><c/><c/><c><![CDATA[CAQS]]></c><c/><c/><c/><c/><c/><c/></r><r><c><![CDATA[HAL_LEVEL]]></c><c/><c/><c><![CDATA[CAQS]]></c><c/><c/><c/><c/><c/><c/></r><r><c><![CDATA[HAL_PROG_TIME]]></c><c/><c/><c><![CDATA[CAQS]]></c><c/><c/><c/><c/><c/><c/></r><r><c><![CDATA[HAL_VOLUME]]></c><c/><c/><c><![CDATA[CAQS]]></c><c/><c/><c/><c/><c/><c/></r><r><c><![CDATA[IN_DATASET]]></c><c/><c/><c><![CDATA[CAQS]]></c><c/><c/><c/><c/><c/><c/></r><r><c><![CDATA[MAINT_SEVERITY]]></c><c/><c/><c><![CDATA[CAQS]]></c><c/><c/><c/><c/><c/><c/></r><r><c><![CDATA[MAX_EVG]]></c><c/><c/><c><![CDATA[CAQS]]></c><c/><c/><c/><c/><c/><c/></r><r><c><![CDATA[MC]]></c><c/><c/><c><![CDATA[CAQS]]></c><c/><c/><c/><c/><c/><c/></r><r><c><![CDATA[MCD]]></c><c/><c/><c><![CDATA[CAQS]]></c><c/><c/><c/><c/><c/><c/></r><r><c><![CDATA[MCDD]]></c><c/><c/><c><![CDATA[CAQS]]></c><c/><c/><c/><c/><c/><c/></r><r><c><![CDATA[MIXED]]></c><c/><c/><c><![CDATA[CAQS]]></c><c/><c/><c/><c/><c/><c/></r><r><c><![CDATA[NIAC]]></c><c/><c/><c><![CDATA[CAQS]]></c><c/><c/><c/><c/><c/><c/></r><r><c><![CDATA[NL]]></c><c/><c/><c><![CDATA[CAQS]]></c><c/><c/><c/><c/><c/><c/></r><r><c><![CDATA[NODES]]></c><c/><c/><c><![CDATA[CAQS]]></c><c/><c/><c/><c/><c/><c/></r><r><c><![CDATA[NORMAL_VG]]></c><c/><c/><c><![CDATA[CAQS]]></c><c/><c/><c/><c/><c/><c/></r><r><c><![CDATA[OOFANIN]]></c><c/><c/><c><![CDATA[CAQS]]></c><c/><c/><c/><c/><c/><c/></r><r><c><![CDATA[OPERAND_COUNT]]></c><c/><c/><c><![CDATA[CAQS]]></c><c/><c/><c/><c/><c/><c/></r><r><c><![CDATA[OPERATOR_COUNT]]></c><c/><c/><c><![CDATA[CAQS]]></c><c/><c/><c/><c/><c/><c/></r><r><c><![CDATA[PARAMS]]></c><c/><c/><c><![CDATA[CAQS]]></c><c/><c/><c/><c/><c/><c/></r><r><c><![CDATA[PCT_COMM]]></c><c/><c/><c><![CDATA[CAQS]]></c><c/><c/><c/><c/><c/><c/></r><r><c><![CDATA[PCT_NOTOV]]></c><c/><c/><c><![CDATA[CAQS]]></c><c/><c/><c/><c/><c/><c/></r><r><c><![CDATA[PROG_SUM_VG]]></c><c/><c/><c><![CDATA[CAQS]]></c><c/><c/><c/><c/><c/><c/></r><r><c><![CDATA[PVG]]></c><c/><c/><c><![CDATA[CAQS]]></c><c/><c/><c/><c/><c/><c/></r><r><c><![CDATA[ROOTCNT]]></c><c/><c/><c><![CDATA[CAQS]]></c><c/><c/><c/><c/><c/><c/></r><r><c><![CDATA[S0]]></c><c/><c/><c><![CDATA[CAQS]]></c><c/><c/><c/><c/><c/><c/></r><r><c><![CDATA[S0_DIV_SUMV]]></c><c/><c/><c><![CDATA[CAQS]]></c><c/><c/><c/><c/><c/><c/></r><r><c><![CDATA[S1]]></c><c/><c/><c><![CDATA[CAQS]]></c><c/><c/><c/><c/><c/><c/></r><r><c><![CDATA[SDR]]></c><c/><c/><c><![CDATA[CAQS]]></c><c/><c/><c/><c/><c/><c/></r><r><c><![CDATA[SDV]]></c><c/><c/><c><![CDATA[CAQS]]></c><c/><c/><c/><c/><c/><c/></r><r><c><![CDATA[START_LINE]]></c><c/><c/><c><![CDATA[CAQS]]></c><c/><c/><c/><c/><c/><c/></r><r><c><![CDATA[UNIQUE_OPERANDS]]></c><c/><c/><c><![CDATA[CAQS]]></c><c/><c/><c/><c/><c/><c/></r><r><c><![CDATA[UNIQUE_OPERATORS]]></c><c/><c/><c><![CDATA[CAQS]]></c><c/><c/><c/><c/><c/><c/></r><r><c><![CDATA[LIENS_MANQUANTS]]></c><c><![CDATA[ANTIPATTERN]]></c><c/><c><![CDATA[CAQS]]></c><c/><c/><c/><c/><c/><c/></r><r><c><![CDATA[LIENS_CS]]></c><c><![CDATA[ANTIPATTERN]]></c><c/><c><![CDATA[CAQS]]></c><c/><c/><c/><c/><c/><c/></r><r><c><![CDATA[LIENS_NP]]></c><c><![CDATA[ANTIPATTERN]]></c><c/><c><![CDATA[CAQS]]></c><c/><c/><c/><c/><c/><c/></r><r><c><![CDATA[CALL_PAIR]]></c><c/><c/><c><![CDATA[CAQS]]></c><c/><c/><c/><c/><c/><c/></r><r><c><![CDATA[DEPTH]]></c><c/><c/><c><![CDATA[CAQS]]></c><c/><c/><c/><c/><c/><c/></r><r><c><![CDATA[EVG]]></c><c/><c/><c><![CDATA[CAQS]]></c><c/><c/><c/><c/><c/><c/></r><r><c><![CDATA[IVG]]></c><c/><c/><c><![CDATA[CAQS]]></c><c/><c/><c/><c/><c/><c/></r><r><c><![CDATA[MAX_VG]]></c><c/><c/><c><![CDATA[CAQS]]></c><c/><c/><c/><c/><c/><c/></r><r><c><![CDATA[NOC]]></c><c/><c/><c><![CDATA[CAQS]]></c><c/><c/><c/><c/><c/><c/></r><r><c><![CDATA[RFC]]></c><c/><c/><c><![CDATA[CAQS]]></c><c/><c/><c/><c/><c/><c/></r><r><c><![CDATA[SUM_VG]]></c><c/><c/><c><![CDATA[CAQS]]></c><c/><c/><c/><c/><c/><c/></r><r><c><![CDATA[VG]]></c><c/><c/><c><![CDATA[CAQS]]></c><c/><c/><c/><c/><c/><c/></r><r><c><![CDATA[WMC]]></c><c/><c/><c><![CDATA[CAQS]]></c><c/><c/><c/><c/><c/><c/></r><r><c><![CDATA[CBO]]></c><c/><c/><c><![CDATA[CAQS]]></c><c/><c/><c/><c/><c/><c/></r><r><c><![CDATA[LOCM]]></c><c/><c/><c><![CDATA[CAQS]]></c><c/><c/><c/><c/><c/><c/></r><r><c><![CDATA[PUB_DATA]]></c><c/><c/><c><![CDATA[CAQS]]></c><c/><c/><c/><c/><c/><c/></r><r><c><![CDATA[PUB_ACCESS]]></c><c/><c/><c><![CDATA[CAQS]]></c><c/><c/><c/><c/><c/><c/></r><r><c><![CDATA[MI3]]></c><c/><c/><c><![CDATA[CAQS]]></c><c/><c/><c/><c/><c/><c/></r><r><c><![CDATA[MI4]]></c><c/><c/><c><![CDATA[CAQS]]></c><c/><c/><c/><c/><c/><c/></r><r><c><![CDATA[RECURSIVITE]]></c><c><![CDATA[ANTIPATTERN]]></c><c/><c><![CDATA[CAQS]]></c><c/><c/><c/><c/><c/><c/></r><r><c><![CDATA[LOC]]></c><c/><c/><c><![CDATA[CAQS]]></c><c/><c/><c/><c/><c/><c/></r><r><c><![CDATA[CLOC]]></c><c/><c/><c><![CDATA[CAQS]]></c><c/><c/><c/><c/><c/><c/></r><r><c><![CDATA[COMPLEX-COMPUTE]]></c><c/><c/><c><![CDATA[CAQS]]></c><c/><c><![CDATA[2006-07-17 00:00:00]]></c><c><![CDATA[2008-07-23 10:29:10]]></c><c><![CDATA[2006-07-17 00:00:00]]></c><c/><c/></r><r><c><![CDATA[UNKNOWN-DATA-NAME]]></c><c/><c/><c><![CDATA[CAQS]]></c><c/><c/><c><![CDATA[2008-07-23 14:42:05]]></c><c/><c/><c/></r><r><c><![CDATA[UNKNOWN-PROC-NAME]]></c><c/><c/><c><![CDATA[CAQS]]></c><c/><c/><c><![CDATA[2008-07-23 14:41:57]]></c><c/><c/><c/></r><r><c><![CDATA[COPYLIB-INITIALIZED-LINKAGE-VAR]]></c><c/><c/><c><![CDATA[CAQS]]></c><c/><c/><c><![CDATA[2008-07-23 10:38:06]]></c><c/><c/><c/></r><r><c><![CDATA[ALPHANUMIC-TO-ALPHA]]></c><c/><c/><c><![CDATA[CAQS]]></c><c/><c/><c><![CDATA[2008-07-23 11:01:06]]></c><c/><c/><c/></r><r><c><![CDATA[PLANNED]]></c><c/><c/><c><![CDATA[CAQS]]></c><c/><c><![CDATA[2008-06-20 00:00:00]]></c><c/><c><![CDATA[2008-06-20 00:00:00]]></c><c/><c/></r><r><c><![CDATA[ACTUAL]]></c><c/><c/><c><![CDATA[CAQS]]></c><c/><c><![CDATA[2008-06-20 00:00:00]]></c><c/><c><![CDATA[2008-06-20 00:00:00]]></c><c/><c/></r><r><c><![CDATA[TOBEDONE]]></c><c/><c/><c><![CDATA[CAQS]]></c><c/><c><![CDATA[2008-06-20 00:00:00]]></c><c/><c><![CDATA[2008-06-20 00:00:00]]></c><c/><c/></r><r><c><![CDATA[FANOUT]]></c><c/><c/><c><![CDATA[CAQS]]></c><c/><c/><c/><c/><c/><c/></r><r><c><![CDATA[MAXMCD]]></c><c/><c/><c><![CDATA[CAQS]]></c><c/><c/><c/><c/><c/><c/></r><r><c><![CDATA[TOT-CALL-NB]]></c><c/><c/><c><![CDATA[CAQS]]></c><c/><c><![CDATA[2006-07-17 00:00:00]]></c><c><![CDATA[2008-07-23 09:59:32]]></c><c><![CDATA[2006-07-17 00:00:00]]></c><c/><c/></r><r><c><![CDATA[HAL_VOCABULARY]]></c><c/><c/><c><![CDATA[CAQS]]></c><c/><c><![CDATA[2007-11-26 15:16:04]]></c><c><![CDATA[2007-11-26 15:16:04]]></c><c><![CDATA[2007-11-26 15:16:04]]></c><c><![CDATA[2007-11-26 15:16:04]]></c><c/></r><r><c><![CDATA[SA_RF_LINK]]></c><c/><c/><c><![CDATA[CAQS]]></c><c/><c><![CDATA[2008-01-10 00:00:00]]></c><c/><c><![CDATA[2008-01-10 00:00:00]]></c><c/><c/></r><r><c><![CDATA[JSP-MISSING-END-TAG]]></c><c/><c/><c><![CDATA[CAQS]]></c><c/><c><![CDATA[2008-01-08 00:00:00]]></c><c/><c><![CDATA[2008-01-08 00:00:00]]></c><c/><c/></r><r><c><![CDATA[JSP-UNBALANCED-TAG]]></c><c/><c/><c><![CDATA[CAQS]]></c><c/><c><![CDATA[2008-01-08 00:00:00]]></c><c/><c><![CDATA[2008-01-08 00:00:00]]></c><c/><c/></r><r><c><![CDATA[TEST]]></c><c/><c/><c><![CDATA[CAQS]]></c><c/><c><![CDATA[2007-12-18 00:00:00]]></c><c/><c><![CDATA[2007-12-18 00:00:00]]></c><c/><c/></r><r><c><![CDATA[JS_NOSHOWMODALDIALOG]]></c><c/><c/><c><![CDATA[CAQS]]></c><c/><c><![CDATA[2007-12-11 00:00:00]]></c><c/><c><![CDATA[2007-12-11 00:00:00]]></c><c/><c/></r><r><c><![CDATA[JS_NODEEPCODE]]></c><c/><c/><c><![CDATA[CAQS]]></c><c/><c><![CDATA[2007-12-11 00:00:00]]></c><c><![CDATA[2008-01-29 00:00:00]]></c><c><![CDATA[2007-12-11 00:00:00]]></c><c/><c/></r><r><c><![CDATA[JS_NEEDSBRACES]]></c><c/><c/><c><![CDATA[CAQS]]></c><c/><c><![CDATA[2007-12-11 00:00:00]]></c><c/><c><![CDATA[2007-12-11 00:00:00]]></c><c/><c/></r><r><c><![CDATA[DOC_HISTORIQUEINCOMPREHENSIBLE]]></c><c/><c/><c><![CDATA[CAQS]]></c><c/><c><![CDATA[2007-12-11 00:00:00]]></c><c/><c><![CDATA[2007-12-11 00:00:00]]></c><c/><c/></r><r><c><![CDATA[JS_JSP_SCRIPT_HEAD]]></c><c/><c/><c><![CDATA[CAQS]]></c><c/><c><![CDATA[2007-12-11 00:00:00]]></c><c/><c><![CDATA[2007-12-11 00:00:00]]></c><c/><c/></r><r><c><![CDATA[JS_JSP_SCRIPT_WITHOUT_LANGUAGE]]></c><c/><c/><c><![CDATA[CAQS]]></c><c/><c><![CDATA[2007-12-11 00:00:00]]></c><c/><c><![CDATA[2007-12-11 00:00:00]]></c><c/><c/></r><r><c><![CDATA[JS_EMPTY_BLOCK]]></c><c/><c/><c><![CDATA[CAQS]]></c><c/><c><![CDATA[2007-12-11 00:00:00]]></c><c/><c><![CDATA[2007-12-11 00:00:00]]></c><c/><c/></r><r><c><![CDATA[JS_COMMENT_PERCENT]]></c><c/><c/><c><![CDATA[CAQS]]></c><c/><c><![CDATA[2007-12-11 00:00:00]]></c><c/><c><![CDATA[2007-12-11 00:00:00]]></c><c/><c/></r><r><c><![CDATA[DOC_LIGNES]]></c><c/><c/><c><![CDATA[CAQS]]></c><c/><c><![CDATA[2007-12-11 00:00:00]]></c><c/><c><![CDATA[2007-12-11 00:00:00]]></c><c/><c/></r><r><c><![CDATA[DOC_PAGES]]></c><c/><c/><c><![CDATA[CAQS]]></c><c/><c><![CDATA[2007-12-11 00:00:00]]></c><c/><c><![CDATA[2007-12-11 00:00:00]]></c><c/><c/></r><r><c><![CDATA[DOC_ORTHOGRAPHE]]></c><c/><c/><c><![CDATA[CAQS]]></c><c/><c><![CDATA[2007-12-11 00:00:00]]></c><c/><c><![CDATA[2007-12-11 00:00:00]]></c><c/><c/></r><r><c><![CDATA[JS_JSP_EXTERNALIZE_JS]]></c><c/><c/><c><![CDATA[CAQS]]></c><c/><c><![CDATA[2007-12-11 00:00:00]]></c><c/><c><![CDATA[2007-12-11 00:00:00]]></c><c/><c/></r><r><c><![CDATA[JS_MISSING_HEADERDOC]]></c><c/><c/><c><![CDATA[CAQS]]></c><c/><c><![CDATA[2007-12-11 00:00:00]]></c><c/><c><![CDATA[2007-12-11 00:00:00]]></c><c/><c/></r><r><c><![CDATA[DOC_HISTORIQUECONFORME]]></c><c/><c/><c><![CDATA[CAQS]]></c><c/><c><![CDATA[2007-12-11 00:00:00]]></c><c/><c><![CDATA[2007-12-11 00:00:00]]></c><c/><c/></r><r><c><![CDATA[DOC_HISTORIQUEAMBIGU]]></c><c/><c/><c><![CDATA[CAQS]]></c><c/><c><![CDATA[2007-12-11 00:00:00]]></c><c/><c><![CDATA[2007-12-11 00:00:00]]></c><c/><c/></r><r><c><![CDATA[JS_JSP_HARDCODE_STRING]]></c><c/><c/><c><![CDATA[CAQS]]></c><c/><c><![CDATA[2007-12-11 00:00:00]]></c><c/><c><![CDATA[2007-12-11 00:00:00]]></c><c/><c/></r><r><c><![CDATA[JS_JSP_FACTOR_TAGLIB]]></c><c/><c/><c><![CDATA[CAQS]]></c><c/><c><![CDATA[2007-12-11 00:00:00]]></c><c/><c><![CDATA[2007-12-11 00:00:00]]></c><c/><c/></r><r><c><![CDATA[DOC_HISTORIQUEOK]]></c><c/><c/><c><![CDATA[CAQS]]></c><c/><c><![CDATA[2007-12-11 00:00:00]]></c><c/><c><![CDATA[2007-12-11 00:00:00]]></c><c/><c/></r><r><c><![CDATA[JS_IMPLICIT_CAST_COMPARE]]></c><c/><c/><c><![CDATA[CAQS]]></c><c/><c><![CDATA[2007-12-11 00:00:00]]></c><c/><c><![CDATA[2007-12-11 00:00:00]]></c><c/><c/></r><r><c><![CDATA[JS_NAN_TEST]]></c><c/><c/><c><![CDATA[CAQS]]></c><c/><c><![CDATA[2007-12-11 00:00:00]]></c><c/><c><![CDATA[2007-12-11 00:00:00]]></c><c/><c/></r><r><c><![CDATA[JS_INT_PARSING]]></c><c/><c/><c><![CDATA[CAQS]]></c><c/><c><![CDATA[2007-12-11 00:00:00]]></c><c/><c><![CDATA[2007-12-11 00:00:00]]></c><c/><c/></r><r><c><![CDATA[DOC_HEADERFOOTEROK]]></c><c/><c/><c><![CDATA[CAQS]]></c><c/><c><![CDATA[2007-12-11 00:00:00]]></c><c/><c><![CDATA[2007-12-11 00:00:00]]></c><c/><c/></r><r><c><![CDATA[JS_DBLE_QUOTE]]></c><c/><c/><c><![CDATA[CAQS]]></c><c/><c><![CDATA[2007-12-11 00:00:00]]></c><c/><c><![CDATA[2007-12-11 00:00:00]]></c><c/><c/></r><r><c><![CDATA[COBOL_DIFFICULTY]]></c><c/><c/><c><![CDATA[CAQS]]></c><c/><c><![CDATA[2008-07-23 00:00:00]]></c><c/><c><![CDATA[2008-07-23 00:00:00]]></c><c/><c/></r><r><c><![CDATA[COBOL_EFFORT]]></c><c/><c/><c><![CDATA[CAQS]]></c><c/><c><![CDATA[2008-07-23 00:00:00]]></c><c/><c><![CDATA[2008-07-23 00:00:00]]></c><c/><c/></r><r><c><![CDATA[COBOL_UNIQUE_OPERATORS]]></c><c/><c/><c><![CDATA[CAQS]]></c><c/><c><![CDATA[2008-07-23 00:00:00]]></c><c/><c><![CDATA[2008-07-23 00:00:00]]></c><c/><c/></r><r><c><![CDATA[COBOL_UNIQUE_OPERANDS]]></c><c/><c/><c><![CDATA[CAQS]]></c><c/><c><![CDATA[2008-07-23 00:00:00]]></c><c/><c><![CDATA[2008-07-23 00:00:00]]></c><c/><c/></r><r><c><![CDATA[COBOL_TOTAL_OPERANDS]]></c><c/><c/><c><![CDATA[CAQS]]></c><c/><c><![CDATA[2008-07-23 00:00:00]]></c><c/><c><![CDATA[2008-07-23 00:00:00]]></c><c/><c/></r><r><c><![CDATA[DOC_DOCUMENTOK]]></c><c/><c/><c><![CDATA[CAQS]]></c><c/><c><![CDATA[2007-12-10 00:00:00]]></c><c><![CDATA[2007-12-10 00:00:00]]></c><c><![CDATA[2007-12-10 00:00:00]]></c><c><![CDATA[2007-12-10 00:00:00]]></c><c/></r><r><c><![CDATA[DOC_DIFFUSIONOK]]></c><c/><c/><c><![CDATA[CAQS]]></c><c/><c><![CDATA[2007-12-11 00:00:00]]></c><c/><c><![CDATA[2007-12-11 00:00:00]]></c><c/><c/></r><r><c><![CDATA[DOC_DESCRIPTIONOK]]></c><c/><c/><c><![CDATA[CAQS]]></c><c/><c><![CDATA[2007-12-11 00:00:00]]></c><c/><c><![CDATA[2007-12-11 00:00:00]]></c><c/><c/></r><r><c><![CDATA[DOC_CHAPITRESPLUS]]></c><c/><c/><c><![CDATA[CAQS]]></c><c/><c><![CDATA[2007-12-11 00:00:00]]></c><c/><c><![CDATA[2007-12-11 00:00:00]]></c><c/><c/></r><r><c><![CDATA[DOC_CHAPITRESNONCONFORMES]]></c><c/><c/><c><![CDATA[CAQS]]></c><c/><c><![CDATA[2007-12-11 00:00:00]]></c><c/><c><![CDATA[2007-12-11 00:00:00]]></c><c/><c/></r><r><c><![CDATA[DOC_CHAPITRESINCOMPREHENSIBLES]]></c><c/><c/><c><![CDATA[CAQS]]></c><c/><c><![CDATA[2007-12-11 00:00:00]]></c><c/><c><![CDATA[2007-12-11 00:00:00]]></c><c/><c/></r><r><c><![CDATA[DOC_CHAPITRESINCOHERENTS]]></c><c/><c/><c><![CDATA[CAQS]]></c><c/><c><![CDATA[2007-12-11 00:00:00]]></c><c/><c><![CDATA[2007-12-11 00:00:00]]></c><c/><c/></r><r><c><![CDATA[DOC_CHAPITRESDT]]></c><c/><c/><c><![CDATA[CAQS]]></c><c/><c><![CDATA[2007-12-11 00:00:00]]></c><c/><c><![CDATA[2007-12-11 00:00:00]]></c><c/><c/></r><r><c><![CDATA[DOC_CHAPITRESAMBIGUS]]></c><c/><c/><c><![CDATA[CAQS]]></c><c/><c><![CDATA[2007-12-11 00:00:00]]></c><c/><c><![CDATA[2007-12-11 00:00:00]]></c><c/><c/></r><r><c><![CDATA[DOC_CHAPITRESABSENTS]]></c><c/><c/><c><![CDATA[CAQS]]></c><c/><c><![CDATA[2007-12-11 00:00:00]]></c><c/><c><![CDATA[2007-12-11 00:00:00]]></c><c/><c/></r><r><c><![CDATA[DOC_CHAPITRES]]></c><c/><c/><c><![CDATA[CAQS]]></c><c/><c><![CDATA[2007-12-11 00:00:00]]></c><c/><c><![CDATA[2007-12-11 00:00:00]]></c><c/><c/></r><r><c><![CDATA[DOC_APPROBATIONOK]]></c><c/><c/><c><![CDATA[CAQS]]></c><c/><c><![CDATA[2007-12-11 00:00:00]]></c><c/><c><![CDATA[2007-12-11 00:00:00]]></c><c/><c/></r><r><c><![CDATA[DOC_VALIDATIONOK]]></c><c/><c/><c><![CDATA[CAQS]]></c><c/><c><![CDATA[2007-12-11 00:00:00]]></c><c/><c><![CDATA[2007-12-11 00:00:00]]></c><c/><c/></r><r><c><![CDATA[DOC_SOMMAIREOK]]></c><c/><c/><c><![CDATA[CAQS]]></c><c/><c><![CDATA[2007-12-11 00:00:00]]></c><c/><c><![CDATA[2007-12-11 00:00:00]]></c><c/><c/></r><r><c><![CDATA[DOC_SCHEMAS]]></c><c/><c/><c><![CDATA[CAQS]]></c><c/><c><![CDATA[2007-12-11 00:00:00]]></c><c/><c><![CDATA[2007-12-11 00:00:00]]></c><c/><c/></r><r><c><![CDATA[DOC_REFERENCESINCOMPREHENSIBLES]]></c><c/><c/><c><![CDATA[CAQS]]></c><c/><c><![CDATA[2007-12-11 00:00:00]]></c><c/><c><![CDATA[2007-12-11 00:00:00]]></c><c/><c/></r><r><c><![CDATA[DOC_REFERENCESINCOHERENTES]]></c><c/><c/><c><![CDATA[CAQS]]></c><c/><c><![CDATA[2007-12-11 00:00:00]]></c><c/><c><![CDATA[2007-12-11 00:00:00]]></c><c/><c/></r><r><c><![CDATA[DOC_REFERENCESAMBIGUES]]></c><c/><c/><c><![CDATA[CAQS]]></c><c/><c><![CDATA[2007-12-11 00:00:00]]></c><c/><c><![CDATA[2007-12-11 00:00:00]]></c><c/><c/></r><r><c><![CDATA[DOC_REFERENCES]]></c><c/><c/><c><![CDATA[CAQS]]></c><c/><c><![CDATA[2007-12-11 00:00:00]]></c><c/><c><![CDATA[2007-12-11 00:00:00]]></c><c/><c/></r><r><c><![CDATA[DOC_PRESENTATIONOK]]></c><c/><c/><c><![CDATA[CAQS]]></c><c/><c><![CDATA[2007-12-11 00:00:00]]></c><c/><c><![CDATA[2007-12-11 00:00:00]]></c><c/><c/></r><r><c><![CDATA[DOC_PAGINATIONOK]]></c><c/><c/><c><![CDATA[CAQS]]></c><c/><c><![CDATA[2007-12-11 00:00:00]]></c><c/><c><![CDATA[2007-12-11 00:00:00]]></c><c/><c/></r><r><c><![CDATA[ENTETE]]></c><c/><c/><c><![CDATA[CAQS]]></c><c/><c><![CDATA[2008-07-23 00:00:00]]></c><c/><c><![CDATA[2008-07-23 00:00:00]]></c><c/><c/></r><r><c><![CDATA[DOC_VERSIONS]]></c><c/><c/><c><![CDATA[CAQS]]></c><c/><c><![CDATA[2007-12-11 00:00:00]]></c><c/><c><![CDATA[2007-12-11 00:00:00]]></c><c/><c/></r><r><c><![CDATA[LPE_CUD_IN_LOOP]]></c><c/><c/><c><![CDATA[CAQS]]></c><c/><c><![CDATA[2008-11-28 00:00:00]]></c><c/><c><![CDATA[2008-11-28 00:00:00]]></c><c/><c/></r><r><c><![CDATA[LPE_TX_SS_CLOSE]]></c><c/><c/><c><![CDATA[CAQS]]></c><c/><c><![CDATA[2008-11-28 00:00:00]]></c><c/><c><![CDATA[2008-11-28 00:00:00]]></c><c/><c/></r><r><c><![CDATA[LPE_TX_SS_COMMIT]]></c><c/><c/><c><![CDATA[CAQS]]></c><c/><c><![CDATA[2008-11-28 00:00:00]]></c><c/><c><![CDATA[2008-11-28 00:00:00]]></c><c/><c/></r><r><c><![CDATA[LPE_TX_SS_ROLLBACK]]></c><c/><c/><c><![CDATA[CAQS]]></c><c/><c><![CDATA[2008-11-28 00:00:00]]></c><c/><c><![CDATA[2008-11-28 00:00:00]]></c><c/><c/></r><r><c><![CDATA[LPE_RETRIEVE_SQL_BINDING]]></c><c/><c/><c><![CDATA[CAQS]]></c><c/><c><![CDATA[2008-11-28 00:00:00]]></c><c/><c><![CDATA[2008-11-28 00:00:00]]></c><c/><c/></r><r><c><![CDATA[LPE_RETRIEVE_SQL_SS_BINDING]]></c><c/><c/><c><![CDATA[CAQS]]></c><c/><c><![CDATA[2008-11-28 00:00:00]]></c><c/><c><![CDATA[2008-11-28 00:00:00]]></c><c/><c/></r><r><c><![CDATA[C_BACKSLASH_DIRECTORY]]></c><c/><c/><c><![CDATA[CAQS]]></c><c/><c/><c><![CDATA[2010-05-06 17:03:35]]></c><c/><c/><c/></r><r><c><![CDATA[SQL_BAD_LIKE]]></c><c/><c/><c><![CDATA[CAQS]]></c><c/><c/><c><![CDATA[2010-05-06 14:26:27]]></c><c/><c/><c/></r><r><c><![CDATA[SQL_SERVER_TIMESTAMP]]></c><c/><c/><c><![CDATA[CAQS]]></c><c/><c/><c><![CDATA[2010-05-06 14:10:10]]></c><c/><c/><c/></r><r><c><![CDATA[SQL_DEFINE_VALUES]]></c><c/><c/><c><![CDATA[CAQS]]></c><c/><c/><c><![CDATA[2010-05-06 14:08:00]]></c><c/><c/><c/></r><r><c><![CDATA[SQL_EXPLICIT_JOIN]]></c><c/><c/><c><![CDATA[CAQS]]></c><c/><c/><c><![CDATA[2010-05-06 12:38:00]]></c><c/><c/><c/></r><r><c><![CDATA[SQL_JOIN_CONDITIONS]]></c><c/><c/><c><![CDATA[CAQS]]></c><c/><c/><c><![CDATA[2010-05-06 11:54:29]]></c><c/><c/><c/></r><r><c><![CDATA[SQL_SELECT_STAR]]></c><c/><c/><c><![CDATA[CAQS]]></c><c/><c/><c><![CDATA[2010-05-06 11:46:57]]></c><c/><c/><c/></r><r><c><![CDATA[STRUTS_USE]]></c><c/><c/><c><![CDATA[CAQS]]></c><c/><c><![CDATA[2007-12-10 00:00:00]]></c><c><![CDATA[2007-12-10 00:00:00]]></c><c><![CDATA[2007-12-10 00:00:00]]></c><c/><c/></r><r><c><![CDATA[SPRING_USE]]></c><c/><c/><c><![CDATA[CAQS]]></c><c/><c><![CDATA[2007-12-10 00:00:00]]></c><c><![CDATA[2007-12-10 00:00:00]]></c><c><![CDATA[2007-12-10 00:00:00]]></c><c/><c/></r><r><c><![CDATA[PROCEDURE-NL]]></c><c/><c/><c><![CDATA[CAQS]]></c><c/><c><![CDATA[2008-07-09 00:00:00]]></c><c/><c><![CDATA[2008-07-09 00:00:00]]></c><c/><c/></r><r><c><![CDATA[PROCEDURE-COMMENTS-NL]]></c><c/><c/><c><![CDATA[CAQS]]></c><c/><c><![CDATA[2008-07-09 00:00:00]]></c><c><![CDATA[2008-07-23 09:01:49]]></c><c><![CDATA[2008-07-09 00:00:00]]></c><c/><c/></r><r><c><![CDATA[JSP-NBSTYLETAG]]></c><c/><c/><c><![CDATA[CAQS]]></c><c/><c><![CDATA[2007-12-10 00:00:00]]></c><c><![CDATA[2007-12-10 00:00:00]]></c><c><![CDATA[2007-12-10 00:00:00]]></c><c/><c/></r><r><c><![CDATA[JSP-NBSTYLEATTR]]></c><c/><c/><c><![CDATA[CAQS]]></c><c/><c><![CDATA[2007-12-10 00:00:00]]></c><c><![CDATA[2007-12-10 00:00:00]]></c><c><![CDATA[2007-12-10 00:00:00]]></c><c/><c/></r><r><c><![CDATA[JSP-NBSCRIPT-WITHOUT-LANGUAGE]]></c><c/><c/><c><![CDATA[CAQS]]></c><c/><c><![CDATA[2007-12-10 00:00:00]]></c><c><![CDATA[2007-12-10 00:00:00]]></c><c><![CDATA[2007-12-10 00:00:00]]></c><c/><c/></r><r><c><![CDATA[JSP-NBSCRIPTLET]]></c><c/><c/><c><![CDATA[CAQS]]></c><c/><c><![CDATA[2007-12-10 00:00:00]]></c><c><![CDATA[2007-12-10 00:00:00]]></c><c><![CDATA[2007-12-10 00:00:00]]></c><c/><c/></r><r><c><![CDATA[JSP-NBSCRIPT]]></c><c/><c/><c><![CDATA[CAQS]]></c><c/><c><![CDATA[2007-12-10 00:00:00]]></c><c><![CDATA[2007-12-10 00:00:00]]></c><c><![CDATA[2007-12-10 00:00:00]]></c><c/><c/></r><r><c><![CDATA[JSP-NBJSPDIRECTIVEINCLUDE]]></c><c/><c/><c><![CDATA[CAQS]]></c><c/><c><![CDATA[2007-12-10 00:00:00]]></c><c><![CDATA[2007-12-10 00:00:00]]></c><c><![CDATA[2007-12-10 00:00:00]]></c><c/><c/></r><r><c><![CDATA[JSP-NBEXPRESSION]]></c><c/><c/><c><![CDATA[CAQS]]></c><c/><c><![CDATA[2007-12-10 00:00:00]]></c><c><![CDATA[2007-12-10 00:00:00]]></c><c><![CDATA[2007-12-10 00:00:00]]></c><c/><c/></r><r><c><![CDATA[JSP-NBCUSTOMTAG]]></c><c/><c/><c><![CDATA[CAQS]]></c><c/><c><![CDATA[2007-12-10 00:00:00]]></c><c><![CDATA[2007-12-10 00:00:00]]></c><c><![CDATA[2007-12-10 00:00:00]]></c><c/><c/></r><r><c><![CDATA[JSP-NBCLASSATTRIBUTE]]></c><c/><c/><c><![CDATA[CAQS]]></c><c/><c><![CDATA[2007-12-10 00:00:00]]></c><c><![CDATA[2007-12-10 00:00:00]]></c><c><![CDATA[2007-12-10 00:00:00]]></c><c/><c/></r><r><c><![CDATA[JSP-NBACTIONINCLUDE]]></c><c/><c/><c><![CDATA[CAQS]]></c><c/><c><![CDATA[2007-12-11 00:00:00]]></c><c/><c><![CDATA[2007-12-11 00:00:00]]></c><c/><c/></r><r><c><![CDATA[JSP-LOC]]></c><c/><c/><c><![CDATA[CAQS]]></c><c/><c><![CDATA[2007-12-11 00:00:00]]></c><c><![CDATA[2007-12-11 00:00:00]]></c><c><![CDATA[2007-12-11 00:00:00]]></c><c/><c/></r><r><c><![CDATA[JSP-HTMLCOMMENT]]></c><c/><c/><c><![CDATA[CAQS]]></c><c/><c><![CDATA[2007-12-10 00:00:00]]></c><c><![CDATA[2007-12-10 00:00:00]]></c><c><![CDATA[2007-12-10 00:00:00]]></c><c/><c/></r><r><c><![CDATA[JSP-CLOC]]></c><c/><c/><c><![CDATA[CAQS]]></c><c/><c><![CDATA[2007-12-11 00:00:00]]></c><c><![CDATA[2007-12-11 00:00:00]]></c><c><![CDATA[2007-12-11 00:00:00]]></c><c/><c/></r><r><c><![CDATA[JS_SWITCH_WITHOUT_DEFAULT]]></c><c/><c/><c><![CDATA[CAQS]]></c><c/><c><![CDATA[2007-12-11 00:00:00]]></c><c/><c><![CDATA[2007-12-11 00:00:00]]></c><c/><c/></r><r><c><![CDATA[JS_ONLYONEINSTRUCTION]]></c><c/><c/><c><![CDATA[CAQS]]></c><c/><c><![CDATA[2007-12-11 00:00:00]]></c><c/><c><![CDATA[2007-12-11 00:00:00]]></c><c/><c/></r><r><c><![CDATA[NB_CLASS]]></c><c/><c/><c><![CDATA[CAQS]]></c><c/><c/><c><![CDATA[2010-10-14 16:52:08]]></c><c/><c/><c/></r><r><c><![CDATA[GOTO-INTO-PERFORM]]></c><c/><c/><c><![CDATA[DEVENTERPRISE]]></c><c/><c/><c><![CDATA[2008-07-23 10:18:16]]></c><c/><c/><c/></r><r><c><![CDATA[GOTO-OUT-OF-PERFORM]]></c><c/><c/><c><![CDATA[DEVENTERPRISE]]></c><c/><c/><c><![CDATA[2008-07-23 10:19:52]]></c><c/><c/><c/></r><r><c><![CDATA[INITIALIZED-LINKAGE-VAR]]></c><c/><c/><c><![CDATA[DEVENTERPRISE]]></c><c/><c/><c><![CDATA[2008-07-23 10:39:00]]></c><c/><c/><c/></r><r><c><![CDATA[LITERAL-IN-PROC-DIV]]></c><c/><c/><c><![CDATA[DEVENTERPRISE]]></c><c/><c/><c><![CDATA[2008-07-23 10:43:07]]></c><c/><c/><c/></r><r><c><![CDATA[PARAGRAPH-FALLS-THROUGH]]></c><c/><c/><c><![CDATA[DEVENTERPRISE]]></c><c/><c/><c><![CDATA[2008-07-23 10:24:29]]></c><c/><c/><c/></r><r><c><![CDATA[UNREACHABLE-PARAGRAPH]]></c><c/><c/><c><![CDATA[DEVENTERPRISE]]></c><c/><c/><c><![CDATA[2008-07-23 10:46:31]]></c><c/><c/><c/></r><r><c><![CDATA[NUMERIC-VAR-TOO-BIG]]></c><c/><c/><c><![CDATA[DEVENTERPRISE]]></c><c/><c/><c><![CDATA[2008-07-23 10:32:47]]></c><c/><c/><c/></r><r><c><![CDATA[TABS-PRESENT]]></c><c/><c/><c><![CDATA[DEVENTERPRISE]]></c><c/><c/><c><![CDATA[2008-07-23 10:34:15]]></c><c/><c/><c/></r><r><c><![CDATA[ALPHANUMERIC-TO-NUMERIC]]></c><c/><c/><c><![CDATA[DEVENTERPRISE]]></c><c/><c/><c><![CDATA[2008-07-23 11:00:16]]></c><c/><c/><c/></r><r><c><![CDATA[ALPHA-TO-NUMERIC]]></c><c/><c/><c><![CDATA[DEVENTERPRISE]]></c><c/><c/><c><![CDATA[2008-07-23 10:58:12]]></c><c/><c/><c/></r><r><c><![CDATA[NUMERIC-TO-ALPHA]]></c><c/><c/><c><![CDATA[DEVENTERPRISE]]></c><c/><c/><c><![CDATA[2008-07-23 11:02:12]]></c><c/><c/><c/></r><r><c><![CDATA[SIGNED-TO-UNSIGNED]]></c><c/><c/><c><![CDATA[DEVENTERPRISE]]></c><c/><c/><c><![CDATA[2008-07-23 14:38:51]]></c><c/><c/><c/></r><r><c><![CDATA[ALPHANUMERIC-TO-ALPHA]]></c><c/><c/><c><![CDATA[DEVENTERPRISE]]></c><c/><c/><c><![CDATA[2008-07-23 10:59:15]]></c><c/><c/><c/></r><r><c><![CDATA[PRECISION-LOSS]]></c><c/><c/><c><![CDATA[DEVENTERPRISE]]></c><c/><c><![CDATA[2006-07-17 00:00:00]]></c><c><![CDATA[2008-07-23 11:44:47]]></c><c><![CDATA[2006-07-17 00:00:00]]></c><c/><c/></r><r><c><![CDATA[TRUNCATION-DURING-MOVE]]></c><c/><c/><c><![CDATA[DEVENTERPRISE]]></c><c/><c><![CDATA[2006-07-17 00:00:00]]></c><c><![CDATA[2008-07-23 14:48:15]]></c><c><![CDATA[2006-07-17 00:00:00]]></c><c/><c/></r><r><c><![CDATA[ARITHMETIC-OVERFLOW]]></c><c/><c/><c><![CDATA[DEVENTERPRISE]]></c><c/><c><![CDATA[2006-07-17 00:00:00]]></c><c><![CDATA[2008-07-23 11:27:53]]></c><c><![CDATA[2006-07-17 00:00:00]]></c><c/><c/></r><r><c><![CDATA[IDENTIFIER-TOO-LONG]]></c><c/><c/><c><![CDATA[DEVENTERPRISE]]></c><c/><c><![CDATA[2006-07-17 00:00:00]]></c><c><![CDATA[2008-07-23 10:31:57]]></c><c><![CDATA[2006-07-17 00:00:00]]></c><c/><c/></r><r><c><![CDATA[LINKAGE-IN-COPYBOOK]]></c><c/><c/><c><![CDATA[DEVENTERPRISE]]></c><c/><c><![CDATA[2006-07-17 00:00:00]]></c><c><![CDATA[2008-07-23 10:40:25]]></c><c><![CDATA[2006-07-17 00:00:00]]></c><c/><c/></r><r><c><![CDATA[MCCABE-CYCLOMATIC]]></c><c/><c/><c><![CDATA[DEVENTERPRISE]]></c><c/><c><![CDATA[2006-07-17 00:00:00]]></c><c><![CDATA[2008-07-23 10:00:57]]></c><c><![CDATA[2006-07-17 00:00:00]]></c><c/><c/></r><r><c><![CDATA[NB_STRING]]></c><c/><c/><c><![CDATA[DEVENTERPRISE]]></c><c/><c><![CDATA[2008-08-21 00:00:00]]></c><c/><c><![CDATA[2008-08-21 00:00:00]]></c><c/><c/></r><r><c><![CDATA[NB_UNSTRING]]></c><c/><c/><c><![CDATA[DEVENTERPRISE]]></c><c/><c><![CDATA[2008-08-21 00:00:00]]></c><c/><c><![CDATA[2008-08-21 00:00:00]]></c><c/><c/></r><r><c><![CDATA[NB_TWO_OPERANDS_COMPUTE]]></c><c/><c/><c><![CDATA[DEVENTERPRISE]]></c><c/><c><![CDATA[2008-08-21 00:00:00]]></c><c/><c><![CDATA[2008-08-21 00:00:00]]></c><c/><c/></r><r><c><![CDATA[NB_ARITHMETIC_OP_WITH_DISPLAY_OPERAND]]></c><c/><c/><c><![CDATA[DEVENTERPRISE]]></c><c/><c><![CDATA[2008-08-22 00:00:00]]></c><c/><c><![CDATA[2008-08-22 00:00:00]]></c><c/><c/></r><r><c><![CDATA[NB_ARITHMETIC_OP_WITH_UNSIGNED_OPERAND]]></c><c/><c/><c><![CDATA[DEVENTERPRISE]]></c><c/><c><![CDATA[2008-08-22 00:00:00]]></c><c/><c><![CDATA[2008-08-22 00:00:00]]></c><c/><c/></r><r><c><![CDATA[NO_WHEN_OTHER_IN_EVALUATE]]></c><c/><c/><c><![CDATA[DEVENTERPRISE]]></c><c/><c><![CDATA[2008-08-22 00:00:00]]></c><c/><c><![CDATA[2008-08-22 00:00:00]]></c><c/><c/></r><r><c><![CDATA[NB_PARAGRAPHS]]></c><c/><c/><c><![CDATA[DEVENTERPRISE]]></c><c/><c><![CDATA[2008-07-25 00:00:00]]></c><c/><c><![CDATA[2008-07-25 00:00:00]]></c><c/><c/></r><r><c><![CDATA[NB_CALL]]></c><c/><c/><c><![CDATA[DEVENTERPRISE]]></c><c/><c><![CDATA[2008-07-23 00:00:00]]></c><c/><c><![CDATA[2008-07-23 00:00:00]]></c><c/><c/></r><r><c><![CDATA[NB_MOVECORRESPONDING]]></c><c/><c/><c><![CDATA[DEVENTERPRISE]]></c><c/><c><![CDATA[2008-07-23 00:00:00]]></c><c/><c><![CDATA[2008-07-23 00:00:00]]></c><c/><c/></r><r><c><![CDATA[NB_SUBSTRACTCORRESPONDING]]></c><c/><c/><c><![CDATA[DEVENTERPRISE]]></c><c/><c><![CDATA[2008-07-23 00:00:00]]></c><c/><c><![CDATA[2008-07-23 00:00:00]]></c><c/><c/></r><r><c><![CDATA[NB_ADDCORRESPONDING]]></c><c/><c/><c><![CDATA[DEVENTERPRISE]]></c><c/><c><![CDATA[2008-07-23 00:00:00]]></c><c/><c><![CDATA[2008-07-23 00:00:00]]></c><c/><c/></r><r><c><![CDATA[COMMENT_BEFORE_PARAGRAPH]]></c><c/><c/><c><![CDATA[DEVENTERPRISE]]></c><c/><c><![CDATA[2008-07-23 00:00:00]]></c><c/><c><![CDATA[2008-07-23 00:00:00]]></c><c/><c/></r><r><c><![CDATA[NB_EXECUTE]]></c><c/><c/><c><![CDATA[DEVENTERPRISE]]></c><c/><c><![CDATA[2008-07-23 00:00:00]]></c><c/><c><![CDATA[2008-07-23 00:00:00]]></c><c/><c/></r><r><c><![CDATA[NB_ALTER]]></c><c/><c/><c><![CDATA[DEVENTERPRISE]]></c><c/><c><![CDATA[2008-07-23 00:00:00]]></c><c/><c><![CDATA[2008-07-23 00:00:00]]></c><c/><c/></r><r><c><![CDATA[PROCEDURE_DIV_LOC]]></c><c/><c/><c><![CDATA[DEVENTERPRISE]]></c><c/><c><![CDATA[2008-07-23 00:00:00]]></c><c/><c><![CDATA[2008-07-23 00:00:00]]></c><c/><c/></r><r><c><![CDATA[COBOL_TOTAL_OPERATORS]]></c><c/><c/><c><![CDATA[DEVENTERPRISE]]></c><c/><c><![CDATA[2008-07-23 00:00:00]]></c><c/><c><![CDATA[2008-07-23 00:00:00]]></c><c/><c/></r><r><c><![CDATA[NB-GOTOS]]></c><c/><c/><c><![CDATA[DEVENTERPRISE]]></c><c/><c><![CDATA[2008-07-22 00:00:00]]></c><c><![CDATA[2008-07-23 10:20:45]]></c><c><![CDATA[2008-07-22 00:00:00]]></c><c/><c/></r><r><c><![CDATA[INEXECUTABLE-STATEMENT]]></c><c/><c/><c><![CDATA[DEVENTERPRISE]]></c><c/><c><![CDATA[2008-07-22 00:00:00]]></c><c><![CDATA[2008-07-23 10:44:39]]></c><c><![CDATA[2008-07-22 00:00:00]]></c><c/><c/></r><r><c><![CDATA[NB_DAYS_FROM_LAST_CHANGE]]></c><c/><c/><c><![CDATA[DEVENTERPRISE]]></c><c/><c><![CDATA[2009-04-20 00:00:00]]></c><c/><c><![CDATA[2009-04-20 00:00:00]]></c><c/><c/></r><r><c><![CDATA[STROBE_PROGRAM_COMBINED_CPU_USAGE_TIME]]></c><c/><c/><c><![CDATA[STROBE]]></c><c/><c><![CDATA[2009-04-09 16:42:45]]></c><c/><c><![CDATA[2009-04-09 16:42:45]]></c><c/><c/></r><r><c><![CDATA[STROBE_PROGRAM_CPU_PCT]]></c><c/><c/><c><![CDATA[STROBE]]></c><c/><c><![CDATA[2009-04-09 16:42:45]]></c><c/><c><![CDATA[2009-04-09 16:42:45]]></c><c/><c/></r><r><c><![CDATA[STROBE_TOTAL_NB_IO]]></c><c/><c/><c><![CDATA[STROBE]]></c><c/><c><![CDATA[2009-04-09 16:42:45]]></c><c/><c><![CDATA[2009-04-09 16:42:45]]></c><c/><c/></r><r><c><![CDATA[STROBE_TOTAL_WAIT_TIME]]></c><c/><c/><c><![CDATA[STROBE]]></c><c/><c><![CDATA[2009-04-09 16:42:45]]></c><c/><c><![CDATA[2009-04-09 16:42:45]]></c><c/><c/></r><r><c><![CDATA[STROBE_TOTAL_CPU_TIME]]></c><c/><c/><c><![CDATA[STROBE]]></c><c/><c><![CDATA[2009-04-09 16:42:45]]></c><c/><c><![CDATA[2009-04-09 16:42:45]]></c><c/><c/></r><r><c><![CDATA[STROBE_TOTAL_SESSION_TIME]]></c><c/><c/><c><![CDATA[STROBE]]></c><c/><c><![CDATA[2009-04-09 16:42:45]]></c><c/><c><![CDATA[2009-04-09 16:42:45]]></c><c/><c/></r><r><c><![CDATA[STROBE_TOTAL_WAIT_PCT]]></c><c/><c/><c><![CDATA[STROBE]]></c><c/><c><![CDATA[2009-04-09 16:42:45]]></c><c/><c><![CDATA[2009-04-09 16:42:45]]></c><c/><c/></r><r><c><![CDATA[STROBE_TOTAL_CPU_PCT]]></c><c/><c/><c><![CDATA[STROBE]]></c><c/><c><![CDATA[2009-04-09 16:42:45]]></c><c/><c><![CDATA[2009-04-09 16:42:45]]></c><c/><c/></r><r><c><![CDATA[STROBE_PROGRAM_CPU_TIME]]></c><c/><c/><c><![CDATA[STROBE]]></c><c/><c><![CDATA[2009-04-09 16:42:45]]></c><c/><c><![CDATA[2009-04-09 16:42:45]]></c><c/><c/></r><r><c><![CDATA[STROBE_PROGRAM_WAIT_PCT]]></c><c/><c/><c><![CDATA[STROBE]]></c><c/><c><![CDATA[2009-04-09 16:42:45]]></c><c/><c><![CDATA[2009-04-09 16:42:45]]></c><c/><c/></r><r><c><![CDATA[STROBE_PROGRAM_COMBINED_CPU_USAGE_PCT]]></c><c/><c/><c><![CDATA[STROBE]]></c><c/><c><![CDATA[2009-04-09 16:42:45]]></c><c/><c><![CDATA[2009-04-09 16:42:45]]></c><c/><c/></r><r><c><![CDATA[STROBE_PROGRAM_WAIT_TIME]]></c><c/><c/><c><![CDATA[STROBE]]></c><c/><c><![CDATA[2009-04-09 16:42:45]]></c><c/><c><![CDATA[2009-04-09 16:42:45]]></c><c/><c/></r><r><c><![CDATA[STROBE_PROGRAM_ATTRIBUTED_CPU_USAGE_PCT]]></c><c/><c/><c><![CDATA[STROBE]]></c><c/><c><![CDATA[2009-04-15 15:36:31]]></c><c/><c><![CDATA[2009-04-15 15:36:31]]></c><c/><c/></r><r><c><![CDATA[STROBE_PROGRAM_ATTRIBUTED_CPU_USAGE_TIME]]></c><c/><c/><c><![CDATA[STROBE]]></c><c/><c><![CDATA[2009-04-15 15:36:31]]></c><c/><c><![CDATA[2009-04-15 15:36:31]]></c><c/><c/></r><r><c><![CDATA[STROBE_PROGRAM_TOTAL_CPU_USAGE_PCT]]></c><c/><c/><c><![CDATA[STROBE]]></c><c/><c><![CDATA[2009-04-15 15:36:31]]></c><c/><c><![CDATA[2009-04-15 15:36:31]]></c><c/><c/></r><r><c><![CDATA[STROBE_PROGRAM_TOTAL_CPU_USAGE_TIME]]></c><c/><c/><c><![CDATA[STROBE]]></c><c/><c><![CDATA[2009-04-15 15:36:31]]></c><c/><c><![CDATA[2009-04-15 15:36:31]]></c><c/><c/></r></e>