<?xml version="1.0"  encoding="UTF-8"?><e><r><c><![CDATA[COMP]]></c><c><![CDATA[2006-11-15 15:39:43]]></c><c/><c><![CDATA[2006-11-15 15:39:43]]></c><c/></r><r><c><![CDATA[COMPLEXITY]]></c><c><![CDATA[2006-07-20 00:00:00]]></c><c><![CDATA[2008-07-22 17:19:08]]></c><c><![CDATA[2006-07-20 00:00:00]]></c><c/></r><r><c><![CDATA[DP8-1099]]></c><c><![CDATA[2009-01-14 00:00:00]]></c><c><![CDATA[2009-02-05 17:31:35]]></c><c/><c/></r><r><c><![CDATA[DP8-1108]]></c><c><![CDATA[2009-01-14 20:31:34]]></c><c/><c/><c/></r><r><c><![CDATA[DP8-1100]]></c><c><![CDATA[2009-01-14 20:31:34]]></c><c/><c/><c/></r><r><c><![CDATA[DP8-1101]]></c><c><![CDATA[2009-01-14 00:00:00]]></c><c><![CDATA[2009-02-05 17:40:28]]></c><c/><c/></r><r><c><![CDATA[DP8-1102]]></c><c><![CDATA[2009-01-14 20:31:34]]></c><c/><c/><c/></r><r><c><![CDATA[DP8-1103]]></c><c><![CDATA[2009-01-14 00:00:00]]></c><c><![CDATA[2009-02-05 17:35:00]]></c><c/><c/></r><r><c><![CDATA[DP8-1104]]></c><c><![CDATA[2009-01-14 00:00:00]]></c><c><![CDATA[2009-02-05 17:35:55]]></c><c/><c/></r><r><c><![CDATA[DP8-1035]]></c><c><![CDATA[2009-01-14 00:00:00]]></c><c><![CDATA[2009-02-05 17:32:23]]></c><c/><c/></r><r><c><![CDATA[DP8-1106]]></c><c><![CDATA[2009-01-14 00:00:00]]></c><c><![CDATA[2009-02-05 17:39:30]]></c><c/><c/></r><r><c><![CDATA[DP8-1606]]></c><c><![CDATA[2009-01-14 00:00:00]]></c><c><![CDATA[2009-02-04 17:20:05]]></c><c/><c/></r><r><c><![CDATA[DP8-1206]]></c><c><![CDATA[2009-01-14 20:31:34]]></c><c/><c/><c/></r><r><c><![CDATA[DP8-1177]]></c><c><![CDATA[2009-01-14 20:31:34]]></c><c/><c/><c/></r><r><c><![CDATA[DP8-1081]]></c><c><![CDATA[2009-01-14 20:31:34]]></c><c/><c/><c/></r><r><c><![CDATA[DP8-1086]]></c><c><![CDATA[2009-01-14 20:31:34]]></c><c/><c/><c/></r><r><c><![CDATA[DP8-1025]]></c><c><![CDATA[2009-01-14 20:31:34]]></c><c/><c/><c/></r><r><c><![CDATA[DP8-1082]]></c><c><![CDATA[2009-01-14 20:31:34]]></c><c/><c/><c/></r><r><c><![CDATA[DP8-1080]]></c><c><![CDATA[2009-01-14 20:31:34]]></c><c/><c/><c/></r><r><c><![CDATA[DP8-1605]]></c><c><![CDATA[2009-01-14 20:31:34]]></c><c/><c/><c/></r><r><c><![CDATA[DP8-1060]]></c><c><![CDATA[2009-01-14 20:31:34]]></c><c/><c/><c/></r><r><c><![CDATA[DP8-1059]]></c><c><![CDATA[2009-01-14 00:00:00]]></c><c><![CDATA[2009-02-04 14:33:17]]></c><c/><c/></r><r><c><![CDATA[DP8-1058]]></c><c><![CDATA[2009-01-14 20:31:34]]></c><c/><c/><c/></r><r><c><![CDATA[DP8-1074]]></c><c><![CDATA[2009-01-14 20:31:34]]></c><c/><c/><c/></r><r><c><![CDATA[DP8-1089]]></c><c><![CDATA[2009-01-14 20:31:34]]></c><c/><c/><c/></r><r><c><![CDATA[DP8-1642]]></c><c><![CDATA[2009-01-14 20:31:34]]></c><c/><c/><c/></r><r><c><![CDATA[DP8-1644]]></c><c><![CDATA[2009-01-14 00:00:00]]></c><c><![CDATA[2009-02-05 10:37:57]]></c><c/><c/></r><r><c><![CDATA[DP8-1645]]></c><c><![CDATA[2009-01-14 20:31:34]]></c><c/><c/><c/></r><r><c><![CDATA[DP8-1647]]></c><c><![CDATA[2009-01-14 20:31:34]]></c><c/><c/><c/></r><r><c><![CDATA[DP8-1648]]></c><c><![CDATA[2009-01-14 20:31:34]]></c><c/><c/><c/></r><r><c><![CDATA[DP8-1652]]></c><c><![CDATA[2009-01-14 20:31:34]]></c><c/><c/><c/></r><r><c><![CDATA[DP8-1653]]></c><c><![CDATA[2009-01-14 00:00:00]]></c><c><![CDATA[2009-02-05 10:42:59]]></c><c/><c/></r><r><c><![CDATA[DP8-1654]]></c><c><![CDATA[2009-01-14 20:31:34]]></c><c/><c/><c/></r><r><c><![CDATA[DP8-1655]]></c><c><![CDATA[2009-01-14 20:31:34]]></c><c/><c/><c/></r><r><c><![CDATA[DP8-1657]]></c><c><![CDATA[2009-01-14 20:31:34]]></c><c/><c/><c/></r><r><c><![CDATA[DP8-1658]]></c><c><![CDATA[2009-01-14 20:31:34]]></c><c/><c/><c/></r><r><c><![CDATA[DP8-1659]]></c><c><![CDATA[2009-01-14 20:31:34]]></c><c/><c/><c/></r><r><c><![CDATA[DP8-1660]]></c><c><![CDATA[2009-01-14 00:00:00]]></c><c><![CDATA[2009-02-09 17:03:58]]></c><c/><c/></r><r><c><![CDATA[DP8-1661]]></c><c><![CDATA[2009-01-14 20:31:34]]></c><c/><c/><c/></r><r><c><![CDATA[DP8-1663]]></c><c><![CDATA[2009-01-14 20:31:34]]></c><c/><c/><c/></r><r><c><![CDATA[DP8-1667]]></c><c><![CDATA[2009-01-14 20:31:34]]></c><c/><c/><c/></r><r><c><![CDATA[DP8-1668]]></c><c><![CDATA[2009-01-14 20:31:34]]></c><c/><c/><c/></r><r><c><![CDATA[DP8-1670]]></c><c><![CDATA[2009-01-14 20:31:34]]></c><c/><c/><c/></r><r><c><![CDATA[DP8-1673]]></c><c><![CDATA[2009-01-14 20:31:34]]></c><c/><c/><c/></r><r><c><![CDATA[DP8-1674]]></c><c><![CDATA[2009-01-14 20:31:34]]></c><c/><c/><c/></r><r><c><![CDATA[DP8-1678]]></c><c><![CDATA[2009-01-14 20:31:34]]></c><c/><c/><c/></r><r><c><![CDATA[DP8-1680]]></c><c><![CDATA[2009-01-14 20:31:34]]></c><c/><c/><c/></r><r><c><![CDATA[DP8-1682]]></c><c><![CDATA[2009-01-14 20:31:34]]></c><c/><c/><c/></r><r><c><![CDATA[DP8-1685]]></c><c><![CDATA[2009-01-14 20:31:34]]></c><c/><c/><c/></r><r><c><![CDATA[DP8-1686]]></c><c><![CDATA[2009-01-14 20:31:34]]></c><c/><c/><c/></r><r><c><![CDATA[DP8-1692]]></c><c><![CDATA[2009-01-14 20:31:34]]></c><c/><c/><c/></r><r><c><![CDATA[DP8-1694]]></c><c><![CDATA[2009-01-14 20:31:34]]></c><c/><c/><c/></r><r><c><![CDATA[DP8-1696]]></c><c><![CDATA[2009-01-14 20:31:34]]></c><c/><c/><c/></r><r><c><![CDATA[DP8-1698]]></c><c><![CDATA[2009-01-14 20:31:34]]></c><c/><c/><c/></r><r><c><![CDATA[DP8-1708]]></c><c><![CDATA[2009-01-14 20:31:34]]></c><c/><c/><c/></r><r><c><![CDATA[DP8-1711]]></c><c><![CDATA[2009-01-14 20:31:34]]></c><c/><c/><c/></r><r><c><![CDATA[DP8-1712]]></c><c><![CDATA[2009-01-14 20:31:34]]></c><c/><c/><c/></r><r><c><![CDATA[DP8-1713]]></c><c><![CDATA[2009-01-14 20:31:34]]></c><c/><c/><c/></r><r><c><![CDATA[DP8-1717]]></c><c><![CDATA[2009-01-14 20:31:34]]></c><c/><c/><c/></r><r><c><![CDATA[DP8-1722]]></c><c><![CDATA[2009-01-14 20:31:34]]></c><c/><c/><c/></r><r><c><![CDATA[DP8-1728]]></c><c><![CDATA[2009-01-14 20:31:34]]></c><c/><c/><c/></r><r><c><![CDATA[DP8-1729]]></c><c><![CDATA[2009-01-14 20:31:34]]></c><c/><c/><c/></r><r><c><![CDATA[DP8-1731]]></c><c><![CDATA[2009-01-14 20:31:34]]></c><c/><c/><c/></r><r><c><![CDATA[DP8-1734]]></c><c><![CDATA[2009-01-14 20:31:34]]></c><c/><c/><c/></r><r><c><![CDATA[DP8-1735]]></c><c><![CDATA[2009-01-14 20:31:34]]></c><c/><c/><c/></r><r><c><![CDATA[DP8-1739]]></c><c><![CDATA[2009-01-14 20:31:34]]></c><c/><c/><c/></r><r><c><![CDATA[DP8-1740]]></c><c><![CDATA[2009-01-14 20:31:34]]></c><c/><c/><c/></r><r><c><![CDATA[DP8-1743]]></c><c><![CDATA[2009-01-14 20:31:34]]></c><c/><c/><c/></r><r><c><![CDATA[DP8-1744]]></c><c><![CDATA[2009-01-14 20:31:34]]></c><c/><c/><c/></r><r><c><![CDATA[DP8-1746]]></c><c><![CDATA[2009-01-14 20:31:34]]></c><c/><c/><c/></r><r><c><![CDATA[DP8-1747]]></c><c><![CDATA[2009-01-14 20:31:34]]></c><c/><c/><c/></r><r><c><![CDATA[DP8-1748]]></c><c><![CDATA[2009-01-14 20:31:34]]></c><c/><c/><c/></r><r><c><![CDATA[DP8-1753]]></c><c><![CDATA[2009-01-14 20:31:34]]></c><c/><c/><c/></r><r><c><![CDATA[DP8-1754]]></c><c><![CDATA[2009-01-14 20:31:34]]></c><c/><c/><c/></r><r><c><![CDATA[DP8-1755]]></c><c><![CDATA[2009-01-14 20:31:34]]></c><c/><c/><c/></r><r><c><![CDATA[DP8-1756]]></c><c><![CDATA[2009-01-14 20:31:34]]></c><c/><c/><c/></r><r><c><![CDATA[DP8-1757]]></c><c><![CDATA[2009-01-14 20:31:34]]></c><c/><c/><c/></r><r><c><![CDATA[DP8-1758]]></c><c><![CDATA[2009-01-14 20:31:34]]></c><c/><c/><c/></r><r><c><![CDATA[DP8-1759]]></c><c><![CDATA[2009-01-14 20:31:34]]></c><c/><c/><c/></r><r><c><![CDATA[DP8-1760]]></c><c><![CDATA[2009-01-14 20:31:34]]></c><c/><c/><c/></r><r><c><![CDATA[DP8-1761]]></c><c><![CDATA[2009-01-14 20:31:34]]></c><c/><c/><c/></r><r><c><![CDATA[DP8-1762]]></c><c><![CDATA[2009-01-14 20:31:34]]></c><c/><c/><c/></r><r><c><![CDATA[DP8-1767]]></c><c><![CDATA[2009-01-14 20:31:34]]></c><c/><c/><c/></r><r><c><![CDATA[DP8-1769]]></c><c><![CDATA[2009-01-14 00:00:00]]></c><c><![CDATA[2009-02-09 17:12:10]]></c><c/><c/></r><r><c><![CDATA[DP8-1773]]></c><c><![CDATA[2009-01-14 20:31:34]]></c><c/><c/><c/></r><r><c><![CDATA[DP8-1774]]></c><c><![CDATA[2009-01-14 20:31:34]]></c><c/><c/><c/></r><r><c><![CDATA[DP8-1775]]></c><c><![CDATA[2009-01-14 20:31:34]]></c><c/><c/><c/></r><r><c><![CDATA[DP8-1776]]></c><c><![CDATA[2009-01-14 20:31:34]]></c><c/><c/><c/></r><r><c><![CDATA[DP8-1777]]></c><c><![CDATA[2009-01-14 20:31:34]]></c><c/><c/><c/></r><r><c><![CDATA[DP8-1778]]></c><c><![CDATA[2009-01-14 20:31:34]]></c><c/><c/><c/></r><r><c><![CDATA[DP8-1780]]></c><c><![CDATA[2009-01-14 00:00:00]]></c><c><![CDATA[2009-02-05 10:27:31]]></c><c/><c/></r><r><c><![CDATA[DP8-1781]]></c><c><![CDATA[2009-01-14 20:31:34]]></c><c/><c/><c/></r><r><c><![CDATA[DP8-1782]]></c><c><![CDATA[2009-01-14 00:00:00]]></c><c><![CDATA[2009-02-05 10:40:36]]></c><c/><c/></r><r><c><![CDATA[DP8-1787]]></c><c><![CDATA[2009-01-14 20:31:34]]></c><c/><c/><c/></r><r><c><![CDATA[DP8-1788]]></c><c><![CDATA[2009-01-14 00:00:00]]></c><c><![CDATA[2009-02-05 10:32:21]]></c><c/><c/></r><r><c><![CDATA[DP8-1798]]></c><c><![CDATA[2009-01-14 20:31:34]]></c><c/><c/><c/></r><r><c><![CDATA[DP8-1803]]></c><c><![CDATA[2009-01-14 20:31:34]]></c><c/><c/><c/></r><r><c><![CDATA[DP8-1804]]></c><c><![CDATA[2009-01-14 20:31:34]]></c><c/><c/><c/></r><r><c><![CDATA[DP8-1805]]></c><c><![CDATA[2009-01-14 20:31:34]]></c><c/><c/><c/></r><r><c><![CDATA[DP8-1806]]></c><c><![CDATA[2009-01-14 20:31:34]]></c><c/><c/><c/></r><r><c><![CDATA[DP8-1808]]></c><c><![CDATA[2009-01-14 00:00:00]]></c><c><![CDATA[2009-02-09 17:26:27]]></c><c/><c/></r><r><c><![CDATA[DP8-1809]]></c><c><![CDATA[2009-01-14 20:31:34]]></c><c/><c/><c/></r><r><c><![CDATA[DP8-1811]]></c><c><![CDATA[2009-01-14 20:31:34]]></c><c/><c/><c/></r><r><c><![CDATA[DP8-1814]]></c><c><![CDATA[2009-01-14 20:31:34]]></c><c/><c/><c/></r><r><c><![CDATA[DP8-1816]]></c><c><![CDATA[2009-01-14 20:31:34]]></c><c/><c/><c/></r><r><c><![CDATA[DP8-1819]]></c><c><![CDATA[2009-01-14 20:31:34]]></c><c/><c/><c/></r><r><c><![CDATA[DP8-1820]]></c><c><![CDATA[2009-01-14 20:31:34]]></c><c/><c/><c/></r><r><c><![CDATA[DP8-PERMISSION-ATTRIBUTE-INNER-SCOPE-OVERRIDE]]></c><c><![CDATA[2009-01-14 22:26:36]]></c><c/><c/><c/></r><r><c><![CDATA[DP8-POSSIBLE-LOSS-OF-INFORMATION]]></c><c><![CDATA[2009-01-14 22:27:04]]></c><c/><c/><c/></r><r><c><![CDATA[DP8-CODE-VERIFICATION-NOT-PERFORMED]]></c><c><![CDATA[2009-01-14 22:27:37]]></c><c/><c/><c/></r><r><c><![CDATA[DP8-INSECURE-DEFAULT-HASH-ALGORITHM]]></c><c><![CDATA[2009-01-14 22:27:47]]></c><c/><c/><c/></r><r><c><![CDATA[DP8-CLEAR-DATA]]></c><c><![CDATA[2009-01-14 00:00:00]]></c><c><![CDATA[2009-02-05 10:00:03]]></c><c/><c/></r><r><c><![CDATA[DP8-ASPNET-LOGIN-CONTROL-NOT-USED]]></c><c><![CDATA[2009-01-14 22:28:04]]></c><c/><c/><c/></r><r><c><![CDATA[DP8-COMMENTS-SENT-TO-BROWSER]]></c><c><![CDATA[2009-01-14 22:28:12]]></c><c/><c/><c/></r><r><c><![CDATA[DP8-IMPROPER-DENIAL-OF-PERMISSION]]></c><c><![CDATA[2009-01-14 22:28:17]]></c><c/><c/><c/></r><r><c><![CDATA[DP8-MANIPULATION-OF-EVIDENCE]]></c><c><![CDATA[2009-01-14 22:28:25]]></c><c/><c/><c/></r><r><c><![CDATA[DP8-DIRECT-STRING-COMPARISON]]></c><c><![CDATA[2009-01-14 22:31:05]]></c><c/><c/><c/></r><r><c><![CDATA[DP8-NAME-SHOULDNOT-RELY-TO-BE-UNIQUE]]></c><c><![CDATA[2009-01-14 22:34:10]]></c><c/><c/><c/></r><r><c><![CDATA[DP8-DONOT-MODIFY-LOOP-COUNTER-IN-LOOP-BODY]]></c><c><![CDATA[2009-01-14 22:34:16]]></c><c/><c/><c/></r><r><c><![CDATA[DP8-WINDOWS-API]]></c><c><![CDATA[2009-01-14 00:00:00]]></c><c><![CDATA[2009-02-12 11:42:31]]></c><c/><c/></r><r><c><![CDATA[DP8-1631]]></c><c><![CDATA[2009-01-14 00:00:00]]></c><c><![CDATA[2009-02-04 17:30:39]]></c><c/><c/></r><r><c><![CDATA[DP8-1596]]></c><c><![CDATA[2009-01-14 20:31:34]]></c><c/><c/><c/></r><r><c><![CDATA[DP8-1072]]></c><c><![CDATA[2009-01-14 20:31:34]]></c><c/><c/><c/></r><r><c><![CDATA[DP8-1064]]></c><c><![CDATA[2009-01-14 20:31:34]]></c><c/><c/><c/></r><r><c><![CDATA[DP8-1065]]></c><c><![CDATA[2009-01-14 00:00:00]]></c><c><![CDATA[2009-02-04 17:33:32]]></c><c/><c/></r><r><c><![CDATA[DP8-1028]]></c><c><![CDATA[2009-01-14 20:31:34]]></c><c/><c/><c/></r><r><c><![CDATA[DP8-1027]]></c><c><![CDATA[2009-01-14 00:00:00]]></c><c><![CDATA[2009-02-04 17:26:54]]></c><c/><c/></r><r><c><![CDATA[DP8-1592]]></c><c><![CDATA[2009-01-14 00:00:00]]></c><c><![CDATA[2009-02-05 10:06:25]]></c><c/><c/></r><r><c><![CDATA[DP8-1597]]></c><c><![CDATA[2009-01-14 20:31:34]]></c><c/><c/><c/></r><r><c><![CDATA[DP8-1580]]></c><c><![CDATA[2009-01-14 00:00:00]]></c><c><![CDATA[2009-02-05 10:04:36]]></c><c/><c/></r><r><c><![CDATA[DP8-1169]]></c><c><![CDATA[2009-01-14 20:31:34]]></c><c/><c/><c/></r><r><c><![CDATA[DP8-1168]]></c><c><![CDATA[2009-01-14 20:31:34]]></c><c/><c/><c/></r><r><c><![CDATA[DP8-1037]]></c><c><![CDATA[2009-01-14 00:00:00]]></c><c><![CDATA[2009-02-04 14:31:44]]></c><c/><c/></r><r><c><![CDATA[DP8-1207]]></c><c><![CDATA[2009-01-14 20:31:34]]></c><c/><c/><c/></r><r><c><![CDATA[DP8-1166]]></c><c><![CDATA[2009-01-14 20:31:34]]></c><c/><c/><c/></r><r><c><![CDATA[DP8-1172]]></c><c><![CDATA[2009-01-14 20:31:34]]></c><c/><c/><c/></r><r><c><![CDATA[DP8-1170]]></c><c><![CDATA[2009-01-14 20:31:34]]></c><c/><c/><c/></r><r><c><![CDATA[DP8-1561]]></c><c><![CDATA[2009-01-14 20:31:34]]></c><c/><c/><c/></r><r><c><![CDATA[DP8-1053]]></c><c><![CDATA[2009-01-14 20:31:34]]></c><c/><c/><c/></r><r><c><![CDATA[DP8-1051]]></c><c><![CDATA[2009-01-14 20:31:34]]></c><c/><c/><c/></r><r><c><![CDATA[DP8-1055]]></c><c><![CDATA[2009-01-14 00:00:00]]></c><c><![CDATA[2009-02-04 17:17:21]]></c><c/><c/></r><r><c><![CDATA[DP8-1040]]></c><c><![CDATA[2009-01-14 20:31:34]]></c><c/><c/><c/></r><r><c><![CDATA[DP8-1003]]></c><c><![CDATA[2009-01-14 00:00:00]]></c><c><![CDATA[2009-02-04 17:24:07]]></c><c/><c/></r><r><c><![CDATA[DP8-1570]]></c><c><![CDATA[2009-01-14 20:31:34]]></c><c/><c/><c/></r><r><c><![CDATA[DP8-1026]]></c><c><![CDATA[2009-01-14 20:31:34]]></c><c/><c/><c/></r><r><c><![CDATA[DP8-1563]]></c><c><![CDATA[2009-01-14 20:31:34]]></c><c/><c/><c/></r><r><c><![CDATA[DP8-1564]]></c><c><![CDATA[2009-01-14 20:31:34]]></c><c/><c/><c/></r><r><c><![CDATA[DP8-1565]]></c><c><![CDATA[2009-01-14 20:31:34]]></c><c/><c/><c/></r><r><c><![CDATA[DP8-1205]]></c><c><![CDATA[2009-01-14 20:31:34]]></c><c/><c/><c/></r><r><c><![CDATA[DP8-1174]]></c><c><![CDATA[2009-01-14 20:31:34]]></c><c/><c/><c/></r><r><c><![CDATA[DP8-1173]]></c><c><![CDATA[2009-01-14 20:31:34]]></c><c/><c/><c/></r><r><c><![CDATA[DP8-1024]]></c><c><![CDATA[2009-01-14 20:31:34]]></c><c/><c/><c/></r><r><c><![CDATA[DP8-1164]]></c><c><![CDATA[2009-01-14 20:31:34]]></c><c/><c/><c/></r><r><c><![CDATA[DP8-1167]]></c><c><![CDATA[2009-01-14 20:31:34]]></c><c/><c/><c/></r><r><c><![CDATA[DP8-1109]]></c><c><![CDATA[2009-01-14 20:31:34]]></c><c/><c/><c/></r><r><c><![CDATA[DP8-1036]]></c><c><![CDATA[2009-01-14 20:31:34]]></c><c/><c/><c/></r><r><c><![CDATA[DP8-1044]]></c><c><![CDATA[2009-01-14 00:00:00]]></c><c><![CDATA[2009-02-04 17:31:28]]></c><c/><c/></r><r><c><![CDATA[DP8-1006]]></c><c><![CDATA[2009-01-14 20:31:34]]></c><c/><c/><c/></r><r><c><![CDATA[DP8-1031]]></c><c><![CDATA[2009-01-14 20:31:34]]></c><c/><c/><c/></r><r><c><![CDATA[DP8-1043]]></c><c><![CDATA[2009-01-14 20:31:34]]></c><c/><c/><c/></r><r><c><![CDATA[DP8-1029]]></c><c><![CDATA[2009-01-14 20:31:34]]></c><c/><c/><c/></r><r><c><![CDATA[DP8-1559]]></c><c><![CDATA[2009-01-14 20:31:34]]></c><c/><c/><c/></r><r><c><![CDATA[DP8-1566]]></c><c><![CDATA[2009-01-14 20:31:34]]></c><c/><c/><c/></r><r><c><![CDATA[DP8-1568]]></c><c><![CDATA[2009-01-14 20:31:34]]></c><c/><c/><c/></r><r><c><![CDATA[DP8-1049]]></c><c><![CDATA[2009-01-14 20:31:34]]></c><c/><c/><c/></r><r><c><![CDATA[DP8-1560]]></c><c><![CDATA[2009-01-14 20:31:34]]></c><c/><c/><c/></r><r><c><![CDATA[DP8-1567]]></c><c><![CDATA[2009-01-14 20:31:34]]></c><c/><c/><c/></r><r><c><![CDATA[DP8-1569]]></c><c><![CDATA[2009-01-14 20:31:34]]></c><c/><c/><c/></r><r><c><![CDATA[DP8-1069]]></c><c><![CDATA[2009-01-14 00:00:00]]></c><c><![CDATA[2009-02-05 17:41:58]]></c><c/><c/></r><r><c><![CDATA[DP8-1075]]></c><c><![CDATA[2009-01-14 20:31:34]]></c><c/><c/><c/></r><r><c><![CDATA[DP8-1070]]></c><c><![CDATA[2009-01-14 20:31:34]]></c><c/><c/><c/></r><r><c><![CDATA[DP8-1079]]></c><c><![CDATA[2009-01-14 20:31:34]]></c><c/><c/><c/></r><r><c><![CDATA[DP8-1071]]></c><c><![CDATA[2009-01-14 20:31:34]]></c><c/><c/><c/></r><r><c><![CDATA[DP8-1068]]></c><c><![CDATA[2009-01-14 20:31:34]]></c><c/><c/><c/></r><r><c><![CDATA[DP8-1087]]></c><c><![CDATA[2009-01-14 20:31:34]]></c><c/><c/><c/></r><r><c><![CDATA[DP8-1067]]></c><c><![CDATA[2009-01-14 20:31:34]]></c><c/><c/><c/></r><r><c><![CDATA[DP8-1066]]></c><c><![CDATA[2009-01-14 20:31:34]]></c><c/><c/><c/></r><r><c><![CDATA[DP8-1020]]></c><c><![CDATA[2009-01-14 20:31:34]]></c><c/><c/><c/></r><r><c><![CDATA[DP8-1004]]></c><c><![CDATA[2009-01-14 20:31:34]]></c><c/><c/><c/></r><r><c><![CDATA[DP8-1005]]></c><c><![CDATA[2009-01-14 20:31:34]]></c><c/><c/><c/></r><r><c><![CDATA[DP8-1007]]></c><c><![CDATA[2009-01-14 00:00:00]]></c><c><![CDATA[2009-02-04 16:25:15]]></c><c/><c/></r><r><c><![CDATA[DP8-1008]]></c><c><![CDATA[2009-01-14 20:31:34]]></c><c/><c/><c/></r><r><c><![CDATA[DP8-1034]]></c><c><![CDATA[2009-01-14 00:00:00]]></c><c><![CDATA[2009-02-04 16:42:08]]></c><c/><c/></r><r><c><![CDATA[DP8-1018]]></c><c><![CDATA[2009-01-14 20:31:34]]></c><c/><c/><c/></r><r><c><![CDATA[DP8-1562]]></c><c><![CDATA[2009-01-14 20:31:34]]></c><c/><c/><c/></r><r><c><![CDATA[DP8-1021]]></c><c><![CDATA[2009-01-14 20:31:34]]></c><c/><c/><c/></r><r><c><![CDATA[DP8-1616]]></c><c><![CDATA[2009-01-14 20:31:34]]></c><c/><c/><c/></r><r><c><![CDATA[DP8-1615]]></c><c><![CDATA[2009-01-14 20:31:34]]></c><c/><c/><c/></r><r><c><![CDATA[DP8-1052]]></c><c><![CDATA[2009-01-14 20:31:34]]></c><c/><c/><c/></r><r><c><![CDATA[DP8-1061]]></c><c><![CDATA[2009-01-14 20:31:34]]></c><c/><c/><c/></r><r><c><![CDATA[DP8-1054]]></c><c><![CDATA[2009-01-14 00:00:00]]></c><c><![CDATA[2009-02-04 14:57:28]]></c><c/><c/></r><r><c><![CDATA[DP8-1626]]></c><c><![CDATA[2009-01-14 20:31:34]]></c><c/><c/><c/></r><r><c><![CDATA[DP8-1627]]></c><c><![CDATA[2009-01-14 20:31:34]]></c><c/><c/><c/></r><r><c><![CDATA[DP8-1629]]></c><c><![CDATA[2009-01-14 20:31:34]]></c><c/><c/><c/></r><r><c><![CDATA[DP8-1619]]></c><c><![CDATA[2009-01-14 20:31:34]]></c><c/><c/><c/></r><r><c><![CDATA[DP8-1620]]></c><c><![CDATA[2009-01-14 20:31:34]]></c><c/><c/><c/></r><r><c><![CDATA[DP8-1609]]></c><c><![CDATA[2009-01-14 20:31:34]]></c><c/><c/><c/></r><r><c><![CDATA[DP8-1062]]></c><c><![CDATA[2009-01-14 20:31:34]]></c><c/><c/><c/></r><r><c><![CDATA[DP8-1056]]></c><c><![CDATA[2009-01-14 20:31:34]]></c><c/><c/><c/></r><r><c><![CDATA[DP8-1016]]></c><c><![CDATA[2009-01-14 20:31:34]]></c><c/><c/><c/></r><r><c><![CDATA[DP8-1014]]></c><c><![CDATA[2009-01-14 20:31:34]]></c><c/><c/><c/></r><r><c><![CDATA[DP8-1039]]></c><c><![CDATA[2009-01-14 20:31:34]]></c><c/><c/><c/></r><r><c><![CDATA[DP8-1045]]></c><c><![CDATA[2009-01-14 20:31:34]]></c><c/><c/><c/></r><r><c><![CDATA[DP8-1179]]></c><c><![CDATA[2009-01-14 20:31:34]]></c><c/><c/><c/></r><r><c><![CDATA[DP8-1013]]></c><c><![CDATA[2009-01-14 20:31:34]]></c><c/><c/><c/></r><r><c><![CDATA[DP8-1181]]></c><c><![CDATA[2009-01-14 20:31:34]]></c><c/><c/><c/></r><r><c><![CDATA[DP8-1182]]></c><c><![CDATA[2009-01-14 20:31:34]]></c><c/><c/><c/></r><r><c><![CDATA[DP8-1178]]></c><c><![CDATA[2009-01-14 20:31:34]]></c><c/><c/><c/></r><r><c><![CDATA[DP8-1175]]></c><c><![CDATA[2009-01-14 20:31:34]]></c><c/><c/><c/></r><r><c><![CDATA[DP8-1042]]></c><c><![CDATA[2009-01-14 20:31:34]]></c><c/><c/><c/></r><r><c><![CDATA[DP8-1041]]></c><c><![CDATA[2009-01-14 00:00:00]]></c><c><![CDATA[2009-02-04 17:21:08]]></c><c/><c/></r><r><c><![CDATA[DP8-1088]]></c><c><![CDATA[2009-01-14 00:00:00]]></c><c><![CDATA[2009-02-04 17:22:07]]></c><c/><c/></r><r><c><![CDATA[DP8-1595]]></c><c><![CDATA[2009-01-14 20:31:34]]></c><c/><c/><c/></r><r><c><![CDATA[DP8-1046]]></c><c><![CDATA[2009-01-14 20:31:34]]></c><c/><c/><c/></r><r><c><![CDATA[DP8-1078]]></c><c><![CDATA[2009-01-14 00:00:00]]></c><c><![CDATA[2009-02-04 17:18:33]]></c><c/><c/></r><r><c><![CDATA[DP8-1077]]></c><c><![CDATA[2009-01-14 20:31:34]]></c><c/><c/><c/></r><r><c><![CDATA[DP8-1076]]></c><c><![CDATA[2009-01-14 20:31:34]]></c><c/><c/><c/></r><r><c><![CDATA[DP8-1010]]></c><c><![CDATA[2009-01-14 00:00:00]]></c><c><![CDATA[2009-02-04 17:10:45]]></c><c/><c/></r><r><c><![CDATA[DP8-1171]]></c><c><![CDATA[2009-01-14 20:31:34]]></c><c/><c/><c/></r></e>