<?xml version="1.0"  encoding="UTF-8"?><e><r><c><![CDATA[outils]]></c><c><![CDATA[compl]]></c><c><![CDATA[CAQS]]></c><c><![CDATA[en]]></c><c><![CDATA[CAQS]]></c></r><r><c><![CDATA[outils]]></c><c><![CDATA[compl]]></c><c><![CDATA[CAQS]]></c><c><![CDATA[fr]]></c><c><![CDATA[CAQS]]></c></r><r><c><![CDATA[outils]]></c><c><![CDATA[desc]]></c><c><![CDATA[CAQS]]></c><c><![CDATA[en]]></c><c><![CDATA[CAQS]]></c></r><r><c><![CDATA[outils]]></c><c><![CDATA[desc]]></c><c><![CDATA[CAQS]]></c><c><![CDATA[fr]]></c><c><![CDATA[CAQS]]></c></r><r><c><![CDATA[outils]]></c><c><![CDATA[lib]]></c><c><![CDATA[CAQS]]></c><c><![CDATA[en]]></c><c><![CDATA[CAQS]]></c></r><r><c><![CDATA[outils]]></c><c><![CDATA[lib]]></c><c><![CDATA[CAQS]]></c><c><![CDATA[fr]]></c><c><![CDATA[CAQS]]></c></r><r><c><![CDATA[outils]]></c><c><![CDATA[compl]]></c><c><![CDATA[DEVPARTNER]]></c><c><![CDATA[en]]></c><c><![CDATA[DEVPARTNER]]></c></r><r><c><![CDATA[outils]]></c><c><![CDATA[compl]]></c><c><![CDATA[DEVPARTNER]]></c><c><![CDATA[fr]]></c><c><![CDATA[DEVPARTNER]]></c></r><r><c><![CDATA[outils]]></c><c><![CDATA[desc]]></c><c><![CDATA[DEVPARTNER]]></c><c><![CDATA[en]]></c><c><![CDATA[DEVPARTNER]]></c></r><r><c><![CDATA[outils]]></c><c><![CDATA[desc]]></c><c><![CDATA[DEVPARTNER]]></c><c><![CDATA[fr]]></c><c><![CDATA[DEVPARTNER]]></c></r><r><c><![CDATA[outils]]></c><c><![CDATA[lib]]></c><c><![CDATA[DEVPARTNER]]></c><c><![CDATA[en]]></c><c><![CDATA[DEVPARTNER]]></c></r><r><c><![CDATA[outils]]></c><c><![CDATA[lib]]></c><c><![CDATA[DEVPARTNER]]></c><c><![CDATA[fr]]></c><c><![CDATA[DEVPARTNER]]></c></r></e>