<?xml version="1.0"  encoding="UTF-8"?><e><r><c><![CDATA[modele]]></c><c><![CDATA[desc]]></c><c><![CDATA[STANDARD-VS.NET-V9]]></c><c><![CDATA[en]]></c><c><![CDATA[Model for .NET 2005 and higher]]></c></r><r><c><![CDATA[modele]]></c><c><![CDATA[desc]]></c><c><![CDATA[STANDARD-VS.NET-V9]]></c><c><![CDATA[es]]></c><c><![CDATA[Model for .NET 2005 and higher]]></c></r><r><c><![CDATA[modele]]></c><c><![CDATA[desc]]></c><c><![CDATA[STANDARD-VS.NET-V9]]></c><c><![CDATA[fr]]></c><c><![CDATA[Modele pour .NET 2005 et superieur]]></c></r><r><c><![CDATA[modele]]></c><c><![CDATA[lib]]></c><c><![CDATA[STANDARD-VS.NET-V9]]></c><c><![CDATA[en]]></c><c><![CDATA[.NET 2005 and higher]]></c></r><r><c><![CDATA[modele]]></c><c><![CDATA[lib]]></c><c><![CDATA[STANDARD-VS.NET-V9]]></c><c><![CDATA[es]]></c><c><![CDATA[.NET 2005 and higher]]></c></r><r><c><![CDATA[modele]]></c><c><![CDATA[lib]]></c><c><![CDATA[STANDARD-VS.NET-V9]]></c><c><![CDATA[fr]]></c><c><![CDATA[.NET 2005 et supérieur]]></c></r></e>