<?xml version="1.0"  encoding="UTF-8"?><e><r><c><![CDATA[DP8-1087]]></c><c><![CDATA[DP8-1087]]></c><c><![CDATA[STANDARD-VS.NET-V9]]></c><c/><c/></r><r><c><![CDATA[DP8-1088]]></c><c><![CDATA[DP8-1088]]></c><c><![CDATA[STANDARD-VS.NET-V9]]></c><c/><c/></r><r><c><![CDATA[DP8-1089]]></c><c><![CDATA[DP8-1089]]></c><c><![CDATA[STANDARD-VS.NET-V9]]></c><c/><c/></r><r><c><![CDATA[DP8-1099]]></c><c><![CDATA[DP8-1099]]></c><c><![CDATA[STANDARD-VS.NET-V9]]></c><c/><c/></r><r><c><![CDATA[DP8-1100]]></c><c><![CDATA[DP8-1100]]></c><c><![CDATA[STANDARD-VS.NET-V9]]></c><c/><c/></r><r><c><![CDATA[DP8-1101]]></c><c><![CDATA[DP8-1101]]></c><c><![CDATA[STANDARD-VS.NET-V9]]></c><c/><c/></r><r><c><![CDATA[DP8-1102]]></c><c><![CDATA[DP8-1102]]></c><c><![CDATA[STANDARD-VS.NET-V9]]></c><c/><c/></r><r><c><![CDATA[DP8-1103]]></c><c><![CDATA[DP8-1103]]></c><c><![CDATA[STANDARD-VS.NET-V9]]></c><c/><c/></r><r><c><![CDATA[DP8-1104]]></c><c><![CDATA[DP8-1104]]></c><c><![CDATA[STANDARD-VS.NET-V9]]></c><c/><c/></r><r><c><![CDATA[DP8-1106]]></c><c><![CDATA[DP8-1106]]></c><c><![CDATA[STANDARD-VS.NET-V9]]></c><c/><c/></r><r><c><![CDATA[DP8-1108]]></c><c><![CDATA[DP8-1108]]></c><c><![CDATA[STANDARD-VS.NET-V9]]></c><c/><c/></r><r><c><![CDATA[DP8-1109]]></c><c><![CDATA[DP8-1109]]></c><c><![CDATA[STANDARD-VS.NET-V9]]></c><c/><c/></r><r><c><![CDATA[DP8-1164]]></c><c><![CDATA[DP8-1164]]></c><c><![CDATA[STANDARD-VS.NET-V9]]></c><c/><c/></r><r><c><![CDATA[DP8-1166]]></c><c><![CDATA[DP8-1166]]></c><c><![CDATA[STANDARD-VS.NET-V9]]></c><c/><c/></r><r><c><![CDATA[DP8-1167]]></c><c><![CDATA[DP8-1167]]></c><c><![CDATA[STANDARD-VS.NET-V9]]></c><c/><c/></r><r><c><![CDATA[DP8-1168]]></c><c><![CDATA[DP8-1168]]></c><c><![CDATA[STANDARD-VS.NET-V9]]></c><c/><c/></r><r><c><![CDATA[DP8-1169]]></c><c><![CDATA[DP8-1169]]></c><c><![CDATA[STANDARD-VS.NET-V9]]></c><c/><c/></r><r><c><![CDATA[DP8-1170]]></c><c><![CDATA[DP8-1170]]></c><c><![CDATA[STANDARD-VS.NET-V9]]></c><c/><c/></r><r><c><![CDATA[DP8-1171]]></c><c><![CDATA[DP8-1171]]></c><c><![CDATA[STANDARD-VS.NET-V9]]></c><c/><c/></r><r><c><![CDATA[DP8-1172]]></c><c><![CDATA[DP8-1172]]></c><c><![CDATA[STANDARD-VS.NET-V9]]></c><c/><c/></r><r><c><![CDATA[DP8-1173]]></c><c><![CDATA[DP8-1173]]></c><c><![CDATA[STANDARD-VS.NET-V9]]></c><c/><c/></r><r><c><![CDATA[DP8-1174]]></c><c><![CDATA[DP8-1174]]></c><c><![CDATA[STANDARD-VS.NET-V9]]></c><c/><c/></r><r><c><![CDATA[DP8-1175]]></c><c><![CDATA[DP8-1175]]></c><c><![CDATA[STANDARD-VS.NET-V9]]></c><c/><c/></r><r><c><![CDATA[COMP]]></c><c><![CDATA[DP-COUNTOFCODELINES]]></c><c><![CDATA[STANDARD-VS.NET-V9]]></c><c/><c/></r><r><c><![CDATA[DP8-1177]]></c><c><![CDATA[DP8-1177]]></c><c><![CDATA[STANDARD-VS.NET-V9]]></c><c/><c/></r><r><c><![CDATA[DP8-1178]]></c><c><![CDATA[DP8-1178]]></c><c><![CDATA[STANDARD-VS.NET-V9]]></c><c/><c/></r><r><c><![CDATA[DP8-1179]]></c><c><![CDATA[DP8-1179]]></c><c><![CDATA[STANDARD-VS.NET-V9]]></c><c/><c/></r><r><c><![CDATA[COMP]]></c><c><![CDATA[DP-COUNTOFCOMMENTLINES]]></c><c><![CDATA[STANDARD-VS.NET-V9]]></c><c/><c/></r><r><c><![CDATA[DP8-1181]]></c><c><![CDATA[DP8-1181]]></c><c><![CDATA[STANDARD-VS.NET-V9]]></c><c/><c/></r><r><c><![CDATA[DP8-1182]]></c><c><![CDATA[DP8-1182]]></c><c><![CDATA[STANDARD-VS.NET-V9]]></c><c/><c/></r><r><c><![CDATA[DP8-1205]]></c><c><![CDATA[DP8-1205]]></c><c><![CDATA[STANDARD-VS.NET-V9]]></c><c/><c/></r><r><c><![CDATA[DP8-1206]]></c><c><![CDATA[DP8-1206]]></c><c><![CDATA[STANDARD-VS.NET-V9]]></c><c/><c/></r><r><c><![CDATA[DP8-1207]]></c><c><![CDATA[DP8-1207]]></c><c><![CDATA[STANDARD-VS.NET-V9]]></c><c/><c/></r><r><c><![CDATA[DP8-1559]]></c><c><![CDATA[DP8-1559]]></c><c><![CDATA[STANDARD-VS.NET-V9]]></c><c/><c/></r><r><c><![CDATA[DP8-1560]]></c><c><![CDATA[DP8-1560]]></c><c><![CDATA[STANDARD-VS.NET-V9]]></c><c/><c/></r><r><c><![CDATA[DP8-1561]]></c><c><![CDATA[DP8-1561]]></c><c><![CDATA[STANDARD-VS.NET-V9]]></c><c/><c/></r><r><c><![CDATA[DP8-1562]]></c><c><![CDATA[DP8-1562]]></c><c><![CDATA[STANDARD-VS.NET-V9]]></c><c/><c/></r><r><c><![CDATA[DP8-1563]]></c><c><![CDATA[DP8-1563]]></c><c><![CDATA[STANDARD-VS.NET-V9]]></c><c/><c/></r><r><c><![CDATA[DP8-1564]]></c><c><![CDATA[DP8-1564]]></c><c><![CDATA[STANDARD-VS.NET-V9]]></c><c/><c/></r><r><c><![CDATA[DP8-1565]]></c><c><![CDATA[DP8-1565]]></c><c><![CDATA[STANDARD-VS.NET-V9]]></c><c/><c/></r><r><c><![CDATA[DP8-1566]]></c><c><![CDATA[DP8-1566]]></c><c><![CDATA[STANDARD-VS.NET-V9]]></c><c/><c/></r><r><c><![CDATA[DP8-1567]]></c><c><![CDATA[DP8-1567]]></c><c><![CDATA[STANDARD-VS.NET-V9]]></c><c/><c/></r><r><c><![CDATA[DP8-1568]]></c><c><![CDATA[DP8-1568]]></c><c><![CDATA[STANDARD-VS.NET-V9]]></c><c/><c/></r><r><c><![CDATA[DP8-1569]]></c><c><![CDATA[DP8-1569]]></c><c><![CDATA[STANDARD-VS.NET-V9]]></c><c/><c/></r><r><c><![CDATA[DP8-1757]]></c><c><![CDATA[DP8-1757]]></c><c><![CDATA[STANDARD-VS.NET-V9]]></c><c/><c/></r><r><c><![CDATA[DP8-1758]]></c><c><![CDATA[DP8-1758]]></c><c><![CDATA[STANDARD-VS.NET-V9]]></c><c/><c/></r><r><c><![CDATA[DP8-1759]]></c><c><![CDATA[DP8-1759]]></c><c><![CDATA[STANDARD-VS.NET-V9]]></c><c/><c/></r><r><c><![CDATA[DP8-1760]]></c><c><![CDATA[DP8-1760]]></c><c><![CDATA[STANDARD-VS.NET-V9]]></c><c/><c/></r><r><c><![CDATA[DP8-1761]]></c><c><![CDATA[DP8-1761]]></c><c><![CDATA[STANDARD-VS.NET-V9]]></c><c/><c/></r><r><c><![CDATA[DP8-1762]]></c><c><![CDATA[DP8-1762]]></c><c><![CDATA[STANDARD-VS.NET-V9]]></c><c/><c/></r><r><c><![CDATA[DP8-1767]]></c><c><![CDATA[DP8-1767]]></c><c><![CDATA[STANDARD-VS.NET-V9]]></c><c/><c/></r><r><c><![CDATA[DP8-1769]]></c><c><![CDATA[DP8-1769]]></c><c><![CDATA[STANDARD-VS.NET-V9]]></c><c/><c/></r><r><c><![CDATA[DP8-1773]]></c><c><![CDATA[DP8-1773]]></c><c><![CDATA[STANDARD-VS.NET-V9]]></c><c/><c/></r><r><c><![CDATA[DP8-1774]]></c><c><![CDATA[DP8-1774]]></c><c><![CDATA[STANDARD-VS.NET-V9]]></c><c/><c/></r><r><c><![CDATA[DP8-1775]]></c><c><![CDATA[DP8-1775]]></c><c><![CDATA[STANDARD-VS.NET-V9]]></c><c/><c/></r><r><c><![CDATA[DP8-1776]]></c><c><![CDATA[DP8-1776]]></c><c><![CDATA[STANDARD-VS.NET-V9]]></c><c/><c/></r><r><c><![CDATA[DP8-1777]]></c><c><![CDATA[DP8-1777]]></c><c><![CDATA[STANDARD-VS.NET-V9]]></c><c/><c/></r><r><c><![CDATA[DP8-1778]]></c><c><![CDATA[DP8-1778]]></c><c><![CDATA[STANDARD-VS.NET-V9]]></c><c/><c/></r><r><c><![CDATA[DP8-CODE-VERIFICATION-NOT-PERFORMED]]></c><c><![CDATA[DP8-1571]]></c><c><![CDATA[STANDARD-VS.NET-V9]]></c><c/><c/></r><r><c><![CDATA[DP8-1780]]></c><c><![CDATA[DP8-1780]]></c><c><![CDATA[STANDARD-VS.NET-V9]]></c><c/><c/></r><r><c><![CDATA[DP8-1781]]></c><c><![CDATA[DP8-1781]]></c><c><![CDATA[STANDARD-VS.NET-V9]]></c><c/><c/></r><r><c><![CDATA[DP8-1782]]></c><c><![CDATA[DP8-1782]]></c><c><![CDATA[STANDARD-VS.NET-V9]]></c><c/><c/></r><r><c><![CDATA[DP8-1653]]></c><c><![CDATA[DP8-1593]]></c><c><![CDATA[STANDARD-VS.NET-V9]]></c><c/><c/></r><r><c><![CDATA[DP8-1580]]></c><c><![CDATA[DP8-1580]]></c><c><![CDATA[STANDARD-VS.NET-V9]]></c><c/><c/></r><r><c><![CDATA[DP8-1648]]></c><c><![CDATA[DP8-1648]]></c><c><![CDATA[STANDARD-VS.NET-V9]]></c><c/><c/></r><r><c><![CDATA[DP8-1787]]></c><c><![CDATA[DP8-1787]]></c><c><![CDATA[STANDARD-VS.NET-V9]]></c><c/><c/></r><r><c><![CDATA[DP8-1788]]></c><c><![CDATA[DP8-1788]]></c><c><![CDATA[STANDARD-VS.NET-V9]]></c><c/><c/></r><r><c><![CDATA[DP8-1798]]></c><c><![CDATA[DP8-1798]]></c><c><![CDATA[STANDARD-VS.NET-V9]]></c><c/><c/></r><r><c><![CDATA[DP8-1803]]></c><c><![CDATA[DP8-1803]]></c><c><![CDATA[STANDARD-VS.NET-V9]]></c><c/><c/></r><r><c><![CDATA[DP8-1804]]></c><c><![CDATA[DP8-1804]]></c><c><![CDATA[STANDARD-VS.NET-V9]]></c><c/><c/></r><r><c><![CDATA[DP8-1805]]></c><c><![CDATA[DP8-1805]]></c><c><![CDATA[STANDARD-VS.NET-V9]]></c><c/><c/></r><r><c><![CDATA[DP8-1806]]></c><c><![CDATA[DP8-1806]]></c><c><![CDATA[STANDARD-VS.NET-V9]]></c><c/><c/></r><r><c><![CDATA[DP8-1808]]></c><c><![CDATA[DP8-1808]]></c><c><![CDATA[STANDARD-VS.NET-V9]]></c><c/><c/></r><r><c><![CDATA[DP8-1809]]></c><c><![CDATA[DP8-1809]]></c><c><![CDATA[STANDARD-VS.NET-V9]]></c><c/><c/></r><r><c><![CDATA[DP8-1811]]></c><c><![CDATA[DP8-1811]]></c><c><![CDATA[STANDARD-VS.NET-V9]]></c><c/><c/></r><r><c><![CDATA[DP8-1814]]></c><c><![CDATA[DP8-1814]]></c><c><![CDATA[STANDARD-VS.NET-V9]]></c><c/><c/></r><r><c><![CDATA[DP8-1816]]></c><c><![CDATA[DP8-1816]]></c><c><![CDATA[STANDARD-VS.NET-V9]]></c><c/><c/></r><r><c><![CDATA[DP8-1819]]></c><c><![CDATA[DP8-1819]]></c><c><![CDATA[STANDARD-VS.NET-V9]]></c><c/><c/></r><r><c><![CDATA[DP8-1820]]></c><c><![CDATA[DP8-1820]]></c><c><![CDATA[STANDARD-VS.NET-V9]]></c><c/><c/></r><r><c><![CDATA[DP8-PERMISSION-ATTRIBUTE-INNER-SCOPE-OVERRIDE]]></c><c><![CDATA[DP8-1639]]></c><c><![CDATA[STANDARD-VS.NET-V9]]></c><c/><c/></r><r><c><![CDATA[DP8-PERMISSION-ATTRIBUTE-INNER-SCOPE-OVERRIDE]]></c><c><![CDATA[DP8-1640]]></c><c><![CDATA[STANDARD-VS.NET-V9]]></c><c/><c/></r><r><c><![CDATA[DP8-PERMISSION-ATTRIBUTE-INNER-SCOPE-OVERRIDE]]></c><c><![CDATA[DP8-1641]]></c><c><![CDATA[STANDARD-VS.NET-V9]]></c><c/><c/></r><r><c><![CDATA[DP8-PERMISSION-ATTRIBUTE-INNER-SCOPE-OVERRIDE]]></c><c><![CDATA[DP8-1643]]></c><c><![CDATA[STANDARD-VS.NET-V9]]></c><c/><c/></r><r><c><![CDATA[DP8-PERMISSION-ATTRIBUTE-INNER-SCOPE-OVERRIDE]]></c><c><![CDATA[DP8-1651]]></c><c><![CDATA[STANDARD-VS.NET-V9]]></c><c/><c/></r><r><c><![CDATA[DP8-1570]]></c><c><![CDATA[DP8-1570]]></c><c><![CDATA[STANDARD-VS.NET-V9]]></c><c/><c/></r><r><c><![CDATA[DP8-1592]]></c><c><![CDATA[DP8-1592]]></c><c><![CDATA[STANDARD-VS.NET-V9]]></c><c/><c/></r><r><c><![CDATA[DP8-1595]]></c><c><![CDATA[DP8-1595]]></c><c><![CDATA[STANDARD-VS.NET-V9]]></c><c/><c/></r><r><c><![CDATA[DP8-1596]]></c><c><![CDATA[DP8-1596]]></c><c><![CDATA[STANDARD-VS.NET-V9]]></c><c/><c/></r><r><c><![CDATA[DP8-1597]]></c><c><![CDATA[DP8-1597]]></c><c><![CDATA[STANDARD-VS.NET-V9]]></c><c/><c/></r><r><c><![CDATA[DP8-1605]]></c><c><![CDATA[DP8-1605]]></c><c><![CDATA[STANDARD-VS.NET-V9]]></c><c/><c/></r><r><c><![CDATA[DP8-1606]]></c><c><![CDATA[DP8-1606]]></c><c><![CDATA[STANDARD-VS.NET-V9]]></c><c/><c/></r><r><c><![CDATA[DP8-1609]]></c><c><![CDATA[DP8-1609]]></c><c><![CDATA[STANDARD-VS.NET-V9]]></c><c/><c/></r><r><c><![CDATA[DP8-1615]]></c><c><![CDATA[DP8-1615]]></c><c><![CDATA[STANDARD-VS.NET-V9]]></c><c/><c/></r><r><c><![CDATA[DP8-1616]]></c><c><![CDATA[DP8-1616]]></c><c><![CDATA[STANDARD-VS.NET-V9]]></c><c/><c/></r><r><c><![CDATA[DP8-1619]]></c><c><![CDATA[DP8-1619]]></c><c><![CDATA[STANDARD-VS.NET-V9]]></c><c/><c/></r><r><c><![CDATA[DP8-1620]]></c><c><![CDATA[DP8-1620]]></c><c><![CDATA[STANDARD-VS.NET-V9]]></c><c/><c/></r><r><c><![CDATA[DP8-1626]]></c><c><![CDATA[DP8-1626]]></c><c><![CDATA[STANDARD-VS.NET-V9]]></c><c/><c/></r><r><c><![CDATA[DP8-1627]]></c><c><![CDATA[DP8-1627]]></c><c><![CDATA[STANDARD-VS.NET-V9]]></c><c/><c/></r><r><c><![CDATA[DP8-1629]]></c><c><![CDATA[DP8-1629]]></c><c><![CDATA[STANDARD-VS.NET-V9]]></c><c/><c/></r><r><c><![CDATA[DP8-1631]]></c><c><![CDATA[DP8-1631]]></c><c><![CDATA[STANDARD-VS.NET-V9]]></c><c/><c/></r><r><c><![CDATA[DP8-1642]]></c><c><![CDATA[DP8-1642]]></c><c><![CDATA[STANDARD-VS.NET-V9]]></c><c/><c/></r><r><c><![CDATA[DP8-1644]]></c><c><![CDATA[DP8-1644]]></c><c><![CDATA[STANDARD-VS.NET-V9]]></c><c/><c/></r><r><c><![CDATA[DP8-1645]]></c><c><![CDATA[DP8-1645]]></c><c><![CDATA[STANDARD-VS.NET-V9]]></c><c/><c/></r><r><c><![CDATA[DP8-1647]]></c><c><![CDATA[DP8-1647]]></c><c><![CDATA[STANDARD-VS.NET-V9]]></c><c/><c/></r><r><c><![CDATA[DP8-1652]]></c><c><![CDATA[DP8-1652]]></c><c><![CDATA[STANDARD-VS.NET-V9]]></c><c/><c/></r><r><c><![CDATA[DP8-1653]]></c><c><![CDATA[DP8-1653]]></c><c><![CDATA[STANDARD-VS.NET-V9]]></c><c/><c/></r><r><c><![CDATA[DP8-1654]]></c><c><![CDATA[DP8-1654]]></c><c><![CDATA[STANDARD-VS.NET-V9]]></c><c/><c/></r><r><c><![CDATA[DP8-1655]]></c><c><![CDATA[DP8-1655]]></c><c><![CDATA[STANDARD-VS.NET-V9]]></c><c/><c/></r><r><c><![CDATA[DP8-1657]]></c><c><![CDATA[DP8-1657]]></c><c><![CDATA[STANDARD-VS.NET-V9]]></c><c/><c/></r><r><c><![CDATA[DP8-1658]]></c><c><![CDATA[DP8-1658]]></c><c><![CDATA[STANDARD-VS.NET-V9]]></c><c/><c/></r><r><c><![CDATA[DP8-1659]]></c><c><![CDATA[DP8-1659]]></c><c><![CDATA[STANDARD-VS.NET-V9]]></c><c/><c/></r><r><c><![CDATA[DP8-1660]]></c><c><![CDATA[DP8-1660]]></c><c><![CDATA[STANDARD-VS.NET-V9]]></c><c/><c/></r><r><c><![CDATA[DP8-1661]]></c><c><![CDATA[DP8-1661]]></c><c><![CDATA[STANDARD-VS.NET-V9]]></c><c/><c/></r><r><c><![CDATA[DP8-1663]]></c><c><![CDATA[DP8-1663]]></c><c><![CDATA[STANDARD-VS.NET-V9]]></c><c/><c/></r><r><c><![CDATA[DP8-1667]]></c><c><![CDATA[DP8-1667]]></c><c><![CDATA[STANDARD-VS.NET-V9]]></c><c/><c/></r><r><c><![CDATA[DP8-1668]]></c><c><![CDATA[DP8-1668]]></c><c><![CDATA[STANDARD-VS.NET-V9]]></c><c/><c/></r><r><c><![CDATA[DP8-1670]]></c><c><![CDATA[DP8-1670]]></c><c><![CDATA[STANDARD-VS.NET-V9]]></c><c/><c/></r><r><c><![CDATA[DP8-1673]]></c><c><![CDATA[DP8-1673]]></c><c><![CDATA[STANDARD-VS.NET-V9]]></c><c/><c/></r><r><c><![CDATA[DP8-1674]]></c><c><![CDATA[DP8-1674]]></c><c><![CDATA[STANDARD-VS.NET-V9]]></c><c/><c/></r><r><c><![CDATA[DP8-1678]]></c><c><![CDATA[DP8-1678]]></c><c><![CDATA[STANDARD-VS.NET-V9]]></c><c/><c/></r><r><c><![CDATA[DP8-1680]]></c><c><![CDATA[DP8-1680]]></c><c><![CDATA[STANDARD-VS.NET-V9]]></c><c/><c/></r><r><c><![CDATA[DP8-1682]]></c><c><![CDATA[DP8-1682]]></c><c><![CDATA[STANDARD-VS.NET-V9]]></c><c/><c/></r><r><c><![CDATA[DP8-1685]]></c><c><![CDATA[DP8-1685]]></c><c><![CDATA[STANDARD-VS.NET-V9]]></c><c/><c/></r><r><c><![CDATA[DP8-1686]]></c><c><![CDATA[DP8-1686]]></c><c><![CDATA[STANDARD-VS.NET-V9]]></c><c/><c/></r><r><c><![CDATA[DP8-1692]]></c><c><![CDATA[DP8-1692]]></c><c><![CDATA[STANDARD-VS.NET-V9]]></c><c/><c/></r><r><c><![CDATA[DP8-1694]]></c><c><![CDATA[DP8-1694]]></c><c><![CDATA[STANDARD-VS.NET-V9]]></c><c/><c/></r><r><c><![CDATA[DP8-1696]]></c><c><![CDATA[DP8-1696]]></c><c><![CDATA[STANDARD-VS.NET-V9]]></c><c/><c/></r><r><c><![CDATA[DP8-1698]]></c><c><![CDATA[DP8-1698]]></c><c><![CDATA[STANDARD-VS.NET-V9]]></c><c/><c/></r><r><c><![CDATA[DP8-1708]]></c><c><![CDATA[DP8-1708]]></c><c><![CDATA[STANDARD-VS.NET-V9]]></c><c/><c/></r><r><c><![CDATA[DP8-1711]]></c><c><![CDATA[DP8-1711]]></c><c><![CDATA[STANDARD-VS.NET-V9]]></c><c/><c/></r><r><c><![CDATA[DP8-1712]]></c><c><![CDATA[DP8-1712]]></c><c><![CDATA[STANDARD-VS.NET-V9]]></c><c/><c/></r><r><c><![CDATA[DP8-1713]]></c><c><![CDATA[DP8-1713]]></c><c><![CDATA[STANDARD-VS.NET-V9]]></c><c/><c/></r><r><c><![CDATA[DP8-1717]]></c><c><![CDATA[DP8-1717]]></c><c><![CDATA[STANDARD-VS.NET-V9]]></c><c/><c/></r><r><c><![CDATA[DP8-1722]]></c><c><![CDATA[DP8-1722]]></c><c><![CDATA[STANDARD-VS.NET-V9]]></c><c/><c/></r><r><c><![CDATA[DP8-1728]]></c><c><![CDATA[DP8-1728]]></c><c><![CDATA[STANDARD-VS.NET-V9]]></c><c/><c/></r><r><c><![CDATA[DP8-1729]]></c><c><![CDATA[DP8-1729]]></c><c><![CDATA[STANDARD-VS.NET-V9]]></c><c/><c/></r><r><c><![CDATA[DP8-1731]]></c><c><![CDATA[DP8-1731]]></c><c><![CDATA[STANDARD-VS.NET-V9]]></c><c/><c/></r><r><c><![CDATA[DP8-1734]]></c><c><![CDATA[DP8-1734]]></c><c><![CDATA[STANDARD-VS.NET-V9]]></c><c/><c/></r><r><c><![CDATA[DP8-1735]]></c><c><![CDATA[DP8-1735]]></c><c><![CDATA[STANDARD-VS.NET-V9]]></c><c/><c/></r><r><c><![CDATA[DP8-1739]]></c><c><![CDATA[DP8-1739]]></c><c><![CDATA[STANDARD-VS.NET-V9]]></c><c/><c/></r><r><c><![CDATA[DP8-1740]]></c><c><![CDATA[DP8-1740]]></c><c><![CDATA[STANDARD-VS.NET-V9]]></c><c/><c/></r><r><c><![CDATA[DP8-1743]]></c><c><![CDATA[DP8-1743]]></c><c><![CDATA[STANDARD-VS.NET-V9]]></c><c/><c/></r><r><c><![CDATA[DP8-1744]]></c><c><![CDATA[DP8-1744]]></c><c><![CDATA[STANDARD-VS.NET-V9]]></c><c/><c/></r><r><c><![CDATA[DP8-1746]]></c><c><![CDATA[DP8-1746]]></c><c><![CDATA[STANDARD-VS.NET-V9]]></c><c/><c/></r><r><c><![CDATA[DP8-1747]]></c><c><![CDATA[DP8-1747]]></c><c><![CDATA[STANDARD-VS.NET-V9]]></c><c/><c/></r><r><c><![CDATA[DP8-1748]]></c><c><![CDATA[DP8-1748]]></c><c><![CDATA[STANDARD-VS.NET-V9]]></c><c/><c/></r><r><c><![CDATA[DP8-1753]]></c><c><![CDATA[DP8-1753]]></c><c><![CDATA[STANDARD-VS.NET-V9]]></c><c/><c/></r><r><c><![CDATA[DP8-1754]]></c><c><![CDATA[DP8-1754]]></c><c><![CDATA[STANDARD-VS.NET-V9]]></c><c/><c/></r><r><c><![CDATA[COMPLEXITY]]></c><c><![CDATA[DP8-MCCABECYCLOCOMPLEXITY]]></c><c><![CDATA[STANDARD-VS.NET-V9]]></c><c/><c/></r><r><c><![CDATA[DP8-1008]]></c><c><![CDATA[DP8-1008]]></c><c><![CDATA[STANDARD-VS.NET-V9]]></c><c/><c/></r><r><c><![CDATA[DP8-1010]]></c><c><![CDATA[DP8-1010]]></c><c><![CDATA[STANDARD-VS.NET-V9]]></c><c/><c/></r><r><c><![CDATA[DP8-1013]]></c><c><![CDATA[DP8-1013]]></c><c><![CDATA[STANDARD-VS.NET-V9]]></c><c/><c/></r><r><c><![CDATA[DP8-1014]]></c><c><![CDATA[DP8-1014]]></c><c><![CDATA[STANDARD-VS.NET-V9]]></c><c/><c/></r><r><c><![CDATA[DP8-1016]]></c><c><![CDATA[DP8-1016]]></c><c><![CDATA[STANDARD-VS.NET-V9]]></c><c/><c/></r><r><c><![CDATA[DP8-1018]]></c><c><![CDATA[DP8-1018]]></c><c><![CDATA[STANDARD-VS.NET-V9]]></c><c/><c/></r><r><c><![CDATA[DP8-1020]]></c><c><![CDATA[DP8-1020]]></c><c><![CDATA[STANDARD-VS.NET-V9]]></c><c/><c/></r><r><c><![CDATA[DP8-1021]]></c><c><![CDATA[DP8-1021]]></c><c><![CDATA[STANDARD-VS.NET-V9]]></c><c/><c/></r><r><c><![CDATA[DP8-1024]]></c><c><![CDATA[DP8-1024]]></c><c><![CDATA[STANDARD-VS.NET-V9]]></c><c/><c/></r><r><c><![CDATA[DP8-1025]]></c><c><![CDATA[DP8-1025]]></c><c><![CDATA[STANDARD-VS.NET-V9]]></c><c/><c/></r><r><c><![CDATA[DP8-1026]]></c><c><![CDATA[DP8-1026]]></c><c><![CDATA[STANDARD-VS.NET-V9]]></c><c/><c/></r><r><c><![CDATA[DP8-1027]]></c><c><![CDATA[DP8-1027]]></c><c><![CDATA[STANDARD-VS.NET-V9]]></c><c/><c/></r><r><c><![CDATA[DP8-1028]]></c><c><![CDATA[DP8-1028]]></c><c><![CDATA[STANDARD-VS.NET-V9]]></c><c/><c/></r><r><c><![CDATA[DP8-1029]]></c><c><![CDATA[DP8-1029]]></c><c><![CDATA[STANDARD-VS.NET-V9]]></c><c/><c/></r><r><c><![CDATA[DP8-1031]]></c><c><![CDATA[DP8-1031]]></c><c><![CDATA[STANDARD-VS.NET-V9]]></c><c/><c/></r><r><c><![CDATA[DP8-1034]]></c><c><![CDATA[DP8-1034]]></c><c><![CDATA[STANDARD-VS.NET-V9]]></c><c/><c/></r><r><c><![CDATA[DP8-1035]]></c><c><![CDATA[DP8-1035]]></c><c><![CDATA[STANDARD-VS.NET-V9]]></c><c/><c/></r><r><c><![CDATA[DP8-1036]]></c><c><![CDATA[DP8-1036]]></c><c><![CDATA[STANDARD-VS.NET-V9]]></c><c/><c/></r><r><c><![CDATA[DP8-1037]]></c><c><![CDATA[DP8-1037]]></c><c><![CDATA[STANDARD-VS.NET-V9]]></c><c/><c/></r><r><c><![CDATA[DP8-1039]]></c><c><![CDATA[DP8-1039]]></c><c><![CDATA[STANDARD-VS.NET-V9]]></c><c/><c/></r><r><c><![CDATA[DP8-1040]]></c><c><![CDATA[DP8-1040]]></c><c><![CDATA[STANDARD-VS.NET-V9]]></c><c/><c/></r><r><c><![CDATA[DP8-1041]]></c><c><![CDATA[DP8-1041]]></c><c><![CDATA[STANDARD-VS.NET-V9]]></c><c/><c/></r><r><c><![CDATA[DP8-1042]]></c><c><![CDATA[DP8-1042]]></c><c><![CDATA[STANDARD-VS.NET-V9]]></c><c/><c/></r><r><c><![CDATA[DP8-1043]]></c><c><![CDATA[DP8-1043]]></c><c><![CDATA[STANDARD-VS.NET-V9]]></c><c/><c/></r><r><c><![CDATA[DP8-1044]]></c><c><![CDATA[DP8-1044]]></c><c><![CDATA[STANDARD-VS.NET-V9]]></c><c/><c/></r><r><c><![CDATA[DP8-1045]]></c><c><![CDATA[DP8-1045]]></c><c><![CDATA[STANDARD-VS.NET-V9]]></c><c/><c/></r><r><c><![CDATA[DP8-1046]]></c><c><![CDATA[DP8-1046]]></c><c><![CDATA[STANDARD-VS.NET-V9]]></c><c/><c/></r><r><c><![CDATA[DP8-1049]]></c><c><![CDATA[DP8-1049]]></c><c><![CDATA[STANDARD-VS.NET-V9]]></c><c/><c/></r><r><c><![CDATA[DP8-1051]]></c><c><![CDATA[DP8-1051]]></c><c><![CDATA[STANDARD-VS.NET-V9]]></c><c/><c/></r><r><c><![CDATA[DP8-1052]]></c><c><![CDATA[DP8-1052]]></c><c><![CDATA[STANDARD-VS.NET-V9]]></c><c/><c/></r><r><c><![CDATA[DP8-1053]]></c><c><![CDATA[DP8-1053]]></c><c><![CDATA[STANDARD-VS.NET-V9]]></c><c/><c/></r><r><c><![CDATA[DP8-1054]]></c><c><![CDATA[DP8-1054]]></c><c><![CDATA[STANDARD-VS.NET-V9]]></c><c/><c/></r><r><c><![CDATA[DP8-1055]]></c><c><![CDATA[DP8-1055]]></c><c><![CDATA[STANDARD-VS.NET-V9]]></c><c/><c/></r><r><c><![CDATA[DP8-1056]]></c><c><![CDATA[DP8-1056]]></c><c><![CDATA[STANDARD-VS.NET-V9]]></c><c/><c/></r><r><c><![CDATA[DP8-1058]]></c><c><![CDATA[DP8-1058]]></c><c><![CDATA[STANDARD-VS.NET-V9]]></c><c/><c/></r><r><c><![CDATA[DP8-1059]]></c><c><![CDATA[DP8-1059]]></c><c><![CDATA[STANDARD-VS.NET-V9]]></c><c/><c/></r><r><c><![CDATA[DP8-1060]]></c><c><![CDATA[DP8-1060]]></c><c><![CDATA[STANDARD-VS.NET-V9]]></c><c/><c/></r><r><c><![CDATA[DP8-1061]]></c><c><![CDATA[DP8-1061]]></c><c><![CDATA[STANDARD-VS.NET-V9]]></c><c/><c/></r><r><c><![CDATA[DP8-1062]]></c><c><![CDATA[DP8-1062]]></c><c><![CDATA[STANDARD-VS.NET-V9]]></c><c/><c/></r><r><c><![CDATA[DP8-1064]]></c><c><![CDATA[DP8-1064]]></c><c><![CDATA[STANDARD-VS.NET-V9]]></c><c/><c/></r><r><c><![CDATA[DP8-1065]]></c><c><![CDATA[DP8-1065]]></c><c><![CDATA[STANDARD-VS.NET-V9]]></c><c/><c/></r><r><c><![CDATA[DP8-1066]]></c><c><![CDATA[DP8-1066]]></c><c><![CDATA[STANDARD-VS.NET-V9]]></c><c/><c/></r><r><c><![CDATA[DP8-1067]]></c><c><![CDATA[DP8-1067]]></c><c><![CDATA[STANDARD-VS.NET-V9]]></c><c/><c/></r><r><c><![CDATA[DP8-1068]]></c><c><![CDATA[DP8-1068]]></c><c><![CDATA[STANDARD-VS.NET-V9]]></c><c/><c/></r><r><c><![CDATA[DP8-PERMISSION-ATTRIBUTE-INNER-SCOPE-OVERRIDE]]></c><c><![CDATA[DP8-1672]]></c><c><![CDATA[STANDARD-VS.NET-V9]]></c><c/><c/></r><r><c><![CDATA[DP8-1069]]></c><c><![CDATA[DP8-1069]]></c><c><![CDATA[STANDARD-VS.NET-V9]]></c><c/><c/></r><r><c><![CDATA[DP8-1070]]></c><c><![CDATA[DP8-1070]]></c><c><![CDATA[STANDARD-VS.NET-V9]]></c><c/><c/></r><r><c><![CDATA[DP8-1071]]></c><c><![CDATA[DP8-1071]]></c><c><![CDATA[STANDARD-VS.NET-V9]]></c><c/><c/></r><r><c><![CDATA[DP8-1072]]></c><c><![CDATA[DP8-1072]]></c><c><![CDATA[STANDARD-VS.NET-V9]]></c><c/><c/></r><r><c><![CDATA[DP8-1074]]></c><c><![CDATA[DP8-1074]]></c><c><![CDATA[STANDARD-VS.NET-V9]]></c><c/><c/></r><r><c><![CDATA[DP8-1075]]></c><c><![CDATA[DP8-1075]]></c><c><![CDATA[STANDARD-VS.NET-V9]]></c><c/><c/></r><r><c><![CDATA[DP8-1076]]></c><c><![CDATA[DP8-1076]]></c><c><![CDATA[STANDARD-VS.NET-V9]]></c><c/><c/></r><r><c><![CDATA[DP8-1077]]></c><c><![CDATA[DP8-1077]]></c><c><![CDATA[STANDARD-VS.NET-V9]]></c><c/><c/></r><r><c><![CDATA[DP8-1078]]></c><c><![CDATA[DP8-1078]]></c><c><![CDATA[STANDARD-VS.NET-V9]]></c><c/><c/></r><r><c><![CDATA[DP8-1079]]></c><c><![CDATA[DP8-1079]]></c><c><![CDATA[STANDARD-VS.NET-V9]]></c><c/><c/></r><r><c><![CDATA[DP8-1080]]></c><c><![CDATA[DP8-1080]]></c><c><![CDATA[STANDARD-VS.NET-V9]]></c><c/><c/></r><r><c><![CDATA[DP8-1081]]></c><c><![CDATA[DP8-1081]]></c><c><![CDATA[STANDARD-VS.NET-V9]]></c><c/><c/></r><r><c><![CDATA[DP8-1082]]></c><c><![CDATA[DP8-1082]]></c><c><![CDATA[STANDARD-VS.NET-V9]]></c><c/><c/></r><r><c><![CDATA[DP8-1086]]></c><c><![CDATA[DP8-1086]]></c><c><![CDATA[STANDARD-VS.NET-V9]]></c><c/><c/></r><r><c><![CDATA[DP8-PERMISSION-ATTRIBUTE-INNER-SCOPE-OVERRIDE]]></c><c><![CDATA[DP8-1695]]></c><c><![CDATA[STANDARD-VS.NET-V9]]></c><c/><c/></r><r><c><![CDATA[DP8-PERMISSION-ATTRIBUTE-INNER-SCOPE-OVERRIDE]]></c><c><![CDATA[DP8-1701]]></c><c><![CDATA[STANDARD-VS.NET-V9]]></c><c/><c/></r><r><c><![CDATA[DP8-PERMISSION-ATTRIBUTE-INNER-SCOPE-OVERRIDE]]></c><c><![CDATA[DP8-1702]]></c><c><![CDATA[STANDARD-VS.NET-V9]]></c><c/><c/></r><r><c><![CDATA[DP8-PERMISSION-ATTRIBUTE-INNER-SCOPE-OVERRIDE]]></c><c><![CDATA[DP8-1710]]></c><c><![CDATA[STANDARD-VS.NET-V9]]></c><c/><c/></r><r><c><![CDATA[DP8-PERMISSION-ATTRIBUTE-INNER-SCOPE-OVERRIDE]]></c><c><![CDATA[DP8-1714]]></c><c><![CDATA[STANDARD-VS.NET-V9]]></c><c/><c/></r><r><c><![CDATA[DP8-PERMISSION-ATTRIBUTE-INNER-SCOPE-OVERRIDE]]></c><c><![CDATA[DP8-1715]]></c><c><![CDATA[STANDARD-VS.NET-V9]]></c><c/><c/></r><r><c><![CDATA[DP8-PERMISSION-ATTRIBUTE-INNER-SCOPE-OVERRIDE]]></c><c><![CDATA[DP8-1716]]></c><c><![CDATA[STANDARD-VS.NET-V9]]></c><c/><c/></r><r><c><![CDATA[DP8-PERMISSION-ATTRIBUTE-INNER-SCOPE-OVERRIDE]]></c><c><![CDATA[DP8-1718]]></c><c><![CDATA[STANDARD-VS.NET-V9]]></c><c/><c/></r><r><c><![CDATA[DP8-PERMISSION-ATTRIBUTE-INNER-SCOPE-OVERRIDE]]></c><c><![CDATA[DP8-1719]]></c><c><![CDATA[STANDARD-VS.NET-V9]]></c><c/><c/></r><r><c><![CDATA[DP8-PERMISSION-ATTRIBUTE-INNER-SCOPE-OVERRIDE]]></c><c><![CDATA[DP8-1720]]></c><c><![CDATA[STANDARD-VS.NET-V9]]></c><c/><c/></r><r><c><![CDATA[DP8-PERMISSION-ATTRIBUTE-INNER-SCOPE-OVERRIDE]]></c><c><![CDATA[DP8-1826]]></c><c><![CDATA[STANDARD-VS.NET-V9]]></c><c/><c/></r><r><c><![CDATA[DP8-1755]]></c><c><![CDATA[DP8-1755]]></c><c><![CDATA[STANDARD-VS.NET-V9]]></c><c/><c/></r><r><c><![CDATA[DP8-1756]]></c><c><![CDATA[DP8-1756]]></c><c><![CDATA[STANDARD-VS.NET-V9]]></c><c/><c/></r><r><c><![CDATA[DP8-PERMISSION-ATTRIBUTE-INNER-SCOPE-OVERRIDE]]></c><c><![CDATA[DP8-1830]]></c><c><![CDATA[STANDARD-VS.NET-V9]]></c><c/><c/></r><r><c><![CDATA[DP8-PERMISSION-ATTRIBUTE-INNER-SCOPE-OVERRIDE]]></c><c><![CDATA[DP8-1831]]></c><c><![CDATA[STANDARD-VS.NET-V9]]></c><c/><c/></r><r><c><![CDATA[DP8-PERMISSION-ATTRIBUTE-INNER-SCOPE-OVERRIDE]]></c><c><![CDATA[DP8-1832]]></c><c><![CDATA[STANDARD-VS.NET-V9]]></c><c/><c/></r><r><c><![CDATA[DP8-PERMISSION-ATTRIBUTE-INNER-SCOPE-OVERRIDE]]></c><c><![CDATA[DP8-1833]]></c><c><![CDATA[STANDARD-VS.NET-V9]]></c><c/><c/></r><r><c><![CDATA[DP8-PERMISSION-ATTRIBUTE-INNER-SCOPE-OVERRIDE]]></c><c><![CDATA[DP8-1834]]></c><c><![CDATA[STANDARD-VS.NET-V9]]></c><c/><c/></r><r><c><![CDATA[DP8-PERMISSION-ATTRIBUTE-INNER-SCOPE-OVERRIDE]]></c><c><![CDATA[DP8-1835]]></c><c><![CDATA[STANDARD-VS.NET-V9]]></c><c/><c/></r><r><c><![CDATA[DP8-PERMISSION-ATTRIBUTE-INNER-SCOPE-OVERRIDE]]></c><c><![CDATA[DP8-1836]]></c><c><![CDATA[STANDARD-VS.NET-V9]]></c><c/><c/></r><r><c><![CDATA[DP8-POSSIBLE-LOSS-OF-INFORMATION]]></c><c><![CDATA[DP8-1656]]></c><c><![CDATA[STANDARD-VS.NET-V9]]></c><c/><c/></r><r><c><![CDATA[DP8-POSSIBLE-LOSS-OF-INFORMATION]]></c><c><![CDATA[DP8-1687]]></c><c><![CDATA[STANDARD-VS.NET-V9]]></c><c/><c/></r><r><c><![CDATA[DP8-POSSIBLE-LOSS-OF-INFORMATION]]></c><c><![CDATA[DP8-1688]]></c><c><![CDATA[STANDARD-VS.NET-V9]]></c><c/><c/></r><r><c><![CDATA[DP8-CODE-VERIFICATION-NOT-PERFORMED]]></c><c><![CDATA[DP8-1669]]></c><c><![CDATA[STANDARD-VS.NET-V9]]></c><c/><c/></r><r><c><![CDATA[DP8-CODE-VERIFICATION-NOT-PERFORMED]]></c><c><![CDATA[DP8-1689]]></c><c><![CDATA[STANDARD-VS.NET-V9]]></c><c/><c/></r><r><c><![CDATA[DP8-CODE-VERIFICATION-NOT-PERFORMED]]></c><c><![CDATA[DP8-1690]]></c><c><![CDATA[STANDARD-VS.NET-V9]]></c><c/><c/></r><r><c><![CDATA[DP8-INSECURE-DEFAULT-HASH-ALGORITHM]]></c><c><![CDATA[DP8-1699]]></c><c><![CDATA[STANDARD-VS.NET-V9]]></c><c/><c/></r><r><c><![CDATA[DP8-INSECURE-DEFAULT-HASH-ALGORITHM]]></c><c><![CDATA[DP8-1700]]></c><c><![CDATA[STANDARD-VS.NET-V9]]></c><c/><c/></r><r><c><![CDATA[DP8-CLEAR-DATA]]></c><c><![CDATA[DP8-1724]]></c><c><![CDATA[STANDARD-VS.NET-V9]]></c><c/><c/></r><r><c><![CDATA[DP8-CLEAR-DATA]]></c><c><![CDATA[DP8-1725]]></c><c><![CDATA[STANDARD-VS.NET-V9]]></c><c/><c/></r><r><c><![CDATA[DP8-ASPNET-LOGIN-CONTROL-NOT-USED]]></c><c><![CDATA[DP8-1765]]></c><c><![CDATA[STANDARD-VS.NET-V9]]></c><c/><c/></r><r><c><![CDATA[DP8-ASPNET-LOGIN-CONTROL-NOT-USED]]></c><c><![CDATA[DP8-1768]]></c><c><![CDATA[STANDARD-VS.NET-V9]]></c><c/><c/></r><r><c><![CDATA[DP8-COMMENTS-SENT-TO-BROWSER]]></c><c><![CDATA[DP8-1770]]></c><c><![CDATA[STANDARD-VS.NET-V9]]></c><c/><c/></r><r><c><![CDATA[DP8-COMMENTS-SENT-TO-BROWSER]]></c><c><![CDATA[DP8-1771]]></c><c><![CDATA[STANDARD-VS.NET-V9]]></c><c/><c/></r><r><c><![CDATA[DP8-COMMENTS-SENT-TO-BROWSER]]></c><c><![CDATA[DP8-1772]]></c><c><![CDATA[STANDARD-VS.NET-V9]]></c><c/><c/></r><r><c><![CDATA[DP8-IMPROPER-DENIAL-OF-PERMISSION]]></c><c><![CDATA[DP8-1789]]></c><c><![CDATA[STANDARD-VS.NET-V9]]></c><c/><c/></r><r><c><![CDATA[DP8-IMPROPER-DENIAL-OF-PERMISSION]]></c><c><![CDATA[DP8-1790]]></c><c><![CDATA[STANDARD-VS.NET-V9]]></c><c/><c/></r><r><c><![CDATA[DP8-IMPROPER-DENIAL-OF-PERMISSION]]></c><c><![CDATA[DP8-1791]]></c><c><![CDATA[STANDARD-VS.NET-V9]]></c><c/><c/></r><r><c><![CDATA[DP8-IMPROPER-DENIAL-OF-PERMISSION]]></c><c><![CDATA[DP8-1792]]></c><c><![CDATA[STANDARD-VS.NET-V9]]></c><c/><c/></r><r><c><![CDATA[DP8-IMPROPER-DENIAL-OF-PERMISSION]]></c><c><![CDATA[DP8-1794]]></c><c><![CDATA[STANDARD-VS.NET-V9]]></c><c/><c/></r><r><c><![CDATA[DP8-IMPROPER-DENIAL-OF-PERMISSION]]></c><c><![CDATA[DP8-1795]]></c><c><![CDATA[STANDARD-VS.NET-V9]]></c><c/><c/></r><r><c><![CDATA[DP8-IMPROPER-DENIAL-OF-PERMISSION]]></c><c><![CDATA[DP8-1796]]></c><c><![CDATA[STANDARD-VS.NET-V9]]></c><c/><c/></r><r><c><![CDATA[DP8-IMPROPER-DENIAL-OF-PERMISSION]]></c><c><![CDATA[DP8-1797]]></c><c><![CDATA[STANDARD-VS.NET-V9]]></c><c/><c/></r><r><c><![CDATA[DP8-IMPROPER-DENIAL-OF-PERMISSION]]></c><c><![CDATA[DP8-1799]]></c><c><![CDATA[STANDARD-VS.NET-V9]]></c><c/><c/></r><r><c><![CDATA[DP8-IMPROPER-DENIAL-OF-PERMISSION]]></c><c><![CDATA[DP8-1800]]></c><c><![CDATA[STANDARD-VS.NET-V9]]></c><c/><c/></r><r><c><![CDATA[DP8-IMPROPER-DENIAL-OF-PERMISSION]]></c><c><![CDATA[DP8-1801]]></c><c><![CDATA[STANDARD-VS.NET-V9]]></c><c/><c/></r><r><c><![CDATA[DP8-IMPROPER-DENIAL-OF-PERMISSION]]></c><c><![CDATA[DP8-1802]]></c><c><![CDATA[STANDARD-VS.NET-V9]]></c><c/><c/></r><r><c><![CDATA[DP8-MANIPULATION-OF-EVIDENCE]]></c><c><![CDATA[DP8-1807]]></c><c><![CDATA[STANDARD-VS.NET-V9]]></c><c/><c/></r><r><c><![CDATA[DP8-MANIPULATION-OF-EVIDENCE]]></c><c><![CDATA[DP8-1812]]></c><c><![CDATA[STANDARD-VS.NET-V9]]></c><c/><c/></r><r><c><![CDATA[DP8-MANIPULATION-OF-EVIDENCE]]></c><c><![CDATA[DP8-1813]]></c><c><![CDATA[STANDARD-VS.NET-V9]]></c><c/><c/></r><r><c><![CDATA[DP8-MANIPULATION-OF-EVIDENCE]]></c><c><![CDATA[DP8-1815]]></c><c><![CDATA[STANDARD-VS.NET-V9]]></c><c/><c/></r><r><c><![CDATA[DP8-DIRECT-STRING-COMPARISON]]></c><c><![CDATA[DP8-1105]]></c><c><![CDATA[STANDARD-VS.NET-V9]]></c><c/><c/></r><r><c><![CDATA[DP8-DIRECT-STRING-COMPARISON]]></c><c><![CDATA[DP8-1184]]></c><c><![CDATA[STANDARD-VS.NET-V9]]></c><c/><c/></r><r><c><![CDATA[DP8-NAME-SHOULDNOT-RELY-TO-BE-UNIQUE]]></c><c><![CDATA[DP8-1610]]></c><c><![CDATA[STANDARD-VS.NET-V9]]></c><c/><c/></r><r><c><![CDATA[DP8-NAME-SHOULDNOT-RELY-TO-BE-UNIQUE]]></c><c><![CDATA[DP8-1611]]></c><c><![CDATA[STANDARD-VS.NET-V9]]></c><c/><c/></r><r><c><![CDATA[DP8-NAME-SHOULDNOT-RELY-TO-BE-UNIQUE]]></c><c><![CDATA[DP8-1612]]></c><c><![CDATA[STANDARD-VS.NET-V9]]></c><c/><c/></r><r><c><![CDATA[DP8-NAME-SHOULDNOT-RELY-TO-BE-UNIQUE]]></c><c><![CDATA[DP8-1614]]></c><c><![CDATA[STANDARD-VS.NET-V9]]></c><c/><c/></r><r><c><![CDATA[DP8-DONOT-MODIFY-LOOP-COUNTER-IN-LOOP-BODY]]></c><c><![CDATA[DP8-1630]]></c><c><![CDATA[STANDARD-VS.NET-V9]]></c><c/><c/></r><r><c><![CDATA[DP8-DONOT-MODIFY-LOOP-COUNTER-IN-LOOP-BODY]]></c><c><![CDATA[DP8-1635]]></c><c><![CDATA[STANDARD-VS.NET-V9]]></c><c/><c/></r><r><c><![CDATA[DP8-WINDOWS-API]]></c><c><![CDATA[DP8-WINDOWS-API]]></c><c><![CDATA[STANDARD-VS.NET-V9]]></c><c/><c/></r><r><c><![CDATA[DP8-1660]]></c><c><![CDATA[DP8-1581]]></c><c><![CDATA[STANDARD-VS.NET-V9]]></c><c/><c/></r><r><c><![CDATA[DP8-POSSIBLE-LOSS-OF-INFORMATION]]></c><c><![CDATA[DP8-1589]]></c><c><![CDATA[STANDARD-VS.NET-V9]]></c><c/><c/></r><r><c><![CDATA[DP8-POSSIBLE-LOSS-OF-INFORMATION]]></c><c><![CDATA[DP8-1607]]></c><c><![CDATA[STANDARD-VS.NET-V9]]></c><c/><c/></r><r><c><![CDATA[DP8-POSSIBLE-LOSS-OF-INFORMATION]]></c><c><![CDATA[DP8-1608]]></c><c><![CDATA[STANDARD-VS.NET-V9]]></c><c/><c/></r><r><c><![CDATA[DP8-PERMISSION-ATTRIBUTE-INNER-SCOPE-OVERRIDE]]></c><c><![CDATA[DP8-1827]]></c><c><![CDATA[STANDARD-VS.NET-V9]]></c><c/><c/></r><r><c><![CDATA[DP8-PERMISSION-ATTRIBUTE-INNER-SCOPE-OVERRIDE]]></c><c><![CDATA[DP8-1828]]></c><c><![CDATA[STANDARD-VS.NET-V9]]></c><c/><c/></r><r><c><![CDATA[DP8-1003]]></c><c><![CDATA[DP8-1003]]></c><c><![CDATA[STANDARD-VS.NET-V9]]></c><c/><c/></r><r><c><![CDATA[DP8-1004]]></c><c><![CDATA[DP8-1004]]></c><c><![CDATA[STANDARD-VS.NET-V9]]></c><c/><c/></r><r><c><![CDATA[DP8-1005]]></c><c><![CDATA[DP8-1005]]></c><c><![CDATA[STANDARD-VS.NET-V9]]></c><c/><c/></r><r><c><![CDATA[DP8-1006]]></c><c><![CDATA[DP8-1006]]></c><c><![CDATA[STANDARD-VS.NET-V9]]></c><c/><c/></r><r><c><![CDATA[DP8-1007]]></c><c><![CDATA[DP8-1007]]></c><c><![CDATA[STANDARD-VS.NET-V9]]></c><c/><c/></r><r><c><![CDATA[COMP]]></c><c><![CDATA[DP8-MCCABECYCLOCOMPLEXITY]]></c><c><![CDATA[STANDARD-VS.NET-V9]]></c><c/><c/></r></e>