<?xml version="1.0"  encoding="UTF-8"?><e><r><c><![CDATA[ABAP]]></c><c><![CDATA[FIAB]]></c><c><![CDATA[CL_CI_BRE]]></c><c><![CDATA[1]]></c><c/><c/></r><r><c><![CDATA[ABAP]]></c><c><![CDATA[FIAB]]></c><c><![CDATA[CL_CI_CAL]]></c><c><![CDATA[1]]></c><c/><c/></r><r><c><![CDATA[ABAP]]></c><c><![CDATA[FIAB]]></c><c><![CDATA[CL_CI_DAT]]></c><c><![CDATA[1]]></c><c/><c/></r><r><c><![CDATA[ABAP]]></c><c><![CDATA[FIAB]]></c><c><![CDATA[CL_CI_DYC]]></c><c><![CDATA[1]]></c><c/><c/></r><r><c><![CDATA[ABAP]]></c><c><![CDATA[FIAB]]></c><c><![CDATA[CL_CI_ESY]]></c><c><![CDATA[1]]></c><c/><c/></r><r><c><![CDATA[ABAP]]></c><c><![CDATA[FIAB]]></c><c><![CDATA[CL_CI_GES]]></c><c><![CDATA[1]]></c><c/><c/></r><r><c><![CDATA[ABAP]]></c><c><![CDATA[FIAB]]></c><c><![CDATA[CL_CI_MES]]></c><c><![CDATA[1]]></c><c/><c/></r><r><c><![CDATA[ABAP]]></c><c><![CDATA[FIAB]]></c><c><![CDATA[CL_CI_PFS]]></c><c><![CDATA[1]]></c><c/><c/></r><r><c><![CDATA[ABAP]]></c><c><![CDATA[FIAB]]></c><c><![CDATA[CL_CI_UNR]]></c><c><![CDATA[1]]></c><c/><c/></r><r><c><![CDATA[ABAP]]></c><c><![CDATA[MAIN]]></c><c><![CDATA[CL_CI_BRE]]></c><c><![CDATA[1]]></c><c/><c/></r><r><c><![CDATA[ABAP]]></c><c><![CDATA[MAIN]]></c><c><![CDATA[CL_CI_CAL]]></c><c><![CDATA[1]]></c><c/><c/></r><r><c><![CDATA[ABAP]]></c><c><![CDATA[MAIN]]></c><c><![CDATA[CL_CI_DAT]]></c><c><![CDATA[1]]></c><c/><c/></r><r><c><![CDATA[ABAP]]></c><c><![CDATA[MAIN]]></c><c><![CDATA[CL_CI_GES]]></c><c><![CDATA[1]]></c><c/><c/></r><r><c><![CDATA[ABAP]]></c><c><![CDATA[MAIN]]></c><c><![CDATA[CL_CI_PAC]]></c><c><![CDATA[1]]></c><c/><c/></r><r><c><![CDATA[ABAP]]></c><c><![CDATA[MAIN]]></c><c><![CDATA[CL_CI_PER]]></c><c><![CDATA[1]]></c><c/><c/></r><r><c><![CDATA[ABAP]]></c><c><![CDATA[MAIN]]></c><c><![CDATA[CL_CI_STE]]></c><c><![CDATA[1]]></c><c/><c/></r><r><c><![CDATA[ABAP]]></c><c><![CDATA[MAIN]]></c><c><![CDATA[CL_CI_SUB]]></c><c><![CDATA[1]]></c><c/><c/></r><r><c><![CDATA[ABAP]]></c><c><![CDATA[MAIN]]></c><c><![CDATA[CL_CI_UNR]]></c><c><![CDATA[1]]></c><c/><c/></r><r><c><![CDATA[ABAP]]></c><c><![CDATA[MAIN]]></c><c><![CDATA[CL_CI_WRN]]></c><c><![CDATA[1]]></c><c/><c/></r><r><c><![CDATA[ABAP]]></c><c><![CDATA[PERFORMANCES]]></c><c><![CDATA[CL_CI_TEST_DDIC_TABLES]]></c><c><![CDATA[1]]></c><c/><c/></r><r><c><![CDATA[ABAP]]></c><c><![CDATA[PERFORMANCES]]></c><c><![CDATA[CL_CI_TEST_IMUD_NESTED]]></c><c><![CDATA[1]]></c><c/><c/></r><r><c><![CDATA[ABAP]]></c><c><![CDATA[PERFORMANCES]]></c><c><![CDATA[CL_CI_TEST_IMUD_TAW_A]]></c><c><![CDATA[1]]></c><c/><c/></r><r><c><![CDATA[ABAP]]></c><c><![CDATA[PERFORMANCES]]></c><c><![CDATA[CL_CI_TEST_SCAN_NESTED]]></c><c><![CDATA[1]]></c><c/><c/></r><r><c><![CDATA[ABAP]]></c><c><![CDATA[PERFORMANCES]]></c><c><![CDATA[CL_CI_TEST_SELECT_NESTED]]></c><c><![CDATA[1]]></c><c/><c/></r><r><c><![CDATA[ABAP]]></c><c><![CDATA[PERFORMANCES]]></c><c><![CDATA[CL_CI_TEST_SELECT_TAW_A]]></c><c><![CDATA[1]]></c><c/><c/></r><r><c><![CDATA[ABAP]]></c><c><![CDATA[PERFORMANCES]]></c><c><![CDATA[CL_CI_TEST_SELECT_TAW_BYBUF]]></c><c><![CDATA[1]]></c><c/><c/></r><r><c><![CDATA[ABAP]]></c><c><![CDATA[PERFORMANCES]]></c><c><![CDATA[CL_CI_TEST_SELECT_THEN_CHECK]]></c><c><![CDATA[1]]></c><c/><c/></r><r><c><![CDATA[ABAP]]></c><c><![CDATA[PORTABILITY]]></c><c><![CDATA[CL_CI_CAL]]></c><c><![CDATA[1]]></c><c/><c/></r><r><c><![CDATA[ABAP]]></c><c><![CDATA[PORTABILITY]]></c><c><![CDATA[CL_CI_ESY]]></c><c><![CDATA[1]]></c><c/><c/></r><r><c><![CDATA[ABAP]]></c><c><![CDATA[PORTABILITY]]></c><c><![CDATA[CL_CI_MLS]]></c><c><![CDATA[1]]></c><c/><c/></r><r><c><![CDATA[ABAP]]></c><c><![CDATA[PORTABILITY]]></c><c><![CDATA[CL_CI_OPF]]></c><c><![CDATA[1]]></c><c/><c/></r><r><c><![CDATA[ABAP]]></c><c><![CDATA[PORTABILITY]]></c><c><![CDATA[CL_CI_PAC]]></c><c><![CDATA[1]]></c><c/><c/></r><r><c><![CDATA[ABAP]]></c><c><![CDATA[PORTABILITY]]></c><c><![CDATA[CL_CI_POR]]></c><c><![CDATA[1]]></c><c/><c/></r><r><c><![CDATA[ABAP]]></c><c><![CDATA[PORTABILITY]]></c><c><![CDATA[CL_CI_SUB]]></c><c><![CDATA[1]]></c><c/><c/></r><r><c><![CDATA[ABAP]]></c><c><![CDATA[PORTABILITY]]></c><c><![CDATA[CL_CI_TXT]]></c><c><![CDATA[1]]></c><c/><c/></r><r><c><![CDATA[ABAP]]></c><c><![CDATA[SECU]]></c><c><![CDATA[CL_CI_AUT]]></c><c><![CDATA[1]]></c><c/><c/></r><r><c><![CDATA[ABAP]]></c><c><![CDATA[SECU]]></c><c><![CDATA[CL_CI_TEST_CRITICAL_STATEMENTS]]></c><c><![CDATA[1]]></c><c/><c/></r><r><c><![CDATA[ABAP]]></c><c><![CDATA[SECU]]></c><c><![CDATA[CL_CI_TEST_IMUD_NOT_VB]]></c><c><![CDATA[1]]></c><c/><c/></r><r><c><![CDATA[ABAP]]></c><c><![CDATA[SECU]]></c><c><![CDATA[CL_CI_TEST_IMUD_TAW_SEC01]]></c><c><![CDATA[1]]></c><c/><c/></r><r><c><![CDATA[ABAP]]></c><c><![CDATA[SECU]]></c><c><![CDATA[CL_CI_TEST_SELECT_TAW_SEC01]]></c><c><![CDATA[1]]></c><c/><c/></r><r><c><![CDATA[ABAP]]></c><c><![CDATA[SECU]]></c><c><![CDATA[CL_CI_TEST_SYSUBRC]]></c><c><![CDATA[1]]></c><c/><c/></r><r><c><![CDATA[ABAP]]></c><c><![CDATA[MAIN]]></c><c><![CDATA[COMP]]></c><c><![CDATA[1]]></c><c/><c/></r></e>