<?xml version="1.0"  encoding="UTF-8"?><e><r><c><![CDATA[modele]]></c><c><![CDATA[compl]]></c><c><![CDATA[ABAP]]></c><c><![CDATA[en]]></c><c><![CDATA[ABAP]]></c></r><r><c><![CDATA[modele]]></c><c><![CDATA[compl]]></c><c><![CDATA[ABAP]]></c><c><![CDATA[es]]></c><c><![CDATA[ABAP]]></c></r><r><c><![CDATA[modele]]></c><c><![CDATA[compl]]></c><c><![CDATA[ABAP]]></c><c><![CDATA[fr]]></c><c><![CDATA[ABAP]]></c></r><r><c><![CDATA[modele]]></c><c><![CDATA[desc]]></c><c><![CDATA[ABAP]]></c><c><![CDATA[en]]></c><c><![CDATA[Abap]]></c></r><r><c><![CDATA[modele]]></c><c><![CDATA[desc]]></c><c><![CDATA[ABAP]]></c><c><![CDATA[es]]></c><c><![CDATA[Abap]]></c></r><r><c><![CDATA[modele]]></c><c><![CDATA[desc]]></c><c><![CDATA[ABAP]]></c><c><![CDATA[fr]]></c><c><![CDATA[Abap]]></c></r><r><c><![CDATA[modele]]></c><c><![CDATA[lib]]></c><c><![CDATA[ABAP]]></c><c><![CDATA[en]]></c><c><![CDATA[Abap]]></c></r><r><c><![CDATA[modele]]></c><c><![CDATA[lib]]></c><c><![CDATA[ABAP]]></c><c><![CDATA[es]]></c><c><![CDATA[Abap]]></c></r><r><c><![CDATA[modele]]></c><c><![CDATA[lib]]></c><c><![CDATA[ABAP]]></c><c><![CDATA[fr]]></c><c><![CDATA[Abap]]></c></r></e>