<?xml version="1.0"  encoding="UTF-8"?><e><r><c><![CDATA[type_element]]></c><c><![CDATA[desc]]></c><c><![CDATA[PROG]]></c><c><![CDATA[en]]></c><c><![CDATA[Program]]></c></r><r><c><![CDATA[type_element]]></c><c><![CDATA[desc]]></c><c><![CDATA[PROG]]></c><c><![CDATA[es]]></c><c><![CDATA[Program]]></c></r><r><c><![CDATA[type_element]]></c><c><![CDATA[desc]]></c><c><![CDATA[PROG]]></c><c><![CDATA[fr]]></c><c><![CDATA[Programme]]></c></r><r><c><![CDATA[type_element]]></c><c><![CDATA[lib]]></c><c><![CDATA[PROG]]></c><c><![CDATA[en]]></c><c><![CDATA[Program]]></c></r><r><c><![CDATA[type_element]]></c><c><![CDATA[lib]]></c><c><![CDATA[PROG]]></c><c><![CDATA[es]]></c><c><![CDATA[Program]]></c></r><r><c><![CDATA[type_element]]></c><c><![CDATA[lib]]></c><c><![CDATA[PROG]]></c><c><![CDATA[fr]]></c><c><![CDATA[Programme]]></c></r></e>