<?xml version="1.0"  encoding="UTF-8"?><e><r><c><![CDATA[critere]]></c><c><![CDATA[compl]]></c><c><![CDATA[COMP]]></c><c><![CDATA[fr]]></c><c><![CDATA[La compréhension d'une méthode est proportionnelle au taux de commentaire et à la complexité de celle-ci.]]></c></r><r><c><![CDATA[critere]]></c><c><![CDATA[lib]]></c><c><![CDATA[COMP]]></c><c><![CDATA[fr]]></c><c><![CDATA[Compréhension]]></c></r><r><c><![CDATA[critere]]></c><c><![CDATA[desc]]></c><c><![CDATA[COMP]]></c><c><![CDATA[fr]]></c><c><![CDATA[Fonction du taux de commentaire de traitement (intra procédures) et de la complexité cyclomatique (v(G)) de la procédure.]]></c></r><r><c><![CDATA[critere]]></c><c><![CDATA[lib]]></c><c><![CDATA[COMP]]></c><c><![CDATA[en]]></c><c><![CDATA[Comprehension]]></c></r><r><c><![CDATA[critere]]></c><c><![CDATA[desc]]></c><c><![CDATA[COMP]]></c><c><![CDATA[en]]></c><c><![CDATA[Comprehension depends on comment ratio and method complexity. The more the method is complex and the less it is documented, the worst the comprehension will be.]]></c></r><r><c><![CDATA[critere]]></c><c><![CDATA[lib]]></c><c><![CDATA[CL_CI_AUT]]></c><c><![CDATA[en]]></c><c><![CDATA[Authorizations]]></c></r><r><c><![CDATA[critere]]></c><c><![CDATA[lib]]></c><c><![CDATA[CL_CI_AUT]]></c><c><![CDATA[fr]]></c><c><![CDATA[Authorizations]]></c></r><r><c><![CDATA[critere]]></c><c><![CDATA[lib]]></c><c><![CDATA[CL_CI_BRE]]></c><c><![CDATA[en]]></c><c><![CDATA[Superfluous Statements]]></c></r><r><c><![CDATA[critere]]></c><c><![CDATA[lib]]></c><c><![CDATA[CL_CI_BRE]]></c><c><![CDATA[fr]]></c><c><![CDATA[Superfluous Statements]]></c></r><r><c><![CDATA[critere]]></c><c><![CDATA[lib]]></c><c><![CDATA[CL_CI_CAL]]></c><c><![CDATA[en]]></c><c><![CDATA[CALL FUNCTION interfaces]]></c></r><r><c><![CDATA[critere]]></c><c><![CDATA[lib]]></c><c><![CDATA[CL_CI_CAL]]></c><c><![CDATA[fr]]></c><c><![CDATA[CALL FUNCTION interfaces]]></c></r><r><c><![CDATA[critere]]></c><c><![CDATA[lib]]></c><c><![CDATA[CL_CI_DAT]]></c><c><![CDATA[en]]></c><c><![CDATA[Field attributes]]></c></r><r><c><![CDATA[critere]]></c><c><![CDATA[lib]]></c><c><![CDATA[CL_CI_DAT]]></c><c><![CDATA[fr]]></c><c><![CDATA[Field attributes]]></c></r><r><c><![CDATA[critere]]></c><c><![CDATA[lib]]></c><c><![CDATA[CL_CI_DYC]]></c><c><![CDATA[en]]></c><c><![CDATA[Screen consistency]]></c></r><r><c><![CDATA[critere]]></c><c><![CDATA[lib]]></c><c><![CDATA[CL_CI_DYC]]></c><c><![CDATA[fr]]></c><c><![CDATA[Screen consistency]]></c></r><r><c><![CDATA[critere]]></c><c><![CDATA[lib]]></c><c><![CDATA[CL_CI_ESY]]></c><c><![CDATA[en]]></c><c><![CDATA[Test Environment]]></c></r><r><c><![CDATA[critere]]></c><c><![CDATA[lib]]></c><c><![CDATA[CL_CI_ESY]]></c><c><![CDATA[fr]]></c><c><![CDATA[Test Environment]]></c></r><r><c><![CDATA[critere]]></c><c><![CDATA[lib]]></c><c><![CDATA[CL_CI_GES]]></c><c><![CDATA[en]]></c><c><![CDATA[SET/GET parameter Ids]]></c></r><r><c><![CDATA[critere]]></c><c><![CDATA[lib]]></c><c><![CDATA[CL_CI_GES]]></c><c><![CDATA[fr]]></c><c><![CDATA[SET/GET parameter Ids]]></c></r><r><c><![CDATA[critere]]></c><c><![CDATA[lib]]></c><c><![CDATA[CL_CI_MES]]></c><c><![CDATA[en]]></c><c><![CDATA[MESSAGE]]></c></r><r><c><![CDATA[critere]]></c><c><![CDATA[lib]]></c><c><![CDATA[CL_CI_MES]]></c><c><![CDATA[fr]]></c><c><![CDATA[MESSAGE]]></c></r><r><c><![CDATA[critere]]></c><c><![CDATA[lib]]></c><c><![CDATA[CL_CI_MLS]]></c><c><![CDATA[en]]></c><c><![CDATA[Multilingual capability]]></c></r><r><c><![CDATA[critere]]></c><c><![CDATA[lib]]></c><c><![CDATA[CL_CI_MLS]]></c><c><![CDATA[fr]]></c><c><![CDATA[Multilingual capability]]></c></r><r><c><![CDATA[critere]]></c><c><![CDATA[lib]]></c><c><![CDATA[CL_CI_OPF]]></c><c><![CDATA[en]]></c><c><![CDATA[Output CURR/QUAN fields]]></c></r><r><c><![CDATA[critere]]></c><c><![CDATA[lib]]></c><c><![CDATA[CL_CI_OPF]]></c><c><![CDATA[fr]]></c><c><![CDATA[Output CURR/QUAN fields]]></c></r><r><c><![CDATA[critere]]></c><c><![CDATA[lib]]></c><c><![CDATA[CL_CI_PAC]]></c><c><![CDATA[en]]></c><c><![CDATA[Package Checks]]></c></r><r><c><![CDATA[critere]]></c><c><![CDATA[lib]]></c><c><![CDATA[CL_CI_PAC]]></c><c><![CDATA[fr]]></c><c><![CDATA[Package Checks]]></c></r><r><c><![CDATA[critere]]></c><c><![CDATA[lib]]></c><c><![CDATA[CL_CI_PER]]></c><c><![CDATA[en]]></c><c><![CDATA[PERFORM/FORM interface]]></c></r><r><c><![CDATA[critere]]></c><c><![CDATA[lib]]></c><c><![CDATA[CL_CI_PER]]></c><c><![CDATA[fr]]></c><c><![CDATA[PERFORM/FORM interface]]></c></r><r><c><![CDATA[critere]]></c><c><![CDATA[lib]]></c><c><![CDATA[CL_CI_PFS]]></c><c><![CDATA[en]]></c><c><![CDATA[GUI Status and TITLEBAR]]></c></r><r><c><![CDATA[critere]]></c><c><![CDATA[lib]]></c><c><![CDATA[CL_CI_PFS]]></c><c><![CDATA[fr]]></c><c><![CDATA[GUI Status and TITLEBAR]]></c></r><r><c><![CDATA[critere]]></c><c><![CDATA[lib]]></c><c><![CDATA[CL_CI_POR]]></c><c><![CDATA[en]]></c><c><![CDATA[Portability test ASCII/EBCDIC]]></c></r><r><c><![CDATA[critere]]></c><c><![CDATA[lib]]></c><c><![CDATA[CL_CI_POR]]></c><c><![CDATA[fr]]></c><c><![CDATA[Portability test ASCII/EBCDIC]]></c></r><r><c><![CDATA[critere]]></c><c><![CDATA[lib]]></c><c><![CDATA[CL_CI_STE]]></c><c><![CDATA[en]]></c><c><![CDATA[Structure Enhancements]]></c></r><r><c><![CDATA[critere]]></c><c><![CDATA[lib]]></c><c><![CDATA[CL_CI_STE]]></c><c><![CDATA[fr]]></c><c><![CDATA[Structure Enhancements]]></c></r><r><c><![CDATA[critere]]></c><c><![CDATA[lib]]></c><c><![CDATA[CL_CI_SUB]]></c><c><![CDATA[en]]></c><c><![CDATA[External program interfaces]]></c></r><r><c><![CDATA[critere]]></c><c><![CDATA[lib]]></c><c><![CDATA[CL_CI_SUB]]></c><c><![CDATA[fr]]></c><c><![CDATA[External program interfaces]]></c></r><r><c><![CDATA[critere]]></c><c><![CDATA[desc]]></c><c><![CDATA[CL_CI_TEST_CRITICAL_STATEMENTS]]></c><c><![CDATA[en]]></c><c><![CDATA[The test checks whether certain statements that are critical to security or endanger program stabiltiy are used.]]></c></r><r><c><![CDATA[critere]]></c><c><![CDATA[desc]]></c><c><![CDATA[CL_CI_TEST_CRITICAL_STATEMENTS]]></c><c><![CDATA[es]]></c><c><![CDATA[CL_CI_TEST_CRITICAL_STATEMENTS]]></c></r><r><c><![CDATA[critere]]></c><c><![CDATA[desc]]></c><c><![CDATA[CL_CI_TEST_CRITICAL_STATEMENTS]]></c><c><![CDATA[fr]]></c><c><![CDATA[The test checks whether certain statements that are critical to security or endanger program stabiltiy are used.]]></c></r><r><c><![CDATA[critere]]></c><c><![CDATA[lib]]></c><c><![CDATA[CL_CI_TEST_CRITICAL_STATEMENTS]]></c><c><![CDATA[en]]></c><c><![CDATA[Critical Statements use]]></c></r><r><c><![CDATA[critere]]></c><c><![CDATA[lib]]></c><c><![CDATA[CL_CI_TEST_CRITICAL_STATEMENTS]]></c><c><![CDATA[es]]></c><c><![CDATA[CL_CI_TEST_CRITICAL_STATEMENTS]]></c></r><r><c><![CDATA[critere]]></c><c><![CDATA[lib]]></c><c><![CDATA[CL_CI_TEST_CRITICAL_STATEMENTS]]></c><c><![CDATA[fr]]></c><c><![CDATA[Critical Statements use]]></c></r><r><c><![CDATA[critere]]></c><c><![CDATA[desc]]></c><c><![CDATA[CL_CI_TEST_DDIC_TABLES]]></c><c><![CDATA[en]]></c><c><![CDATA[Checks the technical settings (transport attributes, buffering) and the secondary indices of database tables.]]></c></r><r><c><![CDATA[critere]]></c><c><![CDATA[desc]]></c><c><![CDATA[CL_CI_TEST_DDIC_TABLES]]></c><c><![CDATA[es]]></c><c><![CDATA[CL_CI_TEST_DDIC_TABLES]]></c></r><r><c><![CDATA[critere]]></c><c><![CDATA[desc]]></c><c><![CDATA[CL_CI_TEST_DDIC_TABLES]]></c><c><![CDATA[fr]]></c><c><![CDATA[Checks the technical settings (transport attributes, buffering) and the secondary indices of database tables.]]></c></r><r><c><![CDATA[critere]]></c><c><![CDATA[lib]]></c><c><![CDATA[CL_CI_TEST_DDIC_TABLES]]></c><c><![CDATA[en]]></c><c><![CDATA[Table Attribute Check]]></c></r><r><c><![CDATA[critere]]></c><c><![CDATA[lib]]></c><c><![CDATA[CL_CI_TEST_DDIC_TABLES]]></c><c><![CDATA[es]]></c><c><![CDATA[CL_CI_TEST_DDIC_TABLES]]></c></r><r><c><![CDATA[critere]]></c><c><![CDATA[lib]]></c><c><![CDATA[CL_CI_TEST_DDIC_TABLES]]></c><c><![CDATA[fr]]></c><c><![CDATA[Table Attribute Check]]></c></r><r><c><![CDATA[critere]]></c><c><![CDATA[desc]]></c><c><![CDATA[CL_CI_TEST_IMUD_NESTED]]></c><c><![CDATA[en]]></c><c><![CDATA[Searches for INSERT, UPDATE, MODIFY, DELETE  statements that are contained in loops.]]></c></r><r><c><![CDATA[critere]]></c><c><![CDATA[desc]]></c><c><![CDATA[CL_CI_TEST_IMUD_NESTED]]></c><c><![CDATA[es]]></c><c><![CDATA[CL_CI_TEST_IMUD_NESTED]]></c></r><r><c><![CDATA[critere]]></c><c><![CDATA[desc]]></c><c><![CDATA[CL_CI_TEST_IMUD_NESTED]]></c><c><![CDATA[fr]]></c><c><![CDATA[Searches for INSERT, UPDATE, MODIFY, DELETE  statements that are contained in loops.]]></c></r><r><c><![CDATA[critere]]></c><c><![CDATA[lib]]></c><c><![CDATA[CL_CI_TEST_IMUD_NESTED]]></c><c><![CDATA[en]]></c><c><![CDATA[Changing Database Accesses in Loops]]></c></r><r><c><![CDATA[critere]]></c><c><![CDATA[lib]]></c><c><![CDATA[CL_CI_TEST_IMUD_NESTED]]></c><c><![CDATA[es]]></c><c><![CDATA[CL_CI_TEST_IMUD_NESTED]]></c></r><r><c><![CDATA[critere]]></c><c><![CDATA[lib]]></c><c><![CDATA[CL_CI_TEST_IMUD_NESTED]]></c><c><![CDATA[fr]]></c><c><![CDATA[Changing Database Accesses in Loops]]></c></r><r><c><![CDATA[critere]]></c><c><![CDATA[desc]]></c><c><![CDATA[CL_CI_TEST_IMUD_NOT_VB]]></c><c><![CDATA[en]]></c><c><![CDATA[Searches for INSERT, UPDATE, MODIFY, DELETE  statements that are used outside update function modules.<BR/>Within a transaction, changing database accesses should be executed in update modules.]]></c></r><r><c><![CDATA[critere]]></c><c><![CDATA[desc]]></c><c><![CDATA[CL_CI_TEST_IMUD_NOT_VB]]></c><c><![CDATA[es]]></c><c><![CDATA[CL_CI_TEST_IMUD_NOT_VB]]></c></r><r><c><![CDATA[critere]]></c><c><![CDATA[desc]]></c><c><![CDATA[CL_CI_TEST_IMUD_NOT_VB]]></c><c><![CDATA[fr]]></c><c><![CDATA[Searches for INSERT, UPDATE, MODIFY, DELETE  statements that are used outside update function modules.<BR/>Within a transaction, changing database accesses should be executed in update modules.]]></c></r><r><c><![CDATA[critere]]></c><c><![CDATA[lib]]></c><c><![CDATA[CL_CI_TEST_IMUD_NOT_VB]]></c><c><![CDATA[en]]></c><c><![CDATA[Changing Database Accesses Outside Update Modules]]></c></r><r><c><![CDATA[critere]]></c><c><![CDATA[lib]]></c><c><![CDATA[CL_CI_TEST_IMUD_NOT_VB]]></c><c><![CDATA[es]]></c><c><![CDATA[CL_CI_TEST_IMUD_NOT_VB]]></c></r><r><c><![CDATA[critere]]></c><c><![CDATA[lib]]></c><c><![CDATA[CL_CI_TEST_IMUD_NOT_VB]]></c><c><![CDATA[fr]]></c><c><![CDATA[Changing Database Accesses Outside Update Modules]]></c></r><r><c><![CDATA[critere]]></c><c><![CDATA[compl]]></c><c><![CDATA[CL_CI_TEST_IMUD_TAW_A]]></c><c><![CDATA[en]]></c><c><![CDATA[The priority of a message depends on the size category of the table that is accessed.<BR/>Note: The Code Inspector can currently only correctly analyze WHERE conditions in normal form.]]></c></r><r><c><![CDATA[critere]]></c><c><![CDATA[compl]]></c><c><![CDATA[CL_CI_TEST_IMUD_TAW_A]]></c><c><![CDATA[fr]]></c><c><![CDATA[The priority of a message depends on the size category of the table that is accessed.<BR/>Note: The Code Inspector can currently only correctly analyze WHERE conditions in normal form.]]></c></r><r><c><![CDATA[critere]]></c><c><![CDATA[desc]]></c><c><![CDATA[CL_CI_TEST_IMUD_TAW_A]]></c><c><![CDATA[en]]></c><c><![CDATA[Examines the WHERE condition in the UPDATE and DELETE statements UPDATE dbtab SET ... WHERE and DELETE FROM dbtab WHERE ...according to the criteria below.<BR/> - WHERE condition contains no field of a table index.<BR/> - WHERE condition contains no first field of a table index.<BR/> - No client field in the WHERE condition despite the CLIENT SPECIFIED addition<BR/>]]></c></r><r><c><![CDATA[critere]]></c><c><![CDATA[desc]]></c><c><![CDATA[CL_CI_TEST_IMUD_TAW_A]]></c><c><![CDATA[es]]></c><c><![CDATA[CL_CI_TEST_IMUD_TAW_A]]></c></r><r><c><![CDATA[critere]]></c><c><![CDATA[desc]]></c><c><![CDATA[CL_CI_TEST_IMUD_TAW_A]]></c><c><![CDATA[fr]]></c><c><![CDATA[Examines the WHERE condition in the UPDATE and DELETE statements UPDATE dbtab SET ... WHERE and DELETE FROM dbtab WHERE ...according to the criteria below.<BR/> - WHERE condition contains no field of a table index.<BR/> - WHERE condition contains no first field of a table index.<BR/> - No client field in the WHERE condition despite the CLIENT SPECIFIED addition<BR/>]]></c></r><r><c><![CDATA[critere]]></c><c><![CDATA[lib]]></c><c><![CDATA[CL_CI_TEST_IMUD_TAW_A]]></c><c><![CDATA[en]]></c><c><![CDATA[Analysis of WHERE Condition for UPDATE and DELETE]]></c></r><r><c><![CDATA[critere]]></c><c><![CDATA[lib]]></c><c><![CDATA[CL_CI_TEST_IMUD_TAW_A]]></c><c><![CDATA[es]]></c><c><![CDATA[CL_CI_TEST_IMUD_TAW_A]]></c></r><r><c><![CDATA[critere]]></c><c><![CDATA[lib]]></c><c><![CDATA[CL_CI_TEST_IMUD_TAW_A]]></c><c><![CDATA[fr]]></c><c><![CDATA[Analysis of WHERE Condition for UPDATE and DELETE]]></c></r><r><c><![CDATA[critere]]></c><c><![CDATA[desc]]></c><c><![CDATA[CL_CI_TEST_IMUD_TAW_SEC01]]></c><c><![CDATA[en]]></c><c><![CDATA[The check examines whether any security-relevant changing accesses were made to database tables using INSERT, UPDATE, MODIFY,  or DELETE.]]></c></r><r><c><![CDATA[critere]]></c><c><![CDATA[desc]]></c><c><![CDATA[CL_CI_TEST_IMUD_TAW_SEC01]]></c><c><![CDATA[es]]></c><c><![CDATA[CL_CI_TEST_IMUD_TAW_SEC01]]></c></r><r><c><![CDATA[critere]]></c><c><![CDATA[desc]]></c><c><![CDATA[CL_CI_TEST_IMUD_TAW_SEC01]]></c><c><![CDATA[fr]]></c><c><![CDATA[The check examines whether any security-relevant changing accesses were made to database tables using INSERT, UPDATE, MODIFY,  or DELETE.]]></c></r><r><c><![CDATA[critere]]></c><c><![CDATA[lib]]></c><c><![CDATA[CL_CI_TEST_IMUD_TAW_SEC01]]></c><c><![CDATA[en]]></c><c><![CDATA[Dynamic and Client-Specific Accesses Using INSERT, UPDATE, MODIFY, DELETE]]></c></r><r><c><![CDATA[critere]]></c><c><![CDATA[lib]]></c><c><![CDATA[CL_CI_TEST_IMUD_TAW_SEC01]]></c><c><![CDATA[es]]></c><c><![CDATA[CL_CI_TEST_IMUD_TAW_SEC01]]></c></r><r><c><![CDATA[critere]]></c><c><![CDATA[lib]]></c><c><![CDATA[CL_CI_TEST_IMUD_TAW_SEC01]]></c><c><![CDATA[fr]]></c><c><![CDATA[Dynamic and Client-Specific Accesses Using INSERT, UPDATE, MODIFY, DELETE]]></c></r><r><c><![CDATA[critere]]></c><c><![CDATA[desc]]></c><c><![CDATA[CL_CI_TEST_SCAN_NESTED]]></c><c><![CDATA[en]]></c><c><![CDATA[Searches for loops that are in turn nested within other loops.]]></c></r><r><c><![CDATA[critere]]></c><c><![CDATA[desc]]></c><c><![CDATA[CL_CI_TEST_SCAN_NESTED]]></c><c><![CDATA[es]]></c><c><![CDATA[CL_CI_TEST_SCAN_NESTED]]></c></r><r><c><![CDATA[critere]]></c><c><![CDATA[desc]]></c><c><![CDATA[CL_CI_TEST_SCAN_NESTED]]></c><c><![CDATA[fr]]></c><c><![CDATA[Searches for loops that are in turn nested within other loops.]]></c></r><r><c><![CDATA[critere]]></c><c><![CDATA[lib]]></c><c><![CDATA[CL_CI_TEST_SCAN_NESTED]]></c><c><![CDATA[en]]></c><c><![CDATA[Nested Loops]]></c></r><r><c><![CDATA[critere]]></c><c><![CDATA[lib]]></c><c><![CDATA[CL_CI_TEST_SCAN_NESTED]]></c><c><![CDATA[es]]></c><c><![CDATA[CL_CI_TEST_SCAN_NESTED]]></c></r><r><c><![CDATA[critere]]></c><c><![CDATA[lib]]></c><c><![CDATA[CL_CI_TEST_SCAN_NESTED]]></c><c><![CDATA[fr]]></c><c><![CDATA[Nested Loops]]></c></r><r><c><![CDATA[critere]]></c><c><![CDATA[desc]]></c><c><![CDATA[CL_CI_TEST_SELECT_NESTED]]></c><c><![CDATA[en]]></c><c><![CDATA[Searches for SELECT statements that are contained in loops.]]></c></r><r><c><![CDATA[critere]]></c><c><![CDATA[desc]]></c><c><![CDATA[CL_CI_TEST_SELECT_NESTED]]></c><c><![CDATA[es]]></c><c><![CDATA[CL_CI_TEST_SELECT_NESTED]]></c></r><r><c><![CDATA[critere]]></c><c><![CDATA[desc]]></c><c><![CDATA[CL_CI_TEST_SELECT_NESTED]]></c><c><![CDATA[fr]]></c><c><![CDATA[Searches for SELECT statements that are contained in loops.]]></c></r><r><c><![CDATA[critere]]></c><c><![CDATA[lib]]></c><c><![CDATA[CL_CI_TEST_SELECT_NESTED]]></c><c><![CDATA[en]]></c><c><![CDATA[SELECT s in Loops]]></c></r><r><c><![CDATA[critere]]></c><c><![CDATA[lib]]></c><c><![CDATA[CL_CI_TEST_SELECT_NESTED]]></c><c><![CDATA[es]]></c><c><![CDATA[CL_CI_TEST_SELECT_NESTED]]></c></r><r><c><![CDATA[critere]]></c><c><![CDATA[lib]]></c><c><![CDATA[CL_CI_TEST_SELECT_NESTED]]></c><c><![CDATA[fr]]></c><c><![CDATA[SELECT s in Loops]]></c></r><r><c><![CDATA[critere]]></c><c><![CDATA[compl]]></c><c><![CDATA[CL_CI_TEST_SELECT_TAW_A]]></c><c><![CDATA[en]]></c><c><![CDATA[JOINs are not processed and any accesses bypassing the table buffer are ignored.<BR/>Note: The Code Inspector can currently only correctly analyze WHERE conditions in normal form.]]></c></r><r><c><![CDATA[critere]]></c><c><![CDATA[compl]]></c><c><![CDATA[CL_CI_TEST_SELECT_TAW_A]]></c><c><![CDATA[fr]]></c><c><![CDATA[JOINs are not processed and any accesses bypassing the table buffer are ignored.<BR/>Note: The Code Inspector can currently only correctly analyze WHERE conditions in normal form.]]></c></r><r><c><![CDATA[critere]]></c><c><![CDATA[desc]]></c><c><![CDATA[CL_CI_TEST_SELECT_TAW_A]]></c><c><![CDATA[en]]></c><c><![CDATA[In the case of accesses to <B>unbuffered</B> tables, this check examines the WHERE condition of the SELECT statement according to the criteria listed below.<BR/>1: SELECT statement contains no WHERE condition<BR/>2: WHERE condition contains no field of a table index<BR/>3: WHERE condition contains no first field of a table index<BR/>4: Despite CLIENT SPECIFIED addition, no client field in the WHERE condition<BR/>5: Table does not exist or has no nametab entry]]></c></r><r><c><![CDATA[critere]]></c><c><![CDATA[desc]]></c><c><![CDATA[CL_CI_TEST_SELECT_TAW_A]]></c><c><![CDATA[es]]></c><c><![CDATA[CL_CI_TEST_SELECT_TAW_A]]></c></r><r><c><![CDATA[critere]]></c><c><![CDATA[desc]]></c><c><![CDATA[CL_CI_TEST_SELECT_TAW_A]]></c><c><![CDATA[fr]]></c><c><![CDATA[In the case of accesses to <B>unbuffered</B> tables, this check examines the WHERE condition of the SELECT statement according to the criteria listed below.<BR/>1: SELECT statement contains no WHERE condition<BR/>2: WHERE condition contains no field of a table index<BR/>3: WHERE condition contains no first field of a table index<BR/>4: Despite CLIENT SPECIFIED addition, no client field in the WHERE condition<BR/>5: Table does not exist or has no nametab entry]]></c></r><r><c><![CDATA[critere]]></c><c><![CDATA[lib]]></c><c><![CDATA[CL_CI_TEST_SELECT_TAW_A]]></c><c><![CDATA[en]]></c><c><![CDATA[Analysis of WHERE Condition for SELECT]]></c></r><r><c><![CDATA[critere]]></c><c><![CDATA[lib]]></c><c><![CDATA[CL_CI_TEST_SELECT_TAW_A]]></c><c><![CDATA[es]]></c><c><![CDATA[CL_CI_TEST_SELECT_TAW_A]]></c></r><r><c><![CDATA[critere]]></c><c><![CDATA[lib]]></c><c><![CDATA[CL_CI_TEST_SELECT_TAW_A]]></c><c><![CDATA[fr]]></c><c><![CDATA[Analysis of WHERE Condition for SELECT]]></c></r><r><c><![CDATA[critere]]></c><c><![CDATA[compl]]></c><c><![CDATA[CL_CI_TEST_SELECT_TAW_BYBUF]]></c><c><![CDATA[en]]></c><c><![CDATA[Note: The Code Inspector can currently only correctly analyze WHERE conditions in normal form.]]></c></r><r><c><![CDATA[critere]]></c><c><![CDATA[compl]]></c><c><![CDATA[CL_CI_TEST_SELECT_TAW_BYBUF]]></c><c><![CDATA[fr]]></c><c><![CDATA[Note: The Code Inspector can currently only correctly analyze WHERE conditions in normal form.]]></c></r><r><c><![CDATA[critere]]></c><c><![CDATA[desc]]></c><c><![CDATA[CL_CI_TEST_SELECT_TAW_BYBUF]]></c><c><![CDATA[en]]></c><c><![CDATA[With read accesses, the SAP table buffering, that is the buffering of database tables on the application server, has a major performance advantage over database accesses. Therefore suitable tables should be buffered, and with buffered tables you should avoid bypassing the buffer. ]]></c></r><r><c><![CDATA[critere]]></c><c><![CDATA[desc]]></c><c><![CDATA[CL_CI_TEST_SELECT_TAW_BYBUF]]></c><c><![CDATA[es]]></c><c><![CDATA[CL_CI_TEST_SELECT_TAW_BYBUF]]></c></r><r><c><![CDATA[critere]]></c><c><![CDATA[desc]]></c><c><![CDATA[CL_CI_TEST_SELECT_TAW_BYBUF]]></c><c><![CDATA[fr]]></c><c><![CDATA[With read accesses, the SAP table buffering, that is the buffering of database tables on the application server, has a major performance advantage over database accesses. Therefore suitable tables should be buffered, and with buffered tables you should avoid bypassing the buffer. ]]></c></r><r><c><![CDATA[critere]]></c><c><![CDATA[lib]]></c><c><![CDATA[CL_CI_TEST_SELECT_TAW_BYBUF]]></c><c><![CDATA[en]]></c><c><![CDATA[SELECT Statements that Bypass the Table Buffer]]></c></r><r><c><![CDATA[critere]]></c><c><![CDATA[lib]]></c><c><![CDATA[CL_CI_TEST_SELECT_TAW_BYBUF]]></c><c><![CDATA[es]]></c><c><![CDATA[CL_CI_TEST_SELECT_TAW_BYBUF]]></c></r><r><c><![CDATA[critere]]></c><c><![CDATA[lib]]></c><c><![CDATA[CL_CI_TEST_SELECT_TAW_BYBUF]]></c><c><![CDATA[fr]]></c><c><![CDATA[SELECT Statements that Bypass the Table Buffer]]></c></r><r><c><![CDATA[critere]]></c><c><![CDATA[desc]]></c><c><![CDATA[CL_CI_TEST_SELECT_TAW_SEC01]]></c><c><![CDATA[en]]></c><c><![CDATA[The check examines whether any security-relevant read accesses were made to database tables using SELECT or  OPEN CURSOR [WITH HOLD] c FOR SELECT ...]]></c></r><r><c><![CDATA[critere]]></c><c><![CDATA[desc]]></c><c><![CDATA[CL_CI_TEST_SELECT_TAW_SEC01]]></c><c><![CDATA[es]]></c><c><![CDATA[CL_CI_TEST_SELECT_TAW_SEC01]]></c></r><r><c><![CDATA[critere]]></c><c><![CDATA[desc]]></c><c><![CDATA[CL_CI_TEST_SELECT_TAW_SEC01]]></c><c><![CDATA[fr]]></c><c><![CDATA[The check examines whether any security-relevant read accesses were made to database tables using SELECT or  OPEN CURSOR [WITH HOLD] c FOR SELECT ...]]></c></r><r><c><![CDATA[critere]]></c><c><![CDATA[lib]]></c><c><![CDATA[CL_CI_TEST_SELECT_TAW_SEC01]]></c><c><![CDATA[en]]></c><c><![CDATA[Dynamic and Client-Specific Accesses in SELECT]]></c></r><r><c><![CDATA[critere]]></c><c><![CDATA[lib]]></c><c><![CDATA[CL_CI_TEST_SELECT_TAW_SEC01]]></c><c><![CDATA[es]]></c><c><![CDATA[CL_CI_TEST_SELECT_TAW_SEC01]]></c></r><r><c><![CDATA[critere]]></c><c><![CDATA[lib]]></c><c><![CDATA[CL_CI_TEST_SELECT_TAW_SEC01]]></c><c><![CDATA[fr]]></c><c><![CDATA[Dynamic and Client-Specific Accesses in SELECT]]></c></r><r><c><![CDATA[critere]]></c><c><![CDATA[desc]]></c><c><![CDATA[CL_CI_TEST_SELECT_THEN_CHECK]]></c><c><![CDATA[en]]></c><c><![CDATA[Searches for CHECK  statements that directly follow a SELECT  statement.<BR/>All selection conditions should be specified in the WHERE clause.<BR/>Do not select data and then resort it using CHECK.]]></c></r><r><c><![CDATA[critere]]></c><c><![CDATA[desc]]></c><c><![CDATA[CL_CI_TEST_SELECT_THEN_CHECK]]></c><c><![CDATA[es]]></c><c><![CDATA[CL_CI_TEST_SELECT_THEN_CHECK]]></c></r><r><c><![CDATA[critere]]></c><c><![CDATA[desc]]></c><c><![CDATA[CL_CI_TEST_SELECT_THEN_CHECK]]></c><c><![CDATA[fr]]></c><c><![CDATA[Searches for CHECK  statements that directly follow a SELECT  statement.<BR/>All selection conditions should be specified in the WHERE clause.<BR/>Do not select data and then resort it using CHECK.]]></c></r><r><c><![CDATA[critere]]></c><c><![CDATA[lib]]></c><c><![CDATA[CL_CI_TEST_SELECT_THEN_CHECK]]></c><c><![CDATA[en]]></c><c><![CDATA[SELECT Statement with Subsequent CHECK]]></c></r><r><c><![CDATA[critere]]></c><c><![CDATA[lib]]></c><c><![CDATA[CL_CI_TEST_SELECT_THEN_CHECK]]></c><c><![CDATA[es]]></c><c><![CDATA[CL_CI_TEST_SELECT_THEN_CHECK]]></c></r><r><c><![CDATA[critere]]></c><c><![CDATA[lib]]></c><c><![CDATA[CL_CI_TEST_SELECT_THEN_CHECK]]></c><c><![CDATA[fr]]></c><c><![CDATA[SELECT Statement with Subsequent CHECK]]></c></r><r><c><![CDATA[critere]]></c><c><![CDATA[desc]]></c><c><![CDATA[CL_CI_TEST_SYSUBRC]]></c><c><![CDATA[en]]></c><c><![CDATA[The check examines whether the return value SY-SUBRC is handled after certain language elements.]]></c></r><r><c><![CDATA[critere]]></c><c><![CDATA[desc]]></c><c><![CDATA[CL_CI_TEST_SYSUBRC]]></c><c><![CDATA[es]]></c><c><![CDATA[CL_CI_TEST_SYSUBRC]]></c></r><r><c><![CDATA[critere]]></c><c><![CDATA[desc]]></c><c><![CDATA[CL_CI_TEST_SYSUBRC]]></c><c><![CDATA[fr]]></c><c><![CDATA[The check examines whether the return value SY-SUBRC is handled after certain language elements.]]></c></r><r><c><![CDATA[critere]]></c><c><![CDATA[lib]]></c><c><![CDATA[CL_CI_TEST_SYSUBRC]]></c><c><![CDATA[en]]></c><c><![CDATA[Handling SY-SUBRC]]></c></r><r><c><![CDATA[critere]]></c><c><![CDATA[lib]]></c><c><![CDATA[CL_CI_TEST_SYSUBRC]]></c><c><![CDATA[es]]></c><c><![CDATA[CL_CI_TEST_SYSUBRC]]></c></r><r><c><![CDATA[critere]]></c><c><![CDATA[lib]]></c><c><![CDATA[CL_CI_TEST_SYSUBRC]]></c><c><![CDATA[fr]]></c><c><![CDATA[Handling SY-SUBRC]]></c></r><r><c><![CDATA[critere]]></c><c><![CDATA[lib]]></c><c><![CDATA[CL_CI_TXT]]></c><c><![CDATA[en]]></c><c><![CDATA[Character strings]]></c></r><r><c><![CDATA[critere]]></c><c><![CDATA[lib]]></c><c><![CDATA[CL_CI_TXT]]></c><c><![CDATA[fr]]></c><c><![CDATA[Character strings]]></c></r><r><c><![CDATA[critere]]></c><c><![CDATA[lib]]></c><c><![CDATA[CL_CI_UNR]]></c><c><![CDATA[en]]></c><c><![CDATA[Problematic Statements]]></c></r><r><c><![CDATA[critere]]></c><c><![CDATA[lib]]></c><c><![CDATA[CL_CI_UNR]]></c><c><![CDATA[fr]]></c><c><![CDATA[Problematic Statements]]></c></r><r><c><![CDATA[critere]]></c><c><![CDATA[lib]]></c><c><![CDATA[CL_CI_WRN]]></c><c><![CDATA[en]]></c><c><![CDATA[Syntax check warnings]]></c></r><r><c><![CDATA[critere]]></c><c><![CDATA[lib]]></c><c><![CDATA[CL_CI_WRN]]></c><c><![CDATA[fr]]></c><c><![CDATA[Syntax check warnings]]></c></r></e>