<?xml version="1.0"  encoding="UTF-8"?><e><r><c><![CDATA[AVG_VG]]></c><c/><c/><c><![CDATA[CAQS]]></c><c/><c/><c/><c/><c/><c/></r><r><c><![CDATA[BLANKS]]></c><c/><c/><c><![CDATA[CAQS]]></c><c/><c/><c/><c/><c/><c/></r><r><c><![CDATA[BRANCH]]></c><c/><c/><c><![CDATA[CAQS]]></c><c/><c/><c/><c/><c/><c/></r><r><c><![CDATA[CD]]></c><c/><c/><c><![CDATA[CAQS]]></c><c/><c/><c/><c/><c/><c/></r><r><c><![CDATA[CODE]]></c><c/><c/><c><![CDATA[CAQS]]></c><c/><c/><c/><c/><c/><c/></r><r><c><![CDATA[COMMENTS]]></c><c/><c/><c><![CDATA[CAQS]]></c><c/><c/><c/><c/><c/><c/></r><r><c><![CDATA[COPY_PASTE]]></c><c/><c/><c><![CDATA[CAQS]]></c><c/><c/><c/><c/><c/><c/></r><r><c><![CDATA[CYCLOMATIC_DENSITY]]></c><c/><c/><c><![CDATA[CAQS]]></c><c/><c/><c/><c/><c/><c/></r><r><c><![CDATA[DEC]]></c><c/><c/><c><![CDATA[CAQS]]></c><c/><c/><c/><c/><c/><c/></r><r><c><![CDATA[DECISION_DENSITY]]></c><c/><c/><c><![CDATA[CAQS]]></c><c/><c/><c/><c/><c/><c/></r><r><c><![CDATA[DEP_CT]]></c><c/><c/><c><![CDATA[CAQS]]></c><c/><c/><c/><c/><c/><c/></r><r><c><![CDATA[DEP_ON_CHILD]]></c><c/><c/><c><![CDATA[CAQS]]></c><c/><c/><c/><c/><c/><c/></r><r><c><![CDATA[DESIGN_DENSITY]]></c><c/><c/><c><![CDATA[CAQS]]></c><c/><c/><c/><c/><c/><c/></r><r><c><![CDATA[EDGES]]></c><c/><c/><c><![CDATA[CAQS]]></c><c/><c/><c/><c/><c/><c/></r><r><c><![CDATA[ESSENTIAL_DENSITY]]></c><c/><c/><c><![CDATA[CAQS]]></c><c/><c/><c/><c/><c/><c/></r><r><c><![CDATA[GDV]]></c><c/><c/><c><![CDATA[CAQS]]></c><c/><c/><c/><c/><c/><c/></r><r><c><![CDATA[GDV_SEVERITY]]></c><c/><c/><c><![CDATA[CAQS]]></c><c/><c/><c/><c/><c/><c/></r><r><c><![CDATA[GLOBAL_DATA_DENSITY]]></c><c/><c/><c><![CDATA[CAQS]]></c><c/><c/><c/><c/><c/><c/></r><r><c><![CDATA[HAL_DIFFICULTY]]></c><c/><c/><c><![CDATA[CAQS]]></c><c/><c/><c/><c/><c/><c/></r><r><c><![CDATA[HAL_EFFORT]]></c><c/><c/><c><![CDATA[CAQS]]></c><c/><c/><c/><c/><c/><c/></r><r><c><![CDATA[HAL_ERROR_EST]]></c><c/><c/><c><![CDATA[CAQS]]></c><c/><c/><c/><c/><c/><c/></r><r><c><![CDATA[HAL_INTEL]]></c><c/><c/><c><![CDATA[CAQS]]></c><c/><c/><c/><c/><c/><c/></r><r><c><![CDATA[HAL_LENGTH]]></c><c/><c/><c><![CDATA[CAQS]]></c><c/><c/><c/><c/><c/><c/></r><r><c><![CDATA[HAL_LEVEL]]></c><c/><c/><c><![CDATA[CAQS]]></c><c/><c/><c/><c/><c/><c/></r><r><c><![CDATA[HAL_PROG_TIME]]></c><c/><c/><c><![CDATA[CAQS]]></c><c/><c/><c/><c/><c/><c/></r><r><c><![CDATA[HAL_VOLUME]]></c><c/><c/><c><![CDATA[CAQS]]></c><c/><c/><c/><c/><c/><c/></r><r><c><![CDATA[IN_DATASET]]></c><c/><c/><c><![CDATA[CAQS]]></c><c/><c/><c/><c/><c/><c/></r><r><c><![CDATA[MAINT_SEVERITY]]></c><c/><c/><c><![CDATA[CAQS]]></c><c/><c/><c/><c/><c/><c/></r><r><c><![CDATA[MAX_EVG]]></c><c/><c/><c><![CDATA[CAQS]]></c><c/><c/><c/><c/><c/><c/></r><r><c><![CDATA[MC]]></c><c/><c/><c><![CDATA[CAQS]]></c><c/><c/><c/><c/><c/><c/></r><r><c><![CDATA[MCD]]></c><c/><c/><c><![CDATA[CAQS]]></c><c/><c/><c/><c/><c/><c/></r><r><c><![CDATA[MCDD]]></c><c/><c/><c><![CDATA[CAQS]]></c><c/><c/><c/><c/><c/><c/></r><r><c><![CDATA[MIXED]]></c><c/><c/><c><![CDATA[CAQS]]></c><c/><c/><c/><c/><c/><c/></r><r><c><![CDATA[NIAC]]></c><c/><c/><c><![CDATA[CAQS]]></c><c/><c/><c/><c/><c/><c/></r><r><c><![CDATA[NL]]></c><c/><c/><c><![CDATA[CAQS]]></c><c/><c/><c/><c/><c/><c/></r><r><c><![CDATA[NODES]]></c><c/><c/><c><![CDATA[CAQS]]></c><c/><c/><c/><c/><c/><c/></r><r><c><![CDATA[NORMAL_VG]]></c><c/><c/><c><![CDATA[CAQS]]></c><c/><c/><c/><c/><c/><c/></r><r><c><![CDATA[OOFANIN]]></c><c/><c/><c><![CDATA[CAQS]]></c><c/><c/><c/><c/><c/><c/></r><r><c><![CDATA[OPERAND_COUNT]]></c><c/><c/><c><![CDATA[CAQS]]></c><c/><c/><c/><c/><c/><c/></r><r><c><![CDATA[OPERATOR_COUNT]]></c><c/><c/><c><![CDATA[CAQS]]></c><c/><c/><c/><c/><c/><c/></r><r><c><![CDATA[PARAMS]]></c><c/><c/><c><![CDATA[CAQS]]></c><c/><c/><c/><c/><c/><c/></r><r><c><![CDATA[PCT_COMM]]></c><c/><c/><c><![CDATA[CAQS]]></c><c/><c/><c/><c/><c/><c/></r><r><c><![CDATA[PCT_NOTOV]]></c><c/><c/><c><![CDATA[CAQS]]></c><c/><c/><c/><c/><c/><c/></r><r><c><![CDATA[PROG_SUM_VG]]></c><c/><c/><c><![CDATA[CAQS]]></c><c/><c/><c/><c/><c/><c/></r><r><c><![CDATA[PVG]]></c><c/><c/><c><![CDATA[CAQS]]></c><c/><c/><c/><c/><c/><c/></r><r><c><![CDATA[ROOTCNT]]></c><c/><c/><c><![CDATA[CAQS]]></c><c/><c/><c/><c/><c/><c/></r><r><c><![CDATA[S0]]></c><c/><c/><c><![CDATA[CAQS]]></c><c/><c/><c/><c/><c/><c/></r><r><c><![CDATA[S0_DIV_SUMV]]></c><c/><c/><c><![CDATA[CAQS]]></c><c/><c/><c/><c/><c/><c/></r><r><c><![CDATA[S1]]></c><c/><c/><c><![CDATA[CAQS]]></c><c/><c/><c/><c/><c/><c/></r><r><c><![CDATA[SDR]]></c><c/><c/><c><![CDATA[CAQS]]></c><c/><c/><c/><c/><c/><c/></r><r><c><![CDATA[SDV]]></c><c/><c/><c><![CDATA[CAQS]]></c><c/><c/><c/><c/><c/><c/></r><r><c><![CDATA[START_LINE]]></c><c/><c/><c><![CDATA[CAQS]]></c><c/><c/><c/><c/><c/><c/></r><r><c><![CDATA[UNIQUE_OPERANDS]]></c><c/><c/><c><![CDATA[CAQS]]></c><c/><c/><c/><c/><c/><c/></r><r><c><![CDATA[UNIQUE_OPERATORS]]></c><c/><c/><c><![CDATA[CAQS]]></c><c/><c/><c/><c/><c/><c/></r><r><c><![CDATA[LIENS_MANQUANTS]]></c><c><![CDATA[ANTIPATTERN]]></c><c/><c><![CDATA[CAQS]]></c><c/><c/><c/><c/><c/><c/></r><r><c><![CDATA[LIENS_CS]]></c><c><![CDATA[ANTIPATTERN]]></c><c/><c><![CDATA[CAQS]]></c><c/><c/><c/><c/><c/><c/></r><r><c><![CDATA[LIENS_NP]]></c><c><![CDATA[ANTIPATTERN]]></c><c/><c><![CDATA[CAQS]]></c><c/><c/><c/><c/><c/><c/></r><r><c><![CDATA[RECURSIVITE]]></c><c><![CDATA[ANTIPATTERN]]></c><c/><c><![CDATA[CAQS]]></c><c/><c/><c/><c/><c/><c/></r><r><c><![CDATA[ALL_CODE]]></c><c/><c/><c><![CDATA[CAQS]]></c><c/><c/><c/><c/><c/><c/></r><r><c><![CDATA[ALL_CODE_MET]]></c><c/><c/><c><![CDATA[CAQS]]></c><c/><c/><c/><c/><c/><c/></r><r><c><![CDATA[CALL_PAIR]]></c><c/><c/><c><![CDATA[CAQS]]></c><c/><c/><c/><c/><c/><c/></r><r><c><![CDATA[DEPTH]]></c><c/><c/><c><![CDATA[CAQS]]></c><c/><c/><c/><c/><c/><c/></r><r><c><![CDATA[EVG]]></c><c/><c/><c><![CDATA[CAQS]]></c><c/><c/><c/><c/><c/><c/></r><r><c><![CDATA[IVG]]></c><c/><c/><c><![CDATA[CAQS]]></c><c/><c/><c/><c/><c/><c/></r><r><c><![CDATA[MAX_VG]]></c><c/><c/><c><![CDATA[CAQS]]></c><c/><c/><c/><c/><c/><c/></r><r><c><![CDATA[NOC]]></c><c/><c/><c><![CDATA[CAQS]]></c><c/><c/><c/><c/><c/><c/></r><r><c><![CDATA[RFC]]></c><c/><c/><c><![CDATA[CAQS]]></c><c/><c/><c/><c/><c/><c/></r><r><c><![CDATA[SUM_VG]]></c><c/><c/><c><![CDATA[CAQS]]></c><c/><c/><c/><c/><c/><c/></r><r><c><![CDATA[VG]]></c><c/><c/><c><![CDATA[CAQS]]></c><c/><c/><c/><c/><c/><c/></r><r><c><![CDATA[WMC]]></c><c/><c/><c><![CDATA[CAQS]]></c><c/><c/><c/><c/><c/><c/></r><r><c><![CDATA[CBO]]></c><c/><c/><c><![CDATA[CAQS]]></c><c/><c/><c/><c/><c/><c/></r><r><c><![CDATA[LOCM]]></c><c/><c/><c><![CDATA[CAQS]]></c><c/><c/><c/><c/><c/><c/></r><r><c><![CDATA[PUB_DATA]]></c><c/><c/><c><![CDATA[CAQS]]></c><c/><c/><c/><c/><c/><c/></r><r><c><![CDATA[PUB_ACCESS]]></c><c/><c/><c><![CDATA[CAQS]]></c><c/><c/><c/><c/><c/><c/></r><r><c><![CDATA[MI3]]></c><c/><c/><c><![CDATA[CAQS]]></c><c/><c/><c/><c/><c/><c/></r><r><c><![CDATA[MI4]]></c><c/><c/><c><![CDATA[CAQS]]></c><c/><c/><c/><c/><c/><c/></r><r><c><![CDATA[LOC]]></c><c/><c/><c><![CDATA[CAQS]]></c><c/><c/><c/><c/><c/><c/></r><r><c><![CDATA[CLOC]]></c><c/><c/><c><![CDATA[CAQS]]></c><c/><c/><c/><c/><c/><c/></r><r><c><![CDATA[UNKNOWN-DATA-NAME]]></c><c/><c/><c><![CDATA[CAQS]]></c><c/><c/><c><![CDATA[2008-07-23 14:42:05]]></c><c/><c/><c/></r><r><c><![CDATA[UNKNOWN-PROC-NAME]]></c><c/><c/><c><![CDATA[CAQS]]></c><c/><c/><c><![CDATA[2008-07-23 14:41:57]]></c><c/><c/><c/></r><r><c><![CDATA[COPYLIB-INITIALIZED-LINKAGE-VAR]]></c><c/><c/><c><![CDATA[CAQS]]></c><c/><c/><c><![CDATA[2008-07-23 10:38:06]]></c><c/><c/><c/></r><r><c><![CDATA[ALPHANUMIC-TO-ALPHA]]></c><c/><c/><c><![CDATA[CAQS]]></c><c/><c/><c><![CDATA[2008-07-23 11:01:06]]></c><c/><c/><c/></r><r><c><![CDATA[FANOUT]]></c><c/><c/><c><![CDATA[CAQS]]></c><c/><c/><c/><c/><c/><c/></r><r><c><![CDATA[MAXMCD]]></c><c/><c/><c><![CDATA[CAQS]]></c><c/><c/><c/><c/><c/><c/></r><r><c><![CDATA[TOT-CALL-NB]]></c><c/><c/><c><![CDATA[CAQS]]></c><c/><c><![CDATA[2006-07-17 00:00:00]]></c><c><![CDATA[2008-07-23 09:59:32]]></c><c><![CDATA[2006-07-17 00:00:00]]></c><c/><c/></r><r><c><![CDATA[COMPLEX-COMPUTE]]></c><c/><c/><c><![CDATA[CAQS]]></c><c/><c><![CDATA[2006-07-17 00:00:00]]></c><c><![CDATA[2008-07-23 10:29:10]]></c><c><![CDATA[2006-07-17 00:00:00]]></c><c/><c/></r><r><c><![CDATA[HAL_VOCABULARY]]></c><c/><c/><c><![CDATA[CAQS]]></c><c/><c><![CDATA[2007-11-26 15:16:04]]></c><c><![CDATA[2007-11-26 15:16:04]]></c><c><![CDATA[2007-11-26 15:16:04]]></c><c><![CDATA[2007-11-26 15:16:04]]></c><c/></r><r><c><![CDATA[SA_RF_LINK]]></c><c/><c/><c><![CDATA[CAQS]]></c><c/><c><![CDATA[2008-01-10 00:00:00]]></c><c/><c><![CDATA[2008-01-10 00:00:00]]></c><c/><c/></r><r><c><![CDATA[JSP-MISSING-END-TAG]]></c><c/><c/><c><![CDATA[CAQS]]></c><c/><c><![CDATA[2008-01-08 00:00:00]]></c><c/><c><![CDATA[2008-01-08 00:00:00]]></c><c/><c/></r><r><c><![CDATA[JSP-UNBALANCED-TAG]]></c><c/><c/><c><![CDATA[CAQS]]></c><c/><c><![CDATA[2008-01-08 00:00:00]]></c><c/><c><![CDATA[2008-01-08 00:00:00]]></c><c/><c/></r><r><c><![CDATA[TEST]]></c><c/><c/><c><![CDATA[CAQS]]></c><c/><c><![CDATA[2007-12-18 00:00:00]]></c><c/><c><![CDATA[2007-12-18 00:00:00]]></c><c/><c/></r><r><c><![CDATA[JS_NOSHOWMODALDIALOG]]></c><c/><c/><c><![CDATA[CAQS]]></c><c/><c><![CDATA[2007-12-11 00:00:00]]></c><c/><c><![CDATA[2007-12-11 00:00:00]]></c><c/><c/></r><r><c><![CDATA[JS_ONLYONEINSTRUCTION]]></c><c/><c/><c><![CDATA[CAQS]]></c><c/><c><![CDATA[2007-12-11 00:00:00]]></c><c/><c><![CDATA[2007-12-11 00:00:00]]></c><c/><c/></r><r><c><![CDATA[JS_NODEEPCODE]]></c><c/><c/><c><![CDATA[CAQS]]></c><c/><c><![CDATA[2007-12-11 00:00:00]]></c><c><![CDATA[2008-01-29 00:00:00]]></c><c><![CDATA[2007-12-11 00:00:00]]></c><c/><c/></r><r><c><![CDATA[JS_NEEDSBRACES]]></c><c/><c/><c><![CDATA[CAQS]]></c><c/><c><![CDATA[2007-12-11 00:00:00]]></c><c/><c><![CDATA[2007-12-11 00:00:00]]></c><c/><c/></r><r><c><![CDATA[JSP-NBACTIONINCLUDE]]></c><c/><c/><c><![CDATA[CAQS]]></c><c/><c><![CDATA[2007-12-11 00:00:00]]></c><c/><c><![CDATA[2007-12-11 00:00:00]]></c><c/><c/></r><r><c><![CDATA[DOC_VERSIONS]]></c><c/><c/><c><![CDATA[CAQS]]></c><c/><c><![CDATA[2007-12-11 00:00:00]]></c><c/><c><![CDATA[2007-12-11 00:00:00]]></c><c/><c/></r><r><c><![CDATA[DOC_CHAPITRES]]></c><c/><c/><c><![CDATA[CAQS]]></c><c/><c><![CDATA[2007-12-11 00:00:00]]></c><c/><c><![CDATA[2007-12-11 00:00:00]]></c><c/><c/></r><r><c><![CDATA[DOC_REFERENCESINCOMPREHENSIBLES]]></c><c/><c/><c><![CDATA[CAQS]]></c><c/><c><![CDATA[2007-12-11 00:00:00]]></c><c/><c><![CDATA[2007-12-11 00:00:00]]></c><c/><c/></r><r><c><![CDATA[DOC_HISTORIQUEINCOMPREHENSIBLE]]></c><c/><c/><c><![CDATA[CAQS]]></c><c/><c><![CDATA[2007-12-11 00:00:00]]></c><c/><c><![CDATA[2007-12-11 00:00:00]]></c><c/><c/></r><r><c><![CDATA[DOC_CHAPITRESINCOHERENTS]]></c><c/><c/><c><![CDATA[CAQS]]></c><c/><c><![CDATA[2007-12-11 00:00:00]]></c><c/><c><![CDATA[2007-12-11 00:00:00]]></c><c/><c/></r><r><c><![CDATA[DOC_DIFFUSIONOK]]></c><c/><c/><c><![CDATA[CAQS]]></c><c/><c><![CDATA[2007-12-11 00:00:00]]></c><c/><c><![CDATA[2007-12-11 00:00:00]]></c><c/><c/></r><r><c><![CDATA[JS_JSP_SCRIPT_HEAD]]></c><c/><c/><c><![CDATA[CAQS]]></c><c/><c><![CDATA[2007-12-11 00:00:00]]></c><c/><c><![CDATA[2007-12-11 00:00:00]]></c><c/><c/></r><r><c><![CDATA[JS_JSP_SCRIPT_WITHOUT_LANGUAGE]]></c><c/><c/><c><![CDATA[CAQS]]></c><c/><c><![CDATA[2007-12-11 00:00:00]]></c><c/><c><![CDATA[2007-12-11 00:00:00]]></c><c/><c/></r><r><c><![CDATA[DOC_CHAPITRESABSENTS]]></c><c/><c/><c><![CDATA[CAQS]]></c><c/><c><![CDATA[2007-12-11 00:00:00]]></c><c/><c><![CDATA[2007-12-11 00:00:00]]></c><c/><c/></r><r><c><![CDATA[JS_SWITCH_WITHOUT_DEFAULT]]></c><c/><c/><c><![CDATA[CAQS]]></c><c/><c><![CDATA[2007-12-11 00:00:00]]></c><c/><c><![CDATA[2007-12-11 00:00:00]]></c><c/><c/></r><r><c><![CDATA[JS_EMPTY_BLOCK]]></c><c/><c/><c><![CDATA[CAQS]]></c><c/><c><![CDATA[2007-12-11 00:00:00]]></c><c/><c><![CDATA[2007-12-11 00:00:00]]></c><c/><c/></r><r><c><![CDATA[JS_COMMENT_PERCENT]]></c><c/><c/><c><![CDATA[CAQS]]></c><c/><c><![CDATA[2007-12-11 00:00:00]]></c><c/><c><![CDATA[2007-12-11 00:00:00]]></c><c/><c/></r><r><c><![CDATA[DOC_PRESENTATIONOK]]></c><c/><c/><c><![CDATA[CAQS]]></c><c/><c><![CDATA[2007-12-11 00:00:00]]></c><c/><c><![CDATA[2007-12-11 00:00:00]]></c><c/><c/></r><r><c><![CDATA[JSP-LOC]]></c><c/><c/><c><![CDATA[CAQS]]></c><c/><c><![CDATA[2007-12-11 00:00:00]]></c><c><![CDATA[2007-12-11 00:00:00]]></c><c><![CDATA[2007-12-11 00:00:00]]></c><c/><c/></r><r><c><![CDATA[JSP-NBCLASSATTRIBUTE]]></c><c/><c/><c><![CDATA[CAQS]]></c><c/><c><![CDATA[2007-12-10 00:00:00]]></c><c><![CDATA[2007-12-10 00:00:00]]></c><c><![CDATA[2007-12-10 00:00:00]]></c><c/><c/></r><r><c><![CDATA[JSP-NBJSPDIRECTIVEINCLUDE]]></c><c/><c/><c><![CDATA[CAQS]]></c><c/><c><![CDATA[2007-12-10 00:00:00]]></c><c><![CDATA[2007-12-10 00:00:00]]></c><c><![CDATA[2007-12-10 00:00:00]]></c><c/><c/></r><r><c><![CDATA[JSP-NBCUSTOMTAG]]></c><c/><c/><c><![CDATA[CAQS]]></c><c/><c><![CDATA[2007-12-10 00:00:00]]></c><c><![CDATA[2007-12-10 00:00:00]]></c><c><![CDATA[2007-12-10 00:00:00]]></c><c/><c/></r><r><c><![CDATA[JSP-NBSCRIPTLET]]></c><c/><c/><c><![CDATA[CAQS]]></c><c/><c><![CDATA[2007-12-10 00:00:00]]></c><c><![CDATA[2007-12-10 00:00:00]]></c><c><![CDATA[2007-12-10 00:00:00]]></c><c/><c/></r><r><c><![CDATA[PLANNED]]></c><c/><c/><c><![CDATA[CAQS]]></c><c/><c><![CDATA[2008-06-20 00:00:00]]></c><c/><c><![CDATA[2008-06-20 00:00:00]]></c><c/><c/></r><r><c><![CDATA[ACTUAL]]></c><c/><c/><c><![CDATA[CAQS]]></c><c/><c><![CDATA[2008-06-20 00:00:00]]></c><c/><c><![CDATA[2008-06-20 00:00:00]]></c><c/><c/></r><r><c><![CDATA[TOBEDONE]]></c><c/><c/><c><![CDATA[CAQS]]></c><c/><c><![CDATA[2008-06-20 00:00:00]]></c><c/><c><![CDATA[2008-06-20 00:00:00]]></c><c/><c/></r><r><c><![CDATA[PROCEDURE-NL]]></c><c/><c/><c><![CDATA[CAQS]]></c><c/><c><![CDATA[2008-07-09 00:00:00]]></c><c/><c><![CDATA[2008-07-09 00:00:00]]></c><c/><c/></r><r><c><![CDATA[PROCEDURE-COMMENTS-NL]]></c><c/><c/><c><![CDATA[CAQS]]></c><c/><c><![CDATA[2008-07-09 00:00:00]]></c><c><![CDATA[2008-07-23 09:01:49]]></c><c><![CDATA[2008-07-09 00:00:00]]></c><c/><c/></r><r><c><![CDATA[DOC_LIGNES]]></c><c/><c/><c><![CDATA[CAQS]]></c><c/><c><![CDATA[2007-12-11 00:00:00]]></c><c/><c><![CDATA[2007-12-11 00:00:00]]></c><c/><c/></r><r><c><![CDATA[DOC_PAGES]]></c><c/><c/><c><![CDATA[CAQS]]></c><c/><c><![CDATA[2007-12-11 00:00:00]]></c><c/><c><![CDATA[2007-12-11 00:00:00]]></c><c/><c/></r><r><c><![CDATA[DOC_REFERENCESAMBIGUES]]></c><c/><c/><c><![CDATA[CAQS]]></c><c/><c><![CDATA[2007-12-11 00:00:00]]></c><c/><c><![CDATA[2007-12-11 00:00:00]]></c><c/><c/></r><r><c><![CDATA[DOC_ORTHOGRAPHE]]></c><c/><c/><c><![CDATA[CAQS]]></c><c/><c><![CDATA[2007-12-11 00:00:00]]></c><c/><c><![CDATA[2007-12-11 00:00:00]]></c><c/><c/></r><r><c><![CDATA[DOC_PAGINATIONOK]]></c><c/><c/><c><![CDATA[CAQS]]></c><c/><c><![CDATA[2007-12-11 00:00:00]]></c><c/><c><![CDATA[2007-12-11 00:00:00]]></c><c/><c/></r><r><c><![CDATA[JS_JSP_EXTERNALIZE_JS]]></c><c/><c/><c><![CDATA[CAQS]]></c><c/><c><![CDATA[2007-12-11 00:00:00]]></c><c/><c><![CDATA[2007-12-11 00:00:00]]></c><c/><c/></r><r><c><![CDATA[DOC_DESCRIPTIONOK]]></c><c/><c/><c><![CDATA[CAQS]]></c><c/><c><![CDATA[2007-12-11 00:00:00]]></c><c/><c><![CDATA[2007-12-11 00:00:00]]></c><c/><c/></r><r><c><![CDATA[DOC_CHAPITRESNONCONFORMES]]></c><c/><c/><c><![CDATA[CAQS]]></c><c/><c><![CDATA[2007-12-11 00:00:00]]></c><c/><c><![CDATA[2007-12-11 00:00:00]]></c><c/><c/></r><r><c><![CDATA[JS_MISSING_HEADERDOC]]></c><c/><c/><c><![CDATA[CAQS]]></c><c/><c><![CDATA[2007-12-11 00:00:00]]></c><c/><c><![CDATA[2007-12-11 00:00:00]]></c><c/><c/></r><r><c><![CDATA[DOC_HISTORIQUECONFORME]]></c><c/><c/><c><![CDATA[CAQS]]></c><c/><c><![CDATA[2007-12-11 00:00:00]]></c><c/><c><![CDATA[2007-12-11 00:00:00]]></c><c/><c/></r><r><c><![CDATA[JSP-NBSCRIPT]]></c><c/><c/><c><![CDATA[CAQS]]></c><c/><c><![CDATA[2007-12-10 00:00:00]]></c><c><![CDATA[2007-12-10 00:00:00]]></c><c><![CDATA[2007-12-10 00:00:00]]></c><c/><c/></r><r><c><![CDATA[JSP-NBEXPRESSION]]></c><c/><c/><c><![CDATA[CAQS]]></c><c/><c><![CDATA[2007-12-10 00:00:00]]></c><c><![CDATA[2007-12-10 00:00:00]]></c><c><![CDATA[2007-12-10 00:00:00]]></c><c/><c/></r><r><c><![CDATA[DOC_DOCUMENTOK]]></c><c/><c/><c><![CDATA[CAQS]]></c><c/><c><![CDATA[2007-12-10 00:00:00]]></c><c><![CDATA[2007-12-10 00:00:00]]></c><c><![CDATA[2007-12-10 00:00:00]]></c><c><![CDATA[2007-12-10 00:00:00]]></c><c/></r><r><c><![CDATA[SPRING_USE]]></c><c/><c/><c><![CDATA[CAQS]]></c><c/><c><![CDATA[2007-12-10 00:00:00]]></c><c><![CDATA[2007-12-10 00:00:00]]></c><c><![CDATA[2007-12-10 00:00:00]]></c><c/><c/></r><r><c><![CDATA[DOC_SCHEMAS]]></c><c/><c/><c><![CDATA[CAQS]]></c><c/><c><![CDATA[2007-12-11 00:00:00]]></c><c/><c><![CDATA[2007-12-11 00:00:00]]></c><c/><c/></r><r><c><![CDATA[DOC_REFERENCES]]></c><c/><c/><c><![CDATA[CAQS]]></c><c/><c><![CDATA[2007-12-11 00:00:00]]></c><c/><c><![CDATA[2007-12-11 00:00:00]]></c><c/><c/></r><r><c><![CDATA[DOC_CHAPITRESDT]]></c><c/><c/><c><![CDATA[CAQS]]></c><c/><c><![CDATA[2007-12-11 00:00:00]]></c><c/><c><![CDATA[2007-12-11 00:00:00]]></c><c/><c/></r><r><c><![CDATA[DOC_CHAPITRESAMBIGUS]]></c><c/><c/><c><![CDATA[CAQS]]></c><c/><c><![CDATA[2007-12-11 00:00:00]]></c><c/><c><![CDATA[2007-12-11 00:00:00]]></c><c/><c/></r><r><c><![CDATA[DOC_HISTORIQUEAMBIGU]]></c><c/><c/><c><![CDATA[CAQS]]></c><c/><c><![CDATA[2007-12-11 00:00:00]]></c><c/><c><![CDATA[2007-12-11 00:00:00]]></c><c/><c/></r><r><c><![CDATA[DOC_CHAPITRESINCOMPREHENSIBLES]]></c><c/><c/><c><![CDATA[CAQS]]></c><c/><c><![CDATA[2007-12-11 00:00:00]]></c><c/><c><![CDATA[2007-12-11 00:00:00]]></c><c/><c/></r><r><c><![CDATA[DOC_REFERENCESINCOHERENTES]]></c><c/><c/><c><![CDATA[CAQS]]></c><c/><c><![CDATA[2007-12-11 00:00:00]]></c><c/><c><![CDATA[2007-12-11 00:00:00]]></c><c/><c/></r><r><c><![CDATA[DOC_SOMMAIREOK]]></c><c/><c/><c><![CDATA[CAQS]]></c><c/><c><![CDATA[2007-12-11 00:00:00]]></c><c/><c><![CDATA[2007-12-11 00:00:00]]></c><c/><c/></r><r><c><![CDATA[DOC_APPROBATIONOK]]></c><c/><c/><c><![CDATA[CAQS]]></c><c/><c><![CDATA[2007-12-11 00:00:00]]></c><c/><c><![CDATA[2007-12-11 00:00:00]]></c><c/><c/></r><r><c><![CDATA[DOC_VALIDATIONOK]]></c><c/><c/><c><![CDATA[CAQS]]></c><c/><c><![CDATA[2007-12-11 00:00:00]]></c><c/><c><![CDATA[2007-12-11 00:00:00]]></c><c/><c/></r><r><c><![CDATA[JS_JSP_HARDCODE_STRING]]></c><c/><c/><c><![CDATA[CAQS]]></c><c/><c><![CDATA[2007-12-11 00:00:00]]></c><c/><c><![CDATA[2007-12-11 00:00:00]]></c><c/><c/></r><r><c><![CDATA[JS_JSP_FACTOR_TAGLIB]]></c><c/><c/><c><![CDATA[CAQS]]></c><c/><c><![CDATA[2007-12-11 00:00:00]]></c><c/><c><![CDATA[2007-12-11 00:00:00]]></c><c/><c/></r><r><c><![CDATA[DOC_HISTORIQUEOK]]></c><c/><c/><c><![CDATA[CAQS]]></c><c/><c><![CDATA[2007-12-11 00:00:00]]></c><c/><c><![CDATA[2007-12-11 00:00:00]]></c><c/><c/></r><r><c><![CDATA[DOC_CHAPITRESPLUS]]></c><c/><c/><c><![CDATA[CAQS]]></c><c/><c><![CDATA[2007-12-11 00:00:00]]></c><c/><c><![CDATA[2007-12-11 00:00:00]]></c><c/><c/></r><r><c><![CDATA[JS_IMPLICIT_CAST_COMPARE]]></c><c/><c/><c><![CDATA[CAQS]]></c><c/><c><![CDATA[2007-12-11 00:00:00]]></c><c/><c><![CDATA[2007-12-11 00:00:00]]></c><c/><c/></r><r><c><![CDATA[JS_NAN_TEST]]></c><c/><c/><c><![CDATA[CAQS]]></c><c/><c><![CDATA[2007-12-11 00:00:00]]></c><c/><c><![CDATA[2007-12-11 00:00:00]]></c><c/><c/></r><r><c><![CDATA[JS_INT_PARSING]]></c><c/><c/><c><![CDATA[CAQS]]></c><c/><c><![CDATA[2007-12-11 00:00:00]]></c><c/><c><![CDATA[2007-12-11 00:00:00]]></c><c/><c/></r><r><c><![CDATA[DOC_HEADERFOOTEROK]]></c><c/><c/><c><![CDATA[CAQS]]></c><c/><c><![CDATA[2007-12-11 00:00:00]]></c><c/><c><![CDATA[2007-12-11 00:00:00]]></c><c/><c/></r><r><c><![CDATA[JS_DBLE_QUOTE]]></c><c/><c/><c><![CDATA[CAQS]]></c><c/><c><![CDATA[2007-12-11 00:00:00]]></c><c/><c><![CDATA[2007-12-11 00:00:00]]></c><c/><c/></r><r><c><![CDATA[JSP-CLOC]]></c><c/><c/><c><![CDATA[CAQS]]></c><c/><c><![CDATA[2007-12-11 00:00:00]]></c><c><![CDATA[2007-12-11 00:00:00]]></c><c><![CDATA[2007-12-11 00:00:00]]></c><c/><c/></r><r><c><![CDATA[JSP-NBSTYLEATTR]]></c><c/><c/><c><![CDATA[CAQS]]></c><c/><c><![CDATA[2007-12-10 00:00:00]]></c><c><![CDATA[2007-12-10 00:00:00]]></c><c><![CDATA[2007-12-10 00:00:00]]></c><c/><c/></r><r><c><![CDATA[JSP-NBSTYLETAG]]></c><c/><c/><c><![CDATA[CAQS]]></c><c/><c><![CDATA[2007-12-10 00:00:00]]></c><c><![CDATA[2007-12-10 00:00:00]]></c><c><![CDATA[2007-12-10 00:00:00]]></c><c/><c/></r><r><c><![CDATA[JSP-NBSCRIPT-WITHOUT-LANGUAGE]]></c><c/><c/><c><![CDATA[CAQS]]></c><c/><c><![CDATA[2007-12-10 00:00:00]]></c><c><![CDATA[2007-12-10 00:00:00]]></c><c><![CDATA[2007-12-10 00:00:00]]></c><c/><c/></r><r><c><![CDATA[JSP-HTMLCOMMENT]]></c><c/><c/><c><![CDATA[CAQS]]></c><c/><c><![CDATA[2007-12-10 00:00:00]]></c><c><![CDATA[2007-12-10 00:00:00]]></c><c><![CDATA[2007-12-10 00:00:00]]></c><c/><c/></r><r><c><![CDATA[STRUTS_USE]]></c><c/><c/><c><![CDATA[CAQS]]></c><c/><c><![CDATA[2007-12-10 00:00:00]]></c><c><![CDATA[2007-12-10 00:00:00]]></c><c><![CDATA[2007-12-10 00:00:00]]></c><c/><c/></r><r><c><![CDATA[ENTETE]]></c><c/><c/><c><![CDATA[CAQS]]></c><c/><c><![CDATA[2008-07-23 00:00:00]]></c><c/><c><![CDATA[2008-07-23 00:00:00]]></c><c/><c/></r><r><c><![CDATA[COBOL_EFFORT]]></c><c/><c/><c><![CDATA[CAQS]]></c><c/><c><![CDATA[2008-07-23 00:00:00]]></c><c/><c><![CDATA[2008-07-23 00:00:00]]></c><c/><c/></r><r><c><![CDATA[COBOL_DIFFICULTY]]></c><c/><c/><c><![CDATA[CAQS]]></c><c/><c><![CDATA[2008-07-23 00:00:00]]></c><c/><c><![CDATA[2008-07-23 00:00:00]]></c><c/><c/></r><r><c><![CDATA[COBOL_TOTAL_OPERANDS]]></c><c/><c/><c><![CDATA[CAQS]]></c><c/><c><![CDATA[2008-07-23 00:00:00]]></c><c/><c><![CDATA[2008-07-23 00:00:00]]></c><c/><c/></r><r><c><![CDATA[COBOL_UNIQUE_OPERANDS]]></c><c/><c/><c><![CDATA[CAQS]]></c><c/><c><![CDATA[2008-07-23 00:00:00]]></c><c/><c><![CDATA[2008-07-23 00:00:00]]></c><c/><c/></r><r><c><![CDATA[COBOL_UNIQUE_OPERATORS]]></c><c/><c/><c><![CDATA[CAQS]]></c><c/><c><![CDATA[2008-07-23 00:00:00]]></c><c/><c><![CDATA[2008-07-23 00:00:00]]></c><c/><c/></r><r><c><![CDATA[CL_CI_TEST_EXTENDED_CHECK_0024]]></c><c/><c/><c><![CDATA[CODEINSPECTOR]]></c><c/><c><![CDATA[2008-07-18 00:00:00]]></c><c/><c><![CDATA[2008-07-18 00:00:00]]></c><c/><c/></r><r><c><![CDATA[CL_CI_TEST_EXTENDED_CHECK_0025]]></c><c/><c/><c><![CDATA[CODEINSPECTOR]]></c><c/><c><![CDATA[2008-07-18 00:00:00]]></c><c/><c><![CDATA[2008-07-18 00:00:00]]></c><c/><c/></r><r><c><![CDATA[CL_CI_TEST_EXTENDED_CHECK_0033]]></c><c/><c/><c><![CDATA[CODEINSPECTOR]]></c><c/><c><![CDATA[2008-07-18 00:00:00]]></c><c/><c><![CDATA[2008-07-18 00:00:00]]></c><c/><c/></r><r><c><![CDATA[CL_CI_TEST_EXTENDED_CHECK_0036]]></c><c/><c/><c><![CDATA[CODEINSPECTOR]]></c><c/><c><![CDATA[2008-07-18 00:00:00]]></c><c/><c><![CDATA[2008-07-18 00:00:00]]></c><c/><c/></r><r><c><![CDATA[CL_CI_TEST_EXTENDED_CHECK_0037]]></c><c/><c/><c><![CDATA[CODEINSPECTOR]]></c><c/><c><![CDATA[2008-07-18 00:00:00]]></c><c/><c><![CDATA[2008-07-18 00:00:00]]></c><c/><c/></r><r><c><![CDATA[CL_CI_TEST_EXTENDED_CHECK_0038]]></c><c/><c/><c><![CDATA[CODEINSPECTOR]]></c><c/><c><![CDATA[2008-07-18 00:00:00]]></c><c/><c><![CDATA[2008-07-18 00:00:00]]></c><c/><c/></r><r><c><![CDATA[CL_CI_TEST_EXTENDED_CHECK_0039]]></c><c/><c/><c><![CDATA[CODEINSPECTOR]]></c><c/><c><![CDATA[2008-07-18 00:00:00]]></c><c/><c><![CDATA[2008-07-18 00:00:00]]></c><c/><c/></r><r><c><![CDATA[CL_CI_TEST_EXTENDED_CHECK_0040]]></c><c/><c/><c><![CDATA[CODEINSPECTOR]]></c><c/><c><![CDATA[2008-07-18 00:00:00]]></c><c/><c><![CDATA[2008-07-18 00:00:00]]></c><c/><c/></r><r><c><![CDATA[CL_CI_TEST_EXTENDED_CHECK_0041]]></c><c/><c/><c><![CDATA[CODEINSPECTOR]]></c><c/><c><![CDATA[2008-07-18 00:00:00]]></c><c/><c><![CDATA[2008-07-18 00:00:00]]></c><c/><c/></r><r><c><![CDATA[CL_CI_TEST_EXTENDED_CHECK_0042]]></c><c/><c/><c><![CDATA[CODEINSPECTOR]]></c><c/><c><![CDATA[2008-07-18 00:00:00]]></c><c/><c><![CDATA[2008-07-18 00:00:00]]></c><c/><c/></r><r><c><![CDATA[CL_CI_TEST_EXTENDED_CHECK_0043]]></c><c/><c/><c><![CDATA[CODEINSPECTOR]]></c><c/><c><![CDATA[2008-07-18 00:00:00]]></c><c/><c><![CDATA[2008-07-18 00:00:00]]></c><c/><c/></r><r><c><![CDATA[CL_CI_TEST_EXTENDED_CHECK_0044]]></c><c/><c/><c><![CDATA[CODEINSPECTOR]]></c><c/><c><![CDATA[2008-07-18 00:00:00]]></c><c/><c><![CDATA[2008-07-18 00:00:00]]></c><c/><c/></r><r><c><![CDATA[CL_CI_TEST_EXTENDED_CHECK_0100]]></c><c/><c/><c><![CDATA[CODEINSPECTOR]]></c><c/><c><![CDATA[2008-07-18 00:00:00]]></c><c/><c><![CDATA[2008-07-18 00:00:00]]></c><c/><c/></r><r><c><![CDATA[CL_CI_TEST_EXTENDED_CHECK_0101]]></c><c/><c/><c><![CDATA[CODEINSPECTOR]]></c><c/><c><![CDATA[2008-07-18 00:00:00]]></c><c/><c><![CDATA[2008-07-18 00:00:00]]></c><c/><c/></r><r><c><![CDATA[CL_CI_TEST_EXTENDED_CHECK_0102]]></c><c/><c/><c><![CDATA[CODEINSPECTOR]]></c><c/><c><![CDATA[2008-07-18 00:00:00]]></c><c/><c><![CDATA[2008-07-18 00:00:00]]></c><c/><c/></r><r><c><![CDATA[CL_CI_TEST_EXTENDED_CHECK_0801]]></c><c/><c/><c><![CDATA[CODEINSPECTOR]]></c><c/><c><![CDATA[2008-07-18 00:00:00]]></c><c/><c><![CDATA[2008-07-18 00:00:00]]></c><c/><c/></r><r><c><![CDATA[CL_CI_TEST_EXTENDED_CHECK_0802]]></c><c/><c/><c><![CDATA[CODEINSPECTOR]]></c><c/><c><![CDATA[2008-07-18 00:00:00]]></c><c/><c><![CDATA[2008-07-18 00:00:00]]></c><c/><c/></r><r><c><![CDATA[CL_CI_TEST_EXTENDED_CHECK_0803]]></c><c/><c/><c><![CDATA[CODEINSPECTOR]]></c><c/><c><![CDATA[2008-07-18 00:00:00]]></c><c/><c><![CDATA[2008-07-18 00:00:00]]></c><c/><c/></r><r><c><![CDATA[CL_CI_TEST_EXTENDED_CHECK_0804]]></c><c/><c/><c><![CDATA[CODEINSPECTOR]]></c><c/><c><![CDATA[2008-07-18 00:00:00]]></c><c/><c><![CDATA[2008-07-18 00:00:00]]></c><c/><c/></r><r><c><![CDATA[CL_CI_TEST_EXTENDED_CHECK_0805]]></c><c/><c/><c><![CDATA[CODEINSPECTOR]]></c><c/><c><![CDATA[2008-07-18 00:00:00]]></c><c/><c><![CDATA[2008-07-18 00:00:00]]></c><c/><c/></r><r><c><![CDATA[CL_CI_TEST_EXTENDED_CHECK_0806]]></c><c/><c/><c><![CDATA[CODEINSPECTOR]]></c><c/><c><![CDATA[2008-07-18 00:00:00]]></c><c/><c><![CDATA[2008-07-18 00:00:00]]></c><c/><c/></r><r><c><![CDATA[CL_CI_TEST_EXTENDED_CHECK_0807]]></c><c/><c/><c><![CDATA[CODEINSPECTOR]]></c><c/><c><![CDATA[2008-07-18 00:00:00]]></c><c/><c><![CDATA[2008-07-18 00:00:00]]></c><c/><c/></r><r><c><![CDATA[CL_CI_TEST_EXTENDED_CHECK_0901]]></c><c/><c/><c><![CDATA[CODEINSPECTOR]]></c><c/><c><![CDATA[2008-07-18 00:00:00]]></c><c/><c><![CDATA[2008-07-18 00:00:00]]></c><c/><c/></r><r><c><![CDATA[CL_CI_TEST_EXTENDED_CHECK_0903]]></c><c/><c/><c><![CDATA[CODEINSPECTOR]]></c><c/><c><![CDATA[2008-07-18 00:00:00]]></c><c/><c><![CDATA[2008-07-18 00:00:00]]></c><c/><c/></r><r><c><![CDATA[CL_CI_TEST_EXTENDED_CHECK_0905]]></c><c/><c/><c><![CDATA[CODEINSPECTOR]]></c><c/><c><![CDATA[2008-07-18 00:00:00]]></c><c/><c><![CDATA[2008-07-18 00:00:00]]></c><c/><c/></r><r><c><![CDATA[CL_CI_TEST_IMUD_TAW_A_0002]]></c><c/><c/><c><![CDATA[CODEINSPECTOR]]></c><c/><c><![CDATA[2008-07-17 00:00:00]]></c><c/><c><![CDATA[2008-07-17 00:00:00]]></c><c/><c/></r><r><c><![CDATA[CL_CI_TEST_IMUD_TAW_A_0004]]></c><c/><c/><c><![CDATA[CODEINSPECTOR]]></c><c/><c><![CDATA[2008-07-17 00:00:00]]></c><c/><c><![CDATA[2008-07-17 00:00:00]]></c><c/><c/></r><r><c><![CDATA[CL_CI_TEST_SELECT_TAW_BYBUF_0001]]></c><c/><c/><c><![CDATA[CODEINSPECTOR]]></c><c/><c><![CDATA[2008-07-17 00:00:00]]></c><c/><c><![CDATA[2008-07-17 00:00:00]]></c><c/><c/></r><r><c><![CDATA[CL_CI_TEST_SELECT_TAW_BYBUF_0002]]></c><c/><c/><c><![CDATA[CODEINSPECTOR]]></c><c/><c><![CDATA[2008-07-17 00:00:00]]></c><c/><c><![CDATA[2008-07-17 00:00:00]]></c><c/><c/></r><r><c><![CDATA[CL_CI_TEST_SELECT_TAW_BYBUF_0003]]></c><c/><c/><c><![CDATA[CODEINSPECTOR]]></c><c/><c><![CDATA[2008-07-17 00:00:00]]></c><c/><c><![CDATA[2008-07-17 00:00:00]]></c><c/><c/></r><r><c><![CDATA[CL_CI_TEST_SELECT_TAW_BYBUF_0004]]></c><c/><c/><c><![CDATA[CODEINSPECTOR]]></c><c/><c><![CDATA[2008-07-17 00:00:00]]></c><c/><c><![CDATA[2008-07-17 00:00:00]]></c><c/><c/></r><r><c><![CDATA[CL_CI_TEST_SELECT_TAW_BYBUF_0005]]></c><c/><c/><c><![CDATA[CODEINSPECTOR]]></c><c/><c><![CDATA[2008-07-17 00:00:00]]></c><c/><c><![CDATA[2008-07-17 00:00:00]]></c><c/><c/></r><r><c><![CDATA[CL_CI_TEST_SELECT_TAW_BYBUF_0006]]></c><c/><c/><c><![CDATA[CODEINSPECTOR]]></c><c/><c><![CDATA[2008-07-17 00:00:00]]></c><c/><c><![CDATA[2008-07-17 00:00:00]]></c><c/><c/></r><r><c><![CDATA[CL_CI_TEST_IMUD_NESTED_0001]]></c><c/><c/><c><![CDATA[CODEINSPECTOR]]></c><c/><c><![CDATA[2008-07-18 00:00:00]]></c><c><![CDATA[2008-07-18 00:00:00]]></c><c><![CDATA[2008-07-18 00:00:00]]></c><c/><c/></r><r><c><![CDATA[CL_CI_TEST_DDIC_TABLES_0001]]></c><c/><c/><c><![CDATA[CODEINSPECTOR]]></c><c/><c><![CDATA[2008-07-18 00:00:00]]></c><c/><c><![CDATA[2008-07-18 00:00:00]]></c><c/><c/></r><r><c><![CDATA[CL_CI_TEST_DDIC_TABLES_0002]]></c><c/><c/><c><![CDATA[CODEINSPECTOR]]></c><c/><c><![CDATA[2008-07-18 00:00:00]]></c><c/><c><![CDATA[2008-07-18 00:00:00]]></c><c/><c/></r><r><c><![CDATA[CL_CI_TEST_DDIC_TABLES_0003]]></c><c/><c/><c><![CDATA[CODEINSPECTOR]]></c><c/><c><![CDATA[2008-07-18 00:00:00]]></c><c/><c><![CDATA[2008-07-18 00:00:00]]></c><c/><c/></r><r><c><![CDATA[CL_CI_TEST_DDIC_TABLES_0010]]></c><c/><c/><c><![CDATA[CODEINSPECTOR]]></c><c/><c><![CDATA[2008-07-18 00:00:00]]></c><c/><c><![CDATA[2008-07-18 00:00:00]]></c><c/><c/></r><r><c><![CDATA[CL_CI_TEST_DDIC_TABLES_0011]]></c><c/><c/><c><![CDATA[CODEINSPECTOR]]></c><c/><c><![CDATA[2008-07-18 00:00:00]]></c><c><![CDATA[2008-07-18 00:00:00]]></c><c><![CDATA[2008-07-18 00:00:00]]></c><c/><c/></r><r><c><![CDATA[CL_CI_TEST_DDIC_TABLES_0012]]></c><c/><c/><c><![CDATA[CODEINSPECTOR]]></c><c/><c><![CDATA[2008-07-18 00:00:00]]></c><c/><c><![CDATA[2008-07-18 00:00:00]]></c><c/><c/></r><r><c><![CDATA[CL_CI_TEST_DDIC_TABLES_0013]]></c><c/><c/><c><![CDATA[CODEINSPECTOR]]></c><c/><c><![CDATA[2008-07-18 00:00:00]]></c><c/><c><![CDATA[2008-07-18 00:00:00]]></c><c/><c/></r><r><c><![CDATA[CL_CI_TEST_DDIC_TABLES_0014]]></c><c/><c/><c><![CDATA[CODEINSPECTOR]]></c><c/><c><![CDATA[2008-07-18 00:00:00]]></c><c/><c><![CDATA[2008-07-18 00:00:00]]></c><c/><c/></r><r><c><![CDATA[CL_CI_TEST_DDIC_TABLES_0015]]></c><c/><c/><c><![CDATA[CODEINSPECTOR]]></c><c/><c><![CDATA[2008-07-18 00:00:00]]></c><c/><c><![CDATA[2008-07-18 00:00:00]]></c><c/><c/></r><r><c><![CDATA[CL_CI_TEST_DDIC_TABLES_0016]]></c><c/><c/><c><![CDATA[CODEINSPECTOR]]></c><c/><c><![CDATA[2008-07-18 00:00:00]]></c><c/><c><![CDATA[2008-07-18 00:00:00]]></c><c/><c/></r><r><c><![CDATA[CL_CI_TEST_DDIC_TABLES_0030]]></c><c/><c/><c><![CDATA[CODEINSPECTOR]]></c><c/><c><![CDATA[2008-07-18 00:00:00]]></c><c/><c><![CDATA[2008-07-18 00:00:00]]></c><c/><c/></r><r><c><![CDATA[CL_CI_TEST_SELECT_TAW_A_0001]]></c><c/><c/><c><![CDATA[CODEINSPECTOR]]></c><c/><c><![CDATA[2008-07-17 00:00:00]]></c><c/><c><![CDATA[2008-07-17 00:00:00]]></c><c/><c/></r><r><c><![CDATA[CL_CI_TEST_SELECT_TAW_A_0002]]></c><c/><c/><c><![CDATA[CODEINSPECTOR]]></c><c/><c><![CDATA[2008-07-17 00:00:00]]></c><c/><c><![CDATA[2008-07-17 00:00:00]]></c><c/><c/></r><r><c><![CDATA[CL_CI_TEST_SELECT_TAW_A_0010]]></c><c/><c/><c><![CDATA[CODEINSPECTOR]]></c><c/><c><![CDATA[2008-07-17 00:00:00]]></c><c/><c><![CDATA[2008-07-17 00:00:00]]></c><c/><c/></r><r><c><![CDATA[CL_CI_TEST_SELECT_TAW_A_0003]]></c><c/><c/><c><![CDATA[CODEINSPECTOR]]></c><c/><c><![CDATA[2008-07-17 00:00:00]]></c><c/><c><![CDATA[2008-07-17 00:00:00]]></c><c/><c/></r><r><c><![CDATA[CL_CI_TEST_SELECT_TAW_A_0004]]></c><c/><c/><c><![CDATA[CODEINSPECTOR]]></c><c/><c><![CDATA[2008-07-17 00:00:00]]></c><c/><c><![CDATA[2008-07-17 00:00:00]]></c><c/><c/></r><r><c><![CDATA[CL_CI_TEST_IMUD_TAW_A_0001]]></c><c/><c/><c><![CDATA[CODEINSPECTOR]]></c><c/><c><![CDATA[2008-07-17 00:00:00]]></c><c/><c><![CDATA[2008-07-17 00:00:00]]></c><c/><c/></r><r><c><![CDATA[CL_CI_TEST_DDIC_TABLES_0031]]></c><c/><c/><c><![CDATA[CODEINSPECTOR]]></c><c/><c><![CDATA[2008-07-18 00:00:00]]></c><c/><c><![CDATA[2008-07-18 00:00:00]]></c><c/><c/></r><r><c><![CDATA[CL_CI_TEST_DDIC_TABLES_0032]]></c><c/><c/><c><![CDATA[CODEINSPECTOR]]></c><c/><c><![CDATA[2008-07-18 00:00:00]]></c><c/><c><![CDATA[2008-07-18 00:00:00]]></c><c/><c/></r><r><c><![CDATA[CL_CI_TEST_DDIC_TABLES_0033]]></c><c/><c/><c><![CDATA[CODEINSPECTOR]]></c><c/><c><![CDATA[2008-07-18 00:00:00]]></c><c/><c><![CDATA[2008-07-18 00:00:00]]></c><c/><c/></r><r><c><![CDATA[CL_CI_TEST_DDIC_TABLES_0034]]></c><c/><c/><c><![CDATA[CODEINSPECTOR]]></c><c/><c><![CDATA[2008-07-18 00:00:00]]></c><c/><c><![CDATA[2008-07-18 00:00:00]]></c><c/><c/></r><r><c><![CDATA[CL_CI_TEST_DDIC_TABLES_0035]]></c><c/><c/><c><![CDATA[CODEINSPECTOR]]></c><c/><c><![CDATA[2008-07-18 00:00:00]]></c><c/><c><![CDATA[2008-07-18 00:00:00]]></c><c/><c/></r><r><c><![CDATA[CL_CI_TEST_DDIC_TABLES_0036]]></c><c/><c/><c><![CDATA[CODEINSPECTOR]]></c><c/><c><![CDATA[2008-07-18 00:00:00]]></c><c/><c><![CDATA[2008-07-18 00:00:00]]></c><c/><c/></r><r><c><![CDATA[CL_CI_TEST_DDIC_TABLES_0021]]></c><c/><c/><c><![CDATA[CODEINSPECTOR]]></c><c/><c><![CDATA[2008-07-18 00:00:00]]></c><c/><c><![CDATA[2008-07-18 00:00:00]]></c><c/><c/></r><r><c><![CDATA[CL_CI_TEST_DDIC_TABLES_0022]]></c><c/><c/><c><![CDATA[CODEINSPECTOR]]></c><c/><c><![CDATA[2008-07-18 00:00:00]]></c><c/><c><![CDATA[2008-07-18 00:00:00]]></c><c/><c/></r><r><c><![CDATA[CL_CI_TEST_CRITICAL_STATEMENTS_0001]]></c><c/><c/><c><![CDATA[CODEINSPECTOR]]></c><c/><c><![CDATA[2008-07-18 00:00:00]]></c><c/><c><![CDATA[2008-07-18 00:00:00]]></c><c/><c/></r><r><c><![CDATA[CL_CI_TEST_CRITICAL_STATEMENTS_0002]]></c><c/><c/><c><![CDATA[CODEINSPECTOR]]></c><c/><c><![CDATA[2008-07-18 00:00:00]]></c><c/><c><![CDATA[2008-07-18 00:00:00]]></c><c/><c/></r><r><c><![CDATA[CL_CI_TEST_CRITICAL_STATEMENTS_0003]]></c><c/><c/><c><![CDATA[CODEINSPECTOR]]></c><c/><c><![CDATA[2008-07-18 00:00:00]]></c><c/><c><![CDATA[2008-07-18 00:00:00]]></c><c/><c/></r><r><c><![CDATA[CL_CI_TEST_CRITICAL_STATEMENTS_0004]]></c><c/><c/><c><![CDATA[CODEINSPECTOR]]></c><c/><c><![CDATA[2008-07-18 00:00:00]]></c><c/><c><![CDATA[2008-07-18 00:00:00]]></c><c/><c/></r><r><c><![CDATA[CL_CI_TEST_CRITICAL_STATEMENTS_0005]]></c><c/><c/><c><![CDATA[CODEINSPECTOR]]></c><c/><c><![CDATA[2008-07-18 00:00:00]]></c><c/><c><![CDATA[2008-07-18 00:00:00]]></c><c/><c/></r><r><c><![CDATA[CL_CI_TEST_CRITICAL_STATEMENTS_0006]]></c><c/><c/><c><![CDATA[CODEINSPECTOR]]></c><c/><c><![CDATA[2008-07-18 00:00:00]]></c><c/><c><![CDATA[2008-07-18 00:00:00]]></c><c/><c/></r><r><c><![CDATA[CL_CI_TEST_CRITICAL_STATEMENTS_0007]]></c><c/><c/><c><![CDATA[CODEINSPECTOR]]></c><c/><c><![CDATA[2008-07-18 00:00:00]]></c><c/><c><![CDATA[2008-07-18 00:00:00]]></c><c/><c/></r><r><c><![CDATA[CL_CI_TEST_CRITICAL_STATEMENTS_0008]]></c><c/><c/><c><![CDATA[CODEINSPECTOR]]></c><c/><c><![CDATA[2008-07-18 00:00:00]]></c><c/><c><![CDATA[2008-07-18 00:00:00]]></c><c/><c/></r><r><c><![CDATA[CL_CI_TEST_CRITICAL_STATEMENTS_0009]]></c><c/><c/><c><![CDATA[CODEINSPECTOR]]></c><c/><c><![CDATA[2008-07-18 00:00:00]]></c><c/><c><![CDATA[2008-07-18 00:00:00]]></c><c/><c/></r><r><c><![CDATA[CL_CI_TEST_CRITICAL_STATEMENTS_0010]]></c><c/><c/><c><![CDATA[CODEINSPECTOR]]></c><c/><c><![CDATA[2008-07-18 00:00:00]]></c><c/><c><![CDATA[2008-07-18 00:00:00]]></c><c/><c/></r><r><c><![CDATA[CL_CI_TEST_CRITICAL_STATEMENTS_0011]]></c><c/><c/><c><![CDATA[CODEINSPECTOR]]></c><c/><c><![CDATA[2008-07-18 00:00:00]]></c><c/><c><![CDATA[2008-07-18 00:00:00]]></c><c/><c/></r><r><c><![CDATA[CL_CI_TEST_CRITICAL_STATEMENTS_0012]]></c><c/><c/><c><![CDATA[CODEINSPECTOR]]></c><c/><c><![CDATA[2008-07-18 00:00:00]]></c><c><![CDATA[2008-07-18 00:00:00]]></c><c><![CDATA[2008-07-18 00:00:00]]></c><c/><c/></r><r><c><![CDATA[CL_CI_TEST_CRITICAL_STATEMENTS_0013]]></c><c/><c/><c><![CDATA[CODEINSPECTOR]]></c><c/><c><![CDATA[2008-07-18 00:00:00]]></c><c/><c><![CDATA[2008-07-18 00:00:00]]></c><c/><c/></r><r><c><![CDATA[CL_CI_TEST_CRITICAL_STATEMENTS_0014]]></c><c/><c/><c><![CDATA[CODEINSPECTOR]]></c><c/><c><![CDATA[2008-07-18 00:00:00]]></c><c/><c><![CDATA[2008-07-18 00:00:00]]></c><c/><c/></r><r><c><![CDATA[CL_CI_TEST_CRITICAL_STATEMENTS_0015]]></c><c/><c/><c><![CDATA[CODEINSPECTOR]]></c><c/><c><![CDATA[2008-07-18 00:00:00]]></c><c/><c><![CDATA[2008-07-18 00:00:00]]></c><c/><c/></r><r><c><![CDATA[CL_CI_TEST_IMUD_TAW_SEC01_0001]]></c><c/><c/><c><![CDATA[CODEINSPECTOR]]></c><c/><c><![CDATA[2008-07-18 00:00:00]]></c><c/><c><![CDATA[2008-07-18 00:00:00]]></c><c/><c/></r><r><c><![CDATA[CL_CI_TEST_IMUD_TAW_SEC01_0002]]></c><c/><c/><c><![CDATA[CODEINSPECTOR]]></c><c/><c><![CDATA[2008-07-18 00:00:00]]></c><c/><c><![CDATA[2008-07-18 00:00:00]]></c><c/><c/></r><r><c><![CDATA[CL_CI_TEST_IMUD_TAW_SEC01_0003]]></c><c/><c/><c><![CDATA[CODEINSPECTOR]]></c><c/><c><![CDATA[2008-07-18 00:00:00]]></c><c/><c><![CDATA[2008-07-18 00:00:00]]></c><c/><c/></r><r><c><![CDATA[CL_CI_TEST_IMUD_TAW_SEC01_0004]]></c><c/><c/><c><![CDATA[CODEINSPECTOR]]></c><c/><c><![CDATA[2008-07-18 00:00:00]]></c><c/><c><![CDATA[2008-07-18 00:00:00]]></c><c/><c/></r><r><c><![CDATA[CL_CI_TEST_IMUD_NOT_VB_0001]]></c><c/><c/><c><![CDATA[CODEINSPECTOR]]></c><c/><c><![CDATA[2008-07-18 00:00:00]]></c><c/><c><![CDATA[2008-07-18 00:00:00]]></c><c/><c/></r><r><c><![CDATA[CL_CI_TEST_SELECT_TAW_SEC01_0000]]></c><c/><c/><c><![CDATA[CODEINSPECTOR]]></c><c/><c><![CDATA[2008-07-18 00:00:00]]></c><c/><c><![CDATA[2008-07-18 00:00:00]]></c><c/><c/></r><r><c><![CDATA[L_CI_TEST_SYSUBRC_0000]]></c><c/><c/><c><![CDATA[CODEINSPECTOR]]></c><c/><c><![CDATA[2008-07-18 00:00:00]]></c><c/><c><![CDATA[2008-07-18 00:00:00]]></c><c/><c/></r><r><c><![CDATA[CL_CI_TEST_SELECT_THEN_CHECK_0000]]></c><c/><c/><c><![CDATA[CODEINSPECTOR]]></c><c/><c><![CDATA[2008-07-18 00:00:00]]></c><c/><c><![CDATA[2008-07-18 00:00:00]]></c><c/><c/></r><r><c><![CDATA[CL_CI_TEST_SELECT_NESTED_0000]]></c><c/><c/><c><![CDATA[CODEINSPECTOR]]></c><c/><c><![CDATA[2008-07-18 00:00:00]]></c><c/><c><![CDATA[2008-07-18 00:00:00]]></c><c/><c/></r><r><c><![CDATA[CL_CI_TEST_SCAN_NESTED_0001]]></c><c/><c/><c><![CDATA[CODEINSPECTOR]]></c><c/><c><![CDATA[2008-07-18 00:00:00]]></c><c/><c><![CDATA[2008-07-18 00:00:00]]></c><c/><c/></r><r><c><![CDATA[CL_CI_TEST_EXTENDED_CHECK_0000]]></c><c/><c/><c><![CDATA[CODEINSPECTOR]]></c><c/><c><![CDATA[2008-07-18 00:00:00]]></c><c/><c><![CDATA[2008-07-18 00:00:00]]></c><c/><c/></r><r><c><![CDATA[CL_CI_TEST_EXTENDED_CHECK_0001]]></c><c/><c/><c><![CDATA[CODEINSPECTOR]]></c><c/><c><![CDATA[2008-07-18 00:00:00]]></c><c/><c><![CDATA[2008-07-18 00:00:00]]></c><c/><c/></r><r><c><![CDATA[CL_CI_TEST_EXTENDED_CHECK_0002]]></c><c/><c/><c><![CDATA[CODEINSPECTOR]]></c><c/><c><![CDATA[2008-07-18 00:00:00]]></c><c/><c><![CDATA[2008-07-18 00:00:00]]></c><c/><c/></r><r><c><![CDATA[CL_CI_TEST_EXTENDED_CHECK_0003]]></c><c/><c/><c><![CDATA[CODEINSPECTOR]]></c><c/><c><![CDATA[2008-07-18 00:00:00]]></c><c/><c><![CDATA[2008-07-18 00:00:00]]></c><c/><c/></r><r><c><![CDATA[CL_CI_TEST_EXTENDED_CHECK_0004]]></c><c/><c/><c><![CDATA[CODEINSPECTOR]]></c><c/><c><![CDATA[2008-07-18 00:00:00]]></c><c/><c><![CDATA[2008-07-18 00:00:00]]></c><c/><c/></r><r><c><![CDATA[CL_CI_TEST_EXTENDED_CHECK_0005]]></c><c/><c/><c><![CDATA[CODEINSPECTOR]]></c><c/><c><![CDATA[2008-07-18 00:00:00]]></c><c/><c><![CDATA[2008-07-18 00:00:00]]></c><c/><c/></r><r><c><![CDATA[CL_CI_TEST_EXTENDED_CHECK_0006]]></c><c/><c/><c><![CDATA[CODEINSPECTOR]]></c><c/><c><![CDATA[2008-07-18 00:00:00]]></c><c/><c><![CDATA[2008-07-18 00:00:00]]></c><c/><c/></r><r><c><![CDATA[CL_CI_TEST_EXTENDED_CHECK_0008]]></c><c/><c/><c><![CDATA[CODEINSPECTOR]]></c><c/><c><![CDATA[2008-07-18 00:00:00]]></c><c/><c><![CDATA[2008-07-18 00:00:00]]></c><c/><c/></r><r><c><![CDATA[CL_CI_TEST_EXTENDED_CHECK_0009]]></c><c/><c/><c><![CDATA[CODEINSPECTOR]]></c><c/><c><![CDATA[2008-07-18 00:00:00]]></c><c/><c><![CDATA[2008-07-18 00:00:00]]></c><c/><c/></r><r><c><![CDATA[CL_CI_TEST_EXTENDED_CHECK_0017]]></c><c/><c/><c><![CDATA[CODEINSPECTOR]]></c><c/><c><![CDATA[2008-07-18 00:00:00]]></c><c/><c><![CDATA[2008-07-18 00:00:00]]></c><c/><c/></r><r><c><![CDATA[CL_CI_TEST_EXTENDED_CHECK_0019]]></c><c/><c/><c><![CDATA[CODEINSPECTOR]]></c><c/><c><![CDATA[2008-07-18 00:00:00]]></c><c/><c><![CDATA[2008-07-18 00:00:00]]></c><c/><c/></r><r><c><![CDATA[CL_CI_TEST_EXTENDED_CHECK_0021]]></c><c/><c/><c><![CDATA[CODEINSPECTOR]]></c><c/><c><![CDATA[2008-07-18 00:00:00]]></c><c/><c><![CDATA[2008-07-18 00:00:00]]></c><c/><c/></r><r><c><![CDATA[CL_CI_TEST_EXTENDED_CHECK_0023]]></c><c/><c/><c><![CDATA[CODEINSPECTOR]]></c><c/><c><![CDATA[2008-07-18 00:00:00]]></c><c/><c><![CDATA[2008-07-18 00:00:00]]></c><c/><c/></r><r><c><![CDATA[CL_CI_TEST_EXTENDED_CHECK_0906]]></c><c/><c/><c><![CDATA[CODEINSPECTOR]]></c><c/><c><![CDATA[2008-07-18 00:00:00]]></c><c/><c><![CDATA[2008-07-18 00:00:00]]></c><c/><c/></r><r><c><![CDATA[CL_CI_TEST_EXTENDED_CHECK_0908]]></c><c/><c/><c><![CDATA[CODEINSPECTOR]]></c><c/><c><![CDATA[2008-07-18 00:00:00]]></c><c/><c><![CDATA[2008-07-18 00:00:00]]></c><c/><c/></r><r><c><![CDATA[CL_CI_TEST_EXTENDED_CHECK_0910]]></c><c/><c/><c><![CDATA[CODEINSPECTOR]]></c><c/><c><![CDATA[2008-07-18 00:00:00]]></c><c/><c><![CDATA[2008-07-18 00:00:00]]></c><c/><c/></r><r><c><![CDATA[CL_CI_TEST_EXTENDED_CHECK_0911]]></c><c/><c/><c><![CDATA[CODEINSPECTOR]]></c><c/><c><![CDATA[2008-07-18 00:00:00]]></c><c/><c><![CDATA[2008-07-18 00:00:00]]></c><c/><c/></r><r><c><![CDATA[CL_CI_TEST_EXTENDED_CHECK_0912]]></c><c/><c/><c><![CDATA[CODEINSPECTOR]]></c><c/><c><![CDATA[2008-07-18 00:00:00]]></c><c/><c><![CDATA[2008-07-18 00:00:00]]></c><c/><c/></r><r><c><![CDATA[CL_CI_TEST_EXTENDED_CHECK_0913]]></c><c/><c/><c><![CDATA[CODEINSPECTOR]]></c><c/><c><![CDATA[2008-07-18 00:00:00]]></c><c/><c><![CDATA[2008-07-18 00:00:00]]></c><c/><c/></r><r><c><![CDATA[CL_CI_TEST_EXTENDED_CHECK_1000]]></c><c/><c/><c><![CDATA[CODEINSPECTOR]]></c><c/><c><![CDATA[2008-07-18 00:00:00]]></c><c/><c><![CDATA[2008-07-18 00:00:00]]></c><c/><c/></r><r><c><![CDATA[CL_CI_TEST_EXTENDED_CHECK_1001]]></c><c/><c/><c><![CDATA[CODEINSPECTOR]]></c><c/><c><![CDATA[2008-07-18 00:00:00]]></c><c/><c><![CDATA[2008-07-18 00:00:00]]></c><c/><c/></r><r><c><![CDATA[CL_CI_TEST_EXTENDED_CHECK_1002]]></c><c/><c/><c><![CDATA[CODEINSPECTOR]]></c><c/><c><![CDATA[2008-07-18 00:00:00]]></c><c/><c><![CDATA[2008-07-18 00:00:00]]></c><c/><c/></r><r><c><![CDATA[CL_CI_TEST_EXTENDED_CHECK_1004]]></c><c/><c/><c><![CDATA[CODEINSPECTOR]]></c><c/><c><![CDATA[2008-07-18 00:00:00]]></c><c/><c><![CDATA[2008-07-18 00:00:00]]></c><c/><c/></r><r><c><![CDATA[CL_CI_TEST_EXTENDED_CHECK_1006]]></c><c/><c/><c><![CDATA[CODEINSPECTOR]]></c><c/><c><![CDATA[2008-07-18 00:00:00]]></c><c/><c><![CDATA[2008-07-18 00:00:00]]></c><c/><c/></r><r><c><![CDATA[CL_CI_TEST_EXTENDED_CHECK_1007]]></c><c/><c/><c><![CDATA[CODEINSPECTOR]]></c><c/><c><![CDATA[2008-07-18 00:00:00]]></c><c/><c><![CDATA[2008-07-18 00:00:00]]></c><c/><c/></r><r><c><![CDATA[CL_CI_TEST_EXTENDED_CHECK_1011]]></c><c/><c/><c><![CDATA[CODEINSPECTOR]]></c><c/><c><![CDATA[2008-07-18 00:00:00]]></c><c/><c><![CDATA[2008-07-18 00:00:00]]></c><c/><c/></r><r><c><![CDATA[CL_CI_TEST_EXTENDED_CHECK_1012]]></c><c/><c/><c><![CDATA[CODEINSPECTOR]]></c><c/><c><![CDATA[2008-07-18 00:00:00]]></c><c/><c><![CDATA[2008-07-18 00:00:00]]></c><c/><c/></r><r><c><![CDATA[CL_CI_TEST_EXTENDED_CHECK_1200]]></c><c/><c/><c><![CDATA[CODEINSPECTOR]]></c><c/><c><![CDATA[2008-07-18 00:00:00]]></c><c/><c><![CDATA[2008-07-18 00:00:00]]></c><c/><c/></r><r><c><![CDATA[CL_CI_TEST_EXTENDED_CHECK_1201]]></c><c/><c/><c><![CDATA[CODEINSPECTOR]]></c><c/><c><![CDATA[2008-07-18 00:00:00]]></c><c/><c><![CDATA[2008-07-18 00:00:00]]></c><c/><c/></r><r><c><![CDATA[CL_CI_TEST_EXTENDED_CHECK_1300]]></c><c/><c/><c><![CDATA[CODEINSPECTOR]]></c><c/><c><![CDATA[2008-07-18 00:00:00]]></c><c/><c><![CDATA[2008-07-18 00:00:00]]></c><c/><c/></r><r><c><![CDATA[CL_CI_TEST_EXTENDED_CHECK_1301]]></c><c/><c/><c><![CDATA[CODEINSPECTOR]]></c><c/><c><![CDATA[2008-07-18 00:00:00]]></c><c/><c><![CDATA[2008-07-18 00:00:00]]></c><c/><c/></r><r><c><![CDATA[CL_CI_TEST_EXTENDED_CHECK_1302]]></c><c/><c/><c><![CDATA[CODEINSPECTOR]]></c><c/><c><![CDATA[2008-07-18 00:00:00]]></c><c/><c><![CDATA[2008-07-18 00:00:00]]></c><c/><c/></r><r><c><![CDATA[CL_CI_TEST_EXTENDED_CHECK_1303]]></c><c/><c/><c><![CDATA[CODEINSPECTOR]]></c><c/><c><![CDATA[2008-07-18 00:00:00]]></c><c/><c><![CDATA[2008-07-18 00:00:00]]></c><c/><c/></r><r><c><![CDATA[CL_CI_TEST_EXTENDED_CHECK_1304]]></c><c/><c/><c><![CDATA[CODEINSPECTOR]]></c><c/><c><![CDATA[2008-07-18 00:00:00]]></c><c/><c><![CDATA[2008-07-18 00:00:00]]></c><c/><c/></r><r><c><![CDATA[CL_CI_TEST_EXTENDED_CHECK_1305]]></c><c/><c/><c><![CDATA[CODEINSPECTOR]]></c><c/><c><![CDATA[2008-07-18 00:00:00]]></c><c/><c><![CDATA[2008-07-18 00:00:00]]></c><c/><c/></r><r><c><![CDATA[CL_CI_TEST_EXTENDED_CHECK_1306]]></c><c/><c/><c><![CDATA[CODEINSPECTOR]]></c><c/><c><![CDATA[2008-07-18 00:00:00]]></c><c/><c><![CDATA[2008-07-18 00:00:00]]></c><c/><c/></r><r><c><![CDATA[CL_CI_TEST_EXTENDED_CHECK_1307]]></c><c/><c/><c><![CDATA[CODEINSPECTOR]]></c><c/><c><![CDATA[2008-07-18 00:00:00]]></c><c/><c><![CDATA[2008-07-18 00:00:00]]></c><c/><c/></r><r><c><![CDATA[CL_CI_TEST_EXTENDED_CHECK_1308]]></c><c/><c/><c><![CDATA[CODEINSPECTOR]]></c><c/><c><![CDATA[2008-07-18 00:00:00]]></c><c/><c><![CDATA[2008-07-18 00:00:00]]></c><c/><c/></r><r><c><![CDATA[CL_CI_TEST_EXTENDED_CHECK_1309]]></c><c/><c/><c><![CDATA[CODEINSPECTOR]]></c><c/><c><![CDATA[2008-07-18 00:00:00]]></c><c/><c><![CDATA[2008-07-18 00:00:00]]></c><c/><c/></r><r><c><![CDATA[CL_CI_TEST_EXTENDED_CHECK_1311]]></c><c/><c/><c><![CDATA[CODEINSPECTOR]]></c><c/><c><![CDATA[2008-07-18 00:00:00]]></c><c/><c><![CDATA[2008-07-18 00:00:00]]></c><c/><c/></r><r><c><![CDATA[CL_CI_TEST_EXTENDED_CHECK_1400]]></c><c/><c/><c><![CDATA[CODEINSPECTOR]]></c><c/><c><![CDATA[2008-07-18 00:00:00]]></c><c/><c><![CDATA[2008-07-18 00:00:00]]></c><c/><c/></r><r><c><![CDATA[CL_CI_TEST_EXTENDED_CHECK_1401]]></c><c/><c/><c><![CDATA[CODEINSPECTOR]]></c><c/><c><![CDATA[2008-07-18 00:00:00]]></c><c/><c><![CDATA[2008-07-18 00:00:00]]></c><c/><c/></r><r><c><![CDATA[CL_CI_TEST_EXTENDED_CHECK_1402]]></c><c/><c/><c><![CDATA[CODEINSPECTOR]]></c><c/><c><![CDATA[2008-07-18 00:00:00]]></c><c/><c><![CDATA[2008-07-18 00:00:00]]></c><c/><c/></r><r><c><![CDATA[CL_CI_TEST_EXTENDED_CHECK_1500]]></c><c/><c/><c><![CDATA[CODEINSPECTOR]]></c><c/><c><![CDATA[2008-07-18 00:00:00]]></c><c/><c><![CDATA[2008-07-18 00:00:00]]></c><c/><c/></r><r><c><![CDATA[CL_CI_TEST_EXTENDED_CHECK_1601]]></c><c/><c/><c><![CDATA[CODEINSPECTOR]]></c><c/><c><![CDATA[2008-07-18 00:00:00]]></c><c/><c><![CDATA[2008-07-18 00:00:00]]></c><c/><c/></r><r><c><![CDATA[CL_CI_TEST_EXTENDED_CHECK_1602]]></c><c/><c/><c><![CDATA[CODEINSPECTOR]]></c><c/><c><![CDATA[2008-07-18 00:00:00]]></c><c/><c><![CDATA[2008-07-18 00:00:00]]></c><c/><c/></r><r><c><![CDATA[CL_CI_TEST_EXTENDED_CHECK_1603]]></c><c/><c/><c><![CDATA[CODEINSPECTOR]]></c><c/><c><![CDATA[2008-07-18 00:00:00]]></c><c/><c><![CDATA[2008-07-18 00:00:00]]></c><c/><c/></r><r><c><![CDATA[CL_CI_TEST_EXTENDED_CHECK_1604]]></c><c/><c/><c><![CDATA[CODEINSPECTOR]]></c><c/><c><![CDATA[2008-07-18 00:00:00]]></c><c/><c><![CDATA[2008-07-18 00:00:00]]></c><c/><c/></r><r><c><![CDATA[CL_CI_TEST_EXTENDED_CHECK_1605]]></c><c/><c/><c><![CDATA[CODEINSPECTOR]]></c><c/><c><![CDATA[2008-07-18 00:00:00]]></c><c/><c><![CDATA[2008-07-18 00:00:00]]></c><c/><c/></r><r><c><![CDATA[CL_CI_TEST_EXTENDED_CHECK_1607]]></c><c/><c/><c><![CDATA[CODEINSPECTOR]]></c><c/><c><![CDATA[2008-07-18 00:00:00]]></c><c/><c><![CDATA[2008-07-18 00:00:00]]></c><c/><c/></r><r><c><![CDATA[CL_CI_TEST_EXTENDED_CHECK_1608]]></c><c/><c/><c><![CDATA[CODEINSPECTOR]]></c><c/><c><![CDATA[2008-07-18 00:00:00]]></c><c/><c><![CDATA[2008-07-18 00:00:00]]></c><c/><c/></r><r><c><![CDATA[CL_CI_TEST_EXTENDED_CHECK_1609]]></c><c/><c/><c><![CDATA[CODEINSPECTOR]]></c><c/><c><![CDATA[2008-07-18 00:00:00]]></c><c/><c><![CDATA[2008-07-18 00:00:00]]></c><c/><c/></r><r><c><![CDATA[CL_CI_TEST_EXTENDED_CHECK_1610]]></c><c/><c/><c><![CDATA[CODEINSPECTOR]]></c><c/><c><![CDATA[2008-07-18 00:00:00]]></c><c/><c><![CDATA[2008-07-18 00:00:00]]></c><c/><c/></r><r><c><![CDATA[CL_CI_TEST_EXTENDED_CHECK_1611]]></c><c/><c/><c><![CDATA[CODEINSPECTOR]]></c><c/><c><![CDATA[2008-07-18 00:00:00]]></c><c/><c><![CDATA[2008-07-18 00:00:00]]></c><c/><c/></r><r><c><![CDATA[CL_CI_TEST_EXTENDED_CHECK_1612]]></c><c/><c/><c><![CDATA[CODEINSPECTOR]]></c><c/><c><![CDATA[2008-07-18 00:00:00]]></c><c/><c><![CDATA[2008-07-18 00:00:00]]></c><c/><c/></r><r><c><![CDATA[CL_CI_TEST_EXTENDED_CHECK_1613]]></c><c/><c/><c><![CDATA[CODEINSPECTOR]]></c><c/><c><![CDATA[2008-07-18 00:00:00]]></c><c/><c><![CDATA[2008-07-18 00:00:00]]></c><c/><c/></r><r><c><![CDATA[CL_CI_TEST_EXTENDED_CHECK_1614]]></c><c/><c/><c><![CDATA[CODEINSPECTOR]]></c><c/><c><![CDATA[2008-07-18 00:00:00]]></c><c/><c><![CDATA[2008-07-18 00:00:00]]></c><c/><c/></r><r><c><![CDATA[CL_CI_TEST_EXTENDED_CHECK_1615]]></c><c/><c/><c><![CDATA[CODEINSPECTOR]]></c><c/><c><![CDATA[2008-07-18 00:00:00]]></c><c/><c><![CDATA[2008-07-18 00:00:00]]></c><c/><c/></r><r><c><![CDATA[CL_CI_TEST_EXTENDED_CHECK_1616]]></c><c/><c/><c><![CDATA[CODEINSPECTOR]]></c><c/><c><![CDATA[2008-07-18 00:00:00]]></c><c/><c><![CDATA[2008-07-18 00:00:00]]></c><c/><c/></r><r><c><![CDATA[CL_CI_TEST_EXTENDED_CHECK_1617]]></c><c/><c/><c><![CDATA[CODEINSPECTOR]]></c><c/><c><![CDATA[2008-07-18 00:00:00]]></c><c/><c><![CDATA[2008-07-18 00:00:00]]></c><c/><c/></r><r><c><![CDATA[CL_CI_TEST_EXTENDED_CHECK_1618]]></c><c/><c/><c><![CDATA[CODEINSPECTOR]]></c><c/><c><![CDATA[2008-07-18 00:00:00]]></c><c/><c><![CDATA[2008-07-18 00:00:00]]></c><c/><c/></r><r><c><![CDATA[CL_CI_TEST_EXTENDED_CHECK_1619]]></c><c/><c/><c><![CDATA[CODEINSPECTOR]]></c><c/><c><![CDATA[2008-07-18 00:00:00]]></c><c/><c><![CDATA[2008-07-18 00:00:00]]></c><c/><c/></r><r><c><![CDATA[CL_CI_TEST_EXTENDED_CHECK_1620]]></c><c/><c/><c><![CDATA[CODEINSPECTOR]]></c><c/><c><![CDATA[2008-07-18 00:00:00]]></c><c/><c><![CDATA[2008-07-18 00:00:00]]></c><c/><c/></r><r><c><![CDATA[CL_CI_TEST_EXTENDED_CHECK_1621]]></c><c/><c/><c><![CDATA[CODEINSPECTOR]]></c><c/><c><![CDATA[2008-07-18 00:00:00]]></c><c/><c><![CDATA[2008-07-18 00:00:00]]></c><c/><c/></r><r><c><![CDATA[CL_CI_TEST_EXTENDED_CHECK_1622]]></c><c/><c/><c><![CDATA[CODEINSPECTOR]]></c><c/><c><![CDATA[2008-07-18 00:00:00]]></c><c/><c><![CDATA[2008-07-18 00:00:00]]></c><c/><c/></r><r><c><![CDATA[CL_CI_TEST_EXTENDED_CHECK_1623]]></c><c/><c/><c><![CDATA[CODEINSPECTOR]]></c><c/><c><![CDATA[2008-07-18 00:00:00]]></c><c/><c><![CDATA[2008-07-18 00:00:00]]></c><c/><c/></r><r><c><![CDATA[CL_CI_TEST_EXTENDED_CHECK_1624]]></c><c/><c/><c><![CDATA[CODEINSPECTOR]]></c><c/><c><![CDATA[2008-07-18 00:00:00]]></c><c/><c><![CDATA[2008-07-18 00:00:00]]></c><c/><c/></r><r><c><![CDATA[CL_CI_TEST_EXTENDED_CHECK_1625]]></c><c/><c/><c><![CDATA[CODEINSPECTOR]]></c><c/><c><![CDATA[2008-07-18 00:00:00]]></c><c/><c><![CDATA[2008-07-18 00:00:00]]></c><c/><c/></r><r><c><![CDATA[CL_CI_TEST_EXTENDED_CHECK_1626]]></c><c/><c/><c><![CDATA[CODEINSPECTOR]]></c><c/><c><![CDATA[2008-07-18 00:00:00]]></c><c/><c><![CDATA[2008-07-18 00:00:00]]></c><c/><c/></r><r><c><![CDATA[CL_CI_TEST_EXTENDED_CHECK_1627]]></c><c/><c/><c><![CDATA[CODEINSPECTOR]]></c><c/><c><![CDATA[2008-07-18 00:00:00]]></c><c/><c><![CDATA[2008-07-18 00:00:00]]></c><c/><c/></r><r><c><![CDATA[CL_CI_TEST_EXTENDED_CHECK_1628]]></c><c/><c/><c><![CDATA[CODEINSPECTOR]]></c><c/><c><![CDATA[2008-07-18 00:00:00]]></c><c/><c><![CDATA[2008-07-18 00:00:00]]></c><c/><c/></r><r><c><![CDATA[CL_CI_TEST_EXTENDED_CHECK_1695]]></c><c/><c/><c><![CDATA[CODEINSPECTOR]]></c><c/><c><![CDATA[2008-07-18 00:00:00]]></c><c/><c><![CDATA[2008-07-18 00:00:00]]></c><c/><c/></r><r><c><![CDATA[CL_CI_TEST_EXTENDED_CHECK_1696]]></c><c/><c/><c><![CDATA[CODEINSPECTOR]]></c><c/><c><![CDATA[2008-07-18 00:00:00]]></c><c/><c><![CDATA[2008-07-18 00:00:00]]></c><c/><c/></r><r><c><![CDATA[CL_CI_TEST_EXTENDED_CHECK_1699]]></c><c/><c/><c><![CDATA[CODEINSPECTOR]]></c><c/><c><![CDATA[2008-07-18 00:00:00]]></c><c/><c><![CDATA[2008-07-18 00:00:00]]></c><c/><c/></r><r><c><![CDATA[CL_CI_TEST_EXTENDED_CHECK_1700]]></c><c/><c/><c><![CDATA[CODEINSPECTOR]]></c><c/><c><![CDATA[2008-07-18 00:00:00]]></c><c/><c><![CDATA[2008-07-18 00:00:00]]></c><c/><c/></r><r><c><![CDATA[CL_CI_TEST_EXTENDED_CHECK_1701]]></c><c/><c/><c><![CDATA[CODEINSPECTOR]]></c><c/><c><![CDATA[2008-07-18 00:00:00]]></c><c/><c><![CDATA[2008-07-18 00:00:00]]></c><c/><c/></r><r><c><![CDATA[CL_CI_TEST_EXTENDED_CHECK_1702]]></c><c/><c/><c><![CDATA[CODEINSPECTOR]]></c><c/><c><![CDATA[2008-07-18 00:00:00]]></c><c/><c><![CDATA[2008-07-18 00:00:00]]></c><c/><c/></r><r><c><![CDATA[CL_CI_TEST_EXTENDED_CHECK_1703]]></c><c/><c/><c><![CDATA[CODEINSPECTOR]]></c><c/><c><![CDATA[2008-07-18 00:00:00]]></c><c/><c><![CDATA[2008-07-18 00:00:00]]></c><c/><c/></r><r><c><![CDATA[CL_CI_TEST_EXTENDED_CHECK_1704]]></c><c/><c/><c><![CDATA[CODEINSPECTOR]]></c><c/><c><![CDATA[2008-07-18 00:00:00]]></c><c/><c><![CDATA[2008-07-18 00:00:00]]></c><c/><c/></r><r><c><![CDATA[CL_CI_TEST_EXTENDED_CHECK_1705]]></c><c/><c/><c><![CDATA[CODEINSPECTOR]]></c><c/><c><![CDATA[2008-07-18 00:00:00]]></c><c/><c><![CDATA[2008-07-18 00:00:00]]></c><c/><c/></r><r><c><![CDATA[CL_CI_TEST_EXTENDED_CHECK_1706]]></c><c/><c/><c><![CDATA[CODEINSPECTOR]]></c><c/><c><![CDATA[2008-07-18 00:00:00]]></c><c/><c><![CDATA[2008-07-18 00:00:00]]></c><c/><c/></r><r><c><![CDATA[CL_CI_TEST_EXTENDED_CHECK_1707]]></c><c/><c/><c><![CDATA[CODEINSPECTOR]]></c><c/><c><![CDATA[2008-07-18 00:00:00]]></c><c/><c><![CDATA[2008-07-18 00:00:00]]></c><c/><c/></r><r><c><![CDATA[CL_CI_TEST_EXTENDED_CHECK_1708]]></c><c/><c/><c><![CDATA[CODEINSPECTOR]]></c><c/><c><![CDATA[2008-07-18 00:00:00]]></c><c/><c><![CDATA[2008-07-18 00:00:00]]></c><c/><c/></r><r><c><![CDATA[CL_CI_TEST_EXTENDED_CHECK_1709]]></c><c/><c/><c><![CDATA[CODEINSPECTOR]]></c><c/><c><![CDATA[2008-07-18 00:00:00]]></c><c/><c><![CDATA[2008-07-18 00:00:00]]></c><c/><c/></r><r><c><![CDATA[CL_CI_TEST_EXTENDED_CHECK_1710]]></c><c/><c/><c><![CDATA[CODEINSPECTOR]]></c><c/><c><![CDATA[2008-07-18 00:00:00]]></c><c/><c><![CDATA[2008-07-18 00:00:00]]></c><c/><c/></r><r><c><![CDATA[CL_CI_TEST_EXTENDED_CHECK_1800]]></c><c/><c/><c><![CDATA[CODEINSPECTOR]]></c><c/><c><![CDATA[2008-07-18 00:00:00]]></c><c/><c><![CDATA[2008-07-18 00:00:00]]></c><c/><c/></r><r><c><![CDATA[CL_CI_TEST_EXTENDED_CHECK_1801]]></c><c/><c/><c><![CDATA[CODEINSPECTOR]]></c><c/><c><![CDATA[2008-07-18 00:00:00]]></c><c/><c><![CDATA[2008-07-18 00:00:00]]></c><c/><c/></r><r><c><![CDATA[CL_CI_TEST_EXTENDED_CHECK_1802]]></c><c/><c/><c><![CDATA[CODEINSPECTOR]]></c><c/><c><![CDATA[2008-07-18 00:00:00]]></c><c/><c><![CDATA[2008-07-18 00:00:00]]></c><c/><c/></r><r><c><![CDATA[CL_CI_TEST_EXTENDED_CHECK_1803]]></c><c/><c/><c><![CDATA[CODEINSPECTOR]]></c><c/><c><![CDATA[2008-07-18 00:00:00]]></c><c/><c><![CDATA[2008-07-18 00:00:00]]></c><c/><c/></r><r><c><![CDATA[CL_CI_TEST_EXTENDED_CHECK_1804]]></c><c/><c/><c><![CDATA[CODEINSPECTOR]]></c><c/><c><![CDATA[2008-07-18 00:00:00]]></c><c/><c><![CDATA[2008-07-18 00:00:00]]></c><c/><c/></r><r><c><![CDATA[CL_CI_TEST_EXTENDED_CHECK_1805]]></c><c/><c/><c><![CDATA[CODEINSPECTOR]]></c><c/><c><![CDATA[2008-07-18 00:00:00]]></c><c/><c><![CDATA[2008-07-18 00:00:00]]></c><c/><c/></r><r><c><![CDATA[CL_CI_TEST_EXTENDED_CHECK_1806]]></c><c/><c/><c><![CDATA[CODEINSPECTOR]]></c><c/><c><![CDATA[2008-07-18 00:00:00]]></c><c/><c><![CDATA[2008-07-18 00:00:00]]></c><c/><c/></r><r><c><![CDATA[CL_CI_TEST_EXTENDED_CHECK_1807]]></c><c/><c/><c><![CDATA[CODEINSPECTOR]]></c><c/><c><![CDATA[2008-07-18 00:00:00]]></c><c/><c><![CDATA[2008-07-18 00:00:00]]></c><c/><c/></r><r><c><![CDATA[CL_CI_TEST_EXTENDED_CHECK_1900]]></c><c/><c/><c><![CDATA[CODEINSPECTOR]]></c><c/><c><![CDATA[2008-07-18 00:00:00]]></c><c/><c><![CDATA[2008-07-18 00:00:00]]></c><c/><c/></r><r><c><![CDATA[CL_CI_TEST_EXTENDED_CHECK_1901]]></c><c/><c/><c><![CDATA[CODEINSPECTOR]]></c><c/><c><![CDATA[2008-07-18 00:00:00]]></c><c/><c><![CDATA[2008-07-18 00:00:00]]></c><c/><c/></r><r><c><![CDATA[CL_CI_TEST_EXTENDED_CHECK_2000]]></c><c/><c/><c><![CDATA[CODEINSPECTOR]]></c><c/><c><![CDATA[2008-07-18 00:00:00]]></c><c/><c><![CDATA[2008-07-18 00:00:00]]></c><c/><c/></r><r><c><![CDATA[CL_CI_TEST_EXTENDED_CHECK_2003]]></c><c/><c/><c><![CDATA[CODEINSPECTOR]]></c><c/><c><![CDATA[2008-07-18 00:00:00]]></c><c/><c><![CDATA[2008-07-18 00:00:00]]></c><c/><c/></r><r><c><![CDATA[CL_CI_TEST_EXTENDED_CHECK_3100]]></c><c/><c/><c><![CDATA[CODEINSPECTOR]]></c><c/><c><![CDATA[2008-07-18 00:00:00]]></c><c/><c><![CDATA[2008-07-18 00:00:00]]></c><c/><c/></r><r><c><![CDATA[CL_CI_TEST_EXTENDED_CHECK_3101]]></c><c/><c/><c><![CDATA[CODEINSPECTOR]]></c><c/><c><![CDATA[2008-07-18 00:00:00]]></c><c/><c><![CDATA[2008-07-18 00:00:00]]></c><c/><c/></r><r><c><![CDATA[CL_CI_TEST_EXTENDED_CHECK_3200]]></c><c/><c/><c><![CDATA[CODEINSPECTOR]]></c><c/><c><![CDATA[2008-07-18 00:00:00]]></c><c/><c><![CDATA[2008-07-18 00:00:00]]></c><c/><c/></r><r><c><![CDATA[CL_CI_TEST_EXTENDED_CHECK_3201]]></c><c/><c/><c><![CDATA[CODEINSPECTOR]]></c><c/><c><![CDATA[2008-07-18 00:00:00]]></c><c/><c><![CDATA[2008-07-18 00:00:00]]></c><c/><c/></r><r><c><![CDATA[CL_CI_TEST_EXTENDED_CHECK_9999]]></c><c/><c/><c><![CDATA[CODEINSPECTOR]]></c><c/><c><![CDATA[2008-07-18 00:00:00]]></c><c/><c><![CDATA[2008-07-18 00:00:00]]></c><c/><c/></r><r><c><![CDATA[CL_CI_TEST_EXTENDED_CHECK_0103]]></c><c/><c/><c><![CDATA[CODEINSPECTOR]]></c><c/><c><![CDATA[2008-07-18 00:00:00]]></c><c/><c><![CDATA[2008-07-18 00:00:00]]></c><c/><c/></r><r><c><![CDATA[CL_CI_TEST_EXTENDED_CHECK_0104]]></c><c/><c/><c><![CDATA[CODEINSPECTOR]]></c><c/><c><![CDATA[2008-07-18 00:00:00]]></c><c/><c><![CDATA[2008-07-18 00:00:00]]></c><c/><c/></r><r><c><![CDATA[CL_CI_TEST_EXTENDED_CHECK_0105]]></c><c/><c/><c><![CDATA[CODEINSPECTOR]]></c><c/><c><![CDATA[2008-07-18 00:00:00]]></c><c/><c><![CDATA[2008-07-18 00:00:00]]></c><c/><c/></r><r><c><![CDATA[CL_CI_TEST_EXTENDED_CHECK_0106]]></c><c/><c/><c><![CDATA[CODEINSPECTOR]]></c><c/><c><![CDATA[2008-07-18 00:00:00]]></c><c/><c><![CDATA[2008-07-18 00:00:00]]></c><c/><c/></r><r><c><![CDATA[CL_CI_TEST_EXTENDED_CHECK_0119]]></c><c/><c/><c><![CDATA[CODEINSPECTOR]]></c><c/><c><![CDATA[2008-07-18 00:00:00]]></c><c/><c><![CDATA[2008-07-18 00:00:00]]></c><c/><c/></r><r><c><![CDATA[CL_CI_TEST_EXTENDED_CHECK_0121]]></c><c/><c/><c><![CDATA[CODEINSPECTOR]]></c><c/><c><![CDATA[2008-07-18 00:00:00]]></c><c/><c><![CDATA[2008-07-18 00:00:00]]></c><c/><c/></r><r><c><![CDATA[CL_CI_TEST_EXTENDED_CHECK_0134]]></c><c/><c/><c><![CDATA[CODEINSPECTOR]]></c><c/><c><![CDATA[2008-07-18 00:00:00]]></c><c/><c><![CDATA[2008-07-18 00:00:00]]></c><c/><c/></r><r><c><![CDATA[CL_CI_TEST_EXTENDED_CHECK_0135]]></c><c/><c/><c><![CDATA[CODEINSPECTOR]]></c><c/><c><![CDATA[2008-07-18 00:00:00]]></c><c/><c><![CDATA[2008-07-18 00:00:00]]></c><c/><c/></r><r><c><![CDATA[CL_CI_TEST_EXTENDED_CHECK_0200]]></c><c/><c/><c><![CDATA[CODEINSPECTOR]]></c><c/><c><![CDATA[2008-07-18 00:00:00]]></c><c/><c><![CDATA[2008-07-18 00:00:00]]></c><c/><c/></r><r><c><![CDATA[CL_CI_TEST_EXTENDED_CHECK_0201]]></c><c/><c/><c><![CDATA[CODEINSPECTOR]]></c><c/><c><![CDATA[2008-07-18 00:00:00]]></c><c/><c><![CDATA[2008-07-18 00:00:00]]></c><c/><c/></r><r><c><![CDATA[CL_CI_TEST_EXTENDED_CHECK_0202]]></c><c/><c/><c><![CDATA[CODEINSPECTOR]]></c><c/><c><![CDATA[2008-07-18 00:00:00]]></c><c/><c><![CDATA[2008-07-18 00:00:00]]></c><c/><c/></r><r><c><![CDATA[CL_CI_TEST_EXTENDED_CHECK_0203]]></c><c/><c/><c><![CDATA[CODEINSPECTOR]]></c><c/><c><![CDATA[2008-07-18 00:00:00]]></c><c/><c><![CDATA[2008-07-18 00:00:00]]></c><c/><c/></r><r><c><![CDATA[CL_CI_TEST_EXTENDED_CHECK_0204]]></c><c/><c/><c><![CDATA[CODEINSPECTOR]]></c><c/><c><![CDATA[2008-07-18 00:00:00]]></c><c/><c><![CDATA[2008-07-18 00:00:00]]></c><c/><c/></r><r><c><![CDATA[CL_CI_TEST_EXTENDED_CHECK_0205]]></c><c/><c/><c><![CDATA[CODEINSPECTOR]]></c><c/><c><![CDATA[2008-07-18 00:00:00]]></c><c/><c><![CDATA[2008-07-18 00:00:00]]></c><c/><c/></r><r><c><![CDATA[CL_CI_TEST_EXTENDED_CHECK_0206]]></c><c/><c/><c><![CDATA[CODEINSPECTOR]]></c><c/><c><![CDATA[2008-07-18 00:00:00]]></c><c/><c><![CDATA[2008-07-18 00:00:00]]></c><c/><c/></r><r><c><![CDATA[CL_CI_TEST_EXTENDED_CHECK_0208]]></c><c/><c/><c><![CDATA[CODEINSPECTOR]]></c><c/><c><![CDATA[2008-07-18 00:00:00]]></c><c/><c><![CDATA[2008-07-18 00:00:00]]></c><c/><c/></r><r><c><![CDATA[CL_CI_TEST_EXTENDED_CHECK_0209]]></c><c/><c/><c><![CDATA[CODEINSPECTOR]]></c><c/><c><![CDATA[2008-07-18 00:00:00]]></c><c/><c><![CDATA[2008-07-18 00:00:00]]></c><c/><c/></r><r><c><![CDATA[CL_CI_TEST_EXTENDED_CHECK_0211]]></c><c/><c/><c><![CDATA[CODEINSPECTOR]]></c><c/><c><![CDATA[2008-07-18 00:00:00]]></c><c/><c><![CDATA[2008-07-18 00:00:00]]></c><c/><c/></r><r><c><![CDATA[CL_CI_TEST_EXTENDED_CHECK_0212]]></c><c/><c/><c><![CDATA[CODEINSPECTOR]]></c><c/><c><![CDATA[2008-07-18 00:00:00]]></c><c/><c><![CDATA[2008-07-18 00:00:00]]></c><c/><c/></r><r><c><![CDATA[CL_CI_TEST_EXTENDED_CHECK_0213]]></c><c/><c/><c><![CDATA[CODEINSPECTOR]]></c><c/><c><![CDATA[2008-07-18 00:00:00]]></c><c/><c><![CDATA[2008-07-18 00:00:00]]></c><c/><c/></r><r><c><![CDATA[CL_CI_TEST_EXTENDED_CHECK_0214]]></c><c/><c/><c><![CDATA[CODEINSPECTOR]]></c><c/><c><![CDATA[2008-07-18 00:00:00]]></c><c/><c><![CDATA[2008-07-18 00:00:00]]></c><c/><c/></r><r><c><![CDATA[CL_CI_TEST_EXTENDED_CHECK_0215]]></c><c/><c/><c><![CDATA[CODEINSPECTOR]]></c><c/><c><![CDATA[2008-07-18 00:00:00]]></c><c/><c><![CDATA[2008-07-18 00:00:00]]></c><c/><c/></r><r><c><![CDATA[CL_CI_TEST_EXTENDED_CHECK_0216]]></c><c/><c/><c><![CDATA[CODEINSPECTOR]]></c><c/><c><![CDATA[2008-07-18 00:00:00]]></c><c/><c><![CDATA[2008-07-18 00:00:00]]></c><c/><c/></r><r><c><![CDATA[CL_CI_TEST_EXTENDED_CHECK_0217]]></c><c/><c/><c><![CDATA[CODEINSPECTOR]]></c><c/><c><![CDATA[2008-07-18 00:00:00]]></c><c/><c><![CDATA[2008-07-18 00:00:00]]></c><c/><c/></r><r><c><![CDATA[CL_CI_TEST_EXTENDED_CHECK_0218]]></c><c/><c/><c><![CDATA[CODEINSPECTOR]]></c><c/><c><![CDATA[2008-07-18 00:00:00]]></c><c/><c><![CDATA[2008-07-18 00:00:00]]></c><c/><c/></r><r><c><![CDATA[CL_CI_TEST_EXTENDED_CHECK_0219]]></c><c/><c/><c><![CDATA[CODEINSPECTOR]]></c><c/><c><![CDATA[2008-07-18 00:00:00]]></c><c/><c><![CDATA[2008-07-18 00:00:00]]></c><c/><c/></r><r><c><![CDATA[CL_CI_TEST_EXTENDED_CHECK_0220]]></c><c/><c/><c><![CDATA[CODEINSPECTOR]]></c><c/><c><![CDATA[2008-07-18 00:00:00]]></c><c/><c><![CDATA[2008-07-18 00:00:00]]></c><c/><c/></r><r><c><![CDATA[CL_CI_TEST_EXTENDED_CHECK_0230]]></c><c/><c/><c><![CDATA[CODEINSPECTOR]]></c><c/><c><![CDATA[2008-07-18 00:00:00]]></c><c/><c><![CDATA[2008-07-18 00:00:00]]></c><c/><c/></r><r><c><![CDATA[CL_CI_TEST_EXTENDED_CHECK_0232]]></c><c/><c/><c><![CDATA[CODEINSPECTOR]]></c><c/><c><![CDATA[2008-07-18 00:00:00]]></c><c/><c><![CDATA[2008-07-18 00:00:00]]></c><c/><c/></r><r><c><![CDATA[CL_CI_TEST_EXTENDED_CHECK_0233]]></c><c/><c/><c><![CDATA[CODEINSPECTOR]]></c><c/><c><![CDATA[2008-07-18 00:00:00]]></c><c/><c><![CDATA[2008-07-18 00:00:00]]></c><c/><c/></r><r><c><![CDATA[CL_CI_TEST_EXTENDED_CHECK_0234]]></c><c/><c/><c><![CDATA[CODEINSPECTOR]]></c><c/><c><![CDATA[2008-07-18 00:00:00]]></c><c/><c><![CDATA[2008-07-18 00:00:00]]></c><c/><c/></r><r><c><![CDATA[CL_CI_TEST_EXTENDED_CHECK_0235]]></c><c/><c/><c><![CDATA[CODEINSPECTOR]]></c><c/><c><![CDATA[2008-07-18 00:00:00]]></c><c/><c><![CDATA[2008-07-18 00:00:00]]></c><c/><c/></r><r><c><![CDATA[CL_CI_TEST_EXTENDED_CHECK_0300]]></c><c/><c/><c><![CDATA[CODEINSPECTOR]]></c><c/><c><![CDATA[2008-07-18 00:00:00]]></c><c/><c><![CDATA[2008-07-18 00:00:00]]></c><c/><c/></r><r><c><![CDATA[CL_CI_TEST_EXTENDED_CHECK_0301]]></c><c/><c/><c><![CDATA[CODEINSPECTOR]]></c><c/><c><![CDATA[2008-07-18 00:00:00]]></c><c/><c><![CDATA[2008-07-18 00:00:00]]></c><c/><c/></r><r><c><![CDATA[CL_CI_TEST_EXTENDED_CHECK_0302]]></c><c/><c/><c><![CDATA[CODEINSPECTOR]]></c><c/><c><![CDATA[2008-07-18 00:00:00]]></c><c/><c><![CDATA[2008-07-18 00:00:00]]></c><c/><c/></r><r><c><![CDATA[CL_CI_TEST_EXTENDED_CHECK_0303]]></c><c/><c/><c><![CDATA[CODEINSPECTOR]]></c><c/><c><![CDATA[2008-07-18 00:00:00]]></c><c/><c><![CDATA[2008-07-18 00:00:00]]></c><c/><c/></r><r><c><![CDATA[CL_CI_TEST_EXTENDED_CHECK_0304]]></c><c/><c/><c><![CDATA[CODEINSPECTOR]]></c><c/><c><![CDATA[2008-07-18 00:00:00]]></c><c/><c><![CDATA[2008-07-18 00:00:00]]></c><c/><c/></r><r><c><![CDATA[CL_CI_TEST_EXTENDED_CHECK_0401]]></c><c/><c/><c><![CDATA[CODEINSPECTOR]]></c><c/><c><![CDATA[2008-07-18 00:00:00]]></c><c/><c><![CDATA[2008-07-18 00:00:00]]></c><c/><c/></r><r><c><![CDATA[CL_CI_TEST_EXTENDED_CHECK_0402]]></c><c/><c/><c><![CDATA[CODEINSPECTOR]]></c><c/><c><![CDATA[2008-07-18 00:00:00]]></c><c/><c><![CDATA[2008-07-18 00:00:00]]></c><c/><c/></r><r><c><![CDATA[CL_CI_TEST_EXTENDED_CHECK_0600]]></c><c/><c/><c><![CDATA[CODEINSPECTOR]]></c><c/><c><![CDATA[2008-07-18 00:00:00]]></c><c/><c><![CDATA[2008-07-18 00:00:00]]></c><c/><c/></r><r><c><![CDATA[CL_CI_TEST_EXTENDED_CHECK_0601]]></c><c/><c/><c><![CDATA[CODEINSPECTOR]]></c><c/><c><![CDATA[2008-07-18 00:00:00]]></c><c/><c><![CDATA[2008-07-18 00:00:00]]></c><c/><c/></r><r><c><![CDATA[CL_CI_TEST_EXTENDED_CHECK_0602]]></c><c/><c/><c><![CDATA[CODEINSPECTOR]]></c><c/><c><![CDATA[2008-07-18 00:00:00]]></c><c/><c><![CDATA[2008-07-18 00:00:00]]></c><c/><c/></r><r><c><![CDATA[CL_CI_TEST_EXTENDED_CHECK_0603]]></c><c/><c/><c><![CDATA[CODEINSPECTOR]]></c><c/><c><![CDATA[2008-07-18 00:00:00]]></c><c/><c><![CDATA[2008-07-18 00:00:00]]></c><c/><c/></r><r><c><![CDATA[CL_CI_TEST_EXTENDED_CHECK_0604]]></c><c/><c/><c><![CDATA[CODEINSPECTOR]]></c><c/><c><![CDATA[2008-07-18 00:00:00]]></c><c/><c><![CDATA[2008-07-18 00:00:00]]></c><c/><c/></r><r><c><![CDATA[CL_CI_TEST_EXTENDED_CHECK_0700]]></c><c/><c/><c><![CDATA[CODEINSPECTOR]]></c><c/><c><![CDATA[2008-07-18 00:00:00]]></c><c/><c><![CDATA[2008-07-18 00:00:00]]></c><c/><c/></r><r><c><![CDATA[CL_CI_TEST_EXTENDED_CHECK_0701]]></c><c/><c/><c><![CDATA[CODEINSPECTOR]]></c><c/><c><![CDATA[2008-07-18 00:00:00]]></c><c/><c><![CDATA[2008-07-18 00:00:00]]></c><c/><c/></r><r><c><![CDATA[CL_CI_TEST_EXTENDED_CHECK_0702]]></c><c/><c/><c><![CDATA[CODEINSPECTOR]]></c><c/><c><![CDATA[2008-07-18 00:00:00]]></c><c/><c><![CDATA[2008-07-18 00:00:00]]></c><c/><c/></r><r><c><![CDATA[CL_CI_TEST_EXTENDED_CHECK_0703]]></c><c/><c/><c><![CDATA[CODEINSPECTOR]]></c><c/><c><![CDATA[2008-07-18 00:00:00]]></c><c/><c><![CDATA[2008-07-18 00:00:00]]></c><c/><c/></r><r><c><![CDATA[CL_CI_TEST_EXTENDED_CHECK_0704]]></c><c/><c/><c><![CDATA[CODEINSPECTOR]]></c><c/><c><![CDATA[2008-07-18 00:00:00]]></c><c/><c><![CDATA[2008-07-18 00:00:00]]></c><c/><c/></r><r><c><![CDATA[CL_CI_TEST_EXTENDED_CHECK_0800]]></c><c/><c/><c><![CDATA[CODEINSPECTOR]]></c><c/><c><![CDATA[2008-07-18 00:00:00]]></c><c/><c><![CDATA[2008-07-18 00:00:00]]></c><c/><c/></r><r><c><![CDATA[CL_CI_TEST_SYSUBRC_0000]]></c><c/><c/><c><![CDATA[CODEINSPECTOR]]></c><c/><c><![CDATA[2008-07-18 00:00:00]]></c><c/><c><![CDATA[2008-07-18 00:00:00]]></c><c/><c/></r><r><c><![CDATA[CL_CI_TEST_CRITICAL_STATEMENTS]]></c><c/><c/><c><![CDATA[CODEINSPECTOR]]></c><c/><c/><c/><c/><c/><c/></r><r><c><![CDATA[CL_CI_TEST_DDIC_TABLES]]></c><c/><c/><c><![CDATA[CODEINSPECTOR]]></c><c/><c/><c/><c/><c/><c/></r><r><c><![CDATA[CL_CI_TEST_IMUD_NESTED]]></c><c/><c/><c><![CDATA[CODEINSPECTOR]]></c><c/><c/><c/><c/><c/><c/></r><r><c><![CDATA[CL_CI_TEST_IMUD_NOT_VB]]></c><c/><c/><c><![CDATA[CODEINSPECTOR]]></c><c/><c/><c/><c/><c/><c/></r><r><c><![CDATA[CL_CI_TEST_IMUD_TAW_A]]></c><c/><c/><c><![CDATA[CODEINSPECTOR]]></c><c/><c/><c/><c/><c/><c/></r><r><c><![CDATA[CL_CI_TEST_IMUD_TAW_SEC01]]></c><c/><c/><c><![CDATA[CODEINSPECTOR]]></c><c/><c/><c/><c/><c/><c/></r><r><c><![CDATA[CL_CI_TEST_SCAN_NESTED]]></c><c/><c/><c><![CDATA[CODEINSPECTOR]]></c><c/><c/><c/><c/><c/><c/></r><r><c><![CDATA[CL_CI_TEST_SELECT_NESTED]]></c><c/><c/><c><![CDATA[CODEINSPECTOR]]></c><c/><c/><c/><c/><c/><c/></r><r><c><![CDATA[CL_CI_TEST_SELECT_TAW_A]]></c><c/><c/><c><![CDATA[CODEINSPECTOR]]></c><c/><c/><c/><c/><c/><c/></r><r><c><![CDATA[CL_CI_TEST_SELECT_TAW_BYBUF]]></c><c/><c/><c><![CDATA[CODEINSPECTOR]]></c><c/><c/><c/><c/><c/><c/></r><r><c><![CDATA[CL_CI_TEST_SELECT_TAW_SEC01]]></c><c/><c/><c><![CDATA[CODEINSPECTOR]]></c><c/><c/><c/><c/><c/><c/></r><r><c><![CDATA[CL_CI_TEST_SELECT_THEN_CHECK]]></c><c/><c/><c><![CDATA[CODEINSPECTOR]]></c><c/><c/><c/><c/><c/><c/></r><r><c><![CDATA[CL_CI_TEST_SYSUBRC]]></c><c/><c/><c><![CDATA[CODEINSPECTOR]]></c><c/><c/><c/><c/><c/><c/></r><r><c><![CDATA[IFPUG]]></c><c/><c/><c><![CDATA[CAQS]]></c><c/><c/><c/><c/><c/><c/></r><r><c><![CDATA[LPE_CUD_IN_LOOP]]></c><c/><c/><c><![CDATA[CAQS]]></c><c/><c><![CDATA[2008-11-28 00:00:00]]></c><c/><c><![CDATA[2008-11-28 00:00:00]]></c><c/><c/></r><r><c><![CDATA[LPE_TX_SS_CLOSE]]></c><c/><c/><c><![CDATA[CAQS]]></c><c/><c><![CDATA[2008-11-28 00:00:00]]></c><c/><c><![CDATA[2008-11-28 00:00:00]]></c><c/><c/></r><r><c><![CDATA[LPE_TX_SS_COMMIT]]></c><c/><c/><c><![CDATA[CAQS]]></c><c/><c><![CDATA[2008-11-28 00:00:00]]></c><c/><c><![CDATA[2008-11-28 00:00:00]]></c><c/><c/></r><r><c><![CDATA[LPE_TX_SS_ROLLBACK]]></c><c/><c/><c><![CDATA[CAQS]]></c><c/><c><![CDATA[2008-11-28 00:00:00]]></c><c/><c><![CDATA[2008-11-28 00:00:00]]></c><c/><c/></r><r><c><![CDATA[LPE_RETRIEVE_SQL_BINDING]]></c><c/><c/><c><![CDATA[CAQS]]></c><c/><c><![CDATA[2008-11-28 00:00:00]]></c><c/><c><![CDATA[2008-11-28 00:00:00]]></c><c/><c/></r><r><c><![CDATA[LPE_RETRIEVE_SQL_SS_BINDING]]></c><c/><c/><c><![CDATA[CAQS]]></c><c/><c><![CDATA[2008-11-28 00:00:00]]></c><c/><c><![CDATA[2008-11-28 00:00:00]]></c><c/><c/></r><r><c><![CDATA[C_BACKSLASH_DIRECTORY]]></c><c/><c/><c><![CDATA[CAQS]]></c><c/><c/><c><![CDATA[2010-05-06 17:03:35]]></c><c/><c/><c/></r><r><c><![CDATA[SQL_BAD_LIKE]]></c><c/><c/><c><![CDATA[CAQS]]></c><c/><c/><c><![CDATA[2010-05-06 14:26:27]]></c><c/><c/><c/></r><r><c><![CDATA[SQL_SERVER_TIMESTAMP]]></c><c/><c/><c><![CDATA[CAQS]]></c><c/><c/><c><![CDATA[2010-05-06 14:10:10]]></c><c/><c/><c/></r><r><c><![CDATA[SQL_DEFINE_VALUES]]></c><c/><c/><c><![CDATA[CAQS]]></c><c/><c/><c><![CDATA[2010-05-06 14:08:00]]></c><c/><c/><c/></r><r><c><![CDATA[SQL_EXPLICIT_JOIN]]></c><c/><c/><c><![CDATA[CAQS]]></c><c/><c/><c><![CDATA[2010-05-06 12:38:00]]></c><c/><c/><c/></r><r><c><![CDATA[SQL_JOIN_CONDITIONS]]></c><c/><c/><c><![CDATA[CAQS]]></c><c/><c/><c><![CDATA[2010-05-06 11:54:29]]></c><c/><c/><c/></r><r><c><![CDATA[SQL_SELECT_STAR]]></c><c/><c/><c><![CDATA[CAQS]]></c><c/><c/><c><![CDATA[2010-05-06 11:46:57]]></c><c/><c/><c/></r></e>