<?xml version="1.0"  encoding="UTF-8"?><e><r><c><![CDATA[CL_CI_DYC]]></c><c><![CDATA[CL_CI_TEST_EXTENDED_CHECK_1612]]></c><c><![CDATA[ABAP]]></c><c/><c/></r><r><c><![CDATA[CL_CI_DYC]]></c><c><![CDATA[CL_CI_TEST_EXTENDED_CHECK_1613]]></c><c><![CDATA[ABAP]]></c><c/><c/></r><r><c><![CDATA[CL_CI_DYC]]></c><c><![CDATA[CL_CI_TEST_EXTENDED_CHECK_1614]]></c><c><![CDATA[ABAP]]></c><c/><c/></r><r><c><![CDATA[CL_CI_DYC]]></c><c><![CDATA[CL_CI_TEST_EXTENDED_CHECK_1615]]></c><c><![CDATA[ABAP]]></c><c/><c/></r><r><c><![CDATA[CL_CI_DYC]]></c><c><![CDATA[CL_CI_TEST_EXTENDED_CHECK_1616]]></c><c><![CDATA[ABAP]]></c><c/><c/></r><r><c><![CDATA[CL_CI_DYC]]></c><c><![CDATA[CL_CI_TEST_EXTENDED_CHECK_1617]]></c><c><![CDATA[ABAP]]></c><c/><c/></r><r><c><![CDATA[CL_CI_DYC]]></c><c><![CDATA[CL_CI_TEST_EXTENDED_CHECK_1618]]></c><c><![CDATA[ABAP]]></c><c/><c/></r><r><c><![CDATA[CL_CI_DYC]]></c><c><![CDATA[CL_CI_TEST_EXTENDED_CHECK_1619]]></c><c><![CDATA[ABAP]]></c><c/><c/></r><r><c><![CDATA[CL_CI_DYC]]></c><c><![CDATA[CL_CI_TEST_EXTENDED_CHECK_1620]]></c><c><![CDATA[ABAP]]></c><c/><c/></r><r><c><![CDATA[CL_CI_DYC]]></c><c><![CDATA[CL_CI_TEST_EXTENDED_CHECK_1621]]></c><c><![CDATA[ABAP]]></c><c/><c/></r><r><c><![CDATA[COMP]]></c><c><![CDATA[CLOC]]></c><c><![CDATA[ABAP]]></c><c/><c/></r><r><c><![CDATA[COMP]]></c><c><![CDATA[LOC]]></c><c><![CDATA[ABAP]]></c><c/><c/></r><r><c><![CDATA[COMP]]></c><c><![CDATA[NL]]></c><c><![CDATA[ABAP]]></c><c/><c/></r><r><c><![CDATA[CL_CI_TEST_CRITICAL_STATEMENTS]]></c><c><![CDATA[CL_CI_TEST_CRITICAL_STATEMENTS_0009]]></c><c><![CDATA[ABAP]]></c><c/><c/></r><r><c><![CDATA[CL_CI_TEST_CRITICAL_STATEMENTS]]></c><c><![CDATA[CL_CI_TEST_CRITICAL_STATEMENTS_0010]]></c><c><![CDATA[ABAP]]></c><c/><c/></r><r><c><![CDATA[CL_CI_TEST_CRITICAL_STATEMENTS]]></c><c><![CDATA[CL_CI_TEST_CRITICAL_STATEMENTS_0011]]></c><c><![CDATA[ABAP]]></c><c/><c/></r><r><c><![CDATA[CL_CI_TEST_CRITICAL_STATEMENTS]]></c><c><![CDATA[CL_CI_TEST_CRITICAL_STATEMENTS_0012]]></c><c><![CDATA[ABAP]]></c><c/><c/></r><r><c><![CDATA[CL_CI_TEST_CRITICAL_STATEMENTS]]></c><c><![CDATA[CL_CI_TEST_CRITICAL_STATEMENTS_0013]]></c><c><![CDATA[ABAP]]></c><c/><c/></r><r><c><![CDATA[CL_CI_TEST_CRITICAL_STATEMENTS]]></c><c><![CDATA[CL_CI_TEST_CRITICAL_STATEMENTS_0014]]></c><c><![CDATA[ABAP]]></c><c/><c/></r><r><c><![CDATA[CL_CI_TEST_CRITICAL_STATEMENTS]]></c><c><![CDATA[CL_CI_TEST_CRITICAL_STATEMENTS_0015]]></c><c><![CDATA[ABAP]]></c><c/><c/></r><r><c><![CDATA[CL_CI_TEST_SELECT_TAW_SEC01]]></c><c><![CDATA[CL_CI_TEST_SELECT_TAW_SEC01_0000]]></c><c><![CDATA[ABAP]]></c><c/><c/></r><r><c><![CDATA[CL_CI_TEST_IMUD_TAW_SEC01]]></c><c><![CDATA[CL_CI_TEST_IMUD_TAW_SEC01_0001]]></c><c><![CDATA[ABAP]]></c><c/><c/></r><r><c><![CDATA[CL_CI_TEST_IMUD_TAW_SEC01]]></c><c><![CDATA[CL_CI_TEST_IMUD_TAW_SEC01_0002]]></c><c><![CDATA[ABAP]]></c><c/><c/></r><r><c><![CDATA[CL_CI_TEST_IMUD_TAW_SEC01]]></c><c><![CDATA[CL_CI_TEST_IMUD_TAW_SEC01_0003]]></c><c><![CDATA[ABAP]]></c><c/><c/></r><r><c><![CDATA[CL_CI_TEST_IMUD_TAW_SEC01]]></c><c><![CDATA[CL_CI_TEST_IMUD_TAW_SEC01_0004]]></c><c><![CDATA[ABAP]]></c><c/><c/></r><r><c><![CDATA[CL_CI_TEST_SYSUBRC]]></c><c><![CDATA[CL_CI_TEST_SYSUBRC_0000]]></c><c><![CDATA[ABAP]]></c><c/><c/></r><r><c><![CDATA[CL_CI_BRE]]></c><c><![CDATA[CL_CI_TEST_EXTENDED_CHECK_0800]]></c><c><![CDATA[ABAP]]></c><c/><c/></r><r><c><![CDATA[CL_CI_BRE]]></c><c><![CDATA[CL_CI_TEST_EXTENDED_CHECK_0801]]></c><c><![CDATA[ABAP]]></c><c/><c/></r><r><c><![CDATA[CL_CI_BRE]]></c><c><![CDATA[CL_CI_TEST_EXTENDED_CHECK_0802]]></c><c><![CDATA[ABAP]]></c><c/><c/></r><r><c><![CDATA[CL_CI_BRE]]></c><c><![CDATA[CL_CI_TEST_EXTENDED_CHECK_0803]]></c><c><![CDATA[ABAP]]></c><c/><c/></r><r><c><![CDATA[CL_CI_BRE]]></c><c><![CDATA[CL_CI_TEST_EXTENDED_CHECK_0804]]></c><c><![CDATA[ABAP]]></c><c/><c/></r><r><c><![CDATA[CL_CI_BRE]]></c><c><![CDATA[CL_CI_TEST_EXTENDED_CHECK_0805]]></c><c><![CDATA[ABAP]]></c><c/><c/></r><r><c><![CDATA[CL_CI_TEST_SELECT_TAW_A]]></c><c><![CDATA[CL_CI_TEST_SELECT_TAW_A_0001]]></c><c><![CDATA[ABAP]]></c><c/><c/></r><r><c><![CDATA[CL_CI_BRE]]></c><c><![CDATA[CL_CI_TEST_EXTENDED_CHECK_0806]]></c><c><![CDATA[ABAP]]></c><c/><c/></r><r><c><![CDATA[CL_CI_BRE]]></c><c><![CDATA[CL_CI_TEST_EXTENDED_CHECK_0807]]></c><c><![CDATA[ABAP]]></c><c/><c/></r><r><c><![CDATA[CL_CI_CAL]]></c><c><![CDATA[CL_CI_TEST_EXTENDED_CHECK_1000]]></c><c><![CDATA[ABAP]]></c><c/><c/></r><r><c><![CDATA[CL_CI_CAL]]></c><c><![CDATA[CL_CI_TEST_EXTENDED_CHECK_1001]]></c><c><![CDATA[ABAP]]></c><c/><c/></r><r><c><![CDATA[CL_CI_CAL]]></c><c><![CDATA[CL_CI_TEST_EXTENDED_CHECK_1002]]></c><c><![CDATA[ABAP]]></c><c/><c/></r><r><c><![CDATA[CL_CI_CAL]]></c><c><![CDATA[CL_CI_TEST_EXTENDED_CHECK_1004]]></c><c><![CDATA[ABAP]]></c><c/><c/></r><r><c><![CDATA[CL_CI_CAL]]></c><c><![CDATA[CL_CI_TEST_EXTENDED_CHECK_1006]]></c><c><![CDATA[ABAP]]></c><c/><c/></r><r><c><![CDATA[CL_CI_CAL]]></c><c><![CDATA[CL_CI_TEST_EXTENDED_CHECK_1007]]></c><c><![CDATA[ABAP]]></c><c/><c/></r><r><c><![CDATA[CL_CI_CAL]]></c><c><![CDATA[CL_CI_TEST_EXTENDED_CHECK_1011]]></c><c><![CDATA[ABAP]]></c><c/><c/></r><r><c><![CDATA[CL_CI_CAL]]></c><c><![CDATA[CL_CI_TEST_EXTENDED_CHECK_1012]]></c><c><![CDATA[ABAP]]></c><c/><c/></r><r><c><![CDATA[CL_CI_DAT]]></c><c><![CDATA[CL_CI_TEST_EXTENDED_CHECK_0901]]></c><c><![CDATA[ABAP]]></c><c/><c/></r><r><c><![CDATA[CL_CI_DAT]]></c><c><![CDATA[CL_CI_TEST_EXTENDED_CHECK_0903]]></c><c><![CDATA[ABAP]]></c><c/><c/></r><r><c><![CDATA[CL_CI_DAT]]></c><c><![CDATA[CL_CI_TEST_EXTENDED_CHECK_0905]]></c><c><![CDATA[ABAP]]></c><c/><c/></r><r><c><![CDATA[CL_CI_DAT]]></c><c><![CDATA[CL_CI_TEST_EXTENDED_CHECK_0906]]></c><c><![CDATA[ABAP]]></c><c/><c/></r><r><c><![CDATA[CL_CI_DAT]]></c><c><![CDATA[CL_CI_TEST_EXTENDED_CHECK_0908]]></c><c><![CDATA[ABAP]]></c><c/><c/></r><r><c><![CDATA[CL_CI_DAT]]></c><c><![CDATA[CL_CI_TEST_EXTENDED_CHECK_0910]]></c><c><![CDATA[ABAP]]></c><c/><c/></r><r><c><![CDATA[CL_CI_DAT]]></c><c><![CDATA[CL_CI_TEST_EXTENDED_CHECK_0911]]></c><c><![CDATA[ABAP]]></c><c/><c/></r><r><c><![CDATA[CL_CI_DAT]]></c><c><![CDATA[CL_CI_TEST_EXTENDED_CHECK_0912]]></c><c><![CDATA[ABAP]]></c><c/><c/></r><r><c><![CDATA[CL_CI_MLS]]></c><c><![CDATA[CL_CI_TEST_EXTENDED_CHECK_2000]]></c><c><![CDATA[ABAP]]></c><c/><c/></r><r><c><![CDATA[CL_CI_MLS]]></c><c><![CDATA[CL_CI_TEST_EXTENDED_CHECK_2003]]></c><c><![CDATA[ABAP]]></c><c/><c/></r><r><c><![CDATA[CL_CI_OPF]]></c><c><![CDATA[CL_CI_TEST_EXTENDED_CHECK_1400]]></c><c><![CDATA[ABAP]]></c><c/><c/></r><r><c><![CDATA[CL_CI_OPF]]></c><c><![CDATA[CL_CI_TEST_EXTENDED_CHECK_1401]]></c><c><![CDATA[ABAP]]></c><c/><c/></r><r><c><![CDATA[CL_CI_OPF]]></c><c><![CDATA[CL_CI_TEST_EXTENDED_CHECK_1402]]></c><c><![CDATA[ABAP]]></c><c/><c/></r><r><c><![CDATA[CL_CI_POR]]></c><c><![CDATA[CL_CI_TEST_EXTENDED_CHECK_1200]]></c><c><![CDATA[ABAP]]></c><c/><c/></r><r><c><![CDATA[CL_CI_POR]]></c><c><![CDATA[CL_CI_TEST_EXTENDED_CHECK_1201]]></c><c><![CDATA[ABAP]]></c><c/><c/></r><r><c><![CDATA[CL_CI_TXT]]></c><c><![CDATA[CL_CI_TEST_EXTENDED_CHECK_1700]]></c><c><![CDATA[ABAP]]></c><c/><c/></r><r><c><![CDATA[CL_CI_TXT]]></c><c><![CDATA[CL_CI_TEST_EXTENDED_CHECK_1701]]></c><c><![CDATA[ABAP]]></c><c/><c/></r><r><c><![CDATA[CL_CI_TXT]]></c><c><![CDATA[CL_CI_TEST_EXTENDED_CHECK_1702]]></c><c><![CDATA[ABAP]]></c><c/><c/></r><r><c><![CDATA[CL_CI_TXT]]></c><c><![CDATA[CL_CI_TEST_EXTENDED_CHECK_1703]]></c><c><![CDATA[ABAP]]></c><c/><c/></r><r><c><![CDATA[CL_CI_TXT]]></c><c><![CDATA[CL_CI_TEST_EXTENDED_CHECK_1704]]></c><c><![CDATA[ABAP]]></c><c/><c/></r><r><c><![CDATA[CL_CI_TXT]]></c><c><![CDATA[CL_CI_TEST_EXTENDED_CHECK_1705]]></c><c><![CDATA[ABAP]]></c><c/><c/></r><r><c><![CDATA[CL_CI_TXT]]></c><c><![CDATA[CL_CI_TEST_EXTENDED_CHECK_1706]]></c><c><![CDATA[ABAP]]></c><c/><c/></r><r><c><![CDATA[CL_CI_TXT]]></c><c><![CDATA[CL_CI_TEST_EXTENDED_CHECK_1707]]></c><c><![CDATA[ABAP]]></c><c/><c/></r><r><c><![CDATA[CL_CI_TXT]]></c><c><![CDATA[CL_CI_TEST_EXTENDED_CHECK_1708]]></c><c><![CDATA[ABAP]]></c><c/><c/></r><r><c><![CDATA[CL_CI_TXT]]></c><c><![CDATA[CL_CI_TEST_EXTENDED_CHECK_1709]]></c><c><![CDATA[ABAP]]></c><c/><c/></r><r><c><![CDATA[CL_CI_TXT]]></c><c><![CDATA[CL_CI_TEST_EXTENDED_CHECK_1710]]></c><c><![CDATA[ABAP]]></c><c/><c/></r><r><c><![CDATA[CL_CI_PFS]]></c><c><![CDATA[CL_CI_TEST_EXTENDED_CHECK_0700]]></c><c><![CDATA[ABAP]]></c><c/><c/></r><r><c><![CDATA[CL_CI_PFS]]></c><c><![CDATA[CL_CI_TEST_EXTENDED_CHECK_0701]]></c><c><![CDATA[ABAP]]></c><c/><c/></r><r><c><![CDATA[CL_CI_PFS]]></c><c><![CDATA[CL_CI_TEST_EXTENDED_CHECK_0702]]></c><c><![CDATA[ABAP]]></c><c/><c/></r><r><c><![CDATA[CL_CI_PFS]]></c><c><![CDATA[CL_CI_TEST_EXTENDED_CHECK_0703]]></c><c><![CDATA[ABAP]]></c><c/><c/></r><r><c><![CDATA[CL_CI_PFS]]></c><c><![CDATA[CL_CI_TEST_EXTENDED_CHECK_0704]]></c><c><![CDATA[ABAP]]></c><c/><c/></r><r><c><![CDATA[CL_CI_DYC]]></c><c><![CDATA[CL_CI_TEST_EXTENDED_CHECK_1601]]></c><c><![CDATA[ABAP]]></c><c/><c/></r><r><c><![CDATA[CL_CI_DYC]]></c><c><![CDATA[CL_CI_TEST_EXTENDED_CHECK_1602]]></c><c><![CDATA[ABAP]]></c><c/><c/></r><r><c><![CDATA[CL_CI_DYC]]></c><c><![CDATA[CL_CI_TEST_EXTENDED_CHECK_1603]]></c><c><![CDATA[ABAP]]></c><c/><c/></r><r><c><![CDATA[CL_CI_DYC]]></c><c><![CDATA[CL_CI_TEST_EXTENDED_CHECK_1604]]></c><c><![CDATA[ABAP]]></c><c/><c/></r><r><c><![CDATA[CL_CI_DYC]]></c><c><![CDATA[CL_CI_TEST_EXTENDED_CHECK_1605]]></c><c><![CDATA[ABAP]]></c><c/><c/></r><r><c><![CDATA[CL_CI_DYC]]></c><c><![CDATA[CL_CI_TEST_EXTENDED_CHECK_1607]]></c><c><![CDATA[ABAP]]></c><c/><c/></r><r><c><![CDATA[CL_CI_DYC]]></c><c><![CDATA[CL_CI_TEST_EXTENDED_CHECK_1608]]></c><c><![CDATA[ABAP]]></c><c/><c/></r><r><c><![CDATA[CL_CI_DYC]]></c><c><![CDATA[CL_CI_TEST_EXTENDED_CHECK_1609]]></c><c><![CDATA[ABAP]]></c><c/><c/></r><r><c><![CDATA[CL_CI_DYC]]></c><c><![CDATA[CL_CI_TEST_EXTENDED_CHECK_1610]]></c><c><![CDATA[ABAP]]></c><c/><c/></r><r><c><![CDATA[CL_CI_DYC]]></c><c><![CDATA[CL_CI_TEST_EXTENDED_CHECK_1611]]></c><c><![CDATA[ABAP]]></c><c/><c/></r><r><c><![CDATA[CL_CI_TEST_DDIC_TABLES]]></c><c><![CDATA[CL_CI_TEST_DDIC_TABLES_0013]]></c><c><![CDATA[ABAP]]></c><c/><c/></r><r><c><![CDATA[CL_CI_TEST_DDIC_TABLES]]></c><c><![CDATA[CL_CI_TEST_DDIC_TABLES_0014]]></c><c><![CDATA[ABAP]]></c><c/><c/></r><r><c><![CDATA[CL_CI_TEST_DDIC_TABLES]]></c><c><![CDATA[CL_CI_TEST_DDIC_TABLES_0015]]></c><c><![CDATA[ABAP]]></c><c/><c/></r><r><c><![CDATA[CL_CI_TEST_DDIC_TABLES]]></c><c><![CDATA[CL_CI_TEST_DDIC_TABLES_0016]]></c><c><![CDATA[ABAP]]></c><c/><c/></r><r><c><![CDATA[CL_CI_TEST_DDIC_TABLES]]></c><c><![CDATA[CL_CI_TEST_DDIC_TABLES_0021]]></c><c><![CDATA[ABAP]]></c><c/><c/></r><r><c><![CDATA[CL_CI_TEST_DDIC_TABLES]]></c><c><![CDATA[CL_CI_TEST_DDIC_TABLES_0022]]></c><c><![CDATA[ABAP]]></c><c/><c/></r><r><c><![CDATA[CL_CI_TEST_DDIC_TABLES]]></c><c><![CDATA[CL_CI_TEST_DDIC_TABLES_0030]]></c><c><![CDATA[ABAP]]></c><c/><c/></r><r><c><![CDATA[CL_CI_TEST_DDIC_TABLES]]></c><c><![CDATA[CL_CI_TEST_DDIC_TABLES_0031]]></c><c><![CDATA[ABAP]]></c><c/><c/></r><r><c><![CDATA[CL_CI_TEST_DDIC_TABLES]]></c><c><![CDATA[CL_CI_TEST_DDIC_TABLES_0032]]></c><c><![CDATA[ABAP]]></c><c/><c/></r><r><c><![CDATA[CL_CI_TEST_DDIC_TABLES]]></c><c><![CDATA[CL_CI_TEST_DDIC_TABLES_0033]]></c><c><![CDATA[ABAP]]></c><c/><c/></r><r><c><![CDATA[CL_CI_TEST_DDIC_TABLES]]></c><c><![CDATA[CL_CI_TEST_DDIC_TABLES_0034]]></c><c><![CDATA[ABAP]]></c><c/><c/></r><r><c><![CDATA[CL_CI_TEST_DDIC_TABLES]]></c><c><![CDATA[CL_CI_TEST_DDIC_TABLES_0035]]></c><c><![CDATA[ABAP]]></c><c/><c/></r><r><c><![CDATA[CL_CI_TEST_DDIC_TABLES]]></c><c><![CDATA[CL_CI_TEST_DDIC_TABLES_0036]]></c><c><![CDATA[ABAP]]></c><c/><c/></r><r><c><![CDATA[CL_CI_TEST_IMUD_NOT_VB]]></c><c><![CDATA[CL_CI_TEST_IMUD_NOT_VB_0001]]></c><c><![CDATA[ABAP]]></c><c/><c/></r><r><c><![CDATA[CL_CI_TEST_CRITICAL_STATEMENTS]]></c><c><![CDATA[CL_CI_TEST_CRITICAL_STATEMENTS_0001]]></c><c><![CDATA[ABAP]]></c><c/><c/></r><r><c><![CDATA[CL_CI_TEST_CRITICAL_STATEMENTS]]></c><c><![CDATA[CL_CI_TEST_CRITICAL_STATEMENTS_0002]]></c><c><![CDATA[ABAP]]></c><c/><c/></r><r><c><![CDATA[CL_CI_TEST_CRITICAL_STATEMENTS]]></c><c><![CDATA[CL_CI_TEST_CRITICAL_STATEMENTS_0003]]></c><c><![CDATA[ABAP]]></c><c/><c/></r><r><c><![CDATA[CL_CI_TEST_CRITICAL_STATEMENTS]]></c><c><![CDATA[CL_CI_TEST_CRITICAL_STATEMENTS_0004]]></c><c><![CDATA[ABAP]]></c><c/><c/></r><r><c><![CDATA[CL_CI_TEST_CRITICAL_STATEMENTS]]></c><c><![CDATA[CL_CI_TEST_CRITICAL_STATEMENTS_0005]]></c><c><![CDATA[ABAP]]></c><c/><c/></r><r><c><![CDATA[CL_CI_TEST_CRITICAL_STATEMENTS]]></c><c><![CDATA[CL_CI_TEST_CRITICAL_STATEMENTS_0006]]></c><c><![CDATA[ABAP]]></c><c/><c/></r><r><c><![CDATA[CL_CI_TEST_CRITICAL_STATEMENTS]]></c><c><![CDATA[CL_CI_TEST_CRITICAL_STATEMENTS_0007]]></c><c><![CDATA[ABAP]]></c><c/><c/></r><r><c><![CDATA[CL_CI_TEST_CRITICAL_STATEMENTS]]></c><c><![CDATA[CL_CI_TEST_CRITICAL_STATEMENTS_0008]]></c><c><![CDATA[ABAP]]></c><c/><c/></r><r><c><![CDATA[CL_CI_TEST_SELECT_TAW_A]]></c><c><![CDATA[CL_CI_TEST_SELECT_TAW_A_0004]]></c><c><![CDATA[ABAP]]></c><c/><c/></r><r><c><![CDATA[CL_CI_TEST_SELECT_TAW_A]]></c><c><![CDATA[CL_CI_TEST_SELECT_TAW_A_0010]]></c><c><![CDATA[ABAP]]></c><c/><c/></r><r><c><![CDATA[CL_CI_TEST_IMUD_TAW_A]]></c><c><![CDATA[CL_CI_TEST_IMUD_TAW_A_0001]]></c><c><![CDATA[ABAP]]></c><c/><c/></r><r><c><![CDATA[CL_CI_TEST_IMUD_TAW_A]]></c><c><![CDATA[CL_CI_TEST_IMUD_TAW_A_0002]]></c><c><![CDATA[ABAP]]></c><c/><c/></r><r><c><![CDATA[CL_CI_TEST_IMUD_TAW_A]]></c><c><![CDATA[CL_CI_TEST_IMUD_TAW_A_0004]]></c><c><![CDATA[ABAP]]></c><c/><c/></r><r><c><![CDATA[CL_CI_TEST_IMUD_NESTED]]></c><c><![CDATA[CL_CI_TEST_IMUD_NESTED_0001]]></c><c><![CDATA[ABAP]]></c><c/><c/></r><r><c><![CDATA[CL_CI_TEST_SCAN_NESTED]]></c><c><![CDATA[CL_CI_TEST_SCAN_NESTED_0001]]></c><c><![CDATA[ABAP]]></c><c/><c/></r><r><c><![CDATA[CL_CI_TEST_SELECT_NESTED]]></c><c><![CDATA[CL_CI_TEST_SELECT_NESTED_0000]]></c><c><![CDATA[ABAP]]></c><c/><c/></r><r><c><![CDATA[CL_CI_DYC]]></c><c><![CDATA[CL_CI_TEST_EXTENDED_CHECK_1622]]></c><c><![CDATA[ABAP]]></c><c/><c/></r><r><c><![CDATA[CL_CI_DYC]]></c><c><![CDATA[CL_CI_TEST_EXTENDED_CHECK_1623]]></c><c><![CDATA[ABAP]]></c><c/><c/></r><r><c><![CDATA[CL_CI_DYC]]></c><c><![CDATA[CL_CI_TEST_EXTENDED_CHECK_1624]]></c><c><![CDATA[ABAP]]></c><c/><c/></r><r><c><![CDATA[CL_CI_DYC]]></c><c><![CDATA[CL_CI_TEST_EXTENDED_CHECK_1625]]></c><c><![CDATA[ABAP]]></c><c/><c/></r><r><c><![CDATA[CL_CI_DYC]]></c><c><![CDATA[CL_CI_TEST_EXTENDED_CHECK_1626]]></c><c><![CDATA[ABAP]]></c><c/><c/></r><r><c><![CDATA[CL_CI_DYC]]></c><c><![CDATA[CL_CI_TEST_EXTENDED_CHECK_1627]]></c><c><![CDATA[ABAP]]></c><c/><c/></r><r><c><![CDATA[CL_CI_DYC]]></c><c><![CDATA[CL_CI_TEST_EXTENDED_CHECK_1628]]></c><c><![CDATA[ABAP]]></c><c/><c/></r><r><c><![CDATA[CL_CI_DYC]]></c><c><![CDATA[CL_CI_TEST_EXTENDED_CHECK_1695]]></c><c><![CDATA[ABAP]]></c><c/><c/></r><r><c><![CDATA[CL_CI_DYC]]></c><c><![CDATA[CL_CI_TEST_EXTENDED_CHECK_1696]]></c><c><![CDATA[ABAP]]></c><c/><c/></r><r><c><![CDATA[CL_CI_DYC]]></c><c><![CDATA[CL_CI_TEST_EXTENDED_CHECK_1699]]></c><c><![CDATA[ABAP]]></c><c/><c/></r><r><c><![CDATA[CL_CI_AUT]]></c><c><![CDATA[CL_CI_TEST_EXTENDED_CHECK_0300]]></c><c><![CDATA[ABAP]]></c><c/><c/></r><r><c><![CDATA[CL_CI_AUT]]></c><c><![CDATA[CL_CI_TEST_EXTENDED_CHECK_0301]]></c><c><![CDATA[ABAP]]></c><c/><c/></r><r><c><![CDATA[CL_CI_AUT]]></c><c><![CDATA[CL_CI_TEST_EXTENDED_CHECK_0302]]></c><c><![CDATA[ABAP]]></c><c/><c/></r><r><c><![CDATA[CL_CI_AUT]]></c><c><![CDATA[CL_CI_TEST_EXTENDED_CHECK_0303]]></c><c><![CDATA[ABAP]]></c><c/><c/></r><r><c><![CDATA[CL_CI_AUT]]></c><c><![CDATA[CL_CI_TEST_EXTENDED_CHECK_0304]]></c><c><![CDATA[ABAP]]></c><c/><c/></r><r><c><![CDATA[CL_CI_ESY]]></c><c><![CDATA[CL_CI_TEST_EXTENDED_CHECK_0023]]></c><c><![CDATA[ABAP]]></c><c/><c/></r><r><c><![CDATA[CL_CI_ESY]]></c><c><![CDATA[CL_CI_TEST_EXTENDED_CHECK_0024]]></c><c><![CDATA[ABAP]]></c><c/><c/></r><r><c><![CDATA[CL_CI_ESY]]></c><c><![CDATA[CL_CI_TEST_EXTENDED_CHECK_0025]]></c><c><![CDATA[ABAP]]></c><c/><c/></r><r><c><![CDATA[CL_CI_ESY]]></c><c><![CDATA[CL_CI_TEST_EXTENDED_CHECK_0033]]></c><c><![CDATA[ABAP]]></c><c/><c/></r><r><c><![CDATA[CL_CI_ESY]]></c><c><![CDATA[CL_CI_TEST_EXTENDED_CHECK_0036]]></c><c><![CDATA[ABAP]]></c><c/><c/></r><r><c><![CDATA[CL_CI_ESY]]></c><c><![CDATA[CL_CI_TEST_EXTENDED_CHECK_0037]]></c><c><![CDATA[ABAP]]></c><c/><c/></r><r><c><![CDATA[CL_CI_ESY]]></c><c><![CDATA[CL_CI_TEST_EXTENDED_CHECK_0038]]></c><c><![CDATA[ABAP]]></c><c/><c/></r><r><c><![CDATA[CL_CI_ESY]]></c><c><![CDATA[CL_CI_TEST_EXTENDED_CHECK_0039]]></c><c><![CDATA[ABAP]]></c><c/><c/></r><r><c><![CDATA[CL_CI_ESY]]></c><c><![CDATA[CL_CI_TEST_EXTENDED_CHECK_0040]]></c><c><![CDATA[ABAP]]></c><c/><c/></r><r><c><![CDATA[CL_CI_ESY]]></c><c><![CDATA[CL_CI_TEST_EXTENDED_CHECK_9999]]></c><c><![CDATA[ABAP]]></c><c/><c/></r><r><c><![CDATA[CL_CI_MES]]></c><c><![CDATA[CL_CI_TEST_EXTENDED_CHECK_0600]]></c><c><![CDATA[ABAP]]></c><c/><c/></r><r><c><![CDATA[CL_CI_MES]]></c><c><![CDATA[CL_CI_TEST_EXTENDED_CHECK_0601]]></c><c><![CDATA[ABAP]]></c><c/><c/></r><r><c><![CDATA[CL_CI_MES]]></c><c><![CDATA[CL_CI_TEST_EXTENDED_CHECK_0602]]></c><c><![CDATA[ABAP]]></c><c/><c/></r><r><c><![CDATA[CL_CI_MES]]></c><c><![CDATA[CL_CI_TEST_EXTENDED_CHECK_0603]]></c><c><![CDATA[ABAP]]></c><c/><c/></r><r><c><![CDATA[CL_CI_MES]]></c><c><![CDATA[CL_CI_TEST_EXTENDED_CHECK_0604]]></c><c><![CDATA[ABAP]]></c><c/><c/></r><r><c><![CDATA[CL_CI_DAT]]></c><c><![CDATA[CL_CI_TEST_EXTENDED_CHECK_0913]]></c><c><![CDATA[ABAP]]></c><c/><c/></r><r><c><![CDATA[CL_CI_GES]]></c><c><![CDATA[CL_CI_TEST_EXTENDED_CHECK_0401]]></c><c><![CDATA[ABAP]]></c><c/><c/></r><r><c><![CDATA[CL_CI_GES]]></c><c><![CDATA[CL_CI_TEST_EXTENDED_CHECK_0402]]></c><c><![CDATA[ABAP]]></c><c/><c/></r><r><c><![CDATA[CL_CI_PAC]]></c><c><![CDATA[CL_CI_TEST_EXTENDED_CHECK_0017]]></c><c><![CDATA[ABAP]]></c><c/><c/></r><r><c><![CDATA[CL_CI_PAC]]></c><c><![CDATA[CL_CI_TEST_EXTENDED_CHECK_0041]]></c><c><![CDATA[ABAP]]></c><c/><c/></r><r><c><![CDATA[CL_CI_PAC]]></c><c><![CDATA[CL_CI_TEST_EXTENDED_CHECK_0042]]></c><c><![CDATA[ABAP]]></c><c/><c/></r><r><c><![CDATA[CL_CI_PAC]]></c><c><![CDATA[CL_CI_TEST_EXTENDED_CHECK_0043]]></c><c><![CDATA[ABAP]]></c><c/><c/></r><r><c><![CDATA[CL_CI_PAC]]></c><c><![CDATA[CL_CI_TEST_EXTENDED_CHECK_0044]]></c><c><![CDATA[ABAP]]></c><c/><c/></r><r><c><![CDATA[CL_CI_PER]]></c><c><![CDATA[CL_CI_TEST_EXTENDED_CHECK_0100]]></c><c><![CDATA[ABAP]]></c><c/><c/></r><r><c><![CDATA[CL_CI_PER]]></c><c><![CDATA[CL_CI_TEST_EXTENDED_CHECK_0101]]></c><c><![CDATA[ABAP]]></c><c/><c/></r><r><c><![CDATA[CL_CI_PER]]></c><c><![CDATA[CL_CI_TEST_EXTENDED_CHECK_0102]]></c><c><![CDATA[ABAP]]></c><c/><c/></r><r><c><![CDATA[CL_CI_PER]]></c><c><![CDATA[CL_CI_TEST_EXTENDED_CHECK_0103]]></c><c><![CDATA[ABAP]]></c><c/><c/></r><r><c><![CDATA[CL_CI_PER]]></c><c><![CDATA[CL_CI_TEST_EXTENDED_CHECK_0104]]></c><c><![CDATA[ABAP]]></c><c/><c/></r><r><c><![CDATA[CL_CI_PER]]></c><c><![CDATA[CL_CI_TEST_EXTENDED_CHECK_0105]]></c><c><![CDATA[ABAP]]></c><c/><c/></r><r><c><![CDATA[CL_CI_PER]]></c><c><![CDATA[CL_CI_TEST_EXTENDED_CHECK_0106]]></c><c><![CDATA[ABAP]]></c><c/><c/></r><r><c><![CDATA[CL_CI_PER]]></c><c><![CDATA[CL_CI_TEST_EXTENDED_CHECK_0119]]></c><c><![CDATA[ABAP]]></c><c/><c/></r><r><c><![CDATA[CL_CI_PER]]></c><c><![CDATA[CL_CI_TEST_EXTENDED_CHECK_0121]]></c><c><![CDATA[ABAP]]></c><c/><c/></r><r><c><![CDATA[CL_CI_PER]]></c><c><![CDATA[CL_CI_TEST_EXTENDED_CHECK_0134]]></c><c><![CDATA[ABAP]]></c><c/><c/></r><r><c><![CDATA[CL_CI_PER]]></c><c><![CDATA[CL_CI_TEST_EXTENDED_CHECK_0135]]></c><c><![CDATA[ABAP]]></c><c/><c/></r><r><c><![CDATA[CL_CI_PER]]></c><c><![CDATA[CL_CI_TEST_EXTENDED_CHECK_1500]]></c><c><![CDATA[ABAP]]></c><c/><c/></r><r><c><![CDATA[CL_CI_STE]]></c><c><![CDATA[CL_CI_TEST_EXTENDED_CHECK_1306]]></c><c><![CDATA[ABAP]]></c><c/><c/></r><r><c><![CDATA[CL_CI_STE]]></c><c><![CDATA[CL_CI_TEST_EXTENDED_CHECK_1307]]></c><c><![CDATA[ABAP]]></c><c/><c/></r><r><c><![CDATA[CL_CI_STE]]></c><c><![CDATA[CL_CI_TEST_EXTENDED_CHECK_1308]]></c><c><![CDATA[ABAP]]></c><c/><c/></r><r><c><![CDATA[CL_CI_STE]]></c><c><![CDATA[CL_CI_TEST_EXTENDED_CHECK_1309]]></c><c><![CDATA[ABAP]]></c><c/><c/></r><r><c><![CDATA[CL_CI_SUB]]></c><c><![CDATA[CL_CI_TEST_EXTENDED_CHECK_1800]]></c><c><![CDATA[ABAP]]></c><c/><c/></r><r><c><![CDATA[CL_CI_SUB]]></c><c><![CDATA[CL_CI_TEST_EXTENDED_CHECK_1801]]></c><c><![CDATA[ABAP]]></c><c/><c/></r><r><c><![CDATA[CL_CI_SUB]]></c><c><![CDATA[CL_CI_TEST_EXTENDED_CHECK_1802]]></c><c><![CDATA[ABAP]]></c><c/><c/></r><r><c><![CDATA[CL_CI_SUB]]></c><c><![CDATA[CL_CI_TEST_EXTENDED_CHECK_1803]]></c><c><![CDATA[ABAP]]></c><c/><c/></r><r><c><![CDATA[CL_CI_SUB]]></c><c><![CDATA[CL_CI_TEST_EXTENDED_CHECK_1804]]></c><c><![CDATA[ABAP]]></c><c/><c/></r><r><c><![CDATA[CL_CI_SUB]]></c><c><![CDATA[CL_CI_TEST_EXTENDED_CHECK_1805]]></c><c><![CDATA[ABAP]]></c><c/><c/></r><r><c><![CDATA[CL_CI_SUB]]></c><c><![CDATA[CL_CI_TEST_EXTENDED_CHECK_1806]]></c><c><![CDATA[ABAP]]></c><c/><c/></r><r><c><![CDATA[CL_CI_SUB]]></c><c><![CDATA[CL_CI_TEST_EXTENDED_CHECK_1807]]></c><c><![CDATA[ABAP]]></c><c/><c/></r><r><c><![CDATA[CL_CI_UNR]]></c><c><![CDATA[CL_CI_TEST_EXTENDED_CHECK_0200]]></c><c><![CDATA[ABAP]]></c><c/><c/></r><r><c><![CDATA[CL_CI_UNR]]></c><c><![CDATA[CL_CI_TEST_EXTENDED_CHECK_0201]]></c><c><![CDATA[ABAP]]></c><c/><c/></r><r><c><![CDATA[CL_CI_UNR]]></c><c><![CDATA[CL_CI_TEST_EXTENDED_CHECK_0202]]></c><c><![CDATA[ABAP]]></c><c/><c/></r><r><c><![CDATA[CL_CI_UNR]]></c><c><![CDATA[CL_CI_TEST_EXTENDED_CHECK_0203]]></c><c><![CDATA[ABAP]]></c><c/><c/></r><r><c><![CDATA[CL_CI_UNR]]></c><c><![CDATA[CL_CI_TEST_EXTENDED_CHECK_0204]]></c><c><![CDATA[ABAP]]></c><c/><c/></r><r><c><![CDATA[CL_CI_UNR]]></c><c><![CDATA[CL_CI_TEST_EXTENDED_CHECK_0205]]></c><c><![CDATA[ABAP]]></c><c/><c/></r><r><c><![CDATA[CL_CI_UNR]]></c><c><![CDATA[CL_CI_TEST_EXTENDED_CHECK_0206]]></c><c><![CDATA[ABAP]]></c><c/><c/></r><r><c><![CDATA[CL_CI_UNR]]></c><c><![CDATA[CL_CI_TEST_EXTENDED_CHECK_0208]]></c><c><![CDATA[ABAP]]></c><c/><c/></r><r><c><![CDATA[CL_CI_UNR]]></c><c><![CDATA[CL_CI_TEST_EXTENDED_CHECK_0209]]></c><c><![CDATA[ABAP]]></c><c/><c/></r><r><c><![CDATA[CL_CI_UNR]]></c><c><![CDATA[CL_CI_TEST_EXTENDED_CHECK_0211]]></c><c><![CDATA[ABAP]]></c><c/><c/></r><r><c><![CDATA[CL_CI_UNR]]></c><c><![CDATA[CL_CI_TEST_EXTENDED_CHECK_0212]]></c><c><![CDATA[ABAP]]></c><c/><c/></r><r><c><![CDATA[CL_CI_UNR]]></c><c><![CDATA[CL_CI_TEST_EXTENDED_CHECK_0213]]></c><c><![CDATA[ABAP]]></c><c/><c/></r><r><c><![CDATA[CL_CI_UNR]]></c><c><![CDATA[CL_CI_TEST_EXTENDED_CHECK_0214]]></c><c><![CDATA[ABAP]]></c><c/><c/></r><r><c><![CDATA[CL_CI_UNR]]></c><c><![CDATA[CL_CI_TEST_EXTENDED_CHECK_0215]]></c><c><![CDATA[ABAP]]></c><c/><c/></r><r><c><![CDATA[CL_CI_UNR]]></c><c><![CDATA[CL_CI_TEST_EXTENDED_CHECK_0216]]></c><c><![CDATA[ABAP]]></c><c/><c/></r><r><c><![CDATA[CL_CI_UNR]]></c><c><![CDATA[CL_CI_TEST_EXTENDED_CHECK_0217]]></c><c><![CDATA[ABAP]]></c><c/><c/></r><r><c><![CDATA[CL_CI_UNR]]></c><c><![CDATA[CL_CI_TEST_EXTENDED_CHECK_0218]]></c><c><![CDATA[ABAP]]></c><c/><c/></r><r><c><![CDATA[CL_CI_UNR]]></c><c><![CDATA[CL_CI_TEST_EXTENDED_CHECK_0219]]></c><c><![CDATA[ABAP]]></c><c/><c/></r><r><c><![CDATA[CL_CI_UNR]]></c><c><![CDATA[CL_CI_TEST_EXTENDED_CHECK_0220]]></c><c><![CDATA[ABAP]]></c><c/><c/></r><r><c><![CDATA[CL_CI_UNR]]></c><c><![CDATA[CL_CI_TEST_EXTENDED_CHECK_0230]]></c><c><![CDATA[ABAP]]></c><c/><c/></r><r><c><![CDATA[CL_CI_UNR]]></c><c><![CDATA[CL_CI_TEST_EXTENDED_CHECK_0232]]></c><c><![CDATA[ABAP]]></c><c/><c/></r><r><c><![CDATA[CL_CI_UNR]]></c><c><![CDATA[CL_CI_TEST_EXTENDED_CHECK_0233]]></c><c><![CDATA[ABAP]]></c><c/><c/></r><r><c><![CDATA[CL_CI_UNR]]></c><c><![CDATA[CL_CI_TEST_EXTENDED_CHECK_0234]]></c><c><![CDATA[ABAP]]></c><c/><c/></r><r><c><![CDATA[CL_CI_UNR]]></c><c><![CDATA[CL_CI_TEST_EXTENDED_CHECK_0235]]></c><c><![CDATA[ABAP]]></c><c/><c/></r><r><c><![CDATA[CL_CI_UNR]]></c><c><![CDATA[CL_CI_TEST_EXTENDED_CHECK_3100]]></c><c><![CDATA[ABAP]]></c><c/><c/></r><r><c><![CDATA[CL_CI_UNR]]></c><c><![CDATA[CL_CI_TEST_EXTENDED_CHECK_3101]]></c><c><![CDATA[ABAP]]></c><c/><c/></r><r><c><![CDATA[CL_CI_UNR]]></c><c><![CDATA[CL_CI_TEST_EXTENDED_CHECK_3200]]></c><c><![CDATA[ABAP]]></c><c/><c/></r><r><c><![CDATA[CL_CI_UNR]]></c><c><![CDATA[CL_CI_TEST_EXTENDED_CHECK_3201]]></c><c><![CDATA[ABAP]]></c><c/><c/></r><r><c><![CDATA[CL_CI_WRN]]></c><c><![CDATA[CL_CI_TEST_EXTENDED_CHECK_1311]]></c><c><![CDATA[ABAP]]></c><c/><c/></r><r><c><![CDATA[CL_CI_WRN]]></c><c><![CDATA[CL_CI_TEST_EXTENDED_CHECK_1300]]></c><c><![CDATA[ABAP]]></c><c/><c/></r><r><c><![CDATA[CL_CI_WRN]]></c><c><![CDATA[CL_CI_TEST_EXTENDED_CHECK_1301]]></c><c><![CDATA[ABAP]]></c><c/><c/></r><r><c><![CDATA[CL_CI_WRN]]></c><c><![CDATA[CL_CI_TEST_EXTENDED_CHECK_1302]]></c><c><![CDATA[ABAP]]></c><c/><c/></r><r><c><![CDATA[CL_CI_WRN]]></c><c><![CDATA[CL_CI_TEST_EXTENDED_CHECK_1303]]></c><c><![CDATA[ABAP]]></c><c/><c/></r><r><c><![CDATA[CL_CI_WRN]]></c><c><![CDATA[CL_CI_TEST_EXTENDED_CHECK_1304]]></c><c><![CDATA[ABAP]]></c><c/><c/></r><r><c><![CDATA[CL_CI_WRN]]></c><c><![CDATA[CL_CI_TEST_EXTENDED_CHECK_1305]]></c><c><![CDATA[ABAP]]></c><c/><c/></r><r><c><![CDATA[CL_CI_ESY]]></c><c><![CDATA[CL_CI_TEST_EXTENDED_CHECK_0000]]></c><c><![CDATA[ABAP]]></c><c/><c/></r><r><c><![CDATA[CL_CI_ESY]]></c><c><![CDATA[CL_CI_TEST_EXTENDED_CHECK_0001]]></c><c><![CDATA[ABAP]]></c><c/><c/></r><r><c><![CDATA[CL_CI_ESY]]></c><c><![CDATA[CL_CI_TEST_EXTENDED_CHECK_0002]]></c><c><![CDATA[ABAP]]></c><c/><c/></r><r><c><![CDATA[CL_CI_ESY]]></c><c><![CDATA[CL_CI_TEST_EXTENDED_CHECK_0003]]></c><c><![CDATA[ABAP]]></c><c/><c/></r><r><c><![CDATA[CL_CI_ESY]]></c><c><![CDATA[CL_CI_TEST_EXTENDED_CHECK_0004]]></c><c><![CDATA[ABAP]]></c><c/><c/></r><r><c><![CDATA[CL_CI_ESY]]></c><c><![CDATA[CL_CI_TEST_EXTENDED_CHECK_0005]]></c><c><![CDATA[ABAP]]></c><c/><c/></r><r><c><![CDATA[CL_CI_ESY]]></c><c><![CDATA[CL_CI_TEST_EXTENDED_CHECK_0006]]></c><c><![CDATA[ABAP]]></c><c/><c/></r><r><c><![CDATA[CL_CI_ESY]]></c><c><![CDATA[CL_CI_TEST_EXTENDED_CHECK_0008]]></c><c><![CDATA[ABAP]]></c><c/><c/></r><r><c><![CDATA[CL_CI_ESY]]></c><c><![CDATA[CL_CI_TEST_EXTENDED_CHECK_0009]]></c><c><![CDATA[ABAP]]></c><c/><c/></r><r><c><![CDATA[CL_CI_ESY]]></c><c><![CDATA[CL_CI_TEST_EXTENDED_CHECK_0019]]></c><c><![CDATA[ABAP]]></c><c/><c/></r><r><c><![CDATA[CL_CI_ESY]]></c><c><![CDATA[CL_CI_TEST_EXTENDED_CHECK_0021]]></c><c><![CDATA[ABAP]]></c><c/><c/></r><r><c><![CDATA[CL_CI_TEST_SELECT_TAW_A]]></c><c><![CDATA[CL_CI_TEST_SELECT_TAW_A_0002]]></c><c><![CDATA[ABAP]]></c><c/><c/></r><r><c><![CDATA[CL_CI_TEST_SELECT_TAW_A]]></c><c><![CDATA[CL_CI_TEST_SELECT_TAW_A_0003]]></c><c><![CDATA[ABAP]]></c><c/><c/></r><r><c><![CDATA[CL_CI_TEST_SELECT_TAW_BYBUF]]></c><c><![CDATA[CL_CI_TEST_SELECT_TAW_BYBUF_0001]]></c><c><![CDATA[ABAP]]></c><c/><c/></r><r><c><![CDATA[CL_CI_TEST_SELECT_TAW_BYBUF]]></c><c><![CDATA[CL_CI_TEST_SELECT_TAW_BYBUF_0002]]></c><c><![CDATA[ABAP]]></c><c/><c/></r><r><c><![CDATA[CL_CI_TEST_SELECT_TAW_BYBUF]]></c><c><![CDATA[CL_CI_TEST_SELECT_TAW_BYBUF_0003]]></c><c><![CDATA[ABAP]]></c><c/><c/></r><r><c><![CDATA[CL_CI_TEST_SELECT_TAW_BYBUF]]></c><c><![CDATA[CL_CI_TEST_SELECT_TAW_BYBUF_0004]]></c><c><![CDATA[ABAP]]></c><c/><c/></r><r><c><![CDATA[CL_CI_TEST_SELECT_TAW_BYBUF]]></c><c><![CDATA[CL_CI_TEST_SELECT_TAW_BYBUF_0005]]></c><c><![CDATA[ABAP]]></c><c/><c/></r><r><c><![CDATA[CL_CI_TEST_SELECT_TAW_BYBUF]]></c><c><![CDATA[CL_CI_TEST_SELECT_TAW_BYBUF_0006]]></c><c><![CDATA[ABAP]]></c><c/><c/></r><r><c><![CDATA[CL_CI_TEST_SELECT_THEN_CHECK]]></c><c><![CDATA[CL_CI_TEST_SELECT_THEN_CHECK_0000]]></c><c><![CDATA[ABAP]]></c><c/><c/></r><r><c><![CDATA[CL_CI_TEST_DDIC_TABLES]]></c><c><![CDATA[CL_CI_TEST_DDIC_TABLES_0001]]></c><c><![CDATA[ABAP]]></c><c/><c/></r><r><c><![CDATA[CL_CI_TEST_DDIC_TABLES]]></c><c><![CDATA[CL_CI_TEST_DDIC_TABLES_0002]]></c><c><![CDATA[ABAP]]></c><c/><c/></r><r><c><![CDATA[CL_CI_TEST_DDIC_TABLES]]></c><c><![CDATA[CL_CI_TEST_DDIC_TABLES_0003]]></c><c><![CDATA[ABAP]]></c><c/><c/></r><r><c><![CDATA[CL_CI_TEST_DDIC_TABLES]]></c><c><![CDATA[CL_CI_TEST_DDIC_TABLES_0010]]></c><c><![CDATA[ABAP]]></c><c/><c/></r><r><c><![CDATA[CL_CI_TEST_DDIC_TABLES]]></c><c><![CDATA[CL_CI_TEST_DDIC_TABLES_0011]]></c><c><![CDATA[ABAP]]></c><c/><c/></r><r><c><![CDATA[CL_CI_TEST_DDIC_TABLES]]></c><c><![CDATA[CL_CI_TEST_DDIC_TABLES_0012]]></c><c><![CDATA[ABAP]]></c><c/><c/></r></e>