<?xml version="1.0"  encoding="UTF-8"?><e><r><c><![CDATA[outils]]></c><c><![CDATA[compl]]></c><c><![CDATA[CODESNIFFER]]></c><c><![CDATA[en]]></c><c><![CDATA[CODESNIFFER]]></c></r><r><c><![CDATA[outils]]></c><c><![CDATA[compl]]></c><c><![CDATA[CODESNIFFER]]></c><c><![CDATA[fr]]></c><c><![CDATA[CODESNIFFER]]></c></r><r><c><![CDATA[outils]]></c><c><![CDATA[desc]]></c><c><![CDATA[CODESNIFFER]]></c><c><![CDATA[en]]></c><c><![CDATA[CODESNIFFER]]></c></r><r><c><![CDATA[outils]]></c><c><![CDATA[desc]]></c><c><![CDATA[CODESNIFFER]]></c><c><![CDATA[fr]]></c><c><![CDATA[CODESNIFFER]]></c></r><r><c><![CDATA[outils]]></c><c><![CDATA[lib]]></c><c><![CDATA[CODESNIFFER]]></c><c><![CDATA[en]]></c><c><![CDATA[Code Sniffer]]></c></r><r><c><![CDATA[outils]]></c><c><![CDATA[lib]]></c><c><![CDATA[CODESNIFFER]]></c><c><![CDATA[fr]]></c><c><![CDATA[Code Sniffer]]></c></r></e>