<?xml version="1.0"  encoding="UTF-8"?><e><r><c><![CDATA[metrique]]></c><c><![CDATA[desc]]></c><c><![CDATA[CS_SQUIZ_SNIFFS_CLASSES_CLASSDECLARATIONSNIFF]]></c><c><![CDATA[en]]></c><c><![CDATA[Checks the declaration of the class and its' inheritance is correct]]></c></r><r><c><![CDATA[metrique]]></c><c><![CDATA[desc]]></c><c><![CDATA[CS_SQUIZ_SNIFFS_CLASSES_CLASSDECLARATIONSNIFF]]></c><c><![CDATA[fr]]></c><c><![CDATA[Vérification de la déclaration d'une classe et de son héritage]]></c></r><r><c><![CDATA[metrique]]></c><c><![CDATA[lib]]></c><c><![CDATA[CS_SQUIZ_SNIFFS_CLASSES_CLASSDECLARATIONSNIFF]]></c><c><![CDATA[en]]></c><c><![CDATA[Checks the declaration of the class and its' inheritance is correct]]></c></r><r><c><![CDATA[metrique]]></c><c><![CDATA[lib]]></c><c><![CDATA[CS_SQUIZ_SNIFFS_CLASSES_CLASSDECLARATIONSNIFF]]></c><c><![CDATA[fr]]></c><c><![CDATA[Vérification de la déclaration d'une classe et de son héritage]]></c></r><r><c><![CDATA[metrique]]></c><c><![CDATA[desc]]></c><c><![CDATA[CS_PEAR_SNIFFS_FILES_INCLUDINGFILESNIFF]]></c><c><![CDATA[en]]></c><c><![CDATA[Checks that the include_once is used in conditional situations, and require_once is used elsewhere. Also checks that brackets do not surround the file being included]]></c></r><r><c><![CDATA[metrique]]></c><c><![CDATA[desc]]></c><c><![CDATA[CS_PEAR_SNIFFS_FILES_INCLUDINGFILESNIFF]]></c><c><![CDATA[fr]]></c><c><![CDATA[Vérification de l'utilisation de include_once/require_once]]></c></r><r><c><![CDATA[metrique]]></c><c><![CDATA[lib]]></c><c><![CDATA[CS_PEAR_SNIFFS_FILES_INCLUDINGFILESNIFF]]></c><c><![CDATA[en]]></c><c><![CDATA[Checks that the include_once is used in conditional situations, and require_once is used elsewhere. Also checks that brackets do not surround the file being included]]></c></r><r><c><![CDATA[metrique]]></c><c><![CDATA[lib]]></c><c><![CDATA[CS_PEAR_SNIFFS_FILES_INCLUDINGFILESNIFF]]></c><c><![CDATA[fr]]></c><c><![CDATA[Vérification de l'utilisation de include_once/require_once]]></c></r><r><c><![CDATA[metrique]]></c><c><![CDATA[desc]]></c><c><![CDATA[CS_PEAR_SNIFFS_COMMENTING_CLASSCOMMENTSNIFF]]></c><c><![CDATA[en]]></c><c><![CDATA[Parses and verifies the doc comments for classes]]></c></r><r><c><![CDATA[metrique]]></c><c><![CDATA[desc]]></c><c><![CDATA[CS_PEAR_SNIFFS_COMMENTING_CLASSCOMMENTSNIFF]]></c><c><![CDATA[fr]]></c><c><![CDATA[Vérification des commentaires de la classe]]></c></r><r><c><![CDATA[metrique]]></c><c><![CDATA[lib]]></c><c><![CDATA[CS_PEAR_SNIFFS_COMMENTING_CLASSCOMMENTSNIFF]]></c><c><![CDATA[en]]></c><c><![CDATA[Parses and verifies the doc comments for classes]]></c></r><r><c><![CDATA[metrique]]></c><c><![CDATA[lib]]></c><c><![CDATA[CS_PEAR_SNIFFS_COMMENTING_CLASSCOMMENTSNIFF]]></c><c><![CDATA[fr]]></c><c><![CDATA[Vérification des commentaires de la classe]]></c></r><r><c><![CDATA[metrique]]></c><c><![CDATA[desc]]></c><c><![CDATA[CS_GENERIC_SNIFFS_FILES_LINEENDINGSSNIFF]]></c><c><![CDATA[en]]></c><c><![CDATA[Checks that end of line characters are correct.]]></c></r><r><c><![CDATA[metrique]]></c><c><![CDATA[desc]]></c><c><![CDATA[CS_GENERIC_SNIFFS_FILES_LINEENDINGSSNIFF]]></c><c><![CDATA[fr]]></c><c><![CDATA[Conformité des caractères EOL.]]></c></r><r><c><![CDATA[metrique]]></c><c><![CDATA[lib]]></c><c><![CDATA[CS_GENERIC_SNIFFS_FILES_LINEENDINGSSNIFF]]></c><c><![CDATA[en]]></c><c><![CDATA[Checks that end of line characters are correct.]]></c></r><r><c><![CDATA[metrique]]></c><c><![CDATA[lib]]></c><c><![CDATA[CS_GENERIC_SNIFFS_FILES_LINEENDINGSSNIFF]]></c><c><![CDATA[fr]]></c><c><![CDATA[Conformité des caractères EOL.]]></c></r><r><c><![CDATA[metrique]]></c><c><![CDATA[desc]]></c><c><![CDATA[CS_PEAR_SNIFFS_NAMINGCONVENTIONS_VALIDCLASSNAMESNIFF]]></c><c><![CDATA[en]]></c><c><![CDATA[Ensures class and interface names start with a capital letter and use _ separators]]></c></r><r><c><![CDATA[metrique]]></c><c><![CDATA[desc]]></c><c><![CDATA[CS_PEAR_SNIFFS_NAMINGCONVENTIONS_VALIDCLASSNAMESNIFF]]></c><c><![CDATA[fr]]></c><c><![CDATA[Les noms des classes et interfaces doivent commencer par une majuscule et être séparés par des _]]></c></r><r><c><![CDATA[metrique]]></c><c><![CDATA[lib]]></c><c><![CDATA[CS_PEAR_SNIFFS_NAMINGCONVENTIONS_VALIDCLASSNAMESNIFF]]></c><c><![CDATA[en]]></c><c><![CDATA[Ensures class and interface names start with a capital letter and use _ separators]]></c></r><r><c><![CDATA[metrique]]></c><c><![CDATA[lib]]></c><c><![CDATA[CS_PEAR_SNIFFS_NAMINGCONVENTIONS_VALIDCLASSNAMESNIFF]]></c><c><![CDATA[fr]]></c><c><![CDATA[Les noms des classes et interfaces doivent commencer par une majuscule et être séparés par des _]]></c></r><r><c><![CDATA[metrique]]></c><c><![CDATA[desc]]></c><c><![CDATA[CS_SQUIZ_SNIFFS_STRINGS_ECHOEDSTRINGSSNIFF]]></c><c><![CDATA[en]]></c><c><![CDATA[CS_Squiz_Sniffs_Strings_EchoedStringsSniff]]></c></r><r><c><![CDATA[metrique]]></c><c><![CDATA[desc]]></c><c><![CDATA[CS_SQUIZ_SNIFFS_STRINGS_ECHOEDSTRINGSSNIFF]]></c><c><![CDATA[fr]]></c><c><![CDATA[Ne pas encapsuler dans des parenthèses les chaînes de caractères utilisées avec 'echo']]></c></r><r><c><![CDATA[metrique]]></c><c><![CDATA[lib]]></c><c><![CDATA[CS_SQUIZ_SNIFFS_STRINGS_ECHOEDSTRINGSSNIFF]]></c><c><![CDATA[en]]></c><c><![CDATA[Makes sure that any strings that are "echoed" are not enclosed in brackets like a function call]]></c></r><r><c><![CDATA[metrique]]></c><c><![CDATA[lib]]></c><c><![CDATA[CS_SQUIZ_SNIFFS_STRINGS_ECHOEDSTRINGSSNIFF]]></c><c><![CDATA[fr]]></c><c><![CDATA[Ne pas encapsuler dans des parenthèses les chaînes de caractères utilisées avec 'echo']]></c></r><r><c><![CDATA[metrique]]></c><c><![CDATA[desc]]></c><c><![CDATA[CS_SQUIZ_SNIFFS_SCOPE_METHODSCOPESNIFF]]></c><c><![CDATA[en]]></c><c><![CDATA[Verifies that class methods have scope modifiers]]></c></r><r><c><![CDATA[metrique]]></c><c><![CDATA[desc]]></c><c><![CDATA[CS_SQUIZ_SNIFFS_SCOPE_METHODSCOPESNIFF]]></c><c><![CDATA[fr]]></c><c><![CDATA[Définir la portée des fonctions de la classe]]></c></r><r><c><![CDATA[metrique]]></c><c><![CDATA[lib]]></c><c><![CDATA[CS_SQUIZ_SNIFFS_SCOPE_METHODSCOPESNIFF]]></c><c><![CDATA[en]]></c><c><![CDATA[Verifies that class methods have scope modifiers]]></c></r><r><c><![CDATA[metrique]]></c><c><![CDATA[lib]]></c><c><![CDATA[CS_SQUIZ_SNIFFS_SCOPE_METHODSCOPESNIFF]]></c><c><![CDATA[fr]]></c><c><![CDATA[Définir la portée des fonctions de la classe]]></c></r><r><c><![CDATA[metrique]]></c><c><![CDATA[desc]]></c><c><![CDATA[CS_SQUIZ_SNIFFS_NAMINGCONVENTIONS_VALIDVARIABLENAMESNIFF]]></c><c><![CDATA[en]]></c><c><![CDATA[Checks the naming of variables and member variables]]></c></r><r><c><![CDATA[metrique]]></c><c><![CDATA[desc]]></c><c><![CDATA[CS_SQUIZ_SNIFFS_NAMINGCONVENTIONS_VALIDVARIABLENAMESNIFF]]></c><c><![CDATA[fr]]></c><c><![CDATA[Nommage des variables et variables membres]]></c></r><r><c><![CDATA[metrique]]></c><c><![CDATA[lib]]></c><c><![CDATA[CS_SQUIZ_SNIFFS_NAMINGCONVENTIONS_VALIDVARIABLENAMESNIFF]]></c><c><![CDATA[en]]></c><c><![CDATA[Checks the naming of variables and member variables]]></c></r><r><c><![CDATA[metrique]]></c><c><![CDATA[lib]]></c><c><![CDATA[CS_SQUIZ_SNIFFS_NAMINGCONVENTIONS_VALIDVARIABLENAMESNIFF]]></c><c><![CDATA[fr]]></c><c><![CDATA[Nommage des variables et variables membres]]></c></r><r><c><![CDATA[metrique]]></c><c><![CDATA[desc]]></c><c><![CDATA[CS_SQUIZ_SNIFFS_FORMATTING_OUTPUTBUFFERINGINDENTSNIFF]]></c><c><![CDATA[en]]></c><c><![CDATA[Checks the indenting used when an ob_start() call occurs]]></c></r><r><c><![CDATA[metrique]]></c><c><![CDATA[desc]]></c><c><![CDATA[CS_SQUIZ_SNIFFS_FORMATTING_OUTPUTBUFFERINGINDENTSNIFF]]></c><c><![CDATA[fr]]></c><c><![CDATA[Vérification de l'indentation pour les appels de ob_start()]]></c></r><r><c><![CDATA[metrique]]></c><c><![CDATA[lib]]></c><c><![CDATA[CS_SQUIZ_SNIFFS_FORMATTING_OUTPUTBUFFERINGINDENTSNIFF]]></c><c><![CDATA[en]]></c><c><![CDATA[Checks the indenting used when an ob_start() call occurs]]></c></r><r><c><![CDATA[metrique]]></c><c><![CDATA[lib]]></c><c><![CDATA[CS_SQUIZ_SNIFFS_FORMATTING_OUTPUTBUFFERINGINDENTSNIFF]]></c><c><![CDATA[fr]]></c><c><![CDATA[Vérification de l'indentation pour les appels de ob_start()]]></c></r><r><c><![CDATA[metrique]]></c><c><![CDATA[compl]]></c><c><![CDATA[CS_SQUIZ_SNIFFS_CONTROLSTRUCTURES_ELSEIFDECLARATIONSNIFF]]></c><c><![CDATA[en]]></c><c><![CDATA[Utiliser 'else if' à la place.]]></c></r><r><c><![CDATA[metrique]]></c><c><![CDATA[desc]]></c><c><![CDATA[CS_SQUIZ_SNIFFS_CONTROLSTRUCTURES_ELSEIFDECLARATIONSNIFF]]></c><c><![CDATA[en]]></c><c><![CDATA[Verifies that there are not elseif statements. The else and the if should be separated by a space]]></c></r><r><c><![CDATA[metrique]]></c><c><![CDATA[desc]]></c><c><![CDATA[CS_SQUIZ_SNIFFS_CONTROLSTRUCTURES_ELSEIFDECLARATIONSNIFF]]></c><c><![CDATA[fr]]></c><c><![CDATA[Pas d'instructions esleif. Le else et le if doivent être séparés par un espace.]]></c></r><r><c><![CDATA[metrique]]></c><c><![CDATA[lib]]></c><c><![CDATA[CS_SQUIZ_SNIFFS_CONTROLSTRUCTURES_ELSEIFDECLARATIONSNIFF]]></c><c><![CDATA[en]]></c><c><![CDATA[Verifies that there are not elseif statements. The else and the if should be separated by a space]]></c></r><r><c><![CDATA[metrique]]></c><c><![CDATA[lib]]></c><c><![CDATA[CS_SQUIZ_SNIFFS_CONTROLSTRUCTURES_ELSEIFDECLARATIONSNIFF]]></c><c><![CDATA[fr]]></c><c><![CDATA[Pas d'instructions esleif]]></c></r><r><c><![CDATA[metrique]]></c><c><![CDATA[desc]]></c><c><![CDATA[CS_SQUIZ_SNIFFS_COMMENTING_FUNCTIONCOMMENTTHROWTAGSNIFF]]></c><c><![CDATA[en]]></c><c><![CDATA[Verifies that a @throws tag exists for a function that throws exceptions, the number and types of exceptions]]></c></r><r><c><![CDATA[metrique]]></c><c><![CDATA[desc]]></c><c><![CDATA[CS_SQUIZ_SNIFFS_COMMENTING_FUNCTIONCOMMENTTHROWTAGSNIFF]]></c><c><![CDATA[fr]]></c><c><![CDATA[Vérification de la présence du tag @throws pour une fonction qui envoie une exception, ainsi que du nombre et du type des exceptions]]></c></r><r><c><![CDATA[metrique]]></c><c><![CDATA[lib]]></c><c><![CDATA[CS_SQUIZ_SNIFFS_COMMENTING_FUNCTIONCOMMENTTHROWTAGSNIFF]]></c><c><![CDATA[en]]></c><c><![CDATA[Verifies that a @throws tag exists for a function that throws exceptions, the number and types of exceptions]]></c></r><r><c><![CDATA[metrique]]></c><c><![CDATA[lib]]></c><c><![CDATA[CS_SQUIZ_SNIFFS_COMMENTING_FUNCTIONCOMMENTTHROWTAGSNIFF]]></c><c><![CDATA[fr]]></c><c><![CDATA[Indications sur les exceptions levables]]></c></r><r><c><![CDATA[metrique]]></c><c><![CDATA[desc]]></c><c><![CDATA[CS_PEAR_SNIFFS_NAMINGCONVENTIONS_VALIDFUNCTIONNAMESNIFF]]></c><c><![CDATA[en]]></c><c><![CDATA[Ensures method names are correct depending on whether they are public or private, and that functions are named correctly]]></c></r><r><c><![CDATA[metrique]]></c><c><![CDATA[desc]]></c><c><![CDATA[CS_PEAR_SNIFFS_NAMINGCONVENTIONS_VALIDFUNCTIONNAMESNIFF]]></c><c><![CDATA[fr]]></c><c><![CDATA[Vérification des noms des méthodes selon leur portée]]></c></r><r><c><![CDATA[metrique]]></c><c><![CDATA[lib]]></c><c><![CDATA[CS_PEAR_SNIFFS_NAMINGCONVENTIONS_VALIDFUNCTIONNAMESNIFF]]></c><c><![CDATA[en]]></c><c><![CDATA[Ensures method names are correct depending on whether they are public or private, and that functions are named correctly]]></c></r><r><c><![CDATA[metrique]]></c><c><![CDATA[lib]]></c><c><![CDATA[CS_PEAR_SNIFFS_NAMINGCONVENTIONS_VALIDFUNCTIONNAMESNIFF]]></c><c><![CDATA[fr]]></c><c><![CDATA[Vérification des noms des méthodes selon leur portée]]></c></r><r><c><![CDATA[metrique]]></c><c><![CDATA[desc]]></c><c><![CDATA[CS_PEAR_SNIFFS_COMMENTING_FUNCTIONCOMMENTSNIFF]]></c><c><![CDATA[en]]></c><c><![CDATA[Parses and verifies the doc comments for functions]]></c></r><r><c><![CDATA[metrique]]></c><c><![CDATA[desc]]></c><c><![CDATA[CS_PEAR_SNIFFS_COMMENTING_FUNCTIONCOMMENTSNIFF]]></c><c><![CDATA[fr]]></c><c><![CDATA[Vérification des commentaires des fonctions]]></c></r><r><c><![CDATA[metrique]]></c><c><![CDATA[lib]]></c><c><![CDATA[CS_PEAR_SNIFFS_COMMENTING_FUNCTIONCOMMENTSNIFF]]></c><c><![CDATA[en]]></c><c><![CDATA[Parses and verifies the doc comments for functions]]></c></r><r><c><![CDATA[metrique]]></c><c><![CDATA[lib]]></c><c><![CDATA[CS_SQUIZ_SNIFFS_CLASSES_CLASSFILENAMESNIFF]]></c><c><![CDATA[en]]></c><c><![CDATA[Tests that the file name and the name of the class contained within the file match]]></c></r><r><c><![CDATA[metrique]]></c><c><![CDATA[lib]]></c><c><![CDATA[CS_SQUIZ_SNIFFS_CLASSES_CLASSFILENAMESNIFF]]></c><c><![CDATA[fr]]></c><c><![CDATA[Le nom du fichier et celui de la classe doivent concorder.]]></c></r><r><c><![CDATA[metrique]]></c><c><![CDATA[compl]]></c><c><![CDATA[CS_GENERIC_SNIFFS_PHP_FORBIDDENFUNCTIONSSNIFF]]></c><c><![CDATA[en]]></c><c><![CDATA[La fonction 'count' doit être utilisée à la place de 'sizeof'. La fonction 'unset' doit être utilisée à la place de 'delete'.]]></c></r><r><c><![CDATA[metrique]]></c><c><![CDATA[desc]]></c><c><![CDATA[CS_GENERIC_SNIFFS_PHP_FORBIDDENFUNCTIONSSNIFF]]></c><c><![CDATA[en]]></c><c><![CDATA[Discourages the use of alias functions that are kept in PHP for compatibility with older versions.]]></c></r><r><c><![CDATA[metrique]]></c><c><![CDATA[desc]]></c><c><![CDATA[CS_GENERIC_SNIFFS_PHP_FORBIDDENFUNCTIONSSNIFF]]></c><c><![CDATA[fr]]></c><c><![CDATA[Ne pas utiliser d'alias de fonctions gardés uniquement dans PHP pour la compatibilité.]]></c></r><r><c><![CDATA[metrique]]></c><c><![CDATA[lib]]></c><c><![CDATA[CS_GENERIC_SNIFFS_PHP_FORBIDDENFUNCTIONSSNIFF]]></c><c><![CDATA[en]]></c><c><![CDATA[Discourages the use of alias functions that are kept in PHP for compatibility with older versions.]]></c></r><r><c><![CDATA[metrique]]></c><c><![CDATA[lib]]></c><c><![CDATA[CS_GENERIC_SNIFFS_PHP_FORBIDDENFUNCTIONSSNIFF]]></c><c><![CDATA[fr]]></c><c><![CDATA[Eviter les alias de fonctions de compatibilité.]]></c></r><r><c><![CDATA[metrique]]></c><c><![CDATA[desc]]></c><c><![CDATA[CS_GENERIC_SNIFFS_FILES_LINELENGTHSNIFF]]></c><c><![CDATA[en]]></c><c><![CDATA[Checks all lines in the file, and throws warnings if they are over 80 characters in length and errors if they are over 100. Both these figures can be changed by extending this sniff in your own standard
]]></c></r><r><c><![CDATA[metrique]]></c><c><![CDATA[desc]]></c><c><![CDATA[CS_GENERIC_SNIFFS_FILES_LINELENGTHSNIFF]]></c><c><![CDATA[fr]]></c><c><![CDATA[Vérification de la longueur de toutes les lignes. ]]></c></r><r><c><![CDATA[metrique]]></c><c><![CDATA[lib]]></c><c><![CDATA[CS_GENERIC_SNIFFS_FILES_LINELENGTHSNIFF]]></c><c><![CDATA[en]]></c><c><![CDATA[Checks all lines lengthes in the file.]]></c></r><r><c><![CDATA[metrique]]></c><c><![CDATA[lib]]></c><c><![CDATA[CS_GENERIC_SNIFFS_FILES_LINELENGTHSNIFF]]></c><c><![CDATA[fr]]></c><c><![CDATA[Longueur des lignes]]></c></r><r><c><![CDATA[metrique]]></c><c><![CDATA[desc]]></c><c><![CDATA[CS_SQUIZ_SNIFFS_CONTROLSTRUCTURES_SWITCHDECLARATIONSNIFF]]></c><c><![CDATA[en]]></c><c><![CDATA[Enforces switch formatting]]></c></r><r><c><![CDATA[metrique]]></c><c><![CDATA[desc]]></c><c><![CDATA[CS_SQUIZ_SNIFFS_CONTROLSTRUCTURES_SWITCHDECLARATIONSNIFF]]></c><c><![CDATA[fr]]></c><c><![CDATA[Formattage des switchs]]></c></r><r><c><![CDATA[metrique]]></c><c><![CDATA[lib]]></c><c><![CDATA[CS_SQUIZ_SNIFFS_CONTROLSTRUCTURES_SWITCHDECLARATIONSNIFF]]></c><c><![CDATA[en]]></c><c><![CDATA[Enforces switch formatting]]></c></r><r><c><![CDATA[metrique]]></c><c><![CDATA[lib]]></c><c><![CDATA[CS_SQUIZ_SNIFFS_CONTROLSTRUCTURES_SWITCHDECLARATIONSNIFF]]></c><c><![CDATA[fr]]></c><c><![CDATA[Formattage des switchs]]></c></r><r><c><![CDATA[metrique]]></c><c><![CDATA[desc]]></c><c><![CDATA[CS_SQUIZ_SNIFFS_COMMENTING_POSTSTATEMENTCOMMENTSNIFF]]></c><c><![CDATA[en]]></c><c><![CDATA[Checks to ensure that there are no comments after statements]]></c></r><r><c><![CDATA[metrique]]></c><c><![CDATA[desc]]></c><c><![CDATA[CS_SQUIZ_SNIFFS_COMMENTING_POSTSTATEMENTCOMMENTSNIFF]]></c><c><![CDATA[fr]]></c><c><![CDATA[Pas de commentaires après une instruction]]></c></r><r><c><![CDATA[metrique]]></c><c><![CDATA[lib]]></c><c><![CDATA[CS_SQUIZ_SNIFFS_COMMENTING_POSTSTATEMENTCOMMENTSNIFF]]></c><c><![CDATA[en]]></c><c><![CDATA[Checks to ensure that there are no comments after statements]]></c></r><r><c><![CDATA[metrique]]></c><c><![CDATA[lib]]></c><c><![CDATA[CS_SQUIZ_SNIFFS_COMMENTING_POSTSTATEMENTCOMMENTSNIFF]]></c><c><![CDATA[fr]]></c><c><![CDATA[Pas de commentaires après une instruction]]></c></r><r><c><![CDATA[metrique]]></c><c><![CDATA[desc]]></c><c><![CDATA[CS_SQUIZ_SNIFFS_COMMENTING_LONGCONDITIONCLOSINGCOMMENTSNIFF]]></c><c><![CDATA[en]]></c><c><![CDATA[Verifies End comment for long condition]]></c></r><r><c><![CDATA[metrique]]></c><c><![CDATA[desc]]></c><c><![CDATA[CS_SQUIZ_SNIFFS_COMMENTING_LONGCONDITIONCLOSINGCOMMENTSNIFF]]></c><c><![CDATA[fr]]></c><c><![CDATA[Vérification de la présence de commentaires à la fin des longues conditions.]]></c></r><r><c><![CDATA[metrique]]></c><c><![CDATA[lib]]></c><c><![CDATA[CS_SQUIZ_SNIFFS_COMMENTING_LONGCONDITIONCLOSINGCOMMENTSNIFF]]></c><c><![CDATA[en]]></c><c><![CDATA[Verifies End comment for long condition]]></c></r><r><c><![CDATA[metrique]]></c><c><![CDATA[lib]]></c><c><![CDATA[CS_SQUIZ_SNIFFS_COMMENTING_LONGCONDITIONCLOSINGCOMMENTSNIFF]]></c><c><![CDATA[fr]]></c><c><![CDATA[Commentaires à la fin des longues conditions.]]></c></r><r><c><![CDATA[metrique]]></c><c><![CDATA[desc]]></c><c><![CDATA[CS_GENERIC_SNIFFS_PHP_DISALLOWSHORTOPENTAGSNIFF]]></c><c><![CDATA[en]]></c><c><![CDATA[Makes sure that shorthand PHP open tags are not used]]></c></r><r><c><![CDATA[metrique]]></c><c><![CDATA[desc]]></c><c><![CDATA[CS_GENERIC_SNIFFS_PHP_DISALLOWSHORTOPENTAGSNIFF]]></c><c><![CDATA[fr]]></c><c><![CDATA[Ne pas utiliser les tags d'ouverture abrégés de PHP]]></c></r><r><c><![CDATA[metrique]]></c><c><![CDATA[lib]]></c><c><![CDATA[CS_GENERIC_SNIFFS_PHP_DISALLOWSHORTOPENTAGSNIFF]]></c><c><![CDATA[en]]></c><c><![CDATA[Makes sure that shorthand PHP open tags are not used
]]></c></r><r><c><![CDATA[metrique]]></c><c><![CDATA[lib]]></c><c><![CDATA[CS_GENERIC_SNIFFS_PHP_DISALLOWSHORTOPENTAGSNIFF]]></c><c><![CDATA[fr]]></c><c><![CDATA[Ne pas utiliser les tags d'ouverture abrégés de PHP]]></c></r><r><c><![CDATA[metrique]]></c><c><![CDATA[desc]]></c><c><![CDATA[CS_CAQS_SNIFFS_METRICS_COMMENTLINECOUNTSNIFF]]></c><c><![CDATA[en]]></c><c><![CDATA[Counts the lines of comment for functions]]></c></r><r><c><![CDATA[metrique]]></c><c><![CDATA[desc]]></c><c><![CDATA[CS_CAQS_SNIFFS_METRICS_COMMENTLINECOUNTSNIFF]]></c><c><![CDATA[fr]]></c><c><![CDATA[Nombre de lignes de commentaires d'une fonction]]></c></r><r><c><![CDATA[metrique]]></c><c><![CDATA[lib]]></c><c><![CDATA[CS_CAQS_SNIFFS_METRICS_COMMENTLINECOUNTSNIFF]]></c><c><![CDATA[en]]></c><c><![CDATA[Counts the lines of comment for functions]]></c></r><r><c><![CDATA[metrique]]></c><c><![CDATA[lib]]></c><c><![CDATA[CS_CAQS_SNIFFS_METRICS_COMMENTLINECOUNTSNIFF]]></c><c><![CDATA[fr]]></c><c><![CDATA[Nombre de lignes de commentaires d'une fonction]]></c></r><r><c><![CDATA[metrique]]></c><c><![CDATA[desc]]></c><c><![CDATA[CS_CAQS_SNIFFS_METRICS_CODELINECOUNTSNIFF]]></c><c><![CDATA[en]]></c><c><![CDATA[Counts the lines of code for functions]]></c></r><r><c><![CDATA[metrique]]></c><c><![CDATA[desc]]></c><c><![CDATA[CS_CAQS_SNIFFS_METRICS_CODELINECOUNTSNIFF]]></c><c><![CDATA[fr]]></c><c><![CDATA[Nombre de lignes de codes d'une fonction]]></c></r><r><c><![CDATA[metrique]]></c><c><![CDATA[lib]]></c><c><![CDATA[CS_CAQS_SNIFFS_METRICS_CODELINECOUNTSNIFF]]></c><c><![CDATA[en]]></c><c><![CDATA[Counts the lines of code for functions]]></c></r><r><c><![CDATA[metrique]]></c><c><![CDATA[lib]]></c><c><![CDATA[CS_CAQS_SNIFFS_METRICS_CODELINECOUNTSNIFF]]></c><c><![CDATA[fr]]></c><c><![CDATA[Nombre de lignes de codes d'une fonction]]></c></r><r><c><![CDATA[metrique]]></c><c><![CDATA[desc]]></c><c><![CDATA[CS_SQUIZ_SNIFFS_SCOPE_MEMBERVARSCOPESNIFF]]></c><c><![CDATA[en]]></c><c><![CDATA[Verifies that class members have scope modifiers]]></c></r><r><c><![CDATA[metrique]]></c><c><![CDATA[desc]]></c><c><![CDATA[CS_SQUIZ_SNIFFS_SCOPE_MEMBERVARSCOPESNIFF]]></c><c><![CDATA[fr]]></c><c><![CDATA[Définir la portée des membres de classes]]></c></r><r><c><![CDATA[metrique]]></c><c><![CDATA[lib]]></c><c><![CDATA[CS_SQUIZ_SNIFFS_SCOPE_MEMBERVARSCOPESNIFF]]></c><c><![CDATA[en]]></c><c><![CDATA[Verifies that class members have scope modifiers]]></c></r><r><c><![CDATA[metrique]]></c><c><![CDATA[lib]]></c><c><![CDATA[CS_SQUIZ_SNIFFS_SCOPE_MEMBERVARSCOPESNIFF]]></c><c><![CDATA[fr]]></c><c><![CDATA[Définir la portée des membres de classes]]></c></r><r><c><![CDATA[metrique]]></c><c><![CDATA[desc]]></c><c><![CDATA[CS_SQUIZ_SNIFFS_PHP_NONEXECUTABLECODESNIFF]]></c><c><![CDATA[en]]></c><c><![CDATA[Warns about code that can never been executed. This happens when a function returns before the code, or a break ends execution of a statement etc.]]></c></r><r><c><![CDATA[metrique]]></c><c><![CDATA[desc]]></c><c><![CDATA[CS_SQUIZ_SNIFFS_PHP_NONEXECUTABLECODESNIFF]]></c><c><![CDATA[fr]]></c><c><![CDATA[Eviter le code mort.]]></c></r><r><c><![CDATA[metrique]]></c><c><![CDATA[lib]]></c><c><![CDATA[CS_SQUIZ_SNIFFS_PHP_NONEXECUTABLECODESNIFF]]></c><c><![CDATA[en]]></c><c><![CDATA[Warns about code that can never been executed. This happens when a function returns before the code, or a break ends execution of a statement etc.]]></c></r><r><c><![CDATA[metrique]]></c><c><![CDATA[lib]]></c><c><![CDATA[CS_SQUIZ_SNIFFS_PHP_NONEXECUTABLECODESNIFF]]></c><c><![CDATA[fr]]></c><c><![CDATA[Eviter le code mort.]]></c></r><r><c><![CDATA[metrique]]></c><c><![CDATA[desc]]></c><c><![CDATA[CS_SQUIZ_SNIFFS_PHP_INNERFUNCTIONSSNIFF]]></c><c><![CDATA[en]]></c><c><![CDATA[Ensures that functions within functions are never used]]></c></r><r><c><![CDATA[metrique]]></c><c><![CDATA[desc]]></c><c><![CDATA[CS_SQUIZ_SNIFFS_PHP_INNERFUNCTIONSSNIFF]]></c><c><![CDATA[fr]]></c><c><![CDATA[Ne pas définir de fonctions dans d'autres fonctions.]]></c></r><r><c><![CDATA[metrique]]></c><c><![CDATA[lib]]></c><c><![CDATA[CS_SQUIZ_SNIFFS_PHP_INNERFUNCTIONSSNIFF]]></c><c><![CDATA[en]]></c><c><![CDATA[Ensures that functions within functions are never used]]></c></r><r><c><![CDATA[metrique]]></c><c><![CDATA[lib]]></c><c><![CDATA[CS_SQUIZ_SNIFFS_PHP_INNERFUNCTIONSSNIFF]]></c><c><![CDATA[fr]]></c><c><![CDATA[Ne pas définir de fonctions dans d'autres fonctions.]]></c></r><r><c><![CDATA[metrique]]></c><c><![CDATA[desc]]></c><c><![CDATA[CS_SQUIZ_SNIFFS_PHP_GLOBALKEYWORDSNIFF]]></c><c><![CDATA[en]]></c><c><![CDATA[Stops the usage of the "global" keyword]]></c></r><r><c><![CDATA[metrique]]></c><c><![CDATA[desc]]></c><c><![CDATA[CS_SQUIZ_SNIFFS_PHP_GLOBALKEYWORDSNIFF]]></c><c><![CDATA[fr]]></c><c><![CDATA[Ne pas utiliser le mot-clé "global"]]></c></r><r><c><![CDATA[metrique]]></c><c><![CDATA[lib]]></c><c><![CDATA[CS_SQUIZ_SNIFFS_PHP_GLOBALKEYWORDSNIFF]]></c><c><![CDATA[en]]></c><c><![CDATA[Stops the usage of the "global" keyword]]></c></r><r><c><![CDATA[metrique]]></c><c><![CDATA[lib]]></c><c><![CDATA[CS_SQUIZ_SNIFFS_PHP_GLOBALKEYWORDSNIFF]]></c><c><![CDATA[fr]]></c><c><![CDATA[Ne pas utiliser le mot-clé "global"]]></c></r><r><c><![CDATA[metrique]]></c><c><![CDATA[desc]]></c><c><![CDATA[CS_SQUIZ_SNIFFS_PHP_EMBEDDEDPHPSNIFF]]></c><c><![CDATA[en]]></c><c><![CDATA[Checks the indentation of embedded PHP code segments]]></c></r><r><c><![CDATA[metrique]]></c><c><![CDATA[desc]]></c><c><![CDATA[CS_SQUIZ_SNIFFS_PHP_EMBEDDEDPHPSNIFF]]></c><c><![CDATA[fr]]></c><c><![CDATA[Identation des segments de code PHP embarqués]]></c></r><r><c><![CDATA[metrique]]></c><c><![CDATA[lib]]></c><c><![CDATA[CS_SQUIZ_SNIFFS_PHP_EMBEDDEDPHPSNIFF]]></c><c><![CDATA[en]]></c><c><![CDATA[Checks the indentation of embedded PHP code segments]]></c></r><r><c><![CDATA[metrique]]></c><c><![CDATA[lib]]></c><c><![CDATA[CS_SQUIZ_SNIFFS_PHP_EMBEDDEDPHPSNIFF]]></c><c><![CDATA[fr]]></c><c><![CDATA[Identation des segments de code PHP embarqués]]></c></r><r><c><![CDATA[metrique]]></c><c><![CDATA[desc]]></c><c><![CDATA[CS_SQUIZ_SNIFFS_PHP_DISALLOWMULTIPLEASSIGNMENTSSNIFF]]></c><c><![CDATA[en]]></c><c><![CDATA[Ensures that there is only one value assignment on a line, and that it is the first thing on the line]]></c></r><r><c><![CDATA[metrique]]></c><c><![CDATA[desc]]></c><c><![CDATA[CS_SQUIZ_SNIFFS_PHP_DISALLOWMULTIPLEASSIGNMENTSSNIFF]]></c><c><![CDATA[fr]]></c><c><![CDATA[Une seule assignation par ligne. Ce doit être la première chose sur la ligne.]]></c></r><r><c><![CDATA[metrique]]></c><c><![CDATA[lib]]></c><c><![CDATA[CS_SQUIZ_SNIFFS_PHP_DISALLOWMULTIPLEASSIGNMENTSSNIFF]]></c><c><![CDATA[en]]></c><c><![CDATA[Ensures that there is only one value assignment on a line, and that it is the first thing on the line]]></c></r><r><c><![CDATA[metrique]]></c><c><![CDATA[desc]]></c><c><![CDATA[CS_CAQS_SNIFFS_METRICS_DESTRUCTURATIONSNIFF]]></c><c><![CDATA[en]]></c><c><![CDATA[Measures the destructuration for functions]]></c></r><r><c><![CDATA[metrique]]></c><c><![CDATA[desc]]></c><c><![CDATA[CS_CAQS_SNIFFS_METRICS_DESTRUCTURATIONSNIFF]]></c><c><![CDATA[fr]]></c><c><![CDATA[Déstructuration]]></c></r><r><c><![CDATA[metrique]]></c><c><![CDATA[lib]]></c><c><![CDATA[CS_CAQS_SNIFFS_METRICS_DESTRUCTURATIONSNIFF]]></c><c><![CDATA[en]]></c><c><![CDATA[Measures the destructuration for functions]]></c></r><r><c><![CDATA[metrique]]></c><c><![CDATA[lib]]></c><c><![CDATA[CS_CAQS_SNIFFS_METRICS_DESTRUCTURATIONSNIFF]]></c><c><![CDATA[fr]]></c><c><![CDATA[Déstructuration]]></c></r><r><c><![CDATA[metrique]]></c><c><![CDATA[desc]]></c><c><![CDATA[CS_SQUIZ_SNIFFS_OPERATORS_INCREMENTDECREMENTUSAGESNIFF]]></c><c><![CDATA[en]]></c><c><![CDATA[Tests that the ++ operators are used when possible]]></c></r><r><c><![CDATA[metrique]]></c><c><![CDATA[desc]]></c><c><![CDATA[CS_SQUIZ_SNIFFS_OPERATORS_INCREMENTDECREMENTUSAGESNIFF]]></c><c><![CDATA[fr]]></c><c><![CDATA[Utilisation de l'opérateur ++]]></c></r><r><c><![CDATA[metrique]]></c><c><![CDATA[lib]]></c><c><![CDATA[CS_SQUIZ_SNIFFS_OPERATORS_INCREMENTDECREMENTUSAGESNIFF]]></c><c><![CDATA[en]]></c><c><![CDATA[Tests that the ++ operators are used when possible]]></c></r><r><c><![CDATA[metrique]]></c><c><![CDATA[lib]]></c><c><![CDATA[CS_SQUIZ_SNIFFS_OPERATORS_INCREMENTDECREMENTUSAGESNIFF]]></c><c><![CDATA[fr]]></c><c><![CDATA[Utilisation de l'opérateur ++]]></c></r><r><c><![CDATA[metrique]]></c><c><![CDATA[desc]]></c><c><![CDATA[CS_SQUIZ_SNIFFS_COMMENTING_VARIABLECOMMENTSNIFF]]></c><c><![CDATA[en]]></c><c><![CDATA[Parses and verifies the variable doc comment]]></c></r><r><c><![CDATA[metrique]]></c><c><![CDATA[desc]]></c><c><![CDATA[CS_SQUIZ_SNIFFS_COMMENTING_VARIABLECOMMENTSNIFF]]></c><c><![CDATA[fr]]></c><c><![CDATA[Vérification du commentaire d'une variable]]></c></r><r><c><![CDATA[metrique]]></c><c><![CDATA[lib]]></c><c><![CDATA[CS_SQUIZ_SNIFFS_COMMENTING_VARIABLECOMMENTSNIFF]]></c><c><![CDATA[en]]></c><c><![CDATA[Parses and verifies the variable doc comment]]></c></r><r><c><![CDATA[metrique]]></c><c><![CDATA[lib]]></c><c><![CDATA[CS_SQUIZ_SNIFFS_COMMENTING_VARIABLECOMMENTSNIFF]]></c><c><![CDATA[fr]]></c><c><![CDATA[Vérification du commentaire d'une variable]]></c></r><r><c><![CDATA[metrique]]></c><c><![CDATA[desc]]></c><c><![CDATA[CS_PEAR_SNIFFS_COMMENTING_INLINECOMMENTSNIFF]]></c><c><![CDATA[en]]></c><c><![CDATA[Checks that no perl-style comments are used]]></c></r><r><c><![CDATA[metrique]]></c><c><![CDATA[desc]]></c><c><![CDATA[CS_PEAR_SNIFFS_COMMENTING_INLINECOMMENTSNIFF]]></c><c><![CDATA[fr]]></c><c><![CDATA[Eviter les commentaires au format Perl]]></c></r><r><c><![CDATA[metrique]]></c><c><![CDATA[lib]]></c><c><![CDATA[CS_PEAR_SNIFFS_COMMENTING_INLINECOMMENTSNIFF]]></c><c><![CDATA[en]]></c><c><![CDATA[Checks that no perl-style comments are used]]></c></r><r><c><![CDATA[metrique]]></c><c><![CDATA[lib]]></c><c><![CDATA[CS_PEAR_SNIFFS_COMMENTING_INLINECOMMENTSNIFF]]></c><c><![CDATA[fr]]></c><c><![CDATA[Eviter les commentaires au format Perl]]></c></r><r><c><![CDATA[metrique]]></c><c><![CDATA[desc]]></c><c><![CDATA[CS_MYSOURCE_SNIFFS_CHANNELS_INCLUDESYSTEMSNIFF]]></c><c><![CDATA[en]]></c><c><![CDATA[Ensures that systems, asset types and libs are included before they are used]]></c></r><r><c><![CDATA[metrique]]></c><c><![CDATA[desc]]></c><c><![CDATA[CS_MYSOURCE_SNIFFS_CHANNELS_INCLUDESYSTEMSNIFF]]></c><c><![CDATA[fr]]></c><c><![CDATA[Ordre d'inclusion des éléments.]]></c></r><r><c><![CDATA[metrique]]></c><c><![CDATA[lib]]></c><c><![CDATA[CS_MYSOURCE_SNIFFS_CHANNELS_INCLUDESYSTEMSNIFF]]></c><c><![CDATA[en]]></c><c><![CDATA[Ensures that systems, asset types and libs are included before they are used]]></c></r><r><c><![CDATA[metrique]]></c><c><![CDATA[lib]]></c><c><![CDATA[CS_MYSOURCE_SNIFFS_CHANNELS_INCLUDESYSTEMSNIFF]]></c><c><![CDATA[fr]]></c><c><![CDATA[Ordre d'inclusion des éléments.]]></c></r><r><c><![CDATA[metrique]]></c><c><![CDATA[lib]]></c><c><![CDATA[CS_PEAR_SNIFFS_COMMENTING_FUNCTIONCOMMENTSNIFF]]></c><c><![CDATA[fr]]></c><c><![CDATA[Vérification des commentaires des fonctions]]></c></r><r><c><![CDATA[metrique]]></c><c><![CDATA[compl]]></c><c><![CDATA[CS_PEAR_SNIFFS_CLASSES_CLASSDECLARATIONSNIFF]]></c><c><![CDATA[en]]></c><c><![CDATA[L'accolade ouvrante de la classe doit se trouver sur la même ligne que la déclaration de la classe, sans espace séparateur.]]></c></r><r><c><![CDATA[metrique]]></c><c><![CDATA[desc]]></c><c><![CDATA[CS_PEAR_SNIFFS_CLASSES_CLASSDECLARATIONSNIFF]]></c><c><![CDATA[en]]></c><c><![CDATA[Checks the declaration of the class is correct]]></c></r><r><c><![CDATA[metrique]]></c><c><![CDATA[desc]]></c><c><![CDATA[CS_PEAR_SNIFFS_CLASSES_CLASSDECLARATIONSNIFF]]></c><c><![CDATA[fr]]></c><c><![CDATA[Une classe doit être correctement déclarée.]]></c></r><r><c><![CDATA[metrique]]></c><c><![CDATA[lib]]></c><c><![CDATA[CS_PEAR_SNIFFS_CLASSES_CLASSDECLARATIONSNIFF]]></c><c><![CDATA[en]]></c><c><![CDATA[Checks the declaration of the class is correct]]></c></r><r><c><![CDATA[metrique]]></c><c><![CDATA[lib]]></c><c><![CDATA[CS_PEAR_SNIFFS_CLASSES_CLASSDECLARATIONSNIFF]]></c><c><![CDATA[fr]]></c><c><![CDATA[Déclaration de la classe]]></c></r><r><c><![CDATA[metrique]]></c><c><![CDATA[desc]]></c><c><![CDATA[CS_GENERIC_SNIFFS_NAMINGCONVENTIONS_UPPERCASECONSTANTNAMESNIFF]]></c><c><![CDATA[en]]></c><c><![CDATA[Ensures that constant names are all uppercase
]]></c></r><r><c><![CDATA[metrique]]></c><c><![CDATA[desc]]></c><c><![CDATA[CS_GENERIC_SNIFFS_NAMINGCONVENTIONS_UPPERCASECONSTANTNAMESNIFF]]></c><c><![CDATA[fr]]></c><c><![CDATA[Noms de constantes en majuscule]]></c></r><r><c><![CDATA[metrique]]></c><c><![CDATA[lib]]></c><c><![CDATA[CS_GENERIC_SNIFFS_NAMINGCONVENTIONS_UPPERCASECONSTANTNAMESNIFF]]></c><c><![CDATA[en]]></c><c><![CDATA[Ensures that constant names are all uppercase
]]></c></r><r><c><![CDATA[metrique]]></c><c><![CDATA[lib]]></c><c><![CDATA[CS_GENERIC_SNIFFS_NAMINGCONVENTIONS_UPPERCASECONSTANTNAMESNIFF]]></c><c><![CDATA[fr]]></c><c><![CDATA[Noms de constantes en majuscule]]></c></r><r><c><![CDATA[metrique]]></c><c><![CDATA[desc]]></c><c><![CDATA[CS_CAQS_SNIFFS_RETURN_REFERENCE_CALLS]]></c><c><![CDATA[en]]></c><c><![CDATA[When a function returns by reference, the value should be assigned by reference]]></c></r><r><c><![CDATA[metrique]]></c><c><![CDATA[desc]]></c><c><![CDATA[CS_CAQS_SNIFFS_RETURN_REFERENCE_CALLS]]></c><c><![CDATA[fr]]></c><c><![CDATA[Quand une fonction retourne une référence, la valeur doit être assignée par référence.]]></c></r><r><c><![CDATA[metrique]]></c><c><![CDATA[lib]]></c><c><![CDATA[CS_CAQS_SNIFFS_RETURN_REFERENCE_CALLS]]></c><c><![CDATA[en]]></c><c><![CDATA[When a function returns by reference, the value should be assigned by reference]]></c></r><r><c><![CDATA[metrique]]></c><c><![CDATA[lib]]></c><c><![CDATA[CS_CAQS_SNIFFS_RETURN_REFERENCE_CALLS]]></c><c><![CDATA[fr]]></c><c><![CDATA[Quand une fonction retourne une référence, la valeur doit être assignée par référence.]]></c></r><r><c><![CDATA[metrique]]></c><c><![CDATA[desc]]></c><c><![CDATA[CS_SQUIZ_SNIFFS_CLASSES_SELFMEMBERREFERENCESNIFF]]></c><c><![CDATA[en]]></c><c><![CDATA[Tests self member references]]></c></r><r><c><![CDATA[metrique]]></c><c><![CDATA[desc]]></c><c><![CDATA[CS_SQUIZ_SNIFFS_CLASSES_SELFMEMBERREFERENCESNIFF]]></c><c><![CDATA[fr]]></c><c><![CDATA[Références vers les propres membres]]></c></r><r><c><![CDATA[metrique]]></c><c><![CDATA[lib]]></c><c><![CDATA[CS_SQUIZ_SNIFFS_CLASSES_SELFMEMBERREFERENCESNIFF]]></c><c><![CDATA[en]]></c><c><![CDATA[Tests self member references]]></c></r><r><c><![CDATA[metrique]]></c><c><![CDATA[lib]]></c><c><![CDATA[CS_SQUIZ_SNIFFS_CLASSES_SELFMEMBERREFERENCESNIFF]]></c><c><![CDATA[fr]]></c><c><![CDATA[Références vers les propres membres]]></c></r><r><c><![CDATA[metrique]]></c><c><![CDATA[desc]]></c><c><![CDATA[CS_MYSOURCE_SNIFFS_PHP_RETURNFUNCTIONVALUESNIFF]]></c><c><![CDATA[en]]></c><c><![CDATA[Warns when function values are returned directly]]></c></r><r><c><![CDATA[metrique]]></c><c><![CDATA[desc]]></c><c><![CDATA[CS_MYSOURCE_SNIFFS_PHP_RETURNFUNCTIONVALUESNIFF]]></c><c><![CDATA[fr]]></c><c><![CDATA[Eviter les retours directs de valeurs dans une fonction]]></c></r><r><c><![CDATA[metrique]]></c><c><![CDATA[lib]]></c><c><![CDATA[CS_MYSOURCE_SNIFFS_PHP_RETURNFUNCTIONVALUESNIFF]]></c><c><![CDATA[en]]></c><c><![CDATA[Warns when function values are returned directly]]></c></r><r><c><![CDATA[metrique]]></c><c><![CDATA[lib]]></c><c><![CDATA[CS_MYSOURCE_SNIFFS_PHP_RETURNFUNCTIONVALUESNIFF]]></c><c><![CDATA[fr]]></c><c><![CDATA[Eviter les retours directs de valeurs dans une fonction]]></c></r><r><c><![CDATA[metrique]]></c><c><![CDATA[desc]]></c><c><![CDATA[CS_CAQS_SNIFFS_METRICS_NESTINGLEVELSNIFF]]></c><c><![CDATA[en]]></c><c><![CDATA[Measures the nesting level for functions]]></c></r><r><c><![CDATA[metrique]]></c><c><![CDATA[desc]]></c><c><![CDATA[CS_CAQS_SNIFFS_METRICS_NESTINGLEVELSNIFF]]></c><c><![CDATA[fr]]></c><c><![CDATA[Niveau d'imbrication d'une fonction]]></c></r><r><c><![CDATA[metrique]]></c><c><![CDATA[lib]]></c><c><![CDATA[CS_CAQS_SNIFFS_METRICS_NESTINGLEVELSNIFF]]></c><c><![CDATA[en]]></c><c><![CDATA[Measures the nesting level for functions]]></c></r><r><c><![CDATA[metrique]]></c><c><![CDATA[lib]]></c><c><![CDATA[CS_CAQS_SNIFFS_METRICS_NESTINGLEVELSNIFF]]></c><c><![CDATA[fr]]></c><c><![CDATA[Niveau d'imbrication d'une fonction]]></c></r><r><c><![CDATA[metrique]]></c><c><![CDATA[desc]]></c><c><![CDATA[CS_SQUIZ_SNIFFS_SCOPE_STATICTHISUSAGESNIFF]]></c><c><![CDATA[en]]></c><c><![CDATA[Checks for usage of "$this" in static methods, which will cause runtime errors]]></c></r><r><c><![CDATA[metrique]]></c><c><![CDATA[desc]]></c><c><![CDATA[CS_SQUIZ_SNIFFS_SCOPE_STATICTHISUSAGESNIFF]]></c><c><![CDATA[fr]]></c><c><![CDATA[Ne pas utiliser "$this" dans les méthodes statiques. Cela cause des erreurs à l'exécution.]]></c></r><r><c><![CDATA[metrique]]></c><c><![CDATA[lib]]></c><c><![CDATA[CS_SQUIZ_SNIFFS_SCOPE_STATICTHISUSAGESNIFF]]></c><c><![CDATA[en]]></c><c><![CDATA[Checks for usage of "$this" in static methods, which will cause runtime errors]]></c></r><r><c><![CDATA[metrique]]></c><c><![CDATA[lib]]></c><c><![CDATA[CS_SQUIZ_SNIFFS_SCOPE_STATICTHISUSAGESNIFF]]></c><c><![CDATA[fr]]></c><c><![CDATA[Ne pas utiliser "$this" dans les méthodes statiques.]]></c></r><r><c><![CDATA[metrique]]></c><c><![CDATA[desc]]></c><c><![CDATA[CS_SQUIZ_SNIFFS_FUNCTIONS_GLOBALFUNCTIONSNIFF]]></c><c><![CDATA[en]]></c><c><![CDATA[Tests for functions outside of classes]]></c></r><r><c><![CDATA[metrique]]></c><c><![CDATA[desc]]></c><c><![CDATA[CS_SQUIZ_SNIFFS_FUNCTIONS_GLOBALFUNCTIONSNIFF]]></c><c><![CDATA[fr]]></c><c><![CDATA[Tests pour les fonctions externes aux classes]]></c></r><r><c><![CDATA[metrique]]></c><c><![CDATA[lib]]></c><c><![CDATA[CS_SQUIZ_SNIFFS_FUNCTIONS_GLOBALFUNCTIONSNIFF]]></c><c><![CDATA[en]]></c><c><![CDATA[Tests for functions outside of classes]]></c></r><r><c><![CDATA[metrique]]></c><c><![CDATA[lib]]></c><c><![CDATA[CS_SQUIZ_SNIFFS_FUNCTIONS_GLOBALFUNCTIONSNIFF]]></c><c><![CDATA[fr]]></c><c><![CDATA[Tests pour les fonctions externes aux classes]]></c></r><r><c><![CDATA[metrique]]></c><c><![CDATA[desc]]></c><c><![CDATA[CS_PEAR_SNIFFS_FUNCTIONS_VALIDDEFAULTVALUESNIFF]]></c><c><![CDATA[en]]></c><c><![CDATA[A Sniff to ensure that parameters defined for a function that have a default value come at the end of the function signature]]></c></r><r><c><![CDATA[metrique]]></c><c><![CDATA[desc]]></c><c><![CDATA[CS_PEAR_SNIFFS_FUNCTIONS_VALIDDEFAULTVALUESNIFF]]></c><c><![CDATA[fr]]></c><c><![CDATA[Placer les paramètres avec des valeurs par défaut à la fin de la signature de la fonction]]></c></r><r><c><![CDATA[metrique]]></c><c><![CDATA[lib]]></c><c><![CDATA[CS_PEAR_SNIFFS_FUNCTIONS_VALIDDEFAULTVALUESNIFF]]></c><c><![CDATA[en]]></c><c><![CDATA[A Sniff to ensure that parameters defined for a function that have a default value come at the end of the function signature]]></c></r><r><c><![CDATA[metrique]]></c><c><![CDATA[lib]]></c><c><![CDATA[CS_PEAR_SNIFFS_FUNCTIONS_VALIDDEFAULTVALUESNIFF]]></c><c><![CDATA[fr]]></c><c><![CDATA[Placer les paramètres avec des valeurs par défaut à la fin de la signature de la fonction]]></c></r><r><c><![CDATA[metrique]]></c><c><![CDATA[desc]]></c><c><![CDATA[CS_PEAR_SNIFFS_COMMENTING_FILECOMMENTSNIFF]]></c><c><![CDATA[en]]></c><c><![CDATA[Parses and verifies the doc comments for files]]></c></r><r><c><![CDATA[metrique]]></c><c><![CDATA[desc]]></c><c><![CDATA[CS_PEAR_SNIFFS_COMMENTING_FILECOMMENTSNIFF]]></c><c><![CDATA[fr]]></c><c><![CDATA[Vérification de la documentation des fichiers]]></c></r><r><c><![CDATA[metrique]]></c><c><![CDATA[lib]]></c><c><![CDATA[CS_PEAR_SNIFFS_COMMENTING_FILECOMMENTSNIFF]]></c><c><![CDATA[en]]></c><c><![CDATA[Parses and verifies the doc comments for files]]></c></r><r><c><![CDATA[metrique]]></c><c><![CDATA[lib]]></c><c><![CDATA[CS_PEAR_SNIFFS_COMMENTING_FILECOMMENTSNIFF]]></c><c><![CDATA[fr]]></c><c><![CDATA[Vérification de la documentation des fichiers]]></c></r><r><c><![CDATA[metrique]]></c><c><![CDATA[desc]]></c><c><![CDATA[CS_MYSOURCE_SNIFFS_PHP_EVALOBJECTFACTORYSNIFF]]></c><c><![CDATA[en]]></c><c><![CDATA[Ensures that eval() is not used to create objects]]></c></r><r><c><![CDATA[metrique]]></c><c><![CDATA[desc]]></c><c><![CDATA[CS_MYSOURCE_SNIFFS_PHP_EVALOBJECTFACTORYSNIFF]]></c><c><![CDATA[fr]]></c><c><![CDATA[Ne pas utiliser eval() pour créer des objets]]></c></r><r><c><![CDATA[metrique]]></c><c><![CDATA[lib]]></c><c><![CDATA[CS_MYSOURCE_SNIFFS_PHP_EVALOBJECTFACTORYSNIFF]]></c><c><![CDATA[en]]></c><c><![CDATA[Ensures that eval() is not used to create objects
]]></c></r><r><c><![CDATA[metrique]]></c><c><![CDATA[lib]]></c><c><![CDATA[CS_MYSOURCE_SNIFFS_PHP_EVALOBJECTFACTORYSNIFF]]></c><c><![CDATA[fr]]></c><c><![CDATA[Ne pas utiliser eval() pour créer des objets]]></c></r><r><c><![CDATA[metrique]]></c><c><![CDATA[desc]]></c><c><![CDATA[CS_SQUIZ_SNIFFS_PHP_HEREDOCSNIFF]]></c><c><![CDATA[en]]></c><c><![CDATA[Use of heredoc syntax ("<<<") is not allowed; use standard strings or inline HTML instead]]></c></r><r><c><![CDATA[metrique]]></c><c><![CDATA[desc]]></c><c><![CDATA[CS_SQUIZ_SNIFFS_PHP_HEREDOCSNIFF]]></c><c><![CDATA[fr]]></c><c><![CDATA["<<<" n'est pas permis.]]></c></r><r><c><![CDATA[metrique]]></c><c><![CDATA[lib]]></c><c><![CDATA[CS_SQUIZ_SNIFFS_PHP_HEREDOCSNIFF]]></c><c><![CDATA[en]]></c><c><![CDATA[Use of heredoc syntax ("<<<") is not allowed; use standard strings or inline HTML instead]]></c></r><r><c><![CDATA[metrique]]></c><c><![CDATA[lib]]></c><c><![CDATA[CS_SQUIZ_SNIFFS_PHP_HEREDOCSNIFF]]></c><c><![CDATA[fr]]></c><c><![CDATA["<<<" n'est pas permis.]]></c></r><r><c><![CDATA[metrique]]></c><c><![CDATA[desc]]></c><c><![CDATA[CS_SQUIZ_SNIFFS_STRINGS_DOUBLEQUOTEUSAGESNIFF]]></c><c><![CDATA[en]]></c><c><![CDATA[Makes sure that any use of Double Quotes ("") are warranted]]></c></r><r><c><![CDATA[metrique]]></c><c><![CDATA[desc]]></c><c><![CDATA[CS_SQUIZ_SNIFFS_STRINGS_DOUBLEQUOTEUSAGESNIFF]]></c><c><![CDATA[fr]]></c><c><![CDATA[Vérifier l'utilisation des doubles quotes]]></c></r><r><c><![CDATA[metrique]]></c><c><![CDATA[lib]]></c><c><![CDATA[CS_SQUIZ_SNIFFS_STRINGS_DOUBLEQUOTEUSAGESNIFF]]></c><c><![CDATA[en]]></c><c><![CDATA[Makes sure that any use of Double Quotes ("") are warranted]]></c></r><r><c><![CDATA[metrique]]></c><c><![CDATA[lib]]></c><c><![CDATA[CS_SQUIZ_SNIFFS_STRINGS_DOUBLEQUOTEUSAGESNIFF]]></c><c><![CDATA[fr]]></c><c><![CDATA[Vérifier l'utilisation des doubles quotes]]></c></r><r><c><![CDATA[metrique]]></c><c><![CDATA[desc]]></c><c><![CDATA[CS_SQUIZ_SNIFFS_PHP_EVALSNIFF]]></c><c><![CDATA[en]]></c><c><![CDATA[The use of eval() is discouraged]]></c></r><r><c><![CDATA[metrique]]></c><c><![CDATA[desc]]></c><c><![CDATA[CS_SQUIZ_SNIFFS_PHP_EVALSNIFF]]></c><c><![CDATA[fr]]></c><c><![CDATA[Ne pas utiliser eval()]]></c></r><r><c><![CDATA[metrique]]></c><c><![CDATA[lib]]></c><c><![CDATA[CS_SQUIZ_SNIFFS_PHP_EVALSNIFF]]></c><c><![CDATA[en]]></c><c><![CDATA[The use of eval() is discouraged]]></c></r><r><c><![CDATA[metrique]]></c><c><![CDATA[lib]]></c><c><![CDATA[CS_SQUIZ_SNIFFS_PHP_EVALSNIFF]]></c><c><![CDATA[fr]]></c><c><![CDATA[Ne pas utiliser eval()]]></c></r><r><c><![CDATA[metrique]]></c><c><![CDATA[desc]]></c><c><![CDATA[CS_SQUIZ_SNIFFS_CLASSES_CLASSFILENAMESNIFF]]></c><c><![CDATA[en]]></c><c><![CDATA[Tests that the file name and the name of the class contained within the file match]]></c></r><r><c><![CDATA[metrique]]></c><c><![CDATA[desc]]></c><c><![CDATA[CS_SQUIZ_SNIFFS_CLASSES_CLASSFILENAMESNIFF]]></c><c><![CDATA[fr]]></c><c><![CDATA[Le nom du fichier et celui de la classe doivent concorder.]]></c></r><r><c><![CDATA[metrique]]></c><c><![CDATA[lib]]></c><c><![CDATA[CS_SQUIZ_SNIFFS_PHP_DISALLOWMULTIPLEASSIGNMENTSSNIFF]]></c><c><![CDATA[fr]]></c><c><![CDATA[Une seule assignation par ligne.]]></c></r><r><c><![CDATA[metrique]]></c><c><![CDATA[desc]]></c><c><![CDATA[CS_SQUIZ_SNIFFS_PHP_COMMENTEDOUTCODESNIFF]]></c><c><![CDATA[en]]></c><c><![CDATA[Warn about commented out code]]></c></r><r><c><![CDATA[metrique]]></c><c><![CDATA[desc]]></c><c><![CDATA[CS_SQUIZ_SNIFFS_PHP_COMMENTEDOUTCODESNIFF]]></c><c><![CDATA[fr]]></c><c><![CDATA[Eviter le code commenté]]></c></r><r><c><![CDATA[metrique]]></c><c><![CDATA[lib]]></c><c><![CDATA[CS_SQUIZ_SNIFFS_PHP_COMMENTEDOUTCODESNIFF]]></c><c><![CDATA[en]]></c><c><![CDATA[Warn about commented out code]]></c></r><r><c><![CDATA[metrique]]></c><c><![CDATA[lib]]></c><c><![CDATA[CS_SQUIZ_SNIFFS_PHP_COMMENTEDOUTCODESNIFF]]></c><c><![CDATA[fr]]></c><c><![CDATA[Eviter le code commenté]]></c></r><r><c><![CDATA[metrique]]></c><c><![CDATA[desc]]></c><c><![CDATA[CS_SQUIZ_SNIFFS_COMMENTING_EMPTYCATCHCOMMENTSNIFF]]></c><c><![CDATA[en]]></c><c><![CDATA[Checks for empty Catch clause. Catch clause must at least have comment]]></c></r><r><c><![CDATA[metrique]]></c><c><![CDATA[desc]]></c><c><![CDATA[CS_SQUIZ_SNIFFS_COMMENTING_EMPTYCATCHCOMMENTSNIFF]]></c><c><![CDATA[fr]]></c><c><![CDATA[Vérification des catches vides. Ils devraient avoir au moins un commentaire.]]></c></r><r><c><![CDATA[metrique]]></c><c><![CDATA[lib]]></c><c><![CDATA[CS_SQUIZ_SNIFFS_COMMENTING_EMPTYCATCHCOMMENTSNIFF]]></c><c><![CDATA[en]]></c><c><![CDATA[Checks for empty Catch clause. Catch clause must at least have comment]]></c></r><r><c><![CDATA[metrique]]></c><c><![CDATA[lib]]></c><c><![CDATA[CS_SQUIZ_SNIFFS_COMMENTING_EMPTYCATCHCOMMENTSNIFF]]></c><c><![CDATA[fr]]></c><c><![CDATA[Catches vides.]]></c></r><r><c><![CDATA[metrique]]></c><c><![CDATA[desc]]></c><c><![CDATA[CS_CAQS_SNIFFS_OBJECT_INSTANTIATION]]></c><c><![CDATA[en]]></c><c><![CDATA[error when a function fails to returns a new object by reference, or when a new object is assigned to a variable]]></c></r><r><c><![CDATA[metrique]]></c><c><![CDATA[desc]]></c><c><![CDATA[CS_CAQS_SNIFFS_OBJECT_INSTANTIATION]]></c><c><![CDATA[fr]]></c><c><![CDATA[Erreur lorsqu'une fonction échoue à retourner un nouvel objet par référence ou lorsqu'un nouvel objet est assigné à une variable]]></c></r><r><c><![CDATA[metrique]]></c><c><![CDATA[lib]]></c><c><![CDATA[CS_CAQS_SNIFFS_OBJECT_INSTANTIATION]]></c><c><![CDATA[en]]></c><c><![CDATA[error when a function fails to returns a new object by reference, or when a new object is assigned to a variable]]></c></r><r><c><![CDATA[metrique]]></c><c><![CDATA[lib]]></c><c><![CDATA[CS_CAQS_SNIFFS_OBJECT_INSTANTIATION]]></c><c><![CDATA[fr]]></c><c><![CDATA[Erreur lorsqu'une fonction échoue à retourner un nouvel objet par référence ou lorsqu'un nouvel objet est assigné à une variable]]></c></r><r><c><![CDATA[metrique]]></c><c><![CDATA[desc]]></c><c><![CDATA[CS_CAQS_SNIFFS_METRICS_CYCLOMATICCOMPLEXITYSNIFF]]></c><c><![CDATA[en]]></c><c><![CDATA[Measures the cyclomatic complexity for functions]]></c></r><r><c><![CDATA[metrique]]></c><c><![CDATA[desc]]></c><c><![CDATA[CS_CAQS_SNIFFS_METRICS_CYCLOMATICCOMPLEXITYSNIFF]]></c><c><![CDATA[fr]]></c><c><![CDATA[Complexité cyclomatique]]></c></r><r><c><![CDATA[metrique]]></c><c><![CDATA[lib]]></c><c><![CDATA[CS_CAQS_SNIFFS_METRICS_CYCLOMATICCOMPLEXITYSNIFF]]></c><c><![CDATA[en]]></c><c><![CDATA[Measures the cyclomatic complexity for functions]]></c></r><r><c><![CDATA[metrique]]></c><c><![CDATA[lib]]></c><c><![CDATA[CS_CAQS_SNIFFS_METRICS_CYCLOMATICCOMPLEXITYSNIFF]]></c><c><![CDATA[fr]]></c><c><![CDATA[Complexité cyclomatique]]></c></r><r><c><![CDATA[metrique]]></c><c><![CDATA[compl]]></c><c><![CDATA[CS_SQUIZ_SNIFFS_OPERATORS_VALIDLOGICALOPERATORSSNIFF]]></c><c><![CDATA[en]]></c><c><![CDATA[A la place de 'and', 'or' ou 'xor', utiliser respectivement '&&', '||' et '^'.]]></c></r><r><c><![CDATA[metrique]]></c><c><![CDATA[desc]]></c><c><![CDATA[CS_SQUIZ_SNIFFS_OPERATORS_VALIDLOGICALOPERATORSSNIFF]]></c><c><![CDATA[en]]></c><c><![CDATA[Checks to ensure that the logical operators 'and' and 'or' are not used instead of && and || operators]]></c></r><r><c><![CDATA[metrique]]></c><c><![CDATA[desc]]></c><c><![CDATA[CS_SQUIZ_SNIFFS_OPERATORS_VALIDLOGICALOPERATORSSNIFF]]></c><c><![CDATA[fr]]></c><c><![CDATA[Ne pas utiliser 'and', 'or' ou 'xor'.]]></c></r><r><c><![CDATA[metrique]]></c><c><![CDATA[lib]]></c><c><![CDATA[CS_SQUIZ_SNIFFS_OPERATORS_VALIDLOGICALOPERATORSSNIFF]]></c><c><![CDATA[en]]></c><c><![CDATA[Checks to ensure that the logical operators 'and' and 'or' are not used instead of && and || operators]]></c></r><r><c><![CDATA[metrique]]></c><c><![CDATA[lib]]></c><c><![CDATA[CS_SQUIZ_SNIFFS_OPERATORS_VALIDLOGICALOPERATORSSNIFF]]></c><c><![CDATA[fr]]></c><c><![CDATA[Ne pas utiliser 'and' et 'or' à la place de && et de ||]]></c></r><r><c><![CDATA[metrique]]></c><c><![CDATA[desc]]></c><c><![CDATA[CS_SQUIZ_SNIFFS_OBJECTS_OBJECTINSTANTIATIONSNIFF]]></c><c><![CDATA[en]]></c><c><![CDATA[Ensures objects are assigned to a variable when instantiated]]></c></r><r><c><![CDATA[metrique]]></c><c><![CDATA[desc]]></c><c><![CDATA[CS_SQUIZ_SNIFFS_OBJECTS_OBJECTINSTANTIATIONSNIFF]]></c><c><![CDATA[fr]]></c><c><![CDATA[Les objets doivent être assignés à une variable quand ils sont instanciés]]></c></r><r><c><![CDATA[metrique]]></c><c><![CDATA[lib]]></c><c><![CDATA[CS_SQUIZ_SNIFFS_OBJECTS_OBJECTINSTANTIATIONSNIFF]]></c><c><![CDATA[en]]></c><c><![CDATA[Ensures objects are assigned to a variable when instantiated]]></c></r><r><c><![CDATA[metrique]]></c><c><![CDATA[lib]]></c><c><![CDATA[CS_SQUIZ_SNIFFS_OBJECTS_OBJECTINSTANTIATIONSNIFF]]></c><c><![CDATA[fr]]></c><c><![CDATA[Les objets doivent être assignés à une variable quand ils sont instanciés]]></c></r><r><c><![CDATA[metrique]]></c><c><![CDATA[desc]]></c><c><![CDATA[CS_SQUIZ_SNIFFS_FUNCTIONS_FUNCTIONDUPLICATEARGUMENTSNIFF]]></c><c><![CDATA[en]]></c><c><![CDATA[Checks that duplicate arguments are not used in function declarations]]></c></r><r><c><![CDATA[metrique]]></c><c><![CDATA[desc]]></c><c><![CDATA[CS_SQUIZ_SNIFFS_FUNCTIONS_FUNCTIONDUPLICATEARGUMENTSNIFF]]></c><c><![CDATA[fr]]></c><c><![CDATA[Vérification des arguments dupliqués dans les déclarations de fonctions]]></c></r><r><c><![CDATA[metrique]]></c><c><![CDATA[lib]]></c><c><![CDATA[CS_SQUIZ_SNIFFS_FUNCTIONS_FUNCTIONDUPLICATEARGUMENTSNIFF]]></c><c><![CDATA[en]]></c><c><![CDATA[Checks that duplicate arguments are not used in function declarations]]></c></r><r><c><![CDATA[metrique]]></c><c><![CDATA[lib]]></c><c><![CDATA[CS_SQUIZ_SNIFFS_FUNCTIONS_FUNCTIONDUPLICATEARGUMENTSNIFF]]></c><c><![CDATA[fr]]></c><c><![CDATA[Vérification des arguments dupliqués dans les déclarations de fonctions]]></c></r><r><c><![CDATA[metrique]]></c><c><![CDATA[desc]]></c><c><![CDATA[CS_SQUIZ_SNIFFS_FILES_FILEEXTENSIONSNIFF]]></c><c><![CDATA[en]]></c><c><![CDATA[Checks correct use of .inc versus .php file extension]]></c></r><r><c><![CDATA[metrique]]></c><c><![CDATA[desc]]></c><c><![CDATA[CS_SQUIZ_SNIFFS_FILES_FILEEXTENSIONSNIFF]]></c><c><![CDATA[fr]]></c><c><![CDATA[Vérification de l'utilisation de l'extension .inc]]></c></r><r><c><![CDATA[metrique]]></c><c><![CDATA[lib]]></c><c><![CDATA[CS_SQUIZ_SNIFFS_FILES_FILEEXTENSIONSNIFF]]></c><c><![CDATA[en]]></c><c><![CDATA[Checks correct use of .inc versus .php file extension]]></c></r><r><c><![CDATA[metrique]]></c><c><![CDATA[lib]]></c><c><![CDATA[CS_SQUIZ_SNIFFS_FILES_FILEEXTENSIONSNIFF]]></c><c><![CDATA[fr]]></c><c><![CDATA[Vérification de l'utilisation de l'extension .inc]]></c></r><r><c><![CDATA[metrique]]></c><c><![CDATA[compl]]></c><c><![CDATA[CS_SQUIZ_SNIFFS_CONTROLSTRUCTURES_INLINECONTROLSTRUCTURESNIFF]]></c><c><![CDATA[fr]]></c><c><![CDATA[Toujours utiliser les accolades pour définir les blocs if, else, foreach, while, do, switch et for.]]></c></r><r><c><![CDATA[metrique]]></c><c><![CDATA[desc]]></c><c><![CDATA[CS_SQUIZ_SNIFFS_CONTROLSTRUCTURES_INLINECONTROLSTRUCTURESNIFF]]></c><c><![CDATA[en]]></c><c><![CDATA[Verifies that inline control statements are not present]]></c></r><r><c><![CDATA[metrique]]></c><c><![CDATA[desc]]></c><c><![CDATA[CS_SQUIZ_SNIFFS_CONTROLSTRUCTURES_INLINECONTROLSTRUCTURESNIFF]]></c><c><![CDATA[fr]]></c><c><![CDATA[Eviter les opérateurs de contrôle sans utilisation d'accolade.]]></c></r><r><c><![CDATA[metrique]]></c><c><![CDATA[lib]]></c><c><![CDATA[CS_SQUIZ_SNIFFS_CONTROLSTRUCTURES_INLINECONTROLSTRUCTURESNIFF]]></c><c><![CDATA[en]]></c><c><![CDATA[Verifies that inline control statements are not present]]></c></r><r><c><![CDATA[metrique]]></c><c><![CDATA[lib]]></c><c><![CDATA[CS_SQUIZ_SNIFFS_CONTROLSTRUCTURES_INLINECONTROLSTRUCTURESNIFF]]></c><c><![CDATA[fr]]></c><c><![CDATA[Eviter les opérateurs de contrôle sans utilisation d'accolade.]]></c></r><r><c><![CDATA[metrique]]></c><c><![CDATA[compl]]></c><c><![CDATA[CS_CAQS_SNIFFS_METRICS_CYCLOMATICCOMPLEXITYSNIFF]]></c><c><![CDATA[fr]]></c><c><![CDATA[La complexité cyclomatique (aussi appelée métrique McCabe) indique la complexité dans une fonctionen comptant les différents chemins au sein de la fonction.]]></c></r><r><c><![CDATA[metrique]]></c><c><![CDATA[desc]]></c><c><![CDATA[CS_CAQS_SNIFFS_METRICS_CYCLOMATICCOMPLEXITYSNIFF]]></c><c><![CDATA[es]]></c><c><![CDATA[CS_CAQS_SNIFFS_METRICS_CYCLOMATICCOMPLEXITYSNIFF]]></c></r><r><c><![CDATA[metrique]]></c><c><![CDATA[lib]]></c><c><![CDATA[CS_CAQS_SNIFFS_METRICS_CYCLOMATICCOMPLEXITYSNIFF]]></c><c><![CDATA[es]]></c><c><![CDATA[CS_CAQS_SNIFFS_METRICS_CYCLOMATICCOMPLEXITYSNIFF]]></c></r><r><c><![CDATA[metrique]]></c><c><![CDATA[compl]]></c><c><![CDATA[CS_CAQS_SNIFFS_METRICS_CYCLOMATICCOMPLEXITYSNIFF]]></c><c><![CDATA[en]]></c><c><![CDATA[The cyclomatic complexity (also called McCabe code metrics) indicates the complexity within a function by counting the different paths the function includes.]]></c></r><r><c><![CDATA[metrique]]></c><c><![CDATA[compl]]></c><c><![CDATA[CS_SQUIZ_SNIFFS_OPERATORS_VALIDLOGICALOPERATORSSNIFF]]></c><c><![CDATA[fr]]></c><c><![CDATA[Instead of 'and', 'or' or 'xor', use '&&', '||' and '^'.]]></c></r><r><c><![CDATA[metrique]]></c><c><![CDATA[compl]]></c><c><![CDATA[CS_SQUIZ_SNIFFS_CONTROLSTRUCTURES_ELSEIFDECLARATIONSNIFF]]></c><c><![CDATA[fr]]></c><c><![CDATA[Utiliser 'else if' à la place.]]></c></r><r><c><![CDATA[metrique]]></c><c><![CDATA[compl]]></c><c><![CDATA[CS_PEAR_SNIFFS_CLASSES_CLASSDECLARATIONSNIFF]]></c><c><![CDATA[fr]]></c><c><![CDATA[L'accolade ouvrante de la classe doit se trouver sur la même ligne que la déclaration de la classe, sans espace séparateur.]]></c></r><r><c><![CDATA[metrique]]></c><c><![CDATA[compl]]></c><c><![CDATA[CS_GENERIC_SNIFFS_PHP_FORBIDDENFUNCTIONSSNIFF]]></c><c><![CDATA[fr]]></c><c><![CDATA[La fonction 'count' doit être utilisée à la place de 'sizeof'. La fonction 'unset' doit être utilisée à la place de 'delete'.]]></c></r></e>