<?xml version="1.0" encoding="UTF-8"?>
<METHOD>
  <USAGE id="PHP_Renault">
    <CRITDEF id="PHP_LINE_LENGTH" telt="EA">
      <AGGREG id="AVG" telt="ALL" />
      <COSTFORMULA>
        <VAL value="0.1" type="NUMERIC" />
      </COSTFORMULA>
      <FORMULA value="1">
        <OP id="gt" type="BOOLEAN">
          <VAR id="CS_GENERIC_SNIFFS_FILES_LINELENGTHSNIFF" type="NUMERIC" />
          <VAL value="100" type="NUMERIC" />
        </OP>
      </FORMULA>
      <FORMULA value="2">
        <OP id="AND" type="BOOLEAN">
          <OP id="ge" type="BOOLEAN">
            <VAR id="CS_GENERIC_SNIFFS_FILES_LINELENGTHSNIFF" type="NUMERIC" />
            <VAL value="80" type="NUMERIC" />
          </OP>
          <OP id="lt" type="BOOLEAN">
            <VAR id="CS_GENERIC_SNIFFS_FILES_LINELENGTHSNIFF" type="NUMERIC" />
            <VAL value="100" type="NUMERIC" />
          </OP>
        </OP>
      </FORMULA>
      <FORMULA value="4">
        <VAL value="true" type="BOOLEAN" />
      </FORMULA>
    </CRITDEF>
    <CRITDEF id="PHP_NAMING_RULES" telt="EA">
      <AGGREG id="AVG" telt="ALL" />
      <COSTFORMULA>
        <VAL value="0.1" type="NUMERIC" />
      </COSTFORMULA>
      <FORMULA value="1">
        <OP id="gt" type="BOOLEAN">
          <VAR id="CS_SQUIZ_SNIFFS_NAMINGCONVENTIONS_VALIDVARIABLENAMESNIFF" type="NUMERIC" />
          <VAL value="0" type="NUMERIC" />
        </OP>
      </FORMULA>
      <FORMULA value="1">
        <OP id="gt" type="BOOLEAN">
          <VAR id="CS_GENERIC_SNIFFS_NAMINGCONVENTIONS_UPPERCASECONSTANTNAMESNIFF" type="NUMERIC" />
          <VAL value="0" type="NUMERIC" />
        </OP>
      </FORMULA>
      <FORMULA value="4">
        <VAL value="true" type="BOOLEAN" />
      </FORMULA>
    </CRITDEF>
    <CRITDEF id="PHP_SHORTHAND_TAG" telt="EA">
      <AGGREG id="AVG" telt="ALL" />
      <COSTFORMULA>
        <VAL value="0.1" type="NUMERIC" />
      </COSTFORMULA>
      <FORMULA value="1">
        <OP id="gt" type="BOOLEAN">
          <VAR id="CS_GENERIC_SNIFFS_PHP_DISALLOWSHORTOPENTAGSNIFF" type="NUMERIC" />
          <VAL value="0" type="NUMERIC" />
        </OP>
      </FORMULA>
      <FORMULA value="4">
        <VAL value="true" type="BOOLEAN" />
      </FORMULA>
    </CRITDEF>
    <CRITDEF id="PHP_FORBIDDEN_FUNCTION" telt="EA">
      <AGGREG id="AVG" telt="ALL" />
      <COSTFORMULA>
        <VAL value=".25" type="NUMERIC" />
      </COSTFORMULA>
      <FORMULA value="1">
        <OP id="gt" type="BOOLEAN">
          <VAR id="CS_GENERIC_SNIFFS_PHP_FORBIDDENFUNCTIONSSNIFF" type="NUMERIC" />
          <VAL value="0" type="NUMERIC" />
        </OP>
      </FORMULA>
      <FORMULA value="4">
        <VAL value="true" type="BOOLEAN" />
      </FORMULA>
    </CRITDEF>
    <CRITDEF id="PHP_INCLUDE_RULES" telt="EA">
      <AGGREG id="AVG" telt="ALL" />
      <COSTFORMULA>
        <VAL value="0.1" type="NUMERIC" />
      </COSTFORMULA>
      <FORMULA value="1">
        <OP id="gt" type="BOOLEAN">
          <VAR id="CS_MYSOURCE_SNIFFS_CHANNELS_INCLUDESYSTEMSNIFF" type="NUMERIC" />
          <VAL value="0" type="NUMERIC" />
        </OP>
      </FORMULA>
      <FORMULA value="1">
        <OP id="gt" type="BOOLEAN">
          <VAR id="CS_PEAR_SNIFFS_FILES_INCLUDINGFILESNIFF" type="NUMERIC" />
          <VAL value="0" type="NUMERIC" />
        </OP>
      </FORMULA>
      <FORMULA value="1">
        <OP id="gt" type="BOOLEAN">
          <VAR id="CS_SQUIZ_SNIFFS_FILES_FILEEXTENSIONSNIFF" type="NUMERIC" />
          <VAL value="0" type="NUMERIC" />
        </OP>
      </FORMULA>
      <FORMULA value="4">
        <VAL value="true" type="BOOLEAN" />
      </FORMULA>
    </CRITDEF>
    <CRITDEF id="PHP_EVAL_USE" telt="EA">
      <COSTFORMULA>
        <VAL value="0.25" type="NUMERIC" />
      </COSTFORMULA>
      <FORMULA value="1">
        <OP id="gt" type="BOOLEAN">
          <VAR id="CS_SQUIZ_SNIFFS_PHP_EVALSNIFF" type="NUMERIC" />
          <VAL value="0" type="NUMERIC" />
        </OP>
      </FORMULA>
      <FORMULA value="4">
        <VAL value="true" type="BOOLEAN" />
      </FORMULA>
      <AGGREG id="EXCLUS" telt="ALL">
        <PARAM id="VALUE_EXCLUS" value="1" type="NUMERIC" />
        <PARAM id="DEFAULT" value="4" type="NUMERIC" />
      </AGGREG>
    </CRITDEF>
    <CRITDEF id="PHP_RETURN_VALUES_DIRECTLY" telt="EA">
      <AGGREG id="AVG" telt="ALL" />
      <COSTFORMULA>
        <VAL value="0.1" type="NUMERIC" />
      </COSTFORMULA>
      <FORMULA value="1">
        <OP id="gt" type="BOOLEAN">
          <VAR id="CS_MYSOURCE_SNIFFS_PHP_RETURNFUNCTIONVALUESNIFF" type="NUMERIC" />
          <VAL value="0" type="NUMERIC" />
        </OP>
      </FORMULA>
      <FORMULA value="4">
        <VAL value="true" type="BOOLEAN" />
      </FORMULA>
    </CRITDEF>
    <CRITDEF id="PHP_CLASS_DECLARATION" telt="EA">
      <AGGREG id="AVG" telt="ALL" />
      <COSTFORMULA>
        <VAL value="0.25" type="NUMERIC" />
      </COSTFORMULA>
      <FORMULA value="1">
        <OP id="gt" type="BOOLEAN">
          <VAR id="CS_PEAR_SNIFFS_CLASSES_CLASSDECLARATIONSNIFF" type="NUMERIC" />
          <VAL value="0" type="NUMERIC" />
        </OP>
      </FORMULA>
      <FORMULA value="4">
        <VAL value="true" type="BOOLEAN" />
      </FORMULA>
    </CRITDEF>
    <CRITDEF id="PHP_DEFAULT_PARAM_VALUE" telt="EA">
      <AGGREG id="AVG" telt="ALL" />
      <COSTFORMULA>
        <VAL value="0.1" type="NUMERIC" />
      </COSTFORMULA>
      <FORMULA value="1">
        <OP id="gt" type="BOOLEAN">
          <VAR id="CS_PEAR_SNIFFS_FUNCTIONS_VALIDDEFAULTVALUESNIFF" type="NUMERIC" />
          <VAL value="0" type="NUMERIC" />
        </OP>
      </FORMULA>
      <FORMULA value="4">
        <VAL value="true" type="BOOLEAN" />
      </FORMULA>
    </CRITDEF>
    <CRITDEF id="PHP_CLASS_DEC_INHERITANCE" telt="EA">
      <AGGREG id="AVG" telt="ALL" />
      <COSTFORMULA>
        <VAL value="0.25" type="NUMERIC" />
      </COSTFORMULA>
      <FORMULA value="1">
        <OP id="gt" type="BOOLEAN">
          <VAR id="CS_SQUIZ_SNIFFS_CLASSES_CLASSDECLARATIONSNIFF" type="NUMERIC" />
          <VAL value="0" type="NUMERIC" />
        </OP>
      </FORMULA>
      <FORMULA value="4">
        <VAL value="true" type="BOOLEAN" />
      </FORMULA>
    </CRITDEF>
    <CRITDEF id="PHP_SELF_REFERENCE" telt="EA">
      <AGGREG id="AVG" telt="ALL" />
      <COSTFORMULA>
        <VAL value="0.1" type="NUMERIC" />
      </COSTFORMULA>
      <FORMULA value="1">
        <OP id="gt" type="BOOLEAN">
          <VAR id="CS_SQUIZ_SNIFFS_CLASSES_SELFMEMBERREFERENCESNIFF" type="NUMERIC" />
          <VAL value="0" type="NUMERIC" />
        </OP>
      </FORMULA>
      <FORMULA value="4">
        <VAL value="true" type="BOOLEAN" />
      </FORMULA>
    </CRITDEF>
    <CRITDEF id="PHP_EMPTY_CATCH" telt="EA">
      <AGGREG id="EXCLUS" telt="ALL">
        <PARAM id="DEFAULT" value="4" type="NUMERIC" />
        <PARAM id="VALUE_EXCLUS" value="1" type="NUMERIC" />
      </AGGREG>
      <COSTFORMULA>
        <VAL value="0.1" type="NUMERIC" />
      </COSTFORMULA>
      <FORMULA value="1">
        <OP id="gt" type="BOOLEAN">
          <VAR id="CS_SQUIZ_SNIFFS_COMMENTING_EMPTYCATCHCOMMENTSNIFF" type="NUMERIC" />
          <VAL value="0" type="NUMERIC" />
        </OP>
      </FORMULA>
      <FORMULA value="4">
        <VAL value="true" type="BOOLEAN" />
      </FORMULA>
    </CRITDEF>
    <CRITDEF id="PHP_THROWS_TAG" telt="EA">
      <COSTFORMULA>
        <VAL value="0.25" type="NUMERIC" />
      </COSTFORMULA>
      <FORMULA value="1">
        <OP id="gt" type="BOOLEAN">
          <VAR id="CS_SQUIZ_SNIFFS_COMMENTING_FUNCTIONCOMMENTTHROWTAGSNIFF" type="NUMERIC" />
          <VAL value="0" type="NUMERIC" />
        </OP>
      </FORMULA>
      <FORMULA value="4">
        <VAL value="true" type="BOOLEAN" />
      </FORMULA>
      <AGGREG id="EXCLUS" telt="ALL">
        <PARAM id="VALUE_EXCLUS" value="1" type="NUMERIC" />
        <PARAM id="DEFAULT" value="4" type="NUMERIC" />
      </AGGREG>
    </CRITDEF>
    <CRITDEF id="PHP_NO_ELSEIF" telt="EA">
      <FORMULA value="1">
        <OP id="gt" type="BOOLEAN">
          <VAR type="NUMERIC" id="CS_SQUIZ_SNIFFS_CONTROLSTRUCTURES_ELSEIFDECLARATIONSNIFF" />
          <VAL type="NUMERIC" value="0" />
        </OP>
      </FORMULA>
      <FORMULA value="4">
        <VAL value="true" type="BOOLEAN" />
      </FORMULA>
      <AGGREG id="AVG" telt="ALL" />
    </CRITDEF>
    <CRITDEF id="PHP_NO_INLINE" telt="EA">
      <AGGREG id="AVG" telt="ALL" />
      <COSTFORMULA>
        <VAL value="0.1" type="NUMERIC" />
      </COSTFORMULA>
      <FORMULA value="1">
        <OP id="gt" type="BOOLEAN">
          <VAR id="CS_SQUIZ_SNIFFS_CONTROLSTRUCTURES_INLINECONTROLSTRUCTURESNIFF" type="NUMERIC" />
          <VAL value="0" type="NUMERIC" />
        </OP>
      </FORMULA>
      <FORMULA value="4">
        <VAL value="true" type="BOOLEAN" />
      </FORMULA>
    </CRITDEF>
    <CRITDEF id="PHP_SWITCH_RULES" telt="EA">
      <AGGREG id="AVG" telt="ALL" />
      <COSTFORMULA>
        <VAL value="0.1" type="NUMERIC" />
      </COSTFORMULA>
      <FORMULA value="1">
        <OP id="gt" type="BOOLEAN">
          <VAR id="CS_SQUIZ_SNIFFS_CONTROLSTRUCTURES_SWITCHDECLARATIONSNIFF" type="NUMERIC" />
          <VAL value="0" type="NUMERIC" />
        </OP>
      </FORMULA>
      <FORMULA value="4">
        <VAL value="true" type="BOOLEAN" />
      </FORMULA>
    </CRITDEF>
    <CRITDEF id="PHP_INDENTATION" telt="EA">
      <AGGREG id="AVG" telt="ALL" />
      <COSTFORMULA>
        <VAL value="0.1" type="NUMERIC" />
      </COSTFORMULA>
      <FORMULA value="2">
        <OP id="gt" type="BOOLEAN">
          <VAR id="CS_SQUIZ_SNIFFS_FORMATTING_OUTPUTBUFFERINGINDENTSNIFF" type="NUMERIC" />
          <VAL value="0" type="NUMERIC" />
        </OP>
      </FORMULA>
      <FORMULA value="2">
        <OP id="gt" type="BOOLEAN">
          <VAR id="CS_SQUIZ_SNIFFS_PHP_EMBEDDEDPHPSNIFF" type="NUMERIC" />
          <VAL value="0" type="NUMERIC" />
        </OP>
      </FORMULA>
      <FORMULA value="4">
        <VAL value="true" type="BOOLEAN" />
      </FORMULA>
    </CRITDEF>
    <CRITDEF id="PHP_DUPLICATE_ARGUMENTS" telt="EA">
      <COSTFORMULA>
        <VAL value="0.1" type="NUMERIC" />
      </COSTFORMULA>
      <FORMULA value="1">
        <OP id="gt" type="BOOLEAN">
          <VAR id="CS_SQUIZ_SNIFFS_FUNCTIONS_FUNCTIONDUPLICATEARGUMENTSNIFF" type="NUMERIC" />
          <VAL value="0" type="NUMERIC" />
        </OP>
      </FORMULA>
      <FORMULA value="4">
        <VAL value="true" type="BOOLEAN" />
      </FORMULA>
      <AGGREG id="AVG" telt="ALL" />
    </CRITDEF>
    <CRITDEF id="PHP_FUNCTION_DECLARATION_RULES" telt="EA">
      <COSTFORMULA>
        <VAL value="0.1" type="NUMERIC" />
      </COSTFORMULA>
      <FORMULA value="1">
        <OP id="gt" type="BOOLEAN">
          <VAR id="CS_SQUIZ_SNIFFS_FUNCTIONS_GLOBALFUNCTIONSNIFF" type="NUMERIC" />
          <VAL value="0" type="NUMERIC" />
        </OP>
      </FORMULA>
      <FORMULA value="1">
        <OP id="gt" type="BOOLEAN">
          <VAR id="CS_SQUIZ_SNIFFS_PHP_INNERFUNCTIONSSNIFF" type="NUMERIC" />
          <VAL value="0" type="NUMERIC" />
        </OP>
      </FORMULA>
      <FORMULA value="4">
        <VAL value="true" type="BOOLEAN" />
      </FORMULA>
      <AGGREG id="AVG" telt="ALL" />
    </CRITDEF>
    <CRITDEF id="PHP_OBJECT_ASSIGNATION" telt="EA">
      <AGGREG id="AVG" telt="ALL" />
      <COSTFORMULA>
        <VAL value="0.1" type="NUMERIC" />
      </COSTFORMULA>
      <FORMULA value="1">
        <OP id="gt" type="BOOLEAN">
          <VAR id="CS_SQUIZ_SNIFFS_OBJECTS_OBJECTINSTANTIATIONSNIFF" type="NUMERIC" />
          <VAL value="0" type="NUMERIC" />
        </OP>
      </FORMULA>
      <FORMULA value="4">
        <VAL value="true" type="BOOLEAN" />
      </FORMULA>
    </CRITDEF>
    <CRITDEF id="PHP_SHORTHAND_OPERATOR" telt="EA">
      <AGGREG id="AVG" telt="ALL" />
      <COSTFORMULA>
        <VAL value="0.1" type="NUMERIC" />
      </COSTFORMULA>
      <FORMULA value="1">
        <OP id="gt" type="BOOLEAN">
          <VAR id="CS_SQUIZ_SNIFFS_OPERATORS_INCREMENTDECREMENTUSAGESNIFF" type="NUMERIC" />
          <VAL value="0" type="NUMERIC" />
        </OP>
      </FORMULA>
      <FORMULA value="4">
        <VAL value="true" type="BOOLEAN" />
      </FORMULA>
    </CRITDEF>
    <CRITDEF id="PHP_VALID_LOGICAL_OPERATOR" telt="EA">
      <AGGREG id="AVG" telt="ALL" />
      <COSTFORMULA>
        <VAL value="0.1" type="NUMERIC" />
      </COSTFORMULA>
      <FORMULA value="1">
        <OP id="gt" type="BOOLEAN">
          <VAR id="CS_SQUIZ_SNIFFS_OPERATORS_VALIDLOGICALOPERATORSSNIFF" type="NUMERIC" />
          <VAL value="0" type="NUMERIC" />
        </OP>
      </FORMULA>
      <FORMULA value="4">
        <VAL value="true" type="BOOLEAN" />
      </FORMULA>
    </CRITDEF>
    <CRITDEF id="PHP_COMMENTED_CODE" telt="EA">
      <AGGREG id="AVG" telt="ALL" />
      <COSTFORMULA>
        <VAL value="0.1" type="NUMERIC" />
      </COSTFORMULA>
      <FORMULA value="2">
        <OP id="gt" type="BOOLEAN">
          <VAR id="CS_SQUIZ_SNIFFS_PHP_COMMENTEDOUTCODESNIFF" type="NUMERIC" />
          <VAL value="0" type="NUMERIC" />
        </OP>
      </FORMULA>
      <FORMULA value="4">
        <VAL value="true" type="BOOLEAN" />
      </FORMULA>
    </CRITDEF>
    <CRITDEF id="PHP_ONE_ASSIGNMENT" telt="EA">
      <FORMULA value="1">
        <OP id="gt" type="BOOLEAN">
          <VAR type="NUMERIC" id="CS_SQUIZ_SNIFFS_PHP_DISALLOWMULTIPLEASSIGNMENTSSNIFF" />
          <VAL type="NUMERIC" value="0" />
        </OP>
      </FORMULA>
      <FORMULA value="4">
        <VAL value="true" type="BOOLEAN" />
      </FORMULA>
      <AGGREG id="AVG" telt="ALL" />
    </CRITDEF>
    <CRITDEF id="PHP_NO_GLOBAL" telt="EA">
      <AGGREG id="EXCLUS" telt="ALL">
        <PARAM id="DEFAULT" value="4" type="NUMERIC" />
        <PARAM id="VALUE_EXCLUS" value="1" type="NUMERIC" />
      </AGGREG>
      <COSTFORMULA>
        <VAL value="1" type="NUMERIC" />
      </COSTFORMULA>
      <FORMULA value="1">
        <OP id="gt" type="BOOLEAN">
          <VAR id="CS_SQUIZ_SNIFFS_PHP_GLOBALKEYWORDSNIFF" type="NUMERIC" />
          <VAL value="0" type="NUMERIC" />
        </OP>
      </FORMULA>
      <FORMULA value="4">
        <VAL value="true" type="BOOLEAN" />
      </FORMULA>
    </CRITDEF>
    <CRITDEF id="PHP_NO_HEREDOC" telt="EA">
      <COSTFORMULA>
        <VAL value="0.1" type="NUMERIC" />
      </COSTFORMULA>
      <FORMULA value="1">
        <OP id="gt" type="BOOLEAN">
          <VAR id="CS_SQUIZ_SNIFFS_PHP_HEREDOCSNIFF" type="NUMERIC" />
          <VAL value="0" type="NUMERIC" />
        </OP>
      </FORMULA>
      <FORMULA value="4">
        <VAL value="true" type="BOOLEAN" />
      </FORMULA>
      <AGGREG id="AVG" telt="ALL" />
    </CRITDEF>
    <CRITDEF id="PHP_NO_DEAD_CODE" telt="EA">
      <AGGREG id="AVG" telt="ALL" />
      <COSTFORMULA>
        <VAL value="0.5" type="NUMERIC" />
      </COSTFORMULA>
      <FORMULA value="2">
        <OP id="gt" type="BOOLEAN">
          <VAR id="CS_SQUIZ_SNIFFS_PHP_NONEXECUTABLECODESNIFF" type="NUMERIC" />
          <VAL value="0" type="NUMERIC" />
        </OP>
      </FORMULA>
      <FORMULA value="4">
        <VAL value="true" type="BOOLEAN" />
      </FORMULA>
    </CRITDEF>
    <CRITDEF id="PHP_DEFINE_SCOPE" telt="EA">
      <COSTFORMULA>
        <VAL value="0.1" type="NUMERIC" />
      </COSTFORMULA>
      <FORMULA value="1">
        <OP id="gt" type="BOOLEAN">
          <VAR id="CS_SQUIZ_SNIFFS_SCOPE_MEMBERVARSCOPESNIFF" type="NUMERIC" />
          <VAL value="0" type="NUMERIC" />
        </OP>
      </FORMULA>
      <FORMULA value="1">
        <OP id="gt" type="BOOLEAN">
          <VAR id="CS_SQUIZ_SNIFFS_SCOPE_METHODSCOPESNIFF" type="NUMERIC" />
          <VAL value="0" type="NUMERIC" />
        </OP>
      </FORMULA>
      <FORMULA value="4">
        <VAL value="true" type="BOOLEAN" />
      </FORMULA>
      <AGGREG id="AVG" telt="ALL" />
    </CRITDEF>
    <CRITDEF id="PHP_NO_THIS_IN_STATIC" telt="EA">
      <AGGREG id="EXCLUS" telt="ALL">
        <PARAM id="DEFAULT" value="4" type="NUMERIC" />
        <PARAM id="VALUE_EXCLUS" value="1" type="NUMERIC" />
      </AGGREG>
      <COSTFORMULA>
        <VAL value="0.1" type="NUMERIC" />
      </COSTFORMULA>
      <FORMULA value="1">
        <OP id="gt" type="BOOLEAN">
          <VAR id="CS_SQUIZ_SNIFFS_SCOPE_STATICTHISUSAGESNIFF" type="NUMERIC" />
          <VAL value="0" type="NUMERIC" />
        </OP>
      </FORMULA>
      <FORMULA value="4">
        <VAL value="true" type="BOOLEAN" />
      </FORMULA>
    </CRITDEF>
    <CRITDEF id="PHP_COMPREHENSION" telt="EA">
      <AGGREG id="AVG" telt="ALL" />
      <COSTFORMULA>
        <VAL value="0.1" type="NUMERIC" />
      </COSTFORMULA>
      <FORMULA value="3">
        <OP id="AND" type="BOOLEAN">
          <OP id="eq" type="BOOLEAN">
            <VAR id="CS_CAQS_SNIFFS_METRICS_COMMENTLINECOUNTSNIFF" type="NUMERIC" />
            <VAL value="0" type="NUMERIC" />
          </OP>
          <OP id="lt" type="BOOLEAN">
            <VAR id="CS_CAQS_SNIFFS_METRICS_CODELINECOUNTSNIFF" type="NUMERIC" />
            <VAL value="8" type="NUMERIC" />
          </OP>
        </OP>
      </FORMULA>
      <FORMULA value="1">
        <OP id="AND" type="BOOLEAN">
          <OP id="eq" type="BOOLEAN">
            <VAR id="CS_CAQS_SNIFFS_METRICS_COMMENTLINECOUNTSNIFF" type="NUMERIC" />
            <VAL value="0" type="NUMERIC" />
          </OP>
          <OP id="gt" type="BOOLEAN">
            <VAR id="CS_CAQS_SNIFFS_METRICS_CODELINECOUNTSNIFF" type="NUMERIC" />
            <VAL value="7" type="NUMERIC" />
          </OP>
        </OP>
      </FORMULA>
      <FORMULA value="2">
        <OP id="OR" type="BOOLEAN">
          <OP id="AND" type="BOOLEAN">
            <OP id="lt" type="BOOLEAN">
              <VAR id="CS_CAQS_SNIFFS_METRICS_CYCLOMATICCOMPLEXITYSNIFF" type="NUMERIC" />
              <VAL value="10" type="NUMERIC" />
            </OP>
            <OP id="lt" type="BOOLEAN">
              <VAR id="CS_CAQS_SNIFFS_METRICS_COMMENTLINECOUNTSNIFF" type="NUMERIC" />
              <OP id="*" type="NUMERIC">
                <VAR id="CS_CAQS_SNIFFS_METRICS_CODELINECOUNTSNIFF" type="NUMERIC" />
                <VAL value="0.2" type="NUMERIC" />
              </OP>
            </OP>
          </OP>
          <OP id="AND" type="BOOLEAN">
            <OP id="gt" type="BOOLEAN">
              <VAR id="CS_CAQS_SNIFFS_METRICS_CYCLOMATICCOMPLEXITYSNIFF" type="NUMERIC" />
              <VAL value="10" type="NUMERIC" />
            </OP>
            <OP id="lt" type="BOOLEAN">
              <VAR id="CS_CAQS_SNIFFS_METRICS_COMMENTLINECOUNTSNIFF" type="NUMERIC" />
              <OP id="*" type="NUMERIC">
                <VAR id="CS_CAQS_SNIFFS_METRICS_CODELINECOUNTSNIFF" type="NUMERIC" />
                <VAL value="0.3" type="NUMERIC" />
              </OP>
            </OP>
          </OP>
        </OP>
      </FORMULA>
      <FORMULA value="3">
        <OP id="AND" type="BOOLEAN">
          <OP id="lt" type="BOOLEAN">
            <VAR id="CS_CAQS_SNIFFS_METRICS_CYCLOMATICCOMPLEXITYSNIFF" type="NUMERIC" />
            <VAL value="10" type="NUMERIC" />
          </OP>
          <OP id="lt" type="BOOLEAN">
            <VAR id="CS_CAQS_SNIFFS_METRICS_COMMENTLINECOUNTSNIFF" type="NUMERIC" />
            <OP id="*" type="NUMERIC">
              <VAL value="0.3" type="NUMERIC" />
              <VAR id="CS_CAQS_SNIFFS_METRICS_CODELINECOUNTSNIFF" type="NUMERIC" />
            </OP>
          </OP>
        </OP>
      </FORMULA>
      <FORMULA value="4">
        <OP id="OR" type="BOOLEAN">
          <OP id="lt" type="BOOLEAN">
            <VAR id="CS_CAQS_SNIFFS_METRICS_CYCLOMATICCOMPLEXITYSNIFF" type="NUMERIC" />
            <VAL value="10" type="NUMERIC" />
          </OP>
          <OP id="AND" type="BOOLEAN">
            <OP id="gt" type="BOOLEAN">
              <VAR id="CS_CAQS_SNIFFS_METRICS_CYCLOMATICCOMPLEXITYSNIFF" type="NUMERIC" />
              <VAL value="10" type="NUMERIC" />
            </OP>
            <OP id="gt" type="BOOLEAN">
              <VAR id="CS_CAQS_SNIFFS_METRICS_COMMENTLINECOUNTSNIFF" type="NUMERIC" />
              <OP id="*" type="NUMERIC">
                <OP id="+" type="NUMERIC">
                  <VAL value="0.3" type="NUMERIC" />
                  <OP id="/" type="NUMERIC">
                    <OP id="-" type="NUMERIC">
                      <VAR id="CS_CAQS_SNIFFS_METRICS_CYCLOMATICCOMPLEXITYSNIFF" type="NUMERIC" />
                      <VAL value="10" type="NUMERIC" />
                    </OP>
                    <VAL value="100" type="NUMERIC" />
                  </OP>
                </OP>
                <VAR id="CS_CAQS_SNIFFS_METRICS_CODELINECOUNTSNIFF" type="NUMERIC" />
              </OP>
            </OP>
          </OP>
        </OP>
      </FORMULA>
    </CRITDEF>
    <CRITDEF id="PHP_CYCLOMATIC" telt="EA">
      <AGGREG id="AVG" telt="ALL" />
      <COSTFORMULA>
        <VAL value="0.1" type="NUMERIC" />
      </COSTFORMULA>
      <FORMULA value="1">
        <OP id="gt" type="BOOLEAN">
          <VAR id="CS_CAQS_SNIFFS_METRICS_CYCLOMATICCOMPLEXITYSNIFF" type="NUMERIC" />
          <VAL value="10" type="NUMERIC" />
        </OP>
      </FORMULA>
      <FORMULA value="2">
        <OP id="gt" type="BOOLEAN">
          <VAR id="CS_CAQS_SNIFFS_METRICS_CYCLOMATICCOMPLEXITYSNIFF" type="NUMERIC" />
          <VAL value="7" type="NUMERIC" />
        </OP>
      </FORMULA>
      <FORMULA value="3">
        <OP id="gt" type="BOOLEAN">
          <VAR id="CS_CAQS_SNIFFS_METRICS_CYCLOMATICCOMPLEXITYSNIFF" type="NUMERIC" />
          <VAL value="4" type="NUMERIC" />
        </OP>
      </FORMULA>
      <FORMULA value="4">
        <VAL value="true" type="BOOLEAN" />
      </FORMULA>
    </CRITDEF>
    <CRITDEF id="PHP_DESTRUCTURATION" telt="EA">
      <AGGREG id="AVG" telt="ALL" />
      <COSTFORMULA>
        <VAL value="0.1" type="NUMERIC" />
      </COSTFORMULA>
      <FORMULA value="1">
        <OP id="gt" type="BOOLEAN">
          <VAR id="CS_CAQS_SNIFFS_METRICS_DESTRUCTURATIONSNIFF" type="NUMERIC" />
          <VAL value="10" type="NUMERIC" />
        </OP>
      </FORMULA>
      <FORMULA value="2">
        <OP id="gt" type="BOOLEAN">
          <VAR id="CS_CAQS_SNIFFS_METRICS_DESTRUCTURATIONSNIFF" type="NUMERIC" />
          <VAL value="7" type="NUMERIC" />
        </OP>
      </FORMULA>
      <FORMULA value="3">
        <OP id="gt" type="BOOLEAN">
          <VAR id="CS_CAQS_SNIFFS_METRICS_DESTRUCTURATIONSNIFF" type="NUMERIC" />
          <VAL value="4" type="NUMERIC" />
        </OP>
      </FORMULA>
      <FORMULA value="4">
        <VAL value="true" type="BOOLEAN" />
      </FORMULA>
    </CRITDEF>
    <CRITDEF id="PHP_NESTING_FUNCTION" telt="EA">
      <AGGREG id="AVG" telt="ALL" />
      <COSTFORMULA>
        <VAL value="0.1" type="NUMERIC" />
      </COSTFORMULA>
      <FORMULA value="1">
        <OP id="gt" type="BOOLEAN">
          <VAR id="CS_CAQS_SNIFFS_METRICS_NESTINGLEVELSNIFF" type="NUMERIC" />
          <VAL value="4" type="NUMERIC" />
        </OP>
      </FORMULA>
      <FORMULA value="2">
        <OP id="gt" type="BOOLEAN">
          <VAR id="CS_CAQS_SNIFFS_METRICS_NESTINGLEVELSNIFF" type="NUMERIC" />
          <VAL value="2" type="NUMERIC" />
        </OP>
      </FORMULA>
      <FORMULA value="3">
        <OP id="gt" type="BOOLEAN">
          <VAR id="CS_CAQS_SNIFFS_METRICS_NESTINGLEVELSNIFF" type="NUMERIC" />
          <VAL value="1" type="NUMERIC" />
        </OP>
      </FORMULA>
      <FORMULA value="4">
        <VAL value="true" type="BOOLEAN" />
      </FORMULA>
    </CRITDEF>
    <CRITDEF id="PHP_RETURN_REFERENCE" telt="EA">
      <AGGREG id="EXCLUS" telt="ALL">
        <PARAM id="DEFAULT" value="4" type="NUMERIC" />
        <PARAM id="VALUE_EXCLUS" value="1" type="NUMERIC" />
      </AGGREG>
      <COSTFORMULA>
        <VAL value="0.1" type="NUMERIC" />
      </COSTFORMULA>
      <FORMULA value="1">
        <OP id="gt" type="BOOLEAN">
          <VAR id="CS_CAQS_SNIFFS_RETURN_REFERENCE_CALLS" type="NUMERIC" />
          <VAL value="0" type="NUMERIC" />
        </OP>
      </FORMULA>
      <FORMULA value="4">
        <VAL value="true" type="BOOLEAN" />
      </FORMULA>
    </CRITDEF>
    <CRITDEF id="PHP_BY_REF_ERROR" telt="EA">
      <AGGREG id="EXCLUS" telt="ALL">
        <PARAM id="DEFAULT" value="4" type="NUMERIC" />
        <PARAM id="VALUE_EXCLUS" value="1" type="NUMERIC" />
      </AGGREG>
      <COSTFORMULA>
        <VAL value="0.1" type="NUMERIC" />
      </COSTFORMULA>
      <FORMULA value="1">
        <OP id="gt" type="BOOLEAN">
          <VAR id="CS_CAQS_SNIFFS_OBJECT_INSTANTIATION" type="NUMERIC" />
          <VAL value="0" type="NUMERIC" />
        </OP>
      </FORMULA>
      <FORMULA value="4">
        <VAL value="true" type="BOOLEAN" />
      </FORMULA>
    </CRITDEF>
    <CRITDEF id="PLOG">
      <AGGREG id="AVG" telt="ALL" />
      <COSTFORMULA>
        <VAL value="0.1" type="NUMERIC" />
      </COSTFORMULA>
      <FORMULA value="1">
        <OP id="AND" type="BOOLEAN">
          <OP id="ge" type="BOOLEAN">
            <VAR id="CS_CAQS_SNIFFS_METRICS_CYCLOMATICCOMPLEXITYSNIFF" type="NUMERIC" />
            <VAL value="10" type="NUMERIC" />
          </OP>
          <OP id="ge" type="BOOLEAN">
            <VAR id="CS_CAQS_SNIFFS_METRICS_DESTRUCTURATIONSNIFF" type="NUMERIC" />
            <VAL value="7" type="NUMERIC" />
          </OP>
        </OP>
      </FORMULA>
      <FORMULA value="2">
        <OP id="AND" type="BOOLEAN">
          <OP id="ge" type="BOOLEAN">
            <VAR id="CS_CAQS_SNIFFS_METRICS_CYCLOMATICCOMPLEXITYSNIFF" type="NUMERIC" />
            <VAL value="10" type="NUMERIC" />
          </OP>
          <OP id="lt" type="BOOLEAN">
            <VAR id="CS_CAQS_SNIFFS_METRICS_DESTRUCTURATIONSNIFF" type="NUMERIC" />
            <VAL value="7" type="NUMERIC" />
          </OP>
        </OP>
      </FORMULA>
      <FORMULA value="3">
        <OP id="AND" type="BOOLEAN">
          <OP id="lt" type="BOOLEAN">
            <VAR id="CS_CAQS_SNIFFS_METRICS_CYCLOMATICCOMPLEXITYSNIFF" type="NUMERIC" />
            <VAL value="10" type="NUMERIC" />
          </OP>
          <OP id="ge" type="BOOLEAN">
            <VAR id="CS_CAQS_SNIFFS_METRICS_DESTRUCTURATIONSNIFF" type="NUMERIC" />
            <VAL value="4" type="NUMERIC" />
          </OP>
        </OP>
      </FORMULA>
      <FORMULA value="4">
        <OP id="AND" type="BOOLEAN">
          <OP id="lt" type="BOOLEAN">
            <VAR id="CS_CAQS_SNIFFS_METRICS_CYCLOMATICCOMPLEXITYSNIFF" type="NUMERIC" />
            <VAL value="10" type="NUMERIC" />
          </OP>
          <OP id="lt" type="BOOLEAN">
            <VAR id="CS_CAQS_SNIFFS_METRICS_DESTRUCTURATIONSNIFF" type="NUMERIC" />
            <VAL value="4" type="NUMERIC" />
          </OP>
        </OP>
      </FORMULA>
    </CRITDEF>
    <CRITDEF id="PHP_DOC_CLASS">
      <AGGREG id="AVG" telt="ALL" />
      <COSTFORMULA>
        <VAL value="0.1" type="NUMERIC" />
      </COSTFORMULA>
      <FORMULA value="1">
        <OP id="gt" type="BOOLEAN">
          <VAR id="CS_PEAR_SNIFFS_COMMENTING_CLASSCOMMENTSNIFF" type="NUMERIC" />
          <VAL value="0" type="NUMERIC" />
        </OP>
      </FORMULA>
      <FORMULA value="4">
        <VAL value="true" type="BOOLEAN" />
      </FORMULA>
    </CRITDEF>
    <CRITDEF id="PHP_DOC_FUNCTION">
      <AGGREG id="AVG" telt="ALL" />
      <COSTFORMULA>
        <VAL value="0.1" type="NUMERIC" />
      </COSTFORMULA>
      <FORMULA value="1">
        <OP id="gt" type="BOOLEAN">
          <VAR id="CS_PEAR_SNIFFS_COMMENTING_FUNCTIONCOMMENTSNIFF" type="NUMERIC" />
          <VAL value="0" type="NUMERIC" />
        </OP>
      </FORMULA>
      <FORMULA value="4">
        <VAL value="true" type="BOOLEAN" />
      </FORMULA>
    </CRITDEF>
    <CRITDEF id="PHP_DOC_FILE">
      <AGGREG id="AVG" telt="ALL" />
      <COSTFORMULA>
        <VAL value="0.1" type="NUMERIC" />
      </COSTFORMULA>
      <FORMULA value="2">
        <OP id="gt" type="BOOLEAN">
          <VAR id="CS_PEAR_SNIFFS_COMMENTING_FILECOMMENTSNIFF" type="NUMERIC" />
          <VAL value="0" type="NUMERIC" />
        </OP>
      </FORMULA>
      <FORMULA value="2">
        <OP id="gt" type="BOOLEAN">
          <VAR id="CS_PEAR_SNIFFS_COMMENTING_INLINECOMMENTSNIFF" type="NUMERIC" />
          <VAL value="0" type="NUMERIC" />
        </OP>
      </FORMULA>
      <FORMULA value="2">
        <OP id="gt" type="BOOLEAN">
          <VAR id="CS_SQUIZ_SNIFFS_COMMENTING_LONGCONDITIONCLOSINGCOMMENTSNIFF" type="NUMERIC" />
          <VAL value="0" type="NUMERIC" />
        </OP>
      </FORMULA>
      <FORMULA value="2">
        <OP id="gt" type="BOOLEAN">
          <VAR id="CS_SQUIZ_SNIFFS_COMMENTING_POSTSTATEMENTCOMMENTSNIFF" type="NUMERIC" />
          <VAL value="0" type="NUMERIC" />
        </OP>
      </FORMULA>
      <FORMULA value="2">
        <OP id="gt" type="BOOLEAN">
          <VAR id="CS_SQUIZ_SNIFFS_COMMENTING_VARIABLECOMMENTSNIFF" type="NUMERIC" />
          <VAL value="0" type="NUMERIC" />
        </OP>
      </FORMULA>
      <FORMULA value="4">
        <VAL value="true" type="BOOLEAN" />
      </FORMULA>
    </CRITDEF>
    <CRITDEF id="PHP_ECHO">
      <AGGREG id="AVG" telt="ALL" />
      <COSTFORMULA>
        <VAL value="0.1" type="NUMERIC" />
      </COSTFORMULA>
      <FORMULA value="3">
        <OP id="gt" type="BOOLEAN">
          <VAR id="CS_SQUIZ_SNIFFS_STRINGS_ECHOEDSTRINGSSNIFF" type="NUMERIC" />
          <VAL value="0" type="NUMERIC" />
        </OP>
      </FORMULA>
      <FORMULA value="4">
        <VAL value="true" type="BOOLEAN" />
      </FORMULA>
    </CRITDEF>
    <IFPUG telt="MET">
      <OP id="/" type="NUMERIC">
        <VAR id="CS_CAQS_SNIFFS_METRICS_CODELINECOUNTSNIFF" type="NUMERIC" />
        <VAL value="29" type="NUMERIC" />
      </OP>
    </IFPUG>
    <CRITDEF id="PHP_CLASS_NAMING_RULES">
      <AGGREG id="AVG" telt="ALL" />
      <COSTFORMULA>
        <VAL value="0.1" type="NUMERIC" />
      </COSTFORMULA>
      <FORMULA value="1">
        <OP id="gt" type="BOOLEAN">
          <VAR id="CS_SQUIZ_SNIFFS_CLASSES_CLASSFILENAMESNIFF" type="NUMERIC" />
          <VAL value="0" type="NUMERIC" />
        </OP>
      </FORMULA>
      <FORMULA value="1">
        <OP id="gt" type="BOOLEAN">
          <VAR id="CS_PEAR_SNIFFS_NAMINGCONVENTIONS_VALIDCLASSNAMESNIFF" type="NUMERIC" />
          <VAL value="0" type="NUMERIC" />
        </OP>
      </FORMULA>
      <FORMULA value="4">
        <VAL value="true" type="BOOLEAN" />
      </FORMULA>
    </CRITDEF>
    <CRITDEF id="PHP_FUNCTION_NAMING_CONVENTIONS">
      <AGGREG id="AVG" telt="ALL" />
      <COSTFORMULA>
        <VAL value="0.1" type="NUMERIC" />
      </COSTFORMULA>
      <FORMULA value="1">
        <OP id="gt" type="BOOLEAN">
          <VAR id="CS_PEAR_SNIFFS_NAMINGCONVENTIONS_VALIDFUNCTIONNAMESNIFF" type="NUMERIC" />
          <VAL value="0" type="NUMERIC" />
        </OP>
      </FORMULA>
      <FORMULA value="4">
        <VAL value="true" type="BOOLEAN" />
      </FORMULA>
    </CRITDEF>
  </USAGE>
</METHOD>

