<?xml version="1.0"  encoding="UTF-8"?><e><r><c><![CDATA[CS_PEAR_SNIFFS_NAMINGCONVENTIONS_VALIDCLASSNAMESNIFF]]></c><c/><c/><c><![CDATA[CODESNIFFER]]></c><c/><c><![CDATA[2007-12-17 00:00:00]]></c><c/><c><![CDATA[2007-12-17 00:00:00]]></c><c/><c/></r><r><c><![CDATA[CS_CAQS_SNIFFS_OBJECT_INSTANTIATION]]></c><c/><c/><c><![CDATA[CODESNIFFER]]></c><c/><c><![CDATA[2007-12-14 00:00:00]]></c><c/><c><![CDATA[2007-12-14 00:00:00]]></c><c/><c/></r><r><c><![CDATA[CS_CAQS_SNIFFS_RETURN_REFERENCE_CALLS]]></c><c/><c/><c><![CDATA[CODESNIFFER]]></c><c/><c><![CDATA[2007-12-14 00:00:00]]></c><c/><c><![CDATA[2007-12-14 00:00:00]]></c><c/><c/></r><r><c><![CDATA[CS_CAQS_SNIFFS_METRICS_NESTINGLEVELSNIFF]]></c><c/><c/><c><![CDATA[CODESNIFFER]]></c><c/><c><![CDATA[2007-12-14 00:00:00]]></c><c/><c><![CDATA[2007-12-14 00:00:00]]></c><c/><c/></r><r><c><![CDATA[CS_CAQS_SNIFFS_METRICS_DESTRUCTURATIONSNIFF]]></c><c/><c/><c><![CDATA[CODESNIFFER]]></c><c/><c><![CDATA[2007-12-14 00:00:00]]></c><c/><c><![CDATA[2007-12-14 00:00:00]]></c><c/><c/></r><r><c><![CDATA[CS_CAQS_SNIFFS_METRICS_CYCLOMATICCOMPLEXITYSNIFF]]></c><c/><c/><c><![CDATA[CODESNIFFER]]></c><c/><c><![CDATA[2007-12-14 00:00:00]]></c><c/><c><![CDATA[2007-12-14 00:00:00]]></c><c/><c/></r><r><c><![CDATA[CS_CAQS_SNIFFS_METRICS_COMMENTLINECOUNTSNIFF]]></c><c/><c/><c><![CDATA[CODESNIFFER]]></c><c/><c><![CDATA[2007-12-14 00:00:00]]></c><c/><c><![CDATA[2007-12-14 00:00:00]]></c><c/><c/></r><r><c><![CDATA[CS_CAQS_SNIFFS_METRICS_CODELINECOUNTSNIFF]]></c><c/><c/><c><![CDATA[CODESNIFFER]]></c><c/><c><![CDATA[2007-12-14 00:00:00]]></c><c/><c><![CDATA[2007-12-14 00:00:00]]></c><c/><c/></r><r><c><![CDATA[CS_SQUIZ_SNIFFS_STRINGS_ECHOEDSTRINGSSNIFF]]></c><c/><c/><c><![CDATA[CODESNIFFER]]></c><c/><c><![CDATA[2007-12-14 00:00:00]]></c><c><![CDATA[2008-04-03 15:06:48]]></c><c><![CDATA[2007-12-14 00:00:00]]></c><c/><c/></r><r><c><![CDATA[CS_SQUIZ_SNIFFS_STRINGS_DOUBLEQUOTEUSAGESNIFF]]></c><c/><c/><c><![CDATA[CODESNIFFER]]></c><c/><c><![CDATA[2007-12-14 00:00:00]]></c><c/><c><![CDATA[2007-12-14 00:00:00]]></c><c/><c/></r><r><c><![CDATA[CS_SQUIZ_SNIFFS_SCOPE_STATICTHISUSAGESNIFF]]></c><c/><c/><c><![CDATA[CODESNIFFER]]></c><c/><c><![CDATA[2007-12-14 00:00:00]]></c><c/><c><![CDATA[2007-12-14 00:00:00]]></c><c/><c/></r><r><c><![CDATA[CS_SQUIZ_SNIFFS_SCOPE_METHODSCOPESNIFF]]></c><c/><c/><c><![CDATA[CODESNIFFER]]></c><c/><c><![CDATA[2007-12-14 00:00:00]]></c><c/><c><![CDATA[2007-12-14 00:00:00]]></c><c/><c/></r><r><c><![CDATA[CS_SQUIZ_SNIFFS_SCOPE_MEMBERVARSCOPESNIFF]]></c><c/><c/><c><![CDATA[CODESNIFFER]]></c><c/><c><![CDATA[2007-12-14 00:00:00]]></c><c/><c><![CDATA[2007-12-14 00:00:00]]></c><c/><c/></r><r><c><![CDATA[CS_SQUIZ_SNIFFS_PHP_NONEXECUTABLECODESNIFF]]></c><c/><c/><c><![CDATA[CODESNIFFER]]></c><c/><c><![CDATA[2007-12-14 00:00:00]]></c><c/><c><![CDATA[2007-12-14 00:00:00]]></c><c/><c/></r><r><c><![CDATA[CS_SQUIZ_SNIFFS_PHP_INNERFUNCTIONSSNIFF]]></c><c/><c/><c><![CDATA[CODESNIFFER]]></c><c/><c><![CDATA[2007-12-14 00:00:00]]></c><c/><c><![CDATA[2007-12-14 00:00:00]]></c><c/><c/></r><r><c><![CDATA[CS_SQUIZ_SNIFFS_PHP_GLOBALKEYWORDSNIFF]]></c><c/><c/><c><![CDATA[CODESNIFFER]]></c><c/><c><![CDATA[2007-12-14 00:00:00]]></c><c/><c><![CDATA[2007-12-14 00:00:00]]></c><c/><c/></r><r><c><![CDATA[CS_SQUIZ_SNIFFS_PHP_EVALSNIFF]]></c><c/><c/><c><![CDATA[CODESNIFFER]]></c><c/><c><![CDATA[2007-12-14 00:00:00]]></c><c/><c><![CDATA[2007-12-14 00:00:00]]></c><c/><c/></r><r><c><![CDATA[CS_SQUIZ_SNIFFS_PHP_EMBEDDEDPHPSNIFF]]></c><c/><c/><c><![CDATA[CODESNIFFER]]></c><c/><c><![CDATA[2007-12-14 00:00:00]]></c><c/><c><![CDATA[2007-12-14 00:00:00]]></c><c/><c/></r><r><c><![CDATA[CS_SQUIZ_SNIFFS_PHP_DISALLOWMULTIPLEASSIGNMENTSSNIFF]]></c><c/><c/><c><![CDATA[CODESNIFFER]]></c><c/><c><![CDATA[2007-12-14 00:00:00]]></c><c/><c><![CDATA[2007-12-14 00:00:00]]></c><c/><c/></r><r><c><![CDATA[CS_SQUIZ_SNIFFS_PHP_COMMENTEDOUTCODESNIFF]]></c><c/><c/><c><![CDATA[CODESNIFFER]]></c><c/><c><![CDATA[2007-12-14 00:00:00]]></c><c/><c><![CDATA[2007-12-14 00:00:00]]></c><c/><c/></r><r><c><![CDATA[CS_SQUIZ_SNIFFS_OPERATORS_VALIDLOGICALOPERATORSSNIFF]]></c><c/><c/><c><![CDATA[CODESNIFFER]]></c><c/><c><![CDATA[2007-12-14 00:00:00]]></c><c><![CDATA[2008-04-03 15:26:46]]></c><c><![CDATA[2007-12-14 00:00:00]]></c><c/><c/></r><r><c><![CDATA[CS_SQUIZ_SNIFFS_OPERATORS_INCREMENTDECREMENTUSAGESNIFF]]></c><c/><c/><c><![CDATA[CODESNIFFER]]></c><c/><c><![CDATA[2007-12-14 00:00:00]]></c><c/><c><![CDATA[2007-12-14 00:00:00]]></c><c/><c/></r><r><c><![CDATA[CS_SQUIZ_SNIFFS_OBJECTS_OBJECTINSTANTIATIONSNIFF]]></c><c/><c/><c><![CDATA[CODESNIFFER]]></c><c/><c><![CDATA[2007-12-14 00:00:00]]></c><c/><c><![CDATA[2007-12-14 00:00:00]]></c><c/><c/></r><r><c><![CDATA[CS_SQUIZ_SNIFFS_NAMINGCONVENTIONS_VALIDVARIABLENAMESNIFF]]></c><c/><c/><c><![CDATA[CODESNIFFER]]></c><c/><c><![CDATA[2007-12-14 00:00:00]]></c><c/><c><![CDATA[2007-12-14 00:00:00]]></c><c/><c/></r><r><c><![CDATA[CS_SQUIZ_SNIFFS_FUNCTIONS_GLOBALFUNCTIONSNIFF]]></c><c/><c/><c><![CDATA[CODESNIFFER]]></c><c/><c><![CDATA[2007-12-14 00:00:00]]></c><c/><c><![CDATA[2007-12-14 00:00:00]]></c><c/><c/></r><r><c><![CDATA[CS_SQUIZ_SNIFFS_FORMATTING_OUTPUTBUFFERINGINDENTSNIFF]]></c><c/><c/><c><![CDATA[CODESNIFFER]]></c><c/><c><![CDATA[2007-12-14 00:00:00]]></c><c/><c><![CDATA[2007-12-14 00:00:00]]></c><c/><c/></r><r><c><![CDATA[CS_SQUIZ_SNIFFS_FILES_FILEEXTENSIONSNIFF]]></c><c/><c/><c><![CDATA[CODESNIFFER]]></c><c/><c><![CDATA[2007-12-14 00:00:00]]></c><c/><c><![CDATA[2007-12-14 00:00:00]]></c><c/><c/></r><r><c><![CDATA[CS_SQUIZ_SNIFFS_CONTROLSTRUCTURES_SWITCHDECLARATIONSNIFF]]></c><c/><c/><c><![CDATA[CODESNIFFER]]></c><c/><c><![CDATA[2007-12-14 00:00:00]]></c><c/><c><![CDATA[2007-12-14 00:00:00]]></c><c/><c/></r><r><c><![CDATA[CS_SQUIZ_SNIFFS_CONTROLSTRUCTURES_ELSEIFDECLARATIONSNIFF]]></c><c/><c/><c><![CDATA[CODESNIFFER]]></c><c/><c><![CDATA[2007-12-14 00:00:00]]></c><c><![CDATA[2008-04-03 15:23:37]]></c><c><![CDATA[2007-12-14 00:00:00]]></c><c/><c/></r><r><c><![CDATA[CS_SQUIZ_SNIFFS_COMMENTING_POSTSTATEMENTCOMMENTSNIFF]]></c><c/><c/><c><![CDATA[CODESNIFFER]]></c><c/><c><![CDATA[2007-12-14 00:00:00]]></c><c/><c><![CDATA[2007-12-14 00:00:00]]></c><c/><c/></r><r><c><![CDATA[CS_SQUIZ_SNIFFS_COMMENTING_VARIABLECOMMENTSNIFF]]></c><c/><c/><c><![CDATA[CODESNIFFER]]></c><c/><c><![CDATA[2007-12-14 00:00:00]]></c><c/><c><![CDATA[2007-12-14 00:00:00]]></c><c/><c/></r><r><c><![CDATA[CS_SQUIZ_SNIFFS_CONTROLSTRUCTURES_INLINECONTROLSTRUCTURESNIFF]]></c><c/><c/><c><![CDATA[CODESNIFFER]]></c><c/><c><![CDATA[2007-12-14 00:00:00]]></c><c><![CDATA[2008-04-03 15:36:14]]></c><c><![CDATA[2007-12-14 00:00:00]]></c><c/><c/></r><r><c><![CDATA[CS_SQUIZ_SNIFFS_COMMENTING_LONGCONDITIONCLOSINGCOMMENTSNIFF]]></c><c/><c/><c><![CDATA[CODESNIFFER]]></c><c/><c><![CDATA[2007-12-14 00:00:00]]></c><c/><c><![CDATA[2007-12-14 00:00:00]]></c><c/><c/></r><r><c><![CDATA[CS_SQUIZ_SNIFFS_COMMENTING_FUNCTIONCOMMENTTHROWTAGSNIFF]]></c><c/><c/><c><![CDATA[CODESNIFFER]]></c><c/><c><![CDATA[2007-12-14 00:00:00]]></c><c/><c><![CDATA[2007-12-14 00:00:00]]></c><c/><c/></r><r><c><![CDATA[CS_SQUIZ_SNIFFS_COMMENTING_EMPTYCATCHCOMMENTSNIFF]]></c><c/><c/><c><![CDATA[CODESNIFFER]]></c><c/><c><![CDATA[2007-12-14 00:00:00]]></c><c/><c><![CDATA[2007-12-14 00:00:00]]></c><c/><c/></r><r><c><![CDATA[CS_SQUIZ_SNIFFS_CLASSES_SELFMEMBERREFERENCESNIFF]]></c><c/><c/><c><![CDATA[CODESNIFFER]]></c><c/><c><![CDATA[2007-12-14 00:00:00]]></c><c/><c><![CDATA[2007-12-14 00:00:00]]></c><c/><c/></r><r><c><![CDATA[CS_SQUIZ_SNIFFS_CLASSES_CLASSFILENAMESNIFF]]></c><c/><c/><c><![CDATA[CODESNIFFER]]></c><c/><c><![CDATA[2007-12-14 00:00:00]]></c><c/><c><![CDATA[2007-12-14 00:00:00]]></c><c/><c/></r><r><c><![CDATA[CS_SQUIZ_SNIFFS_CLASSES_CLASSDECLARATIONSNIFF]]></c><c/><c/><c><![CDATA[CODESNIFFER]]></c><c/><c><![CDATA[2007-12-14 00:00:00]]></c><c/><c><![CDATA[2007-12-14 00:00:00]]></c><c/><c/></r><r><c><![CDATA[CS_PEAR_SNIFFS_NAMINGCONVENTIONS_VALIDFUNCTIONNAMESNIFF]]></c><c/><c/><c><![CDATA[CODESNIFFER]]></c><c/><c><![CDATA[2007-12-14 00:00:00]]></c><c/><c><![CDATA[2007-12-14 00:00:00]]></c><c/><c/></r><r><c><![CDATA[CS_PEAR_SNIFFS_FUNCTIONS_VALIDDEFAULTVALUESNIFF]]></c><c/><c/><c><![CDATA[CODESNIFFER]]></c><c/><c><![CDATA[2007-12-14 00:00:00]]></c><c/><c><![CDATA[2007-12-14 00:00:00]]></c><c/><c/></r><r><c><![CDATA[CS_PEAR_SNIFFS_FILES_INCLUDINGFILESNIFF]]></c><c/><c/><c><![CDATA[CODESNIFFER]]></c><c/><c><![CDATA[2007-12-14 00:00:00]]></c><c/><c><![CDATA[2007-12-14 00:00:00]]></c><c/><c/></r><r><c><![CDATA[CS_PEAR_SNIFFS_COMMENTING_INLINECOMMENTSNIFF]]></c><c/><c/><c><![CDATA[CODESNIFFER]]></c><c/><c><![CDATA[2007-12-14 00:00:00]]></c><c/><c><![CDATA[2007-12-14 00:00:00]]></c><c/><c/></r><r><c><![CDATA[CS_PEAR_SNIFFS_COMMENTING_FUNCTIONCOMMENTSNIFF]]></c><c/><c/><c><![CDATA[CODESNIFFER]]></c><c/><c><![CDATA[2007-12-14 00:00:00]]></c><c/><c><![CDATA[2007-12-14 00:00:00]]></c><c/><c/></r><r><c><![CDATA[CS_PEAR_SNIFFS_COMMENTING_FILECOMMENTSNIFF]]></c><c/><c/><c><![CDATA[CODESNIFFER]]></c><c/><c><![CDATA[2007-12-14 00:00:00]]></c><c/><c><![CDATA[2007-12-14 00:00:00]]></c><c/><c/></r><r><c><![CDATA[CS_PEAR_SNIFFS_COMMENTING_CLASSCOMMENTSNIFF]]></c><c/><c/><c><![CDATA[CODESNIFFER]]></c><c/><c><![CDATA[2007-12-14 00:00:00]]></c><c/><c><![CDATA[2007-12-14 00:00:00]]></c><c/><c/></r><r><c><![CDATA[CS_PEAR_SNIFFS_CLASSES_CLASSDECLARATIONSNIFF]]></c><c/><c/><c><![CDATA[CODESNIFFER]]></c><c/><c><![CDATA[2007-12-14 00:00:00]]></c><c/><c><![CDATA[2007-12-14 00:00:00]]></c><c/><c/></r><r><c><![CDATA[CS_MYSOURCE_SNIFFS_PHP_RETURNFUNCTIONVALUESNIFF]]></c><c/><c/><c><![CDATA[CODESNIFFER]]></c><c/><c><![CDATA[2007-12-14 00:00:00]]></c><c/><c><![CDATA[2007-12-14 00:00:00]]></c><c/><c/></r><r><c><![CDATA[CS_MYSOURCE_SNIFFS_PHP_EVALOBJECTFACTORYSNIFF]]></c><c/><c/><c><![CDATA[CODESNIFFER]]></c><c/><c><![CDATA[2007-12-14 00:00:00]]></c><c/><c><![CDATA[2007-12-14 00:00:00]]></c><c/><c/></r><r><c><![CDATA[CS_MYSOURCE_SNIFFS_CHANNELS_INCLUDESYSTEMSNIFF]]></c><c/><c/><c><![CDATA[CODESNIFFER]]></c><c/><c><![CDATA[2007-12-14 00:00:00]]></c><c/><c><![CDATA[2007-12-14 00:00:00]]></c><c/><c/></r><r><c><![CDATA[CS_GENERIC_SNIFFS_PHP_FORBIDDENFUNCTIONSSNIFF]]></c><c/><c/><c><![CDATA[CODESNIFFER]]></c><c/><c><![CDATA[2007-12-14 00:00:00]]></c><c><![CDATA[2008-04-03 14:56:36]]></c><c><![CDATA[2007-12-14 00:00:00]]></c><c/><c/></r><r><c><![CDATA[CS_GENERIC_SNIFFS_PHP_DISALLOWSHORTOPENTAGSNIFF]]></c><c/><c/><c><![CDATA[CODESNIFFER]]></c><c/><c><![CDATA[2007-12-14 00:00:00]]></c><c/><c><![CDATA[2007-12-14 00:00:00]]></c><c/><c/></r><r><c><![CDATA[CS_GENERIC_SNIFFS_NAMINGCONVENTIONS_UPPERCASECONSTANTNAMESNIFF]]></c><c/><c/><c><![CDATA[CODESNIFFER]]></c><c/><c><![CDATA[2007-12-14 00:00:00]]></c><c/><c><![CDATA[2007-12-14 00:00:00]]></c><c/><c/></r><r><c><![CDATA[CS_GENERIC_SNIFFS_FILES_LINELENGTHSNIFF]]></c><c/><c/><c><![CDATA[CODESNIFFER]]></c><c/><c><![CDATA[2007-12-14 00:00:00]]></c><c/><c><![CDATA[2007-12-14 00:00:00]]></c><c/><c/></r><r><c><![CDATA[CS_GENERIC_SNIFFS_FILES_LINEENDINGSSNIFF]]></c><c/><c/><c><![CDATA[CODESNIFFER]]></c><c/><c><![CDATA[2007-12-14 00:00:00]]></c><c/><c><![CDATA[2007-12-14 00:00:00]]></c><c/><c/></r><r><c><![CDATA[CS_SQUIZ_SNIFFS_PHP_HEREDOCSNIFF]]></c><c/><c/><c><![CDATA[CODESNIFFER]]></c><c/><c><![CDATA[2007-12-14 00:00:00]]></c><c/><c><![CDATA[2007-12-14 00:00:00]]></c><c/><c/></r><r><c><![CDATA[CS_SQUIZ_SNIFFS_FUNCTIONS_FUNCTIONDUPLICATEARGUMENTSNIFF]]></c><c/><c/><c><![CDATA[CODESNIFFER]]></c><c/><c><![CDATA[2007-12-14 00:00:00]]></c><c/><c><![CDATA[2007-12-14 00:00:00]]></c><c/><c/></r><r><c><![CDATA[CS_PEAR_Sniffs_NamingConventions_ValidClassNameSniff]]></c><c/><c/><c><![CDATA[CODESNIFFER]]></c><c/><c><![CDATA[2007-12-17 00:00:00]]></c><c/><c><![CDATA[2007-12-17 00:00:00]]></c><c/><c/></r><r><c><![CDATA[CS_Caqs_Sniffs_object_instantiation]]></c><c/><c/><c><![CDATA[CODESNIFFER]]></c><c/><c><![CDATA[2007-12-14 00:00:00]]></c><c/><c><![CDATA[2007-12-14 00:00:00]]></c><c/><c/></r><r><c><![CDATA[CS_Caqs_Sniffs_return_reference_calls]]></c><c/><c/><c><![CDATA[CODESNIFFER]]></c><c/><c><![CDATA[2007-12-14 00:00:00]]></c><c/><c><![CDATA[2007-12-14 00:00:00]]></c><c/><c/></r><r><c><![CDATA[CS_Caqs_Sniffs_Metrics_NestingLevelSniff]]></c><c/><c/><c><![CDATA[CODESNIFFER]]></c><c/><c><![CDATA[2007-12-14 00:00:00]]></c><c/><c><![CDATA[2007-12-14 00:00:00]]></c><c/><c/></r><r><c><![CDATA[CS_Caqs_Sniffs_Metrics_DestructurationSniff]]></c><c/><c/><c><![CDATA[CODESNIFFER]]></c><c/><c><![CDATA[2007-12-14 00:00:00]]></c><c/><c><![CDATA[2007-12-14 00:00:00]]></c><c/><c/></r><r><c><![CDATA[CS_Caqs_Sniffs_Metrics_CyclomaticComplexitySniff]]></c><c/><c/><c><![CDATA[CODESNIFFER]]></c><c/><c><![CDATA[2007-12-14 00:00:00]]></c><c/><c><![CDATA[2007-12-14 00:00:00]]></c><c/><c/></r><r><c><![CDATA[CS_Caqs_Sniffs_Metrics_CommentLineCountSniff]]></c><c/><c/><c><![CDATA[CODESNIFFER]]></c><c/><c><![CDATA[2007-12-14 00:00:00]]></c><c/><c><![CDATA[2007-12-14 00:00:00]]></c><c/><c/></r><r><c><![CDATA[CS_Caqs_Sniffs_Metrics_CodeLineCountSniff]]></c><c/><c/><c><![CDATA[CODESNIFFER]]></c><c/><c><![CDATA[2007-12-14 00:00:00]]></c><c/><c><![CDATA[2007-12-14 00:00:00]]></c><c/><c/></r><r><c><![CDATA[CS_Squiz_Sniffs_Strings_EchoedStringsSniff]]></c><c/><c/><c><![CDATA[CODESNIFFER]]></c><c/><c><![CDATA[2007-12-14 00:00:00]]></c><c/><c><![CDATA[2007-12-14 00:00:00]]></c><c/><c/></r><r><c><![CDATA[CS_Squiz_Sniffs_Strings_DoubleQuoteUsageSniff]]></c><c/><c/><c><![CDATA[CODESNIFFER]]></c><c/><c><![CDATA[2007-12-14 00:00:00]]></c><c/><c><![CDATA[2007-12-14 00:00:00]]></c><c/><c/></r><r><c><![CDATA[CS_Squiz_Sniffs_Scope_StaticThisUsageSniff]]></c><c/><c/><c><![CDATA[CODESNIFFER]]></c><c/><c><![CDATA[2007-12-14 00:00:00]]></c><c/><c><![CDATA[2007-12-14 00:00:00]]></c><c/><c/></r><r><c><![CDATA[CS_Squiz_Sniffs_Scope_MethodScopeSniff]]></c><c/><c/><c><![CDATA[CODESNIFFER]]></c><c/><c><![CDATA[2007-12-14 00:00:00]]></c><c/><c><![CDATA[2007-12-14 00:00:00]]></c><c/><c/></r><r><c><![CDATA[CS_Squiz_Sniffs_Scope_MemberVarScopeSniff]]></c><c/><c/><c><![CDATA[CODESNIFFER]]></c><c/><c><![CDATA[2007-12-14 00:00:00]]></c><c/><c><![CDATA[2007-12-14 00:00:00]]></c><c/><c/></r><r><c><![CDATA[CS_Squiz_Sniffs_PHP_NonExecutableCodeSniff]]></c><c/><c/><c><![CDATA[CODESNIFFER]]></c><c/><c><![CDATA[2007-12-14 00:00:00]]></c><c/><c><![CDATA[2007-12-14 00:00:00]]></c><c/><c/></r><r><c><![CDATA[CS_Squiz_Sniffs_PHP_InnerFunctionsSniff]]></c><c/><c/><c><![CDATA[CODESNIFFER]]></c><c/><c><![CDATA[2007-12-14 00:00:00]]></c><c/><c><![CDATA[2007-12-14 00:00:00]]></c><c/><c/></r><r><c><![CDATA[CS_Squiz_Sniffs_PHP_HeredocSniff]]></c><c/><c/><c><![CDATA[CODESNIFFER]]></c><c/><c><![CDATA[2007-12-14 00:00:00]]></c><c/><c><![CDATA[2007-12-14 00:00:00]]></c><c/><c/></r><r><c><![CDATA[CS_Squiz_Sniffs_PHP_GlobalKeywordSniff]]></c><c/><c/><c><![CDATA[CODESNIFFER]]></c><c/><c><![CDATA[2007-12-14 00:00:00]]></c><c/><c><![CDATA[2007-12-14 00:00:00]]></c><c/><c/></r><r><c><![CDATA[CS_Squiz_Sniffs_PHP_EvalSniff]]></c><c/><c/><c><![CDATA[CODESNIFFER]]></c><c/><c><![CDATA[2007-12-14 00:00:00]]></c><c/><c><![CDATA[2007-12-14 00:00:00]]></c><c/><c/></r><r><c><![CDATA[CS_Squiz_Sniffs_PHP_EmbeddedPhpSniff]]></c><c/><c/><c><![CDATA[CODESNIFFER]]></c><c/><c><![CDATA[2007-12-14 00:00:00]]></c><c/><c><![CDATA[2007-12-14 00:00:00]]></c><c/><c/></r><r><c><![CDATA[CS_Squiz_Sniffs_PHP_DisallowMultipleAssignmentsSniff]]></c><c/><c/><c><![CDATA[CODESNIFFER]]></c><c/><c><![CDATA[2007-12-14 00:00:00]]></c><c/><c><![CDATA[2007-12-14 00:00:00]]></c><c/><c/></r><r><c><![CDATA[CS_Squiz_Sniffs_PHP_CommentedOutCodeSniff]]></c><c/><c/><c><![CDATA[CODESNIFFER]]></c><c/><c><![CDATA[2007-12-14 00:00:00]]></c><c/><c><![CDATA[2007-12-14 00:00:00]]></c><c/><c/></r><r><c><![CDATA[CS_Squiz_Sniffs_Operators_ValidLogicalOperatorsSniff]]></c><c/><c/><c><![CDATA[CODESNIFFER]]></c><c/><c><![CDATA[2007-12-14 00:00:00]]></c><c/><c><![CDATA[2007-12-14 00:00:00]]></c><c/><c/></r><r><c><![CDATA[CS_Squiz_Sniffs_Operators_IncrementDecrementUsageSniff]]></c><c/><c/><c><![CDATA[CODESNIFFER]]></c><c/><c><![CDATA[2007-12-14 00:00:00]]></c><c/><c><![CDATA[2007-12-14 00:00:00]]></c><c/><c/></r><r><c><![CDATA[CS_Squiz_Sniffs_Objects_ObjectInstantiationSniff]]></c><c/><c/><c><![CDATA[CODESNIFFER]]></c><c/><c><![CDATA[2007-12-14 00:00:00]]></c><c/><c><![CDATA[2007-12-14 00:00:00]]></c><c/><c/></r><r><c><![CDATA[CS_Squiz_Sniffs_NamingConventions_ValidVariableNameSniff]]></c><c/><c/><c><![CDATA[CODESNIFFER]]></c><c/><c><![CDATA[2007-12-14 00:00:00]]></c><c/><c><![CDATA[2007-12-14 00:00:00]]></c><c/><c/></r><r><c><![CDATA[CS_Squiz_Sniffs_Functions_GlobalFunctionSniff]]></c><c/><c/><c><![CDATA[CODESNIFFER]]></c><c/><c><![CDATA[2007-12-14 00:00:00]]></c><c/><c><![CDATA[2007-12-14 00:00:00]]></c><c/><c/></r><r><c><![CDATA[CS_Squiz_Sniffs_Functions_FunctionDuplicateArgumentSniff]]></c><c/><c/><c><![CDATA[CODESNIFFER]]></c><c/><c><![CDATA[2007-12-14 00:00:00]]></c><c/><c><![CDATA[2007-12-14 00:00:00]]></c><c/><c/></r><r><c><![CDATA[CS_Squiz_Sniffs_Formatting_OutputBufferingIndentSniff]]></c><c/><c/><c><![CDATA[CODESNIFFER]]></c><c/><c><![CDATA[2007-12-14 00:00:00]]></c><c/><c><![CDATA[2007-12-14 00:00:00]]></c><c/><c/></r><r><c><![CDATA[CS_Squiz_Sniffs_Files_FileExtensionSniff]]></c><c/><c/><c><![CDATA[CODESNIFFER]]></c><c/><c><![CDATA[2007-12-14 00:00:00]]></c><c/><c><![CDATA[2007-12-14 00:00:00]]></c><c/><c/></r><r><c><![CDATA[CS_Squiz_Sniffs_ControlStructures_SwitchDeclarationSniff]]></c><c/><c/><c><![CDATA[CODESNIFFER]]></c><c/><c><![CDATA[2007-12-14 00:00:00]]></c><c/><c><![CDATA[2007-12-14 00:00:00]]></c><c/><c/></r><r><c><![CDATA[CS_Squiz_Sniffs_ControlStructures_ElseIfDeclarationSniff]]></c><c/><c/><c><![CDATA[CODESNIFFER]]></c><c/><c><![CDATA[2007-12-14 00:00:00]]></c><c/><c><![CDATA[2007-12-14 00:00:00]]></c><c/><c/></r><r><c><![CDATA[CS_Squiz_Sniffs_Commenting_PostStatementCommentSniff]]></c><c/><c/><c><![CDATA[CODESNIFFER]]></c><c/><c><![CDATA[2007-12-14 00:00:00]]></c><c/><c><![CDATA[2007-12-14 00:00:00]]></c><c/><c/></r><r><c><![CDATA[CS_Squiz_Sniffs_Commenting_VariableCommentSniff]]></c><c/><c/><c><![CDATA[CODESNIFFER]]></c><c/><c><![CDATA[2007-12-14 00:00:00]]></c><c/><c><![CDATA[2007-12-14 00:00:00]]></c><c/><c/></r><r><c><![CDATA[CS_Squiz_Sniffs_ControlStructures_InlineControlStructureSniff]]></c><c/><c/><c><![CDATA[CODESNIFFER]]></c><c/><c><![CDATA[2007-12-14 00:00:00]]></c><c/><c><![CDATA[2007-12-14 00:00:00]]></c><c/><c/></r><r><c><![CDATA[CS_Squiz_Sniffs_Commenting_LongConditionClosingCommentSniff]]></c><c/><c/><c><![CDATA[CODESNIFFER]]></c><c/><c><![CDATA[2007-12-14 00:00:00]]></c><c/><c><![CDATA[2007-12-14 00:00:00]]></c><c/><c/></r><r><c><![CDATA[CS_Squiz_Sniffs_Commenting_FunctionCommentThrowTagSniff]]></c><c/><c/><c><![CDATA[CODESNIFFER]]></c><c/><c><![CDATA[2007-12-14 00:00:00]]></c><c/><c><![CDATA[2007-12-14 00:00:00]]></c><c/><c/></r><r><c><![CDATA[CS_Squiz_Sniffs_Commenting_EmptyCatchCommentSniff]]></c><c/><c/><c><![CDATA[CODESNIFFER]]></c><c/><c><![CDATA[2007-12-14 00:00:00]]></c><c/><c><![CDATA[2007-12-14 00:00:00]]></c><c/><c/></r><r><c><![CDATA[CS_Squiz_Sniffs_Classes_SelfMemberReferenceSniff]]></c><c/><c/><c><![CDATA[CODESNIFFER]]></c><c/><c><![CDATA[2007-12-14 00:00:00]]></c><c/><c><![CDATA[2007-12-14 00:00:00]]></c><c/><c/></r><r><c><![CDATA[CS_Squiz_Sniffs_Classes_ClassFileNameSniff]]></c><c/><c/><c><![CDATA[CODESNIFFER]]></c><c/><c><![CDATA[2007-12-14 00:00:00]]></c><c/><c><![CDATA[2007-12-14 00:00:00]]></c><c/><c/></r><r><c><![CDATA[CS_Squiz_Sniffs_Classes_ClassDeclarationSniff]]></c><c/><c/><c><![CDATA[CODESNIFFER]]></c><c/><c><![CDATA[2007-12-14 00:00:00]]></c><c/><c><![CDATA[2007-12-14 00:00:00]]></c><c/><c/></r><r><c><![CDATA[CS_PEAR_Sniffs_NamingConventions_ValidFunctionNameSniff]]></c><c/><c/><c><![CDATA[CODESNIFFER]]></c><c/><c><![CDATA[2007-12-14 00:00:00]]></c><c/><c><![CDATA[2007-12-14 00:00:00]]></c><c/><c/></r><r><c><![CDATA[CS_PEAR_Sniffs_Functions_ValidDefaultValueSniff]]></c><c/><c/><c><![CDATA[CODESNIFFER]]></c><c/><c><![CDATA[2007-12-14 00:00:00]]></c><c/><c><![CDATA[2007-12-14 00:00:00]]></c><c/><c/></r><r><c><![CDATA[CS_PEAR_Sniffs_Files_IncludingFileSniff]]></c><c/><c/><c><![CDATA[CODESNIFFER]]></c><c/><c><![CDATA[2007-12-14 00:00:00]]></c><c/><c><![CDATA[2007-12-14 00:00:00]]></c><c/><c/></r><r><c><![CDATA[CS_PEAR_Sniffs_Commenting_InlineCommentSniff]]></c><c/><c/><c><![CDATA[CODESNIFFER]]></c><c/><c><![CDATA[2007-12-14 00:00:00]]></c><c/><c><![CDATA[2007-12-14 00:00:00]]></c><c/><c/></r><r><c><![CDATA[CS_PEAR_Sniffs_Commenting_FunctionCommentSniff]]></c><c/><c/><c><![CDATA[CODESNIFFER]]></c><c/><c><![CDATA[2007-12-14 00:00:00]]></c><c/><c><![CDATA[2007-12-14 00:00:00]]></c><c/><c/></r><r><c><![CDATA[CS_PEAR_Sniffs_Commenting_FileCommentSniff]]></c><c/><c/><c><![CDATA[CODESNIFFER]]></c><c/><c><![CDATA[2007-12-14 00:00:00]]></c><c/><c><![CDATA[2007-12-14 00:00:00]]></c><c/><c/></r><r><c><![CDATA[CS_PEAR_Sniffs_Commenting_ClassCommentSniff]]></c><c/><c/><c><![CDATA[CODESNIFFER]]></c><c/><c><![CDATA[2007-12-14 00:00:00]]></c><c/><c><![CDATA[2007-12-14 00:00:00]]></c><c/><c/></r><r><c><![CDATA[CS_PEAR_Sniffs_Classes_ClassDeclarationSniff]]></c><c/><c/><c><![CDATA[CODESNIFFER]]></c><c/><c><![CDATA[2007-12-14 00:00:00]]></c><c/><c><![CDATA[2007-12-14 00:00:00]]></c><c/><c/></r><r><c><![CDATA[CS_MySource_Sniffs_PHP_ReturnFunctionValueSniff]]></c><c/><c/><c><![CDATA[CODESNIFFER]]></c><c/><c><![CDATA[2007-12-14 00:00:00]]></c><c/><c><![CDATA[2007-12-14 00:00:00]]></c><c/><c/></r><r><c><![CDATA[CS_MySource_Sniffs_PHP_EvalObjectFactorySniff]]></c><c/><c/><c><![CDATA[CODESNIFFER]]></c><c/><c><![CDATA[2007-12-14 00:00:00]]></c><c/><c><![CDATA[2007-12-14 00:00:00]]></c><c/><c/></r><r><c><![CDATA[CS_MySource_Sniffs_Channels_IncludeSystemSniff]]></c><c/><c/><c><![CDATA[CODESNIFFER]]></c><c/><c><![CDATA[2007-12-14 00:00:00]]></c><c/><c><![CDATA[2007-12-14 00:00:00]]></c><c/><c/></r><r><c><![CDATA[CS_Generic_Sniffs_PHP_ForbiddenFunctionsSniff]]></c><c/><c/><c><![CDATA[CODESNIFFER]]></c><c/><c><![CDATA[2007-12-14 00:00:00]]></c><c/><c><![CDATA[2007-12-14 00:00:00]]></c><c/><c/></r><r><c><![CDATA[CS_Generic_Sniffs_PHP_DisallowShortOpenTagSniff]]></c><c/><c/><c><![CDATA[CODESNIFFER]]></c><c/><c><![CDATA[2007-12-14 00:00:00]]></c><c/><c><![CDATA[2007-12-14 00:00:00]]></c><c/><c/></r><r><c><![CDATA[CS_Generic_Sniffs_NamingConventions_UpperCaseConstantNameSniff]]></c><c/><c/><c><![CDATA[CODESNIFFER]]></c><c/><c><![CDATA[2007-12-14 00:00:00]]></c><c/><c><![CDATA[2007-12-14 00:00:00]]></c><c/><c/></r><r><c><![CDATA[CS_Generic_Sniffs_Files_LineLengthSniff]]></c><c/><c/><c><![CDATA[CODESNIFFER]]></c><c/><c><![CDATA[2007-12-14 00:00:00]]></c><c/><c><![CDATA[2007-12-14 00:00:00]]></c><c/><c/></r><r><c><![CDATA[CS_Generic_Sniffs_Files_LineEndingsSniff]]></c><c/><c/><c><![CDATA[CODESNIFFER]]></c><c/><c><![CDATA[2007-12-14 00:00:00]]></c><c/><c><![CDATA[2007-12-14 00:00:00]]></c><c/><c/></r></e>