﻿<?xml version="1.0" encoding="UTF-8"?>
<office:document-content xmlns:office="urn:oasis:names:tc:opendocument:xmlns:office:1.0" xmlns:style="urn:oasis:names:tc:opendocument:xmlns:style:1.0" xmlns:text="urn:oasis:names:tc:opendocument:xmlns:text:1.0" xmlns:table="urn:oasis:names:tc:opendocument:xmlns:table:1.0" xmlns:draw="urn:oasis:names:tc:opendocument:xmlns:drawing:1.0" xmlns:fo="urn:oasis:names:tc:opendocument:xmlns:xsl-fo-compatible:1.0" xmlns:xlink="http://www.w3.org/1999/xlink" xmlns:dc="http://purl.org/dc/elements/1.1/" xmlns:meta="urn:oasis:names:tc:opendocument:xmlns:meta:1.0" xmlns:number="urn:oasis:names:tc:opendocument:xmlns:datastyle:1.0" xmlns:svg="urn:oasis:names:tc:opendocument:xmlns:svg-compatible:1.0" xmlns:chart="urn:oasis:names:tc:opendocument:xmlns:chart:1.0" xmlns:dr3d="urn:oasis:names:tc:opendocument:xmlns:dr3d:1.0" xmlns:math="http://www.w3.org/1998/Math/MathML" xmlns:form="urn:oasis:names:tc:opendocument:xmlns:form:1.0" xmlns:script="urn:oasis:names:tc:opendocument:xmlns:script:1.0" xmlns:ooo="http://openoffice.org/2004/office" xmlns:ooow="http://openoffice.org/2004/writer" xmlns:oooc="http://openoffice.org/2004/calc" xmlns:dom="http://www.w3.org/2001/xml-events" xmlns:xforms="http://www.w3.org/2002/xforms" xmlns:xsd="http://www.w3.org/2001/XMLSchema" xmlns:xsi="http://www.w3.org/2001/XMLSchema-instance" office:version="1.0">
	<office:scripts/>
	<office:font-face-decls>
		<style:font-face style:name="StarSymbol" svg:font-family="StarSymbol, &apos;Arial Unicode MS&apos;" style:font-charset="x-symbol"/>
		<style:font-face style:name="Wingdings" svg:font-family="Wingdings" style:font-pitch="variable" style:font-charset="x-symbol"/>
		<style:font-face style:name="Symbol" svg:font-family="Symbol" style:font-family-generic="roman" style:font-pitch="variable" style:font-charset="x-symbol"/>
		<style:font-face style:name="Wingdings 2" svg:font-family="&apos;Wingdings 2&apos;" style:font-family-generic="roman" style:font-pitch="variable" style:font-charset="x-symbol"/>
		<style:font-face style:name="Courier New" svg:font-family="&apos;Courier New&apos;" style:font-family-generic="modern"/>
		<style:font-face style:name="Arial Black1" svg:font-family="&apos;Arial Black&apos;" style:font-family-generic="roman"/>
		<style:font-face style:name="Arial Unicode MS" svg:font-family="&apos;Arial Unicode MS&apos;" style:font-pitch="variable"/>
		<style:font-face style:name="Tahoma" svg:font-family="Tahoma" style:font-pitch="variable"/>
		<style:font-face style:name="Times New Roman" svg:font-family="&apos;Times New Roman&apos;" style:font-family-generic="roman" style:font-pitch="variable"/>
		<style:font-face style:name="Arial" svg:font-family="Arial" style:font-family-generic="swiss" style:font-pitch="variable"/>
		<style:font-face style:name="Arial Black" svg:font-family="&apos;Arial Black&apos;" style:font-family-generic="swiss" style:font-pitch="variable"/>
		<style:font-face style:name="Arial Unicode MS1" svg:font-family="&apos;Arial Unicode MS&apos;" style:font-family-generic="swiss" style:font-pitch="variable"/>
		<style:font-face style:name="Tahoma1" svg:font-family="Tahoma" style:font-family-generic="swiss" style:font-pitch="variable"/>
		<style:font-face style:name="Verdana" svg:font-family="Verdana" style:font-family-generic="swiss" style:font-pitch="variable"/>
	</office:font-face-decls>
		<office:automatic-styles>
          <office:automatic-styles>@CONTENT-STYLES</office:automatic-styles>
		</office:automatic-styles>
	<office:body>
		<office:text>
			<text:sequence-decls>
				<text:sequence-decl text:display-outline-level="0" text:name="Illustration"/>
				<text:sequence-decl text:display-outline-level="0" text:name="Table"/>
				<text:sequence-decl text:display-outline-level="0" text:name="Text"/>
				<text:sequence-decl text:display-outline-level="0" text:name="Drawing"/>
			</text:sequence-decls>
			<text:p text:style-name="P1"/>
			<text:p text:style-name="P2"/>
			<text:p text:style-name="P2"/>
			<text:p text:style-name="P2"/>
			<text:p text:style-name="P2"/>
			<text:p text:style-name="P2">
				<draw:frame draw:style-name="fr1" draw:name="Image1" text:anchor-type="as-char" svg:width="15.233cm" svg:height="9.423cm" draw:z-index="0">
					<draw:image xlink:href="Pictures/100000000000052C00000333B2160036.jpg" xlink:type="simple" xlink:show="embed" xlink:actuate="onLoad"/>
				</draw:frame>
			</text:p>
      <text:p text:style-name="P2">@TITLE</text:p>

			<text:p text:style-name="P5"/>
			<text:p text:style-name="P6"/>
			<text:p text:style-name="P7">Table des matières</text:p>
			<text:table-of-content text:style-name="Sect2" text:name="Table des matières1">
				<text:table-of-content-source text:outline-level="3" text:use-index-marks="false" text:use-index-source-styles="true">
					<text:index-title-template text:style-name="Contents_20_Heading"/>
					<text:table-of-content-entry-template text:outline-level="1" text:style-name="Contents_20_1">
						<text:index-entry-link-start/>
						<text:index-entry-chapter/>
						<text:index-entry-span>-</text:index-entry-span>
						<text:index-entry-text/>
						<text:index-entry-tab-stop style:type="right" style:leader-char="."/>
						<text:index-entry-page-number/>
						<text:index-entry-link-end/>
						<text:index-entry-tab-stop style:type="left" style:position="0.953cm" style:leader-char=" " style:with-tab="false"/>
						<text:index-entry-tab-stop style:type="left" style:position="16.5cm" style:leader-char="." style:with-tab="false"/>
					</text:table-of-content-entry-template>
					<text:table-of-content-entry-template text:outline-level="2" text:style-name="Contents_20_2">
						<text:index-entry-link-start/>
						<text:index-entry-chapter/>
						<text:index-entry-span>-</text:index-entry-span>
						<text:index-entry-text/>
						<text:index-entry-tab-stop style:type="right" style:leader-char="."/>
						<text:index-entry-page-number/>
						<text:index-entry-link-end/>
						<text:index-entry-tab-stop style:type="left" style:position="17.0cm" style:leader-char="." style:with-tab="false"/>
					</text:table-of-content-entry-template>
					<text:table-of-content-entry-template text:outline-level="3" text:style-name="Contents_20_3">
						<text:index-entry-link-start/>
						<text:index-entry-chapter/>
						<text:index-entry-span>-</text:index-entry-span>
						<text:index-entry-text/>
						<text:index-entry-tab-stop style:type="right" style:leader-char="."/>
						<text:index-entry-page-number/>
						<text:index-entry-link-end/>
						<text:index-entry-tab-stop style:type="left" style:position="16.5cm" style:leader-char="." style:with-tab="false"/>
					</text:table-of-content-entry-template>
					<text:table-of-content-entry-template text:outline-level="4" text:style-name="Contents_20_4">
						<text:index-entry-link-start/>
						<text:index-entry-chapter/>
						<text:index-entry-span>-</text:index-entry-span>
						<text:index-entry-text/>
						<text:index-entry-tab-stop style:type="right" style:leader-char="."/>
						<text:index-entry-page-number/>
						<text:index-entry-link-end/>
						<text:index-entry-tab-stop style:type="left" style:position="16.5cm" style:leader-char="." style:with-tab="false"/>
					</text:table-of-content-entry-template>
					<text:table-of-content-entry-template text:outline-level="5" text:style-name="Contents_20_5">
						<text:index-entry-chapter/>
						<text:index-entry-span></text:index-entry-span>
						<text:index-entry-text/>
						<text:index-entry-tab-stop style:type="right" style:leader-char="."/>
						<text:index-entry-page-number/>
						<text:index-entry-tab-stop style:type="left" style:position="15.593cm" style:leader-char="." style:with-tab="false"/>
					</text:table-of-content-entry-template>
					<text:table-of-content-entry-template text:outline-level="6" text:style-name="Contents_20_6">
						<text:index-entry-chapter/>
						<text:index-entry-span></text:index-entry-span>
						<text:index-entry-text/>
						<text:index-entry-tab-stop style:type="right" style:leader-char="."/>
						<text:index-entry-page-number/>
						<text:index-entry-tab-stop style:type="left" style:position="15.094cm" style:leader-char="." style:with-tab="false"/>
					</text:table-of-content-entry-template>
					<text:table-of-content-entry-template text:outline-level="7" text:style-name="Contents_20_7">
						<text:index-entry-chapter/>
						<text:index-entry-span></text:index-entry-span>
						<text:index-entry-text/>
						<text:index-entry-tab-stop style:type="right" style:leader-char="."/>
						<text:index-entry-page-number/>
						<text:index-entry-tab-stop style:type="left" style:position="14.594cm" style:leader-char="." style:with-tab="false"/>
					</text:table-of-content-entry-template>
					<text:table-of-content-entry-template text:outline-level="8" text:style-name="Contents_20_8">
						<text:index-entry-chapter/>
						<text:index-entry-span></text:index-entry-span>
						<text:index-entry-text/>
						<text:index-entry-tab-stop style:type="right" style:leader-char="."/>
						<text:index-entry-page-number/>
						<text:index-entry-tab-stop style:type="left" style:position="14.095cm" style:leader-char="." style:with-tab="false"/>
					</text:table-of-content-entry-template>
					<text:table-of-content-entry-template text:outline-level="9" text:style-name="Contents_20_9">
						<text:index-entry-chapter/>
						<text:index-entry-span></text:index-entry-span>
						<text:index-entry-text/>
						<text:index-entry-tab-stop style:type="right" style:leader-char="."/>
						<text:index-entry-page-number/>
						<text:index-entry-tab-stop style:type="left" style:position="13.596cm" style:leader-char="." style:with-tab="false"/>
					</text:table-of-content-entry-template>
					<text:table-of-content-entry-template text:outline-level="10" text:style-name="Contents_20_10">
						<text:index-entry-chapter/>
						<text:index-entry-text/>
						<text:index-entry-tab-stop style:type="right" style:leader-char="."/>
						<text:index-entry-page-number/>
						<text:index-entry-tab-stop style:type="left" style:position="13.097cm" style:leader-char="." style:with-tab="false"/>
					</text:table-of-content-entry-template>
					<text:index-source-styles text:outline-level="1">
						<text:index-source-style text:style-name="Heading_20_1"/>
					</text:index-source-styles>
					<text:index-source-styles text:outline-level="2">
						<text:index-source-style text:style-name="Heading_20_2"/>
					</text:index-source-styles>
					<text:index-source-styles text:outline-level="3">
						<text:index-source-style text:style-name="Heading_20_3"/>
					</text:index-source-styles>
					<text:index-source-styles text:outline-level="4">
						<text:index-source-style text:style-name="Heading_20_4"/>
					</text:index-source-styles>
					<text:index-source-styles text:outline-level="5">
						<text:index-source-style text:style-name="Heading_20_5"/>
					</text:index-source-styles>
					<text:index-source-styles text:outline-level="6">
						<text:index-source-style text:style-name="Heading_20_6"/>
					</text:index-source-styles>
					<text:index-source-styles text:outline-level="7">
						<text:index-source-style text:style-name="Heading_20_7"/>
					</text:index-source-styles>
					<text:index-source-styles text:outline-level="8">
						<text:index-source-style text:style-name="Heading_20_8"/>
					</text:index-source-styles>
					<text:index-source-styles text:outline-level="9">
						<text:index-source-style text:style-name="Heading_20_9"/>
					</text:index-source-styles>
				</text:table-of-content-source>
				<text:index-body>
					<text:p text:style-name="P8">1 Introduction<text:tab/>4</text:p>
					<text:p text:style-name="P9">1.1 Le CENTRE D&apos;AUDIT COMPUWARE<text:tab/>4</text:p>
					<text:p text:style-name="P10">1.1.1 Présentation<text:tab/>4</text:p>
					<text:p text:style-name="P10">1.1.2 Norme ISO 9126<text:tab/>4</text:p>
					<text:p text:style-name="P11">1.1.2.1 Présentation<text:tab/>4</text:p>
					<text:p text:style-name="P11">1.1.2.2 Avantages<text:tab/>5</text:p>
					<text:p text:style-name="P10">1.1.3 Méthodologie "Goals Questions Metrics"<text:tab/>5</text:p>
					<text:p text:style-name="P11">1.1.3.1 Présentation<text:tab/>5</text:p>
					<text:p text:style-name="P11">1.1.3.2 Avantages<text:tab/>6</text:p>
					<text:p text:style-name="P10">1.1.4 Modèle qualimétrique Compuware<text:tab/>6</text:p>
					<text:p text:style-name="P9">1.2 Comment lire ce rapport<text:tab/>7</text:p>
					<text:p text:style-name="P10">1.2.1 3 niveaux de lecture<text:tab/>7</text:p>
					<text:p text:style-name="P10">1.2.2 Graphe de Kiviat ou radar<text:tab/>7</text:p>
					<text:p text:style-name="P10">1.2.3 Scatterplot ou Graphe 2D<text:tab/>8</text:p>
					<text:p text:style-name="P8">2 Synthèse qualité<text:tab/>9</text:p>
					<text:p text:style-name="P9">2.1 Contexte de l&apos;audit<text:tab/>9</text:p>
					<text:p text:style-name="P10">2.1.1 Système audité<text:tab/>9</text:p>
					<text:p text:style-name="P10">2.1.2 Suivi des versions de l&apos;outillage utilisé<text:tab/>9</text:p>
					<text:p text:style-name="P9">2.2 Synthèse des objectifs qualité<text:tab/>10</text:p>
					<text:p text:style-name="P9">2.3 Analyse de la répartition des défauts<text:tab/>10</text:p>
					<text:p text:style-name="P9">2.4 Analyse de la répartition des éléments<text:tab/>11</text:p>
					<text:p text:style-name="P9">2.5 Plan d&apos;actions préconisé<text:tab/>11</text:p>
					<text:p text:style-name="P8">3 Détails des objectifs qualité<text:tab/>12</text:p>
					<text:p text:style-name="P8">4 Détails des critères qualité<text:tab/>13</text:p>
				</text:index-body>
			</text:table-of-content>
			<text:p text:style-name="P12"/>
			<text:p text:style-name="P5"/>
			<text:p text:style-name="P14">Index des illustrations</text:p>
			<text:illustration-index text:style-name="Sect2" text:name="Index des illustrations1">
				<text:illustration-index-source text:caption-sequence-name="ILLUSTRATION" text:caption-sequence-format="text">
					<text:index-title-template text:style-name="Illustration_20_Index_20_Heading"/>
					<text:illustration-index-entry-template text:style-name="Contents_20_1">
						<text:index-entry-link-start/>
						<text:index-entry-text/>
						<text:index-entry-tab-stop style:type="right" style:leader-char="."/>
						<text:index-entry-page-number/>
						<text:index-entry-link-end/>
					</text:illustration-index-entry-template>
				</text:illustration-index-source>
				<text:index-body>
					<text:p text:style-name="P8">Illustration 1: Diagramme des caractéristiques et sous-caractéristiques qualité de la norme ISO 9126<text:tab/>4</text:p>
					<text:p text:style-name="P8">Illustration 2: Exemple d&apos;implémentation de la méthodologie G.Q.M.<text:tab/>6</text:p>
					<text:p text:style-name="P8">Illustration 3: exemple de graphe Kiviat ou radar<text:tab/>7</text:p>
					<text:p text:style-name="P8">Illustration 4: Scatterplot ou graphe 2D<text:tab/>8</text:p>
					<text:p text:style-name="P8">Illustration 5: Kiviat du système audité<text:tab/>10</text:p>
					<text:p text:style-name="P8">Illustration 6: Répartition des défauts par objectif<text:tab/>12</text:p>
					<text:p text:style-name="P8">Illustration 7: Répartition des défauts par critère<text:tab/>13</text:p>
				</text:index-body>
			</text:illustration-index>
			<text:p text:style-name="P13"/>
			<text:p text:style-name="P5"/>
			<text:p text:style-name="P14">Index des tableaux</text:p>
			<text:illustration-index text:style-name="Sect2" text:name="Index des illustrations2">
				<text:illustration-index-source text:caption-sequence-name="TABLEAU" text:caption-sequence-format="text">
					<text:index-title-template text:style-name="Illustration_20_Index_20_Heading"/>
					<text:illustration-index-entry-template text:style-name="Contents_20_1">
						<text:index-entry-link-start/>
						<text:index-entry-text/>
						<text:index-entry-tab-stop style:type="right" style:leader-char="."/>
						<text:index-entry-page-number/>
						<text:index-entry-link-end/>
					</text:illustration-index-entry-template>
				</text:illustration-index-source>
				<text:index-body>
					<text:p text:style-name="P8">Tableau 1: Système de notation préconisé par la norme ISO 9126 et utilisé par le C.A.C.<text:tab/>5</text:p>
					<text:p text:style-name="P8">Tableau 2: Système audité<text:tab/>9</text:p>
					<text:p text:style-name="P8">Tableau 3: Suivi des versions de l&apos;outillage utilisé<text:tab/>9</text:p>
					<text:p text:style-name="P8">Tableau 4: Synthèse des notes des objectifs<text:tab/>10</text:p>
					<text:p text:style-name="P8">Tableau 5: Répartition des défauts par sévérité<text:tab/>10</text:p>
					<text:p text:style-name="P8">Tableau 6: Répartition des éléments par état d&apos;acceptabilité<text:tab/>11</text:p>
				</text:index-body>
			</text:illustration-index>
				<text:p text:style-name="P15"/>
				<text:h text:style-name="P16" text:outline-level="1">Introduction</text:h>
				<text:h text:style-name="P17" text:outline-level="2">Le CENTRE D&apos;AUDIT COMPUWARE</text:h>
				<text:h text:style-name="P18" text:outline-level="3">Présentation</text:h>
				<text:p text:style-name="Standard"/>
				<text:p text:style-name="Standard">Le Centre d’Audit Compuware répond à une question qui est aussi, bien souvent, un défi pour les directions informatiques : « Comment concilier qualité du code, performance en exploitation et respect des attentes des utilisateurs ?...»</text:p>
				<text:p text:style-name="Standard"/>
				<text:p text:style-name="Standard">
					Pour répondre à ces attentes, déterminantes pour l’évolution des applications, le Centre d’Audit Compuware propose <text:s/>une méthodologie éprouvée et opérationnelle basée sur trois pôles :
				</text:p>
				<text:p text:style-name="Standard"/>
				<text:p text:style-name="Standard">
					-L’amélioration de la qualité de code
				</text:p>
				<text:p text:style-name="Standard"/>
				<text:p text:style-name="Standard">-L’optimisation des performances en exploitation</text:p>
				<text:p text:style-name="Standard"/>
				<text:p text:style-name="Standard">-La prise en compte de la perception des utilisateurs</text:p>
				<text:p text:style-name="Standard"/>
				<text:p text:style-name="Standard"/>
				<text:h text:style-name="P20" text:outline-level="3">Norme ISO 9126</text:h>
				<text:h text:style-name="P21" text:outline-level="4">Présentation</text:h>
				<text:p text:style-name="P22">La norme ISO 9126 est LA norme de référence pour l&apos;évaluation de la qualité des logiciels. Elle définit les caractéristiques et sous-caractéristiques pour l&apos;évaluation de la qualité d&apos;un logiciel.</text:p>
				<text:p text:style-name="P35">
					<draw:frame draw:style-name="fr1" draw:name="Image2" text:anchor-type="as-char" svg:width="15.228cm" svg:height="8.573cm" draw:z-index="40">
						<draw:image xlink:href="Pictures/iso9126.jpg" xlink:type="simple" xlink:show="embed" xlink:actuate="onLoad"/>
					</draw:frame>
				</text:p>
				<text:p text:style-name="Inter">
					<text:span text:style-name="T2">Illustration </text:span>
					<text:sequence text:ref-name="refIllustration0" text:name="Illustration" text:formula="ooow:Illustration+1" style:num-format="1">1</text:sequence>
					<text:span text:style-name="T2">: Diagramme des caractéristiques et sous-caractéristiques qualité de la norme ISO 9126</text:span>
				</text:p>
				<text:p text:style-name="P23"/>
				<text:p text:style-name="P22">La conformité avec ces caractéristiques qualité peut être vérifiée au travers :</text:p>
				<text:list text:style-name="WW8Num3">
					<text:list-item>
						<text:p text:style-name="P34">d&apos;analyse statique de code</text:p>
					</text:list-item>
					<text:list-item>
						<text:p text:style-name="P34">d&apos;analyse de la performance</text:p>
					</text:list-item>
					<text:list-item>
						<text:p text:style-name="P34">d&apos;enquêtes de satisfaction utilisateurs</text:p>
					</text:list-item>
				</text:list>
				<text:p text:style-name="Standard"/>
				<text:p text:style-name="P22">La norme ISO 9126 préconise l&apos;utilisation d&apos;un système de notation à 4 niveaux. Ce système permet de comprendre rapidement l&apos;état d&apos;acceptabilité d&apos;un élément ou d&apos;un ensemble d&apos;éléments de l&apos;application.</text:p>
				<text:p text:style-name="P22"/>
				<table:table table:name="Tableau1" table:style-name="Tableau1">
					<table:table-column table:style-name="Tableau1.A"/>
					<table:table-column table:style-name="Tableau1.B"/>
					<table:table-column table:style-name="Tableau1.C"/>
					<table:table-row table:style-name="Tableau1.1">
						<table:table-cell table:style-name="Tableau1.A1" office:value-type="string">
							<text:p text:style-name="P26">1</text:p>
						</table:table-cell>
						<table:table-cell table:style-name="Tableau1.A1" office:value-type="string">
							<text:p text:style-name="P27">Qualité non acceptable</text:p>
						</table:table-cell>
						<table:table-cell table:style-name="Tableau1.C1" office:value-type="string">
							<text:p text:style-name="P28">
								<text:span text:style-name="T2">Le niveau de qualité n&apos;est pas acceptable. </text:span>L&apos;élément doit être corrigé.</text:p>
						</table:table-cell>
					</table:table-row>
					<table:table-row table:style-name="Tableau1.2">
						<table:table-cell table:style-name="Tableau1.A2" office:value-type="string">
							<text:p text:style-name="P29">2</text:p>
						</table:table-cell>
						<table:table-cell table:style-name="Tableau1.A2" office:value-type="string">
							<text:p text:style-name="P30">Justification nécessaire</text:p>
						</table:table-cell>
						<table:table-cell table:style-name="Tableau1.C2" office:value-type="string">
							<text:p text:style-name="P31">Une dérogation au respect de la règle est envisageable mais seulement si une justification valable est apportée.</text:p>
						</table:table-cell>
					</table:table-row>
					<table:table-row table:style-name="Tableau1.1">
						<table:table-cell table:style-name="Tableau1.A3" office:value-type="string">
							<text:p text:style-name="P29">3</text:p>
						</table:table-cell>
						<table:table-cell table:style-name="Tableau1.A3" office:value-type="string">
							<text:p text:style-name="P32">Objectif qualité atteint</text:p>
						</table:table-cell>
						<table:table-cell table:style-name="Tableau1.C2" office:value-type="string">
							<text:p text:style-name="P31">Le niveau de respect de la règle est satisfaisant.</text:p>
						</table:table-cell>
					</table:table-row>
					<table:table-row table:style-name="Tableau1.1">
						<table:table-cell table:style-name="Tableau1.A4" office:value-type="string">
							<text:p text:style-name="P29">4</text:p>
						</table:table-cell>
						<table:table-cell table:style-name="Tableau1.A4" office:value-type="string">
							<text:p text:style-name="P32">Objectifs qualité dépassés</text:p>
						</table:table-cell>
						<table:table-cell table:style-name="Tableau1.C2" office:value-type="string">
							<text:p text:style-name="P31">Les attentes qualité ont été dépassées.</text:p>
						</table:table-cell>
					</table:table-row>
				</table:table>
				<text:p text:style-name="Inter">
					<text:span text:style-name="T2">Tableau </text:span>
					<text:sequence text:ref-name="refTable0" text:name="Table" text:formula="ooow:Table+1" style:num-format="1">1</text:sequence>
					<text:span text:style-name="T2">: Système de notation préconisé par la norme ISO 9126 et utilisé par le C.A.C.</text:span>
				</text:p>
				<text:p text:style-name="Standard"/>
				<text:p text:style-name="Standard"/>
				<text:h text:style-name="P33" text:outline-level="4">Avantages</text:h>
				<text:list text:style-name="WW8Num3">
					<text:list-item>
						<text:p text:style-name="P34">La norme ISO 9126 est une référence pour l&apos;industrie et les services</text:p>
					</text:list-item>
					<text:list-item>
						<text:p text:style-name="P34">Le système de notation préconisé permet de connaitre, rapidement, l&apos;état d&apos;acceptabilité d&apos;une application pour chacune des caractéristiques et sous-caractéristiques.</text:p>
					</text:list-item>
				</text:list>
				<text:h text:style-name="P18" text:outline-level="3">Méthodologie "Goals Questions Metrics"</text:h>
				<text:h text:style-name="P33" text:outline-level="4">Présentation</text:h>
				<text:p text:style-name="P22">La méthodologie "Goals Questions Metrics" est une méthodologie simple et pragmatique qui est utilisée par de nombreuses sociétés et centres de recherches prestigieux (Cf Annexe Bibliographie G.Q.M.). </text:p>
				<text:p text:style-name="P22">Après avoir paramétré les objectifs visés, un ensemble de questions est établi afin de vérifier l&apos;atteinte de chaque objectif. Pour répondre de manière factuelle à chacune des questions, des métriques sont utilisées.</text:p>
				<text:p text:style-name="P35">
					<draw:frame draw:style-name="fr1" draw:name="Image3" text:anchor-type="as-char" svg:width="12.982cm" svg:height="7.696cm" draw:z-index="42">
						<draw:image xlink:href="Pictures/20000007000047BB000029C22050A5FD.wmf" xlink:type="simple" xlink:show="embed" xlink:actuate="onLoad"/>
					</draw:frame>
				</text:p>
				<text:p text:style-name="Inter">
					<text:span text:style-name="T2">Illustration </text:span>
					<text:sequence text:ref-name="refIllustration1" text:name="Illustration" text:formula="ooow:Illustration+1" style:num-format="1">2</text:sequence>
					<text:span text:style-name="T2">: Exemple d&apos;implémentation de la méthodologie G.Q.M.</text:span>
				</text:p>
				<text:h text:style-name="P33" text:outline-level="4">Avantages</text:h>
				<text:p text:style-name="Standard"/>
				<text:list text:style-name="WW8Num4">
					<text:list-item>
						<text:p text:style-name="P36">L&apos;utilisation de cette méthodologie permet de valider l&apos;atteinte d&apos;objectifs globaux et d&apos;effectuer un "drill-down" précis jusqu&apos;aux défauts.</text:p>
					</text:list-item>
					<text:list-item>
						<text:p text:style-name="P36">La mise en relation des métriques, des questions et des objectifs permet de mettre en évidence l&apos;intérêt de chacun des contrôles effectués et le risque associé au non-respect d&apos;une règle.</text:p>
					</text:list-item>
					<text:list-item>
						<text:p text:style-name="P36">L&apos;accès aux métriques est possible sans toutefois être nécessaire, ce qui permet aux experts techniques et aux non techniciens d&apos;obtenir l&apos;information dont ils ont besoin.</text:p>
					</text:list-item>
					<text:list-item>
						<text:p text:style-name="P36">La reproductibilité de l&apos;analyse permet un suivi de l&apos;évolution de chaque objectif, question et métrique.</text:p>
					</text:list-item>
				</text:list>
				<text:p text:style-name="P22"/>
				<text:h text:style-name="P18" text:outline-level="3">Modèle qualimétrique Compuware</text:h>
				<text:p text:style-name="Standard"/>
				<text:p text:style-name="P22">En se basant sur le modèle de la norme ISO 9126, ainsi que sur plus de 30 ans d&apos;expérience dans les domaines de la qualité des applications, Compuware a instancié la méthodologie Goals Questions Metrics afin d&apos;être en mesure de fournir des rapports d&apos;audits fournissant l&apos;information nécessaire pour chaque application pour :</text:p>
				<text:p text:style-name="P22">La qualité intrinsèque (qualité du code)</text:p>
				<text:p text:style-name="P22">La qualité opérationnelle (performance des applications)</text:p>
				<text:p text:style-name="P22">La qualité perçue (satisfaction des utilisateurs)</text:p>
				<text:p text:style-name="P22"/>
				<text:h text:style-name="P17" text:outline-level="2">Comment lire ce rapport</text:h>
				<text:h text:style-name="P18" text:outline-level="3">3 niveaux de lecture</text:h>
				<text:p text:style-name="P22">Ce rapport contient 3 niveaux de lecture, répartis en 3 chapitres :</text:p>
				<text:p text:style-name="P22"/>
				<text:list text:style-name="WW8Num5">
					<text:list-item>
						<text:p text:style-name="P37">Synthèse qualité : ce chapitre permet d&apos;avoir une vision d&apos;ensemble de la qualité du système audité. Destiné au management, il contient les principaux faits collectés sur l&apos;application, les commentaires de l&apos;auditeur ainsi qu&apos;une préconisation de plan d&apos;actions.</text:p>
					</text:list-item>
				</text:list>
				<text:p text:style-name="P38"/>
				<text:list text:style-name="WW8Num5">
					<text:list-item>
						<text:p text:style-name="P37">Détails des objectifs qualité : ce chapitre reprend chacun des objectifs qualité individuellement et détail les critères qui ont dégradé la note obtenue. Destiné aux chefs de projet, il permet d&apos;identifier rapidement les points faibles du système audité et d&apos;évaluer les efforts de correction grâce à la mesure des éléments en défaut.</text:p>
					</text:list-item>
				</text:list>
				<text:p text:style-name="P38"/>
				<text:list text:style-name="WW8Num5">
					<text:list-item>
						<text:p text:style-name="P37">Détails des critères qualité : ce chapitre liste l&apos;ensemble des éléments en défaut. Destiné aux développeurs/mainteneurs, il permet d&apos;identifier de façon précise chacun des défauts, de comprendre sa signification et propose une solution de "refactoring" générique.</text:p>
					</text:list-item>
				</text:list>
				<text:p text:style-name="P22"/>
				<text:h text:style-name="P18" text:outline-level="3">Graphe de Kiviat ou radar</text:h>
				<text:p text:style-name="Standard"/>
				<text:p text:style-name="P35">
					<draw:frame draw:style-name="fr1" draw:name="Image4" text:anchor-type="as-char" svg:width="9.269cm" svg:height="7.946cm" draw:z-index="17">
						<draw:image xlink:href="Pictures/200000070000242D00001F0361488751.wmf" xlink:type="simple" xlink:show="embed" xlink:actuate="onLoad"/>
					</draw:frame>
				</text:p>
				<text:p text:style-name="Inter">
					<text:span text:style-name="T2">Illustration </text:span>
					<text:sequence text:ref-name="refIllustration2" text:name="Illustration" text:formula="ooow:Illustration+1" style:num-format="1">3</text:sequence>
					<text:span text:style-name="T2">: exemple de graphe Kiviat ou radar</text:span>
				</text:p>
				<text:p text:style-name="Standard"/>
				<text:p text:style-name="P22">Le graphique suivant permet d&apos;évaluer la qualité du système audité. La notation de 1 à 4 <text:s/>préconisée par la norme ISO 9126 permet de connaître immédiatement l&apos;état d&apos;acceptabilité du système. La ligne bleue représente la note obtenue par le système sur chacun des axes évalués.</text:p>
				<text:p text:style-name="P22"/>
				<text:h text:style-name="P18" text:outline-level="3">Scatterplot ou Graphe 2D</text:h>
				<text:p text:style-name="P35">
					<draw:frame draw:style-name="fr1" draw:name="Image5" text:anchor-type="as-char" svg:width="12.843cm" svg:height="8.742cm" draw:z-index="39">
						<draw:image xlink:href="Pictures/2000000700003E0400002958EA8777CA.wmf" xlink:type="simple" xlink:show="embed" xlink:actuate="onLoad"/>
					</draw:frame>
				</text:p>
				<text:p text:style-name="Inter">
					<text:span text:style-name="T2">Illustration </text:span>
					<text:sequence text:ref-name="refIllustration3" text:name="Illustration" text:formula="ooow:Illustration+1" style:num-format="1">4</text:sequence>
					<text:span text:style-name="T2">: Scatterplot ou graphe 2D</text:span>
				</text:p>
				<text:p text:style-name="P22">Ce graphique permet d&apos;analyser la distribution des méthodes, fonctions ou paragraphes en fonction de leur complexité cyclomatique (nombre de décisions) et de leur déstructuration.</text:p>
				<text:p text:style-name="P22">En fonction de leur position dans l&apos;un des quatre cadrans du graphique les méthodes, fonctions ou paragraphes sont :</text:p>
				<text:list text:style-name="WW8Num6">
					<text:list-item>
						<text:p text:style-name="P39">Cadran supérieur-droit : difficiles à comprendre car l&apos;algorithme présente de nombreuses ruptures logiques (return, goto, ...).</text:p>
					</text:list-item>
					<text:list-item>
						<text:p text:style-name="P39">Cadran inférieur-droit : difficiles à tester car l&apos;algorithme comporte de nombreuses décisions et donc de nombreux chemins de test.</text:p>
					</text:list-item>
					<text:list-item>
						<text:p text:style-name="P39">Cadran inférieur-gauche : sans difficulté apparente à partir de ces 2 métriques</text:p>
					</text:list-item>
					<text:list-item>
						<text:p text:style-name="P39">Cadran supérieur-gauche : déstructurées mais dans une limite acceptable. À surveiller pour que les méthodes ne "migrent" pas dans le cadrant supérieur droit lors des maintenances successives.</text:p>
					</text:list-item>
				</text:list>
				<text:p text:style-name="P22"/>
				<text:p text:style-name="P22"/>
				<text:p text:style-name="P22"/>
				<text:h text:style-name="P40" text:outline-level="1">Synthèse qualité</text:h>
				<text:p text:style-name="P22"/>
				<text:h text:style-name="P17" text:outline-level="2">Contexte de l&apos;audit</text:h>
				
        <text:p text:style-name="Standard">@GENERAL-INFOS</text:p>
				
				<text:h text:style-name="P45" text:outline-level="3" text:is-list-header="true"/>

        <text:p text:style-name="Standard">@SYNTHESE</text:p>
        <text:p text:style-name="Standard">@SYNTHESE-BOTTOMUP</text:p>
        <text:p text:style-name="Standard">@SYNTHESE-EVOLUTION</text:p>
        <text:p text:style-name="Standard">@SYNTHESE-ACTIONPLAN</text:p>
				
        <text:p text:style-name="Standard">@SYNTHESE-OBJECTIFS</text:p>
        <text:p text:style-name="Standard">@SYNTHESE-JUSTIFICATIONS</text:p>

		</office:text>
	</office:body>
</office:document-content>
