<?xml version="1.0"  encoding="UTF-8"?><e><r><c><![CDATA[EVOL]]></c><c><![CDATA[2006-07-19 00:00:00]]></c><c><![CDATA[2008-01-29 15:28:07]]></c><c><![CDATA[2006-07-19 00:00:00]]></c><c/></r><r><c><![CDATA[FIAB]]></c><c><![CDATA[2006-07-19 00:00:00]]></c><c/><c><![CDATA[2006-07-19 00:00:00]]></c><c/></r><r><c><![CDATA[MAIN]]></c><c><![CDATA[2006-07-19 00:00:00]]></c><c/><c><![CDATA[2006-07-19 00:00:00]]></c><c/></r><r><c><![CDATA[PERT]]></c><c><![CDATA[2006-07-19 00:00:00]]></c><c/><c><![CDATA[2006-07-19 00:00:00]]></c><c/></r><r><c><![CDATA[REUT]]></c><c><![CDATA[2006-07-19 00:00:00]]></c><c/><c><![CDATA[2006-07-19 00:00:00]]></c><c/></r><r><c><![CDATA[ROBU]]></c><c><![CDATA[2006-07-19 00:00:00]]></c><c/><c><![CDATA[2006-07-19 00:00:00]]></c><c/></r><r><c><![CDATA[WEB]]></c><c><![CDATA[2007-12-10 00:00:00]]></c><c><![CDATA[2007-12-10 00:00:00]]></c><c><![CDATA[2007-12-10 00:00:00]]></c><c/></r></e>