<?xml version="1.0"  encoding="UTF-8"?><e><r><c><![CDATA[type_element]]></c><c><![CDATA[compl]]></c><c><![CDATA[CLS]]></c><c><![CDATA[en]]></c><c><![CDATA[Class]]></c></r><r><c><![CDATA[type_element]]></c><c><![CDATA[compl]]></c><c><![CDATA[CLS]]></c><c><![CDATA[es]]></c><c><![CDATA[CLS]]></c></r><r><c><![CDATA[type_element]]></c><c><![CDATA[compl]]></c><c><![CDATA[CLS]]></c><c><![CDATA[fr]]></c><c><![CDATA[Classe]]></c></r><r><c><![CDATA[type_element]]></c><c><![CDATA[desc]]></c><c><![CDATA[CLS]]></c><c><![CDATA[en]]></c><c><![CDATA[Class]]></c></r><r><c><![CDATA[type_element]]></c><c><![CDATA[desc]]></c><c><![CDATA[CLS]]></c><c><![CDATA[es]]></c><c><![CDATA[CLS]]></c></r><r><c><![CDATA[type_element]]></c><c><![CDATA[desc]]></c><c><![CDATA[CLS]]></c><c><![CDATA[fr]]></c><c><![CDATA[Classe]]></c></r><r><c><![CDATA[type_element]]></c><c><![CDATA[lib]]></c><c><![CDATA[CLS]]></c><c><![CDATA[en]]></c><c><![CDATA[Class]]></c></r><r><c><![CDATA[type_element]]></c><c><![CDATA[lib]]></c><c><![CDATA[CLS]]></c><c><![CDATA[es]]></c><c><![CDATA[CLS]]></c></r><r><c><![CDATA[type_element]]></c><c><![CDATA[lib]]></c><c><![CDATA[CLS]]></c><c><![CDATA[fr]]></c><c><![CDATA[Classe]]></c></r><r><c><![CDATA[type_element]]></c><c><![CDATA[desc]]></c><c><![CDATA[EA]]></c><c><![CDATA[en]]></c><c><![CDATA[Application entity]]></c></r><r><c><![CDATA[type_element]]></c><c><![CDATA[desc]]></c><c><![CDATA[EA]]></c><c><![CDATA[fr]]></c><c><![CDATA[Entité applicative]]></c></r><r><c><![CDATA[type_element]]></c><c><![CDATA[lib]]></c><c><![CDATA[EA]]></c><c><![CDATA[en]]></c><c><![CDATA[Application entity]]></c></r><r><c><![CDATA[type_element]]></c><c><![CDATA[lib]]></c><c><![CDATA[EA]]></c><c><![CDATA[fr]]></c><c><![CDATA[Entité applicative]]></c></r><r><c><![CDATA[type_element]]></c><c><![CDATA[desc]]></c><c><![CDATA[JSP]]></c><c><![CDATA[en]]></c><c><![CDATA[JSP]]></c></r><r><c><![CDATA[type_element]]></c><c><![CDATA[desc]]></c><c><![CDATA[JSP]]></c><c><![CDATA[es]]></c><c><![CDATA[JSP]]></c></r><r><c><![CDATA[type_element]]></c><c><![CDATA[desc]]></c><c><![CDATA[JSP]]></c><c><![CDATA[fr]]></c><c><![CDATA[Java Server Pages]]></c></r><r><c><![CDATA[type_element]]></c><c><![CDATA[lib]]></c><c><![CDATA[JSP]]></c><c><![CDATA[en]]></c><c><![CDATA[JSP]]></c></r><r><c><![CDATA[type_element]]></c><c><![CDATA[lib]]></c><c><![CDATA[JSP]]></c><c><![CDATA[es]]></c><c><![CDATA[JSP]]></c></r><r><c><![CDATA[type_element]]></c><c><![CDATA[lib]]></c><c><![CDATA[JSP]]></c><c><![CDATA[fr]]></c><c><![CDATA[JSP]]></c></r><r><c><![CDATA[type_element]]></c><c><![CDATA[compl]]></c><c><![CDATA[MET]]></c><c><![CDATA[en]]></c><c><![CDATA[Method]]></c></r><r><c><![CDATA[type_element]]></c><c><![CDATA[compl]]></c><c><![CDATA[MET]]></c><c><![CDATA[es]]></c><c><![CDATA[MET]]></c></r><r><c><![CDATA[type_element]]></c><c><![CDATA[compl]]></c><c><![CDATA[MET]]></c><c><![CDATA[fr]]></c><c><![CDATA[Methode]]></c></r><r><c><![CDATA[type_element]]></c><c><![CDATA[desc]]></c><c><![CDATA[MET]]></c><c><![CDATA[en]]></c><c><![CDATA[Method]]></c></r><r><c><![CDATA[type_element]]></c><c><![CDATA[desc]]></c><c><![CDATA[MET]]></c><c><![CDATA[es]]></c><c><![CDATA[MET]]></c></r><r><c><![CDATA[type_element]]></c><c><![CDATA[desc]]></c><c><![CDATA[MET]]></c><c><![CDATA[fr]]></c><c><![CDATA[Methode]]></c></r><r><c><![CDATA[type_element]]></c><c><![CDATA[lib]]></c><c><![CDATA[MET]]></c><c><![CDATA[en]]></c><c><![CDATA[Method]]></c></r><r><c><![CDATA[type_element]]></c><c><![CDATA[lib]]></c><c><![CDATA[MET]]></c><c><![CDATA[es]]></c><c><![CDATA[MET]]></c></r><r><c><![CDATA[type_element]]></c><c><![CDATA[lib]]></c><c><![CDATA[MET]]></c><c><![CDATA[fr]]></c><c><![CDATA[Methode]]></c></r><r><c><![CDATA[type_element]]></c><c><![CDATA[compl]]></c><c><![CDATA[PKG]]></c><c><![CDATA[en]]></c><c><![CDATA[Package]]></c></r><r><c><![CDATA[type_element]]></c><c><![CDATA[compl]]></c><c><![CDATA[PKG]]></c><c><![CDATA[fr]]></c><c><![CDATA[Package]]></c></r><r><c><![CDATA[type_element]]></c><c><![CDATA[desc]]></c><c><![CDATA[PKG]]></c><c><![CDATA[en]]></c><c><![CDATA[Package]]></c></r><r><c><![CDATA[type_element]]></c><c><![CDATA[desc]]></c><c><![CDATA[PKG]]></c><c><![CDATA[fr]]></c><c><![CDATA[Package]]></c></r><r><c><![CDATA[type_element]]></c><c><![CDATA[lib]]></c><c><![CDATA[PKG]]></c><c><![CDATA[en]]></c><c><![CDATA[Package]]></c></r><r><c><![CDATA[type_element]]></c><c><![CDATA[lib]]></c><c><![CDATA[PKG]]></c><c><![CDATA[fr]]></c><c><![CDATA[Package]]></c></r></e>