<?xml version="1.0"  encoding="UTF-8"?><e><r><c><![CDATA[DP-5066]]></c><c><![CDATA[VB-MIGRATION]]></c><c><![CDATA[CLS]]></c></r><r><c><![CDATA[DP-5067]]></c><c><![CDATA[VB-MIGRATION]]></c><c><![CDATA[CLS]]></c></r><r><c><![CDATA[DP-5068]]></c><c><![CDATA[VB-MIGRATION]]></c><c><![CDATA[CLS]]></c></r><r><c><![CDATA[DP-5069]]></c><c><![CDATA[VB-MIGRATION]]></c><c><![CDATA[CLS]]></c></r><r><c><![CDATA[DP-5073]]></c><c><![CDATA[VB-MIGRATION]]></c><c><![CDATA[CLS]]></c></r><r><c><![CDATA[DP-5074]]></c><c><![CDATA[VB-MIGRATION]]></c><c><![CDATA[CLS]]></c></r><r><c><![CDATA[DP-5075]]></c><c><![CDATA[VB-MIGRATION]]></c><c><![CDATA[CLS]]></c></r><r><c><![CDATA[DP-5076]]></c><c><![CDATA[VB-MIGRATION]]></c><c><![CDATA[CLS]]></c></r><r><c><![CDATA[DP-5077]]></c><c><![CDATA[VB-MIGRATION]]></c><c><![CDATA[CLS]]></c></r><r><c><![CDATA[DP-5078]]></c><c><![CDATA[VB-MIGRATION]]></c><c><![CDATA[CLS]]></c></r><r><c><![CDATA[DP-5079]]></c><c><![CDATA[VB-MIGRATION]]></c><c><![CDATA[CLS]]></c></r><r><c><![CDATA[DP-5081]]></c><c><![CDATA[VB-MIGRATION]]></c><c><![CDATA[CLS]]></c></r><r><c><![CDATA[DP-5082]]></c><c><![CDATA[VB-MIGRATION]]></c><c><![CDATA[CLS]]></c></r><r><c><![CDATA[DP-5083]]></c><c><![CDATA[VB-MIGRATION]]></c><c><![CDATA[CLS]]></c></r><r><c><![CDATA[DP-5084]]></c><c><![CDATA[VB-MIGRATION]]></c><c><![CDATA[CLS]]></c></r><r><c><![CDATA[DP-5085]]></c><c><![CDATA[VB-MIGRATION]]></c><c><![CDATA[CLS]]></c></r><r><c><![CDATA[DP-5090]]></c><c><![CDATA[VB-MIGRATION]]></c><c><![CDATA[CLS]]></c></r><r><c><![CDATA[DP-5094]]></c><c><![CDATA[VB-MIGRATION]]></c><c><![CDATA[CLS]]></c></r><r><c><![CDATA[DP-5096]]></c><c><![CDATA[VB-MIGRATION]]></c><c><![CDATA[CLS]]></c></r><r><c><![CDATA[DP-5099]]></c><c><![CDATA[VB-MIGRATION]]></c><c><![CDATA[CLS]]></c></r><r><c><![CDATA[DP-5100]]></c><c><![CDATA[VB-MIGRATION]]></c><c><![CDATA[CLS]]></c></r><r><c><![CDATA[DP-5103]]></c><c><![CDATA[VB-MIGRATION]]></c><c><![CDATA[CLS]]></c></r><r><c><![CDATA[DP-5104]]></c><c><![CDATA[VB-MIGRATION]]></c><c><![CDATA[CLS]]></c></r><r><c><![CDATA[DP-5105]]></c><c><![CDATA[VB-MIGRATION]]></c><c><![CDATA[CLS]]></c></r><r><c><![CDATA[DP-5106]]></c><c><![CDATA[VB-MIGRATION]]></c><c><![CDATA[CLS]]></c></r><r><c><![CDATA[DP-5114]]></c><c><![CDATA[VB-MIGRATION]]></c><c><![CDATA[CLS]]></c></r><r><c><![CDATA[DP-5115]]></c><c><![CDATA[VB-MIGRATION]]></c><c><![CDATA[CLS]]></c></r><r><c><![CDATA[DP-5120]]></c><c><![CDATA[VB-MIGRATION]]></c><c><![CDATA[CLS]]></c></r><r><c><![CDATA[DP-5121]]></c><c><![CDATA[VB-MIGRATION]]></c><c><![CDATA[CLS]]></c></r><r><c><![CDATA[DP-5122]]></c><c><![CDATA[VB-MIGRATION]]></c><c><![CDATA[CLS]]></c></r><r><c><![CDATA[DP-5145]]></c><c><![CDATA[VB-MIGRATION]]></c><c><![CDATA[CLS]]></c></r><r><c><![CDATA[DP-5146]]></c><c><![CDATA[VB-MIGRATION]]></c><c><![CDATA[CLS]]></c></r><r><c><![CDATA[DP-5147]]></c><c><![CDATA[VB-MIGRATION]]></c><c><![CDATA[CLS]]></c></r><r><c><![CDATA[DP-5148]]></c><c><![CDATA[VB-MIGRATION]]></c><c><![CDATA[CLS]]></c></r><r><c><![CDATA[DP-5153]]></c><c><![CDATA[VB-MIGRATION]]></c><c><![CDATA[CLS]]></c></r><r><c><![CDATA[DP-5154]]></c><c><![CDATA[VB-MIGRATION]]></c><c><![CDATA[CLS]]></c></r><r><c><![CDATA[DP-5155]]></c><c><![CDATA[VB-MIGRATION]]></c><c><![CDATA[CLS]]></c></r><r><c><![CDATA[DP-5156]]></c><c><![CDATA[VB-MIGRATION]]></c><c><![CDATA[CLS]]></c></r><r><c><![CDATA[DP-5157]]></c><c><![CDATA[VB-MIGRATION]]></c><c><![CDATA[CLS]]></c></r><r><c><![CDATA[DP-5158]]></c><c><![CDATA[VB-MIGRATION]]></c><c><![CDATA[CLS]]></c></r><r><c><![CDATA[DP-5159]]></c><c><![CDATA[VB-MIGRATION]]></c><c><![CDATA[CLS]]></c></r><r><c><![CDATA[DP-5160]]></c><c><![CDATA[VB-MIGRATION]]></c><c><![CDATA[CLS]]></c></r><r><c><![CDATA[DP-5161]]></c><c><![CDATA[VB-MIGRATION]]></c><c><![CDATA[CLS]]></c></r><r><c><![CDATA[DP-5162]]></c><c><![CDATA[VB-MIGRATION]]></c><c><![CDATA[CLS]]></c></r><r><c><![CDATA[DP-5163]]></c><c><![CDATA[VB-MIGRATION]]></c><c><![CDATA[CLS]]></c></r><r><c><![CDATA[DP-5164]]></c><c><![CDATA[VB-MIGRATION]]></c><c><![CDATA[CLS]]></c></r><r><c><![CDATA[DP-5165]]></c><c><![CDATA[VB-MIGRATION]]></c><c><![CDATA[CLS]]></c></r><r><c><![CDATA[DP-5166]]></c><c><![CDATA[VB-MIGRATION]]></c><c><![CDATA[CLS]]></c></r><r><c><![CDATA[DP-5167]]></c><c><![CDATA[VB-MIGRATION]]></c><c><![CDATA[CLS]]></c></r><r><c><![CDATA[DP-5169]]></c><c><![CDATA[VB-MIGRATION]]></c><c><![CDATA[CLS]]></c></r><r><c><![CDATA[DP-5170]]></c><c><![CDATA[VB-MIGRATION]]></c><c><![CDATA[CLS]]></c></r><r><c><![CDATA[DP-5171]]></c><c><![CDATA[VB-MIGRATION]]></c><c><![CDATA[CLS]]></c></r><r><c><![CDATA[DP-5183]]></c><c><![CDATA[VB-MIGRATION]]></c><c><![CDATA[CLS]]></c></r><r><c><![CDATA[DP-5185]]></c><c><![CDATA[VB-MIGRATION]]></c><c><![CDATA[CLS]]></c></r><r><c><![CDATA[DP-5188]]></c><c><![CDATA[VB-MIGRATION]]></c><c><![CDATA[CLS]]></c></r><r><c><![CDATA[DP-5197]]></c><c><![CDATA[VB-MIGRATION]]></c><c><![CDATA[CLS]]></c></r><r><c><![CDATA[DP-5198]]></c><c><![CDATA[VB-MIGRATION]]></c><c><![CDATA[CLS]]></c></r><r><c><![CDATA[DP-5199]]></c><c><![CDATA[VB-MIGRATION]]></c><c><![CDATA[CLS]]></c></r><r><c><![CDATA[DP-5204]]></c><c><![CDATA[VB-MIGRATION]]></c><c><![CDATA[CLS]]></c></r><r><c><![CDATA[DP-5205]]></c><c><![CDATA[VB-MIGRATION]]></c><c><![CDATA[CLS]]></c></r><r><c><![CDATA[DP-5210]]></c><c><![CDATA[VB-MIGRATION]]></c><c><![CDATA[CLS]]></c></r><r><c><![CDATA[DP-5211]]></c><c><![CDATA[VB-MIGRATION]]></c><c><![CDATA[CLS]]></c></r><r><c><![CDATA[DP-5212]]></c><c><![CDATA[VB-MIGRATION]]></c><c><![CDATA[CLS]]></c></r><r><c><![CDATA[DP-5214]]></c><c><![CDATA[VB-MIGRATION]]></c><c><![CDATA[CLS]]></c></r><r><c><![CDATA[DP-5215]]></c><c><![CDATA[VB-MIGRATION]]></c><c><![CDATA[CLS]]></c></r><r><c><![CDATA[DP-5216]]></c><c><![CDATA[VB-MIGRATION]]></c><c><![CDATA[CLS]]></c></r><r><c><![CDATA[DP-5218]]></c><c><![CDATA[VB-MIGRATION]]></c><c><![CDATA[CLS]]></c></r><r><c><![CDATA[DP-5219]]></c><c><![CDATA[VB-MIGRATION]]></c><c><![CDATA[CLS]]></c></r><r><c><![CDATA[DP-5220]]></c><c><![CDATA[VB-MIGRATION]]></c><c><![CDATA[CLS]]></c></r><r><c><![CDATA[DP-5221]]></c><c><![CDATA[VB-MIGRATION]]></c><c><![CDATA[CLS]]></c></r><r><c><![CDATA[DP-5222]]></c><c><![CDATA[VB-MIGRATION]]></c><c><![CDATA[CLS]]></c></r><r><c><![CDATA[DP-5223]]></c><c><![CDATA[VB-MIGRATION]]></c><c><![CDATA[CLS]]></c></r><r><c><![CDATA[DP-5224]]></c><c><![CDATA[VB-MIGRATION]]></c><c><![CDATA[CLS]]></c></r><r><c><![CDATA[DP-5225]]></c><c><![CDATA[VB-MIGRATION]]></c><c><![CDATA[CLS]]></c></r><r><c><![CDATA[DP-5226]]></c><c><![CDATA[VB-MIGRATION]]></c><c><![CDATA[CLS]]></c></r><r><c><![CDATA[DP-5228]]></c><c><![CDATA[VB-MIGRATION]]></c><c><![CDATA[CLS]]></c></r><r><c><![CDATA[DP-5229]]></c><c><![CDATA[VB-MIGRATION]]></c><c><![CDATA[CLS]]></c></r><r><c><![CDATA[DP-5234]]></c><c><![CDATA[VB-MIGRATION]]></c><c><![CDATA[CLS]]></c></r><r><c><![CDATA[DP-5235]]></c><c><![CDATA[VB-MIGRATION]]></c><c><![CDATA[CLS]]></c></r><r><c><![CDATA[DP-5236]]></c><c><![CDATA[VB-MIGRATION]]></c><c><![CDATA[CLS]]></c></r><r><c><![CDATA[DP-5237]]></c><c><![CDATA[VB-MIGRATION]]></c><c><![CDATA[CLS]]></c></r><r><c><![CDATA[DP-5238]]></c><c><![CDATA[VB-MIGRATION]]></c><c><![CDATA[CLS]]></c></r><r><c><![CDATA[DP-5240]]></c><c><![CDATA[VB-MIGRATION]]></c><c><![CDATA[CLS]]></c></r><r><c><![CDATA[DP-5241]]></c><c><![CDATA[VB-MIGRATION]]></c><c><![CDATA[CLS]]></c></r><r><c><![CDATA[DP-5242]]></c><c><![CDATA[VB-MIGRATION]]></c><c><![CDATA[CLS]]></c></r><r><c><![CDATA[DP-5243]]></c><c><![CDATA[VB-MIGRATION]]></c><c><![CDATA[CLS]]></c></r><r><c><![CDATA[DP-5252]]></c><c><![CDATA[VB-MIGRATION]]></c><c><![CDATA[CLS]]></c></r><r><c><![CDATA[DP-5253]]></c><c><![CDATA[VB-MIGRATION]]></c><c><![CDATA[CLS]]></c></r><r><c><![CDATA[DP-5254]]></c><c><![CDATA[VB-MIGRATION]]></c><c><![CDATA[CLS]]></c></r><r><c><![CDATA[DP-5255]]></c><c><![CDATA[VB-MIGRATION]]></c><c><![CDATA[CLS]]></c></r><r><c><![CDATA[DP-5256]]></c><c><![CDATA[VB-MIGRATION]]></c><c><![CDATA[CLS]]></c></r><r><c><![CDATA[DP-5267]]></c><c><![CDATA[VB-MIGRATION]]></c><c><![CDATA[CLS]]></c></r><r><c><![CDATA[DP-5268]]></c><c><![CDATA[VB-MIGRATION]]></c><c><![CDATA[CLS]]></c></r><r><c><![CDATA[DP-5274]]></c><c><![CDATA[VB-MIGRATION]]></c><c><![CDATA[CLS]]></c></r><r><c><![CDATA[DP-5282]]></c><c><![CDATA[VB-MIGRATION]]></c><c><![CDATA[CLS]]></c></r><r><c><![CDATA[DP-5286]]></c><c><![CDATA[VB-MIGRATION]]></c><c><![CDATA[CLS]]></c></r><r><c><![CDATA[DP-5287]]></c><c><![CDATA[VB-MIGRATION]]></c><c><![CDATA[CLS]]></c></r><r><c><![CDATA[DP-5288]]></c><c><![CDATA[VB-MIGRATION]]></c><c><![CDATA[CLS]]></c></r><r><c><![CDATA[DP-5296]]></c><c><![CDATA[VB-MIGRATION]]></c><c><![CDATA[CLS]]></c></r><r><c><![CDATA[DP-5302]]></c><c><![CDATA[VB-MIGRATION]]></c><c><![CDATA[CLS]]></c></r><r><c><![CDATA[DP-5303]]></c><c><![CDATA[VB-MIGRATION]]></c><c><![CDATA[CLS]]></c></r><r><c><![CDATA[DP-5304]]></c><c><![CDATA[VB-MIGRATION]]></c><c><![CDATA[CLS]]></c></r><r><c><![CDATA[DP-5305]]></c><c><![CDATA[VB-MIGRATION]]></c><c><![CDATA[CLS]]></c></r><r><c><![CDATA[DP-5306]]></c><c><![CDATA[VB-MIGRATION]]></c><c><![CDATA[CLS]]></c></r><r><c><![CDATA[DP-5307]]></c><c><![CDATA[VB-MIGRATION]]></c><c><![CDATA[CLS]]></c></r><r><c><![CDATA[DP-5308]]></c><c><![CDATA[VB-MIGRATION]]></c><c><![CDATA[CLS]]></c></r><r><c><![CDATA[DP-5320]]></c><c><![CDATA[VB-MIGRATION]]></c><c><![CDATA[CLS]]></c></r><r><c><![CDATA[DP-5321]]></c><c><![CDATA[VB-MIGRATION]]></c><c><![CDATA[CLS]]></c></r><r><c><![CDATA[DP-5324]]></c><c><![CDATA[VB-MIGRATION]]></c><c><![CDATA[CLS]]></c></r><r><c><![CDATA[DP-5342]]></c><c><![CDATA[VB-MIGRATION]]></c><c><![CDATA[CLS]]></c></r><r><c><![CDATA[DP-5343]]></c><c><![CDATA[VB-MIGRATION]]></c><c><![CDATA[CLS]]></c></r><r><c><![CDATA[DP-5344]]></c><c><![CDATA[VB-MIGRATION]]></c><c><![CDATA[CLS]]></c></r><r><c><![CDATA[DP-5345]]></c><c><![CDATA[VB-MIGRATION]]></c><c><![CDATA[CLS]]></c></r><r><c><![CDATA[DP-5346]]></c><c><![CDATA[VB-MIGRATION]]></c><c><![CDATA[CLS]]></c></r><r><c><![CDATA[DP-5348]]></c><c><![CDATA[VB-MIGRATION]]></c><c><![CDATA[CLS]]></c></r><r><c><![CDATA[DP-5349]]></c><c><![CDATA[VB-MIGRATION]]></c><c><![CDATA[CLS]]></c></r><r><c><![CDATA[DP-5350]]></c><c><![CDATA[VB-MIGRATION]]></c><c><![CDATA[CLS]]></c></r><r><c><![CDATA[DP-5358]]></c><c><![CDATA[VB-MIGRATION]]></c><c><![CDATA[CLS]]></c></r><r><c><![CDATA[DP-5359]]></c><c><![CDATA[VB-MIGRATION]]></c><c><![CDATA[CLS]]></c></r><r><c><![CDATA[DP-5362]]></c><c><![CDATA[VB-MIGRATION]]></c><c><![CDATA[CLS]]></c></r><r><c><![CDATA[DP-5367]]></c><c><![CDATA[VB-MIGRATION]]></c><c><![CDATA[CLS]]></c></r><r><c><![CDATA[DP-5368]]></c><c><![CDATA[VB-MIGRATION]]></c><c><![CDATA[CLS]]></c></r><r><c><![CDATA[DP-5369]]></c><c><![CDATA[VB-MIGRATION]]></c><c><![CDATA[CLS]]></c></r><r><c><![CDATA[DP-5387]]></c><c><![CDATA[VB-MIGRATION]]></c><c><![CDATA[CLS]]></c></r><r><c><![CDATA[DP-5388]]></c><c><![CDATA[VB-MIGRATION]]></c><c><![CDATA[CLS]]></c></r><r><c><![CDATA[DP-5389]]></c><c><![CDATA[VB-MIGRATION]]></c><c><![CDATA[CLS]]></c></r><r><c><![CDATA[DP-5390]]></c><c><![CDATA[VB-MIGRATION]]></c><c><![CDATA[CLS]]></c></r><r><c><![CDATA[DP-5391]]></c><c><![CDATA[VB-MIGRATION]]></c><c><![CDATA[CLS]]></c></r><r><c><![CDATA[DP-5392]]></c><c><![CDATA[VB-MIGRATION]]></c><c><![CDATA[CLS]]></c></r><r><c><![CDATA[DP-5393]]></c><c><![CDATA[VB-MIGRATION]]></c><c><![CDATA[CLS]]></c></r><r><c><![CDATA[DP-5394]]></c><c><![CDATA[VB-MIGRATION]]></c><c><![CDATA[CLS]]></c></r><r><c><![CDATA[DP-5395]]></c><c><![CDATA[VB-MIGRATION]]></c><c><![CDATA[CLS]]></c></r><r><c><![CDATA[DP-5396]]></c><c><![CDATA[VB-MIGRATION]]></c><c><![CDATA[CLS]]></c></r><r><c><![CDATA[DP-5397]]></c><c><![CDATA[VB-MIGRATION]]></c><c><![CDATA[CLS]]></c></r><r><c><![CDATA[DP-5398]]></c><c><![CDATA[VB-MIGRATION]]></c><c><![CDATA[CLS]]></c></r><r><c><![CDATA[DP-5399]]></c><c><![CDATA[VB-MIGRATION]]></c><c><![CDATA[CLS]]></c></r><r><c><![CDATA[DP-5400]]></c><c><![CDATA[VB-MIGRATION]]></c><c><![CDATA[CLS]]></c></r><r><c><![CDATA[DP-5401]]></c><c><![CDATA[VB-MIGRATION]]></c><c><![CDATA[CLS]]></c></r><r><c><![CDATA[DP-5402]]></c><c><![CDATA[VB-MIGRATION]]></c><c><![CDATA[CLS]]></c></r><r><c><![CDATA[DP-5403]]></c><c><![CDATA[VB-MIGRATION]]></c><c><![CDATA[CLS]]></c></r><r><c><![CDATA[DP-5404]]></c><c><![CDATA[VB-MIGRATION]]></c><c><![CDATA[CLS]]></c></r><r><c><![CDATA[DP-5405]]></c><c><![CDATA[VB-MIGRATION]]></c><c><![CDATA[CLS]]></c></r><r><c><![CDATA[DP-5408]]></c><c><![CDATA[VB-MIGRATION]]></c><c><![CDATA[CLS]]></c></r><r><c><![CDATA[DP-1395]]></c><c><![CDATA[VB-MIGRATION]]></c><c><![CDATA[CLS]]></c></r><r><c><![CDATA[DP-4001]]></c><c><![CDATA[VB-MIGRATION]]></c><c><![CDATA[CLS]]></c></r><r><c><![CDATA[DP-4009]]></c><c><![CDATA[VB-MIGRATION]]></c><c><![CDATA[CLS]]></c></r><r><c><![CDATA[DP-1377]]></c><c><![CDATA[VB-MIGRATION]]></c><c><![CDATA[CLS]]></c></r><r><c><![CDATA[COMP]]></c><c><![CDATA[VB-MIGRATION]]></c><c><![CDATA[MET]]></c></r><r><c><![CDATA[DP-SHOWCALL]]></c><c><![CDATA[VB-MIGRATION]]></c><c><![CDATA[CLS]]></c></r><r><c><![CDATA[DP-SLEEPCALL]]></c><c><![CDATA[VB-MIGRATION]]></c><c><![CDATA[CLS]]></c></r><r><c><![CDATA[DP-TIMEFUNCTIONORCONTROL]]></c><c><![CDATA[VB-MIGRATION]]></c><c><![CDATA[CLS]]></c></r><r><c><![CDATA[DP-VB4OBSOLETEDAOMETHOD]]></c><c><![CDATA[VB-MIGRATION]]></c><c><![CDATA[CLS]]></c></r><r><c><![CDATA[DP-1159]]></c><c><![CDATA[VB-MIGRATION]]></c><c><![CDATA[CLS]]></c></r><r><c><![CDATA[DP-1104]]></c><c><![CDATA[VB-MIGRATION]]></c><c><![CDATA[CLS]]></c></r><r><c><![CDATA[DP-GRID_RULES]]></c><c><![CDATA[VB-MIGRATION]]></c><c><![CDATA[CLS]]></c></r><r><c><![CDATA[DP-1025]]></c><c><![CDATA[VB-MIGRATION]]></c><c><![CDATA[CLS]]></c></r><r><c><![CDATA[DP-OBJECT_RULES]]></c><c><![CDATA[VB-MIGRATION]]></c><c><![CDATA[CLS]]></c></r><r><c><![CDATA[DP-DATETIME_RULES]]></c><c><![CDATA[VB-MIGRATION]]></c><c><![CDATA[CLS]]></c></r><r><c><![CDATA[DP-DIM_AS_RULES]]></c><c><![CDATA[VB-MIGRATION]]></c><c><![CDATA[CLS]]></c></r><r><c><![CDATA[DP-DIR_RULES]]></c><c><![CDATA[VB-MIGRATION]]></c><c><![CDATA[CLS]]></c></r><r><c><![CDATA[DP-1015]]></c><c><![CDATA[VB-MIGRATION]]></c><c><![CDATA[CLS]]></c></r><r><c><![CDATA[DP-1029]]></c><c><![CDATA[VB-MIGRATION]]></c><c><![CDATA[CLS]]></c></r><r><c><![CDATA[DP-REMOTE_UPDATE_RULES]]></c><c><![CDATA[VB-MIGRATION]]></c><c><![CDATA[CLS]]></c></r><r><c><![CDATA[DP-1052]]></c><c><![CDATA[VB-MIGRATION]]></c><c><![CDATA[CLS]]></c></r><r><c><![CDATA[DP-1368]]></c><c><![CDATA[VB-MIGRATION]]></c><c><![CDATA[CLS]]></c></r><r><c><![CDATA[DP-4013]]></c><c><![CDATA[VB-MIGRATION]]></c><c><![CDATA[CLS]]></c></r><r><c><![CDATA[DP-1392]]></c><c><![CDATA[VB-MIGRATION]]></c><c><![CDATA[CLS]]></c></r><r><c><![CDATA[DP-1302]]></c><c><![CDATA[VB-MIGRATION]]></c><c><![CDATA[CLS]]></c></r><r><c><![CDATA[DP-1338]]></c><c><![CDATA[VB-MIGRATION]]></c><c><![CDATA[CLS]]></c></r><r><c><![CDATA[DP-1337]]></c><c><![CDATA[VB-MIGRATION]]></c><c><![CDATA[CLS]]></c></r><r><c><![CDATA[DP-1394]]></c><c><![CDATA[VB-MIGRATION]]></c><c><![CDATA[CLS]]></c></r><r><c><![CDATA[DP-FORM_RULES]]></c><c><![CDATA[VB-MIGRATION]]></c><c><![CDATA[CLS]]></c></r><r><c><![CDATA[DP-CLS_MODULE_DESC_HELP]]></c><c><![CDATA[VB-MIGRATION]]></c><c><![CDATA[CLS]]></c></r><r><c><![CDATA[DP-1171]]></c><c><![CDATA[VB-MIGRATION]]></c><c><![CDATA[CLS]]></c></r><r><c><![CDATA[DP-1172]]></c><c><![CDATA[VB-MIGRATION]]></c><c><![CDATA[CLS]]></c></r><r><c><![CDATA[DP-1173]]></c><c><![CDATA[VB-MIGRATION]]></c><c><![CDATA[CLS]]></c></r><r><c><![CDATA[DP-CLOSE_STMT_RULES]]></c><c><![CDATA[VB-MIGRATION]]></c><c><![CDATA[CLS]]></c></r><r><c><![CDATA[DP-1157]]></c><c><![CDATA[VB-MIGRATION]]></c><c><![CDATA[CLS]]></c></r><r><c><![CDATA[DP-1397]]></c><c><![CDATA[VB-MIGRATION]]></c><c><![CDATA[CLS]]></c></r><r><c><![CDATA[DP-1017]]></c><c><![CDATA[VB-MIGRATION]]></c><c><![CDATA[CLS]]></c></r><r><c><![CDATA[DP-4011]]></c><c><![CDATA[VB-MIGRATION]]></c><c><![CDATA[CLS]]></c></r><r><c><![CDATA[DP-1382]]></c><c><![CDATA[VB-MIGRATION]]></c><c><![CDATA[CLS]]></c></r><r><c><![CDATA[DP-1030]]></c><c><![CDATA[VB-MIGRATION]]></c><c><![CDATA[CLS]]></c></r><r><c><![CDATA[DP-2503]]></c><c><![CDATA[VB-MIGRATION]]></c><c><![CDATA[CLS]]></c></r><r><c><![CDATA[DP-4004]]></c><c><![CDATA[VB-MIGRATION]]></c><c><![CDATA[CLS]]></c></r><r><c><![CDATA[DP-1375]]></c><c><![CDATA[VB-MIGRATION]]></c><c><![CDATA[CLS]]></c></r><r><c><![CDATA[DP-1218]]></c><c><![CDATA[VB-MIGRATION]]></c><c><![CDATA[CLS]]></c></r><r><c><![CDATA[DP-1279]]></c><c><![CDATA[VB-MIGRATION]]></c><c><![CDATA[CLS]]></c></r><r><c><![CDATA[DP-1280]]></c><c><![CDATA[VB-MIGRATION]]></c><c><![CDATA[CLS]]></c></r><r><c><![CDATA[DP-1399]]></c><c><![CDATA[VB-MIGRATION]]></c><c><![CDATA[CLS]]></c></r><r><c><![CDATA[DP-1402]]></c><c><![CDATA[VB-MIGRATION]]></c><c><![CDATA[CLS]]></c></r><r><c><![CDATA[DP-1348]]></c><c><![CDATA[VB-MIGRATION]]></c><c><![CDATA[CLS]]></c></r><r><c><![CDATA[DP-2015]]></c><c><![CDATA[VB-MIGRATION]]></c><c><![CDATA[CLS]]></c></r><r><c><![CDATA[DP-1311]]></c><c><![CDATA[VB-MIGRATION]]></c><c><![CDATA[CLS]]></c></r><r><c><![CDATA[DP-1022]]></c><c><![CDATA[VB-MIGRATION]]></c><c><![CDATA[CLS]]></c></r><r><c><![CDATA[DP-INPUT_VARIANT_RULES]]></c><c><![CDATA[VB-MIGRATION]]></c><c><![CDATA[CLS]]></c></r><r><c><![CDATA[DP-1051]]></c><c><![CDATA[VB-MIGRATION]]></c><c><![CDATA[CLS]]></c></r><r><c><![CDATA[DP-1289]]></c><c><![CDATA[VB-MIGRATION]]></c><c><![CDATA[CLS]]></c></r><r><c><![CDATA[DP-LEFT_MID_RIGHT_RULES]]></c><c><![CDATA[VB-MIGRATION]]></c><c><![CDATA[CLS]]></c></r><r><c><![CDATA[DP-2508]]></c><c><![CDATA[VB-MIGRATION]]></c><c><![CDATA[CLS]]></c></r><r><c><![CDATA[DP-3003]]></c><c><![CDATA[VB-MIGRATION]]></c><c><![CDATA[CLS]]></c></r><r><c><![CDATA[DP-1062]]></c><c><![CDATA[VB-MIGRATION]]></c><c><![CDATA[CLS]]></c></r><r><c><![CDATA[DP-1350]]></c><c><![CDATA[VB-MIGRATION]]></c><c><![CDATA[CLS]]></c></r><r><c><![CDATA[DP-1352]]></c><c><![CDATA[VB-MIGRATION]]></c><c><![CDATA[CLS]]></c></r><r><c><![CDATA[DP-1219]]></c><c><![CDATA[VB-MIGRATION]]></c><c><![CDATA[CLS]]></c></r><r><c><![CDATA[DP-1166]]></c><c><![CDATA[VB-MIGRATION]]></c><c><![CDATA[CLS]]></c></r><r><c><![CDATA[DP-4010]]></c><c><![CDATA[VB-MIGRATION]]></c><c><![CDATA[CLS]]></c></r><r><c><![CDATA[DP-2505]]></c><c><![CDATA[VB-MIGRATION]]></c><c><![CDATA[CLS]]></c></r><r><c><![CDATA[DP-LOOP_RULES]]></c><c><![CDATA[VB-MIGRATION]]></c><c><![CDATA[CLS]]></c></r><r><c><![CDATA[DP-1309]]></c><c><![CDATA[VB-MIGRATION]]></c><c><![CDATA[CLS]]></c></r><r><c><![CDATA[DP-1174]]></c><c><![CDATA[VB-MIGRATION]]></c><c><![CDATA[CLS]]></c></r><r><c><![CDATA[DP-1154]]></c><c><![CDATA[VB-MIGRATION]]></c><c><![CDATA[CLS]]></c></r><r><c><![CDATA[DP-4007]]></c><c><![CDATA[VB-MIGRATION]]></c><c><![CDATA[CLS]]></c></r><r><c><![CDATA[DP-GOTO_GOSUB_FOUND]]></c><c><![CDATA[VB-MIGRATION]]></c><c><![CDATA[CLS]]></c></r><r><c><![CDATA[DP-4000]]></c><c><![CDATA[VB-MIGRATION]]></c><c><![CDATA[CLS]]></c></r><r><c><![CDATA[DP-1400]]></c><c><![CDATA[VB-MIGRATION]]></c><c><![CDATA[CLS]]></c></r><r><c><![CDATA[DP-3000]]></c><c><![CDATA[VB-MIGRATION]]></c><c><![CDATA[CLS]]></c></r><r><c><![CDATA[DP-1404]]></c><c><![CDATA[VB-MIGRATION]]></c><c><![CDATA[CLS]]></c></r><r><c><![CDATA[DP-2509]]></c><c><![CDATA[VB-MIGRATION]]></c><c><![CDATA[CLS]]></c></r><r><c><![CDATA[DP-LITERAL_HARDCODED_RULES]]></c><c><![CDATA[VB-MIGRATION]]></c><c><![CDATA[CLS]]></c></r><r><c><![CDATA[DP-2512]]></c><c><![CDATA[VB-MIGRATION]]></c><c><![CDATA[CLS]]></c></r><r><c><![CDATA[DP-1367]]></c><c><![CDATA[VB-MIGRATION]]></c><c><![CDATA[CLS]]></c></r><r><c><![CDATA[DP-1369]]></c><c><![CDATA[VB-MIGRATION]]></c><c><![CDATA[CLS]]></c></r><r><c><![CDATA[DP-3505]]></c><c><![CDATA[VB-MIGRATION]]></c><c><![CDATA[CLS]]></c></r><r><c><![CDATA[DP-1247]]></c><c><![CDATA[VB-MIGRATION]]></c><c><![CDATA[CLS]]></c></r><r><c><![CDATA[DP-2513]]></c><c><![CDATA[VB-MIGRATION]]></c><c><![CDATA[CLS]]></c></r><r><c><![CDATA[DP-3002]]></c><c><![CDATA[VB-MIGRATION]]></c><c><![CDATA[CLS]]></c></r><r><c><![CDATA[DP-3004]]></c><c><![CDATA[VB-MIGRATION]]></c><c><![CDATA[CLS]]></c></r><r><c><![CDATA[DP-3001]]></c><c><![CDATA[VB-MIGRATION]]></c><c><![CDATA[CLS]]></c></r><r><c><![CDATA[DP-3500]]></c><c><![CDATA[VB-MIGRATION]]></c><c><![CDATA[CLS]]></c></r><r><c><![CDATA[DP-3502]]></c><c><![CDATA[VB-MIGRATION]]></c><c><![CDATA[CLS]]></c></r><r><c><![CDATA[DP-3504]]></c><c><![CDATA[VB-MIGRATION]]></c><c><![CDATA[CLS]]></c></r><r><c><![CDATA[DP-3501]]></c><c><![CDATA[VB-MIGRATION]]></c><c><![CDATA[CLS]]></c></r><r><c><![CDATA[DP-4012]]></c><c><![CDATA[VB-MIGRATION]]></c><c><![CDATA[CLS]]></c></r><r><c><![CDATA[DP-1390]]></c><c><![CDATA[VB-MIGRATION]]></c><c><![CDATA[CLS]]></c></r><r><c><![CDATA[DP-1221]]></c><c><![CDATA[VB-MIGRATION]]></c><c><![CDATA[CLS]]></c></r><r><c><![CDATA[DP-1401]]></c><c><![CDATA[VB-MIGRATION]]></c><c><![CDATA[CLS]]></c></r><r><c><![CDATA[DP-1220]]></c><c><![CDATA[VB-MIGRATION]]></c><c><![CDATA[CLS]]></c></r><r><c><![CDATA[DP-ODBC_RULES]]></c><c><![CDATA[VB-MIGRATION]]></c><c><![CDATA[CLS]]></c></r><r><c><![CDATA[DP-1060]]></c><c><![CDATA[VB-MIGRATION]]></c><c><![CDATA[CLS]]></c></r><r><c><![CDATA[DP-1009]]></c><c><![CDATA[VB-MIGRATION]]></c><c><![CDATA[CLS]]></c></r><r><c><![CDATA[DP-1006]]></c><c><![CDATA[VB-MIGRATION]]></c><c><![CDATA[CLS]]></c></r><r><c><![CDATA[DP-1005]]></c><c><![CDATA[VB-MIGRATION]]></c><c><![CDATA[CLS]]></c></r><r><c><![CDATA[DP-OPTION_COMPARE_RULES]]></c><c><![CDATA[VB-MIGRATION]]></c><c><![CDATA[CLS]]></c></r><r><c><![CDATA[DP-OPTION_RULES]]></c><c><![CDATA[VB-MIGRATION]]></c><c><![CDATA[CLS]]></c></r><r><c><![CDATA[DP-1023]]></c><c><![CDATA[VB-MIGRATION]]></c><c><![CDATA[CLS]]></c></r><r><c><![CDATA[DP-1376]]></c><c><![CDATA[VB-MIGRATION]]></c><c><![CDATA[CLS]]></c></r><r><c><![CDATA[DP-1089]]></c><c><![CDATA[VB-MIGRATION]]></c><c><![CDATA[CLS]]></c></r><r><c><![CDATA[DP-1362]]></c><c><![CDATA[VB-MIGRATION]]></c><c><![CDATA[CLS]]></c></r><r><c><![CDATA[DP-1314]]></c><c><![CDATA[VB-MIGRATION]]></c><c><![CDATA[CLS]]></c></r><r><c><![CDATA[DP-1092]]></c><c><![CDATA[VB-MIGRATION]]></c><c><![CDATA[CLS]]></c></r><r><c><![CDATA[DP-1084]]></c><c><![CDATA[VB-MIGRATION]]></c><c><![CDATA[CLS]]></c></r><r><c><![CDATA[DP-2510]]></c><c><![CDATA[VB-MIGRATION]]></c><c><![CDATA[CLS]]></c></r><r><c><![CDATA[DP-1002]]></c><c><![CDATA[VB-MIGRATION]]></c><c><![CDATA[CLS]]></c></r><r><c><![CDATA[DP-1039]]></c><c><![CDATA[VB-MIGRATION]]></c><c><![CDATA[CLS]]></c></r><r><c><![CDATA[DP-4005]]></c><c><![CDATA[VB-MIGRATION]]></c><c><![CDATA[CLS]]></c></r><r><c><![CDATA[DP-1430]]></c><c><![CDATA[VB-MIGRATION]]></c><c><![CDATA[CLS]]></c></r><r><c><![CDATA[DP-1286]]></c><c><![CDATA[VB-MIGRATION]]></c><c><![CDATA[CLS]]></c></r><r><c><![CDATA[DP-4006]]></c><c><![CDATA[VB-MIGRATION]]></c><c><![CDATA[CLS]]></c></r><r><c><![CDATA[DP-1336]]></c><c><![CDATA[VB-MIGRATION]]></c><c><![CDATA[CLS]]></c></r><r><c><![CDATA[DP-2511]]></c><c><![CDATA[VB-MIGRATION]]></c><c><![CDATA[CLS]]></c></r><r><c><![CDATA[DP-1323]]></c><c><![CDATA[VB-MIGRATION]]></c><c><![CDATA[CLS]]></c></r><r><c><![CDATA[DP-1396]]></c><c><![CDATA[VB-MIGRATION]]></c><c><![CDATA[CLS]]></c></r><r><c><![CDATA[DP-4003]]></c><c><![CDATA[VB-MIGRATION]]></c><c><![CDATA[CLS]]></c></r><r><c><![CDATA[DP-1076]]></c><c><![CDATA[VB-MIGRATION]]></c><c><![CDATA[CLS]]></c></r><r><c><![CDATA[DP-1389]]></c><c><![CDATA[VB-MIGRATION]]></c><c><![CDATA[CLS]]></c></r><r><c><![CDATA[DP-1091]]></c><c><![CDATA[VB-MIGRATION]]></c><c><![CDATA[CLS]]></c></r><r><c><![CDATA[DP-1275]]></c><c><![CDATA[VB-MIGRATION]]></c><c><![CDATA[CLS]]></c></r><r><c><![CDATA[DP-1290]]></c><c><![CDATA[VB-MIGRATION]]></c><c><![CDATA[CLS]]></c></r><r><c><![CDATA[DP-1097]]></c><c><![CDATA[VB-MIGRATION]]></c><c><![CDATA[CLS]]></c></r><r><c><![CDATA[DP-1043]]></c><c><![CDATA[VB-MIGRATION]]></c><c><![CDATA[CLS]]></c></r><r><c><![CDATA[DP-1057]]></c><c><![CDATA[VB-MIGRATION]]></c><c><![CDATA[CLS]]></c></r><r><c><![CDATA[DP-1056]]></c><c><![CDATA[VB-MIGRATION]]></c><c><![CDATA[CLS]]></c></r><r><c><![CDATA[DP-STILL_EXECUTING_RULES]]></c><c><![CDATA[VB-MIGRATION]]></c><c><![CDATA[CLS]]></c></r><r><c><![CDATA[DP-1061]]></c><c><![CDATA[VB-MIGRATION]]></c><c><![CDATA[CLS]]></c></r><r><c><![CDATA[DP-2501]]></c><c><![CDATA[VB-MIGRATION]]></c><c><![CDATA[CLS]]></c></r><r><c><![CDATA[DP-ARCCALL]]></c><c><![CDATA[VB-MIGRATION]]></c><c><![CDATA[CLS]]></c></r><r><c><![CDATA[DP-CHARCALL]]></c><c><![CDATA[VB-MIGRATION]]></c><c><![CDATA[CLS]]></c></r><r><c><![CDATA[DP-COPYCALL]]></c><c><![CDATA[VB-MIGRATION]]></c><c><![CDATA[CLS]]></c></r><r><c><![CDATA[DP-CREATEDRAWCALL]]></c><c><![CDATA[VB-MIGRATION]]></c><c><![CDATA[CLS]]></c></r><r><c><![CDATA[DP-CRYPTCALL]]></c><c><![CDATA[VB-MIGRATION]]></c><c><![CDATA[CLS]]></c></r><r><c><![CDATA[DP-DELETEDESTROYCALL]]></c><c><![CDATA[VB-MIGRATION]]></c><c><![CDATA[CLS]]></c></r><r><c><![CDATA[DP-DRAWCALL]]></c><c><![CDATA[VB-MIGRATION]]></c><c><![CDATA[CLS]]></c></r><r><c><![CDATA[DP-ENUMCALL]]></c><c><![CDATA[VB-MIGRATION]]></c><c><![CDATA[CLS]]></c></r><r><c><![CDATA[DP-GETCURRENTANDENVCALL]]></c><c><![CDATA[VB-MIGRATION]]></c><c><![CDATA[CLS]]></c></r><r><c><![CDATA[DP-GETHOSTCALL]]></c><c><![CDATA[VB-MIGRATION]]></c><c><![CDATA[CLS]]></c></r><r><c><![CDATA[DP-GETSETCURSORCALL]]></c><c><![CDATA[VB-MIGRATION]]></c><c><![CDATA[CLS]]></c></r><r><c><![CDATA[DP-GETSETDLBITSCALL]]></c><c><![CDATA[VB-MIGRATION]]></c><c><![CDATA[CLS]]></c></r><r><c><![CDATA[DP-GETSETFILECALL]]></c><c><![CDATA[VB-MIGRATION]]></c><c><![CDATA[CLS]]></c></r><r><c><![CDATA[DP-GETSETPIXEL]]></c><c><![CDATA[VB-MIGRATION]]></c><c><![CDATA[CLS]]></c></r><r><c><![CDATA[DP-GETSETRECT]]></c><c><![CDATA[VB-MIGRATION]]></c><c><![CDATA[CLS]]></c></r><r><c><![CDATA[DP-GETSETWINDOWCALL]]></c><c><![CDATA[VB-MIGRATION]]></c><c><![CDATA[CLS]]></c></r><r><c><![CDATA[DP-GETSYSTEMCALL]]></c><c><![CDATA[VB-MIGRATION]]></c><c><![CDATA[CLS]]></c></r><r><c><![CDATA[DP-INETCALL]]></c><c><![CDATA[VB-MIGRATION]]></c><c><![CDATA[CLS]]></c></r><r><c><![CDATA[DP-ISCALL]]></c><c><![CDATA[VB-MIGRATION]]></c><c><![CDATA[CLS]]></c></r><r><c><![CDATA[DP-ISCHARCALL]]></c><c><![CDATA[VB-MIGRATION]]></c><c><![CDATA[CLS]]></c></r><r><c><![CDATA[DP-LOADCALL]]></c><c><![CDATA[VB-MIGRATION]]></c><c><![CDATA[CLS]]></c></r><r><c><![CDATA[DP-LOPENCLOSECALL]]></c><c><![CDATA[VB-MIGRATION]]></c><c><![CDATA[CLS]]></c></r><r><c><![CDATA[DP-LSTRCALL]]></c><c><![CDATA[VB-MIGRATION]]></c><c><![CDATA[CLS]]></c></r><r><c><![CDATA[DP-MESSAGEBOXCALL]]></c><c><![CDATA[VB-MIGRATION]]></c><c><![CDATA[CLS]]></c></r><r><c><![CDATA[DP-MONITORFROMCALL]]></c><c><![CDATA[VB-MIGRATION]]></c><c><![CDATA[CLS]]></c></r><r><c><![CDATA[DP-MOVECALL]]></c><c><![CDATA[VB-MIGRATION]]></c><c><![CDATA[CLS]]></c></r><r><c><![CDATA[DP-MUTEXOPCALL]]></c><c><![CDATA[VB-MIGRATION]]></c><c><![CDATA[CLS]]></c></r><r><c><![CDATA[DP-OFFSETCALL]]></c><c><![CDATA[VB-MIGRATION]]></c><c><![CDATA[CLS]]></c></r><r><c><![CDATA[DP-OPENCALL]]></c><c><![CDATA[VB-MIGRATION]]></c><c><![CDATA[CLS]]></c></r><r><c><![CDATA[DP-POLYCALL]]></c><c><![CDATA[VB-MIGRATION]]></c><c><![CDATA[CLS]]></c></r><r><c><![CDATA[DP-PROCESS32CALL]]></c><c><![CDATA[VB-MIGRATION]]></c><c><![CDATA[CLS]]></c></r><r><c><![CDATA[DP-REGCALL]]></c><c><![CDATA[VB-MIGRATION]]></c><c><![CDATA[CLS]]></c></r><r><c><![CDATA[DP-RWFILECALL]]></c><c><![CDATA[VB-MIGRATION]]></c><c><![CDATA[CLS]]></c></r><r><c><![CDATA[DP-SHCALL]]></c><c><![CDATA[VB-MIGRATION]]></c><c><![CDATA[CLS]]></c></r><r><c><![CDATA[DP-SHELLCALL]]></c><c><![CDATA[VB-MIGRATION]]></c><c><![CDATA[CLS]]></c></r><r><c><![CDATA[DP-ASDECLARATION]]></c><c><![CDATA[VB-MIGRATION]]></c><c><![CDATA[CLS]]></c></r><r><c><![CDATA[DP-BINDING]]></c><c><![CDATA[VB-MIGRATION]]></c><c><![CDATA[CLS]]></c></r><r><c><![CDATA[DP-BOOLEANRULES]]></c><c><![CDATA[VB-MIGRATION]]></c><c><![CDATA[CLS]]></c></r><r><c><![CDATA[DP-CLASSINITTERMINATE]]></c><c><![CDATA[VB-MIGRATION]]></c><c><![CDATA[CLS]]></c></r><r><c><![CDATA[DP-CONTROLS]]></c><c><![CDATA[VB-MIGRATION]]></c><c><![CDATA[CLS]]></c></r><r><c><![CDATA[DP-DATEFONCTION]]></c><c><![CDATA[VB-MIGRATION]]></c><c><![CDATA[CLS]]></c></r><r><c><![CDATA[DP-DIMUSAGE]]></c><c><![CDATA[VB-MIGRATION]]></c><c><![CDATA[CLS]]></c></r><r><c><![CDATA[DP-DRAWMETHODFOUND]]></c><c><![CDATA[VB-MIGRATION]]></c><c><![CDATA[CLS]]></c></r><r><c><![CDATA[DP-FCTRETURNTYPES]]></c><c><![CDATA[VB-MIGRATION]]></c><c><![CDATA[CLS]]></c></r><r><c><![CDATA[DP-GOONGO]]></c><c><![CDATA[VB-MIGRATION]]></c><c><![CDATA[CLS]]></c></r><r><c><![CDATA[DP-OBSOLETEDAOMETHOD]]></c><c><![CDATA[VB-MIGRATION]]></c><c><![CDATA[CLS]]></c></r><r><c><![CDATA[DP-STATEMENT]]></c><c><![CDATA[VB-MIGRATION]]></c><c><![CDATA[CLS]]></c></r><r><c><![CDATA[COMPLEXITY]]></c><c><![CDATA[VB-MIGRATION]]></c><c><![CDATA[MET]]></c></r><r><c><![CDATA[TPRO]]></c><c><![CDATA[VB-MIGRATION]]></c><c><![CDATA[MET]]></c></r><r><c><![CDATA[DP-STRING_RULES]]></c><c><![CDATA[VB-MIGRATION]]></c><c><![CDATA[CLS]]></c></r><r><c><![CDATA[DP-2514]]></c><c><![CDATA[VB-MIGRATION]]></c><c><![CDATA[CLS]]></c></r><r><c><![CDATA[DP-1007]]></c><c><![CDATA[VB-MIGRATION]]></c><c><![CDATA[CLS]]></c></r><r><c><![CDATA[DP-1330]]></c><c><![CDATA[VB-MIGRATION]]></c><c><![CDATA[CLS]]></c></r><r><c><![CDATA[DP-1381]]></c><c><![CDATA[VB-MIGRATION]]></c><c><![CDATA[CLS]]></c></r><r><c><![CDATA[DP-4002]]></c><c><![CDATA[VB-MIGRATION]]></c><c><![CDATA[CLS]]></c></r><r><c><![CDATA[DP-1010]]></c><c><![CDATA[VB-MIGRATION]]></c><c><![CDATA[CLS]]></c></r><r><c><![CDATA[DP-1236]]></c><c><![CDATA[VB-MIGRATION]]></c><c><![CDATA[CLS]]></c></r><r><c><![CDATA[DP-1398]]></c><c><![CDATA[VB-MIGRATION]]></c><c><![CDATA[CLS]]></c></r><r><c><![CDATA[DP-1078]]></c><c><![CDATA[VB-MIGRATION]]></c><c><![CDATA[CLS]]></c></r><r><c><![CDATA[DP-1304]]></c><c><![CDATA[VB-MIGRATION]]></c><c><![CDATA[CLS]]></c></r><r><c><![CDATA[DP-USER_DEFINED_TYPE_OR_COLLECTION]]></c><c><![CDATA[VB-MIGRATION]]></c><c><![CDATA[CLS]]></c></r><r><c><![CDATA[DP-2502]]></c><c><![CDATA[VB-MIGRATION]]></c><c><![CDATA[CLS]]></c></r><r><c><![CDATA[DP-1371]]></c><c><![CDATA[VB-MIGRATION]]></c><c><![CDATA[CLS]]></c></r><r><c><![CDATA[DP-1050]]></c><c><![CDATA[VB-MIGRATION]]></c><c><![CDATA[CLS]]></c></r><r><c><![CDATA[DP-1021]]></c><c><![CDATA[VB-MIGRATION]]></c><c><![CDATA[CLS]]></c></r><r><c><![CDATA[DP-3503]]></c><c><![CDATA[VB-MIGRATION]]></c><c><![CDATA[CLS]]></c></r><r><c><![CDATA[DP-5021]]></c><c><![CDATA[VB-MIGRATION]]></c><c><![CDATA[CLS]]></c></r><r><c><![CDATA[DP-5007]]></c><c><![CDATA[VB-MIGRATION]]></c><c><![CDATA[CLS]]></c></r><r><c><![CDATA[DP-5054]]></c><c><![CDATA[VB-MIGRATION]]></c><c><![CDATA[CLS]]></c></r><r><c><![CDATA[DP-5005]]></c><c><![CDATA[VB-MIGRATION]]></c><c><![CDATA[CLS]]></c></r><r><c><![CDATA[DP-5051]]></c><c><![CDATA[VB-MIGRATION]]></c><c><![CDATA[CLS]]></c></r><r><c><![CDATA[DP-5004]]></c><c><![CDATA[VB-MIGRATION]]></c><c><![CDATA[CLS]]></c></r><r><c><![CDATA[DP-5053]]></c><c><![CDATA[VB-MIGRATION]]></c><c><![CDATA[CLS]]></c></r><r><c><![CDATA[DP-5038]]></c><c><![CDATA[VB-MIGRATION]]></c><c><![CDATA[CLS]]></c></r><r><c><![CDATA[DP-5006]]></c><c><![CDATA[VB-MIGRATION]]></c><c><![CDATA[CLS]]></c></r><r><c><![CDATA[DP-5043]]></c><c><![CDATA[VB-MIGRATION]]></c><c><![CDATA[CLS]]></c></r><r><c><![CDATA[DP-5018]]></c><c><![CDATA[VB-MIGRATION]]></c><c><![CDATA[CLS]]></c></r><r><c><![CDATA[DP-5009]]></c><c><![CDATA[VB-MIGRATION]]></c><c><![CDATA[CLS]]></c></r><r><c><![CDATA[DP-5032]]></c><c><![CDATA[VB-MIGRATION]]></c><c><![CDATA[CLS]]></c></r><r><c><![CDATA[DP-5023]]></c><c><![CDATA[VB-MIGRATION]]></c><c><![CDATA[CLS]]></c></r><r><c><![CDATA[DP-5052]]></c><c><![CDATA[VB-MIGRATION]]></c><c><![CDATA[CLS]]></c></r><r><c><![CDATA[DP-5024]]></c><c><![CDATA[VB-MIGRATION]]></c><c><![CDATA[CLS]]></c></r><r><c><![CDATA[DP-5033]]></c><c><![CDATA[VB-MIGRATION]]></c><c><![CDATA[CLS]]></c></r><r><c><![CDATA[DP-5057]]></c><c><![CDATA[VB-MIGRATION]]></c><c><![CDATA[CLS]]></c></r><r><c><![CDATA[DP-5056]]></c><c><![CDATA[VB-MIGRATION]]></c><c><![CDATA[CLS]]></c></r><r><c><![CDATA[DP-5012]]></c><c><![CDATA[VB-MIGRATION]]></c><c><![CDATA[CLS]]></c></r><r><c><![CDATA[DP-5019]]></c><c><![CDATA[VB-MIGRATION]]></c><c><![CDATA[CLS]]></c></r><r><c><![CDATA[DP-5016]]></c><c><![CDATA[VB-MIGRATION]]></c><c><![CDATA[CLS]]></c></r><r><c><![CDATA[DP-5000]]></c><c><![CDATA[VB-MIGRATION]]></c><c><![CDATA[CLS]]></c></r><r><c><![CDATA[DP-5008]]></c><c><![CDATA[VB-MIGRATION]]></c><c><![CDATA[CLS]]></c></r><r><c><![CDATA[DP-5039]]></c><c><![CDATA[VB-MIGRATION]]></c><c><![CDATA[CLS]]></c></r><r><c><![CDATA[DP-5061]]></c><c><![CDATA[VB-MIGRATION]]></c><c><![CDATA[CLS]]></c></r><r><c><![CDATA[DP-5063]]></c><c><![CDATA[VB-MIGRATION]]></c><c><![CDATA[CLS]]></c></r></e>