<?xml version="1.0"  encoding="UTF-8"?><e><r><c><![CDATA[DESIGNTIMEPROPERTIES]]></c><c/><c/><c/><c/></r><r><c><![CDATA[INTERNATIONALIZATION]]></c><c/><c/><c/><c/></r><r><c><![CDATA[MAIN]]></c><c><![CDATA[2006-07-19 00:00:00]]></c><c/><c><![CDATA[2006-07-19 00:00:00]]></c><c/></r><r><c><![CDATA[PERFORMANCES]]></c><c><![CDATA[2006-02-28 00:00:00]]></c><c><![CDATA[2006-02-28 00:00:00]]></c><c><![CDATA[2006-02-28 00:00:00]]></c><c/></r><r><c><![CDATA[PORTABILITY]]></c><c><![CDATA[2006-07-19 00:00:00]]></c><c/><c><![CDATA[2006-07-19 00:00:00]]></c><c/></r><r><c><![CDATA[WEB]]></c><c><![CDATA[2007-12-10 00:00:00]]></c><c><![CDATA[2007-12-10 00:00:00]]></c><c><![CDATA[2007-12-10 00:00:00]]></c><c/></r><r><c><![CDATA[WINDOWSAPI]]></c><c><![CDATA[2006-11-16 16:36:44]]></c><c><![CDATA[2006-11-16 16:36:44]]></c><c><![CDATA[2006-11-16 16:36:44]]></c><c/></r></e>