<?xml version="1.0"  encoding="UTF-8"?><e><r><c><![CDATA[modele]]></c><c><![CDATA[compl]]></c><c><![CDATA[VB-MIGRATION]]></c><c><![CDATA[en]]></c><c><![CDATA[VB-MIGRATION]]></c></r><r><c><![CDATA[modele]]></c><c><![CDATA[compl]]></c><c><![CDATA[VB-MIGRATION]]></c><c><![CDATA[fr]]></c><c><![CDATA[VB-MIGRATION]]></c></r><r><c><![CDATA[modele]]></c><c><![CDATA[desc]]></c><c><![CDATA[VB-MIGRATION]]></c><c><![CDATA[en]]></c><c><![CDATA[Migration VB6 - VB.NET]]></c></r><r><c><![CDATA[modele]]></c><c><![CDATA[desc]]></c><c><![CDATA[VB-MIGRATION]]></c><c><![CDATA[es]]></c><c><![CDATA[VB-MIGRATION]]></c></r><r><c><![CDATA[modele]]></c><c><![CDATA[desc]]></c><c><![CDATA[VB-MIGRATION]]></c><c><![CDATA[fr]]></c><c><![CDATA[Migration VB6 - VB.NET]]></c></r><r><c><![CDATA[modele]]></c><c><![CDATA[lib]]></c><c><![CDATA[VB-MIGRATION]]></c><c><![CDATA[en]]></c><c><![CDATA[Migration VB6 - VB.NET]]></c></r><r><c><![CDATA[modele]]></c><c><![CDATA[lib]]></c><c><![CDATA[VB-MIGRATION]]></c><c><![CDATA[es]]></c><c><![CDATA[VB-MIGRATION]]></c></r><r><c><![CDATA[modele]]></c><c><![CDATA[lib]]></c><c><![CDATA[VB-MIGRATION]]></c><c><![CDATA[fr]]></c><c><![CDATA[Migration VB6 - VB.NET]]></c></r></e>