<?xml version="1.0"  encoding="UTF-8"?><e><r><c><![CDATA[NAT_FETCH_FROM_SUBPROG_OR_EXTER_SUBR]]></c><c><![CDATA[NATURAL2]]></c><c><![CDATA[OBJECT]]></c></r><r><c><![CDATA[NAT_MISSING]]></c><c><![CDATA[NATURAL2]]></c><c><![CDATA[OBJECT]]></c></r><r><c><![CDATA[NAT_NESTING_DEPTH]]></c><c><![CDATA[NATURAL2]]></c><c><![CDATA[OBJECT]]></c></r><r><c><![CDATA[NAT_TOKEN_COUNT]]></c><c><![CDATA[NATURAL2]]></c><c><![CDATA[OBJECT]]></c></r><r><c><![CDATA[NAT_LOCAL_SUBROUTINE_USAGE]]></c><c><![CDATA[NATURAL2]]></c><c><![CDATA[OBJECT]]></c></r><r><c><![CDATA[NAT_NET_COMMENT_LINES]]></c><c><![CDATA[NATURAL2]]></c><c><![CDATA[OBJECT]]></c></r><r><c><![CDATA[NAT_TRIVIAL_COMMENT_LINES]]></c><c><![CDATA[NATURAL2]]></c><c><![CDATA[OBJECT]]></c></r><r><c><![CDATA[NAT_FIELDS]]></c><c><![CDATA[NATURAL2]]></c><c><![CDATA[OBJECT]]></c></r><r><c><![CDATA[NAT_CALL_OUT_COUNT]]></c><c><![CDATA[NATURAL2]]></c><c><![CDATA[OBJECT]]></c></r><r><c><![CDATA[NAT_CALL_IN_COUNT]]></c><c><![CDATA[NATURAL2]]></c><c><![CDATA[OBJECT]]></c></r><r><c><![CDATA[NAT_DIFF_EXT_SUBROUTINE_AND_MODULE_NAME]]></c><c><![CDATA[NATURAL2]]></c><c><![CDATA[OBJECT]]></c></r><r><c><![CDATA[NAT_ESCAPE_BOTTOM_AS_DEFAULT]]></c><c><![CDATA[NATURAL2]]></c><c><![CDATA[OBJECT]]></c></r><r><c><![CDATA[NAT_FIND_SORTED]]></c><c><![CDATA[NATURAL2]]></c><c><![CDATA[OBJECT]]></c></r><r><c><![CDATA[NAT_HALSTEAD_LENGTH]]></c><c><![CDATA[NATURAL2]]></c><c><![CDATA[OBJECT]]></c></r><r><c><![CDATA[COMP]]></c><c><![CDATA[NATURAL2]]></c><c><![CDATA[UNIT]]></c></r><r><c><![CDATA[NAT_HALSTEAD_BUG_PREDICTION]]></c><c><![CDATA[NATURAL2]]></c><c><![CDATA[OBJECT]]></c></r><r><c><![CDATA[NAT_DEAD_CODE]]></c><c><![CDATA[NATURAL2]]></c><c><![CDATA[OBJECT]]></c></r><r><c><![CDATA[NAT_COMPLEX_LOGICAL_EXPRESSION]]></c><c><![CDATA[NATURAL2]]></c><c><![CDATA[OBJECT]]></c></r><r><c><![CDATA[NAT_MULTIPLE_STATEMENTS_ON_THE_SAME_LINE]]></c><c><![CDATA[NATURAL2]]></c><c><![CDATA[OBJECT]]></c></r><r><c><![CDATA[NAT_NON_STRUCTURAL_ESCAPE]]></c><c><![CDATA[NATURAL2]]></c><c><![CDATA[OBJECT]]></c></r><r><c><![CDATA[NAT_SHORT_DECIDE]]></c><c><![CDATA[NATURAL2]]></c><c><![CDATA[OBJECT]]></c></r><r><c><![CDATA[NAT_STATEMENT_NUMBER_REFERENCE]]></c><c><![CDATA[NATURAL2]]></c><c><![CDATA[OBJECT]]></c></r><r><c><![CDATA[NAT_HALSTEAD_LEVEL_OF_ABSTR]]></c><c><![CDATA[NATURAL2]]></c><c><![CDATA[OBJECT]]></c></r><r><c><![CDATA[NAT_MAXIMAL_NESTING]]></c><c><![CDATA[NATURAL2]]></c><c><![CDATA[OBJECT]]></c></r><r><c><![CDATA[NAT_LINES_OF_CODE]]></c><c><![CDATA[NATURAL2]]></c><c><![CDATA[OBJECT]]></c></r><r><c><![CDATA[NAT_LINES_WITH_COMMENT]]></c><c><![CDATA[NATURAL2]]></c><c><![CDATA[OBJECT]]></c></r><r><c><![CDATA[NAT_AUTODOCUMENTATION_PCT]]></c><c><![CDATA[NATURAL2]]></c><c><![CDATA[OBJECT]]></c></r><r><c><![CDATA[NAT_INT_SUBROUTINES_COUNT]]></c><c><![CDATA[NATURAL2]]></c><c><![CDATA[OBJECT]]></c></r><r><c><![CDATA[NAT_MAPS_COUNT]]></c><c><![CDATA[NATURAL2]]></c><c><![CDATA[OBJECT]]></c></r><r><c><![CDATA[NAT_INSTRUCTION_COUNT]]></c><c><![CDATA[NATURAL2]]></c><c><![CDATA[OBJECT]]></c></r><r><c><![CDATA[NAT_FILES]]></c><c><![CDATA[NATURAL2]]></c><c><![CDATA[OBJECT]]></c></r></e>