<?xml version="1.0"  encoding="UTF-8"?><e><r><c><![CDATA[NAT_COMPLEX_LOGICAL_EXPRESSION]]></c><c/><c/><c/><c/></r><r><c><![CDATA[NAT_DEAD_CODE]]></c><c/><c/><c/><c/></r><r><c><![CDATA[NAT_ESCAPE_BOTTOM_AS_DEFAULT]]></c><c/><c/><c/><c/></r><r><c><![CDATA[NAT_FETCH_FROM_SUBPROG_OR_EXTER_SUBR]]></c><c/><c/><c/><c/></r><r><c><![CDATA[NAT_FIND_SORTED]]></c><c/><c/><c/><c/></r><r><c><![CDATA[NAT_MISSING]]></c><c/><c/><c/><c/></r><r><c><![CDATA[NAT_MULTIPLE_STATEMENTS_ON_THE_SAME_LINE]]></c><c/><c/><c/><c/></r><r><c><![CDATA[NAT_NON_STRUCTURAL_ESCAPE]]></c><c/><c/><c/><c/></r><r><c><![CDATA[NAT_SHORT_DECIDE]]></c><c/><c/><c/><c/></r><r><c><![CDATA[NAT_STATEMENT_NUMBER_REFERENCE]]></c><c/><c/><c/><c/></r><r><c><![CDATA[NAT_TOKEN_COUNT]]></c><c/><c><![CDATA[2012-03-26 15:07:34]]></c><c/><c/></r><r><c><![CDATA[NAT_LOCAL_SUBROUTINE_USAGE]]></c><c/><c><![CDATA[2012-03-26 15:12:23]]></c><c/><c/></r><r><c><![CDATA[NAT_NET_COMMENT_LINES]]></c><c/><c><![CDATA[2012-03-26 15:32:09]]></c><c/><c/></r><r><c><![CDATA[NAT_TRIVIAL_COMMENT_LINES]]></c><c/><c><![CDATA[2012-03-26 15:49:31]]></c><c/><c/></r><r><c><![CDATA[NAT_FIELDS]]></c><c/><c><![CDATA[2012-03-26 15:59:59]]></c><c/><c/></r><r><c><![CDATA[NAT_CALL_OUT_COUNT]]></c><c/><c><![CDATA[2012-03-26 16:03:20]]></c><c/><c/></r><r><c><![CDATA[NAT_CALL_IN_COUNT]]></c><c/><c><![CDATA[2012-03-26 16:06:47]]></c><c/><c/></r><r><c><![CDATA[NAT_DIFF_EXT_SUBROUTINE_AND_MODULE_NAME]]></c><c/><c><![CDATA[2012-03-26 11:13:04]]></c><c/><c/></r><r><c><![CDATA[NAT_NESTING_DEPTH]]></c><c/><c><![CDATA[2012-03-26 11:15:42]]></c><c/><c/></r><r><c><![CDATA[NAT_HALSTEAD_BUG_PREDICTION]]></c><c/><c><![CDATA[2012-03-26 14:54:11]]></c><c/><c/></r><r><c><![CDATA[NAT_HALSTEAD_LENGTH]]></c><c/><c><![CDATA[2012-03-26 15:04:20]]></c><c/><c/></r><r><c><![CDATA[NAT_HALSTEAD_LEVEL_OF_ABSTR]]></c><c/><c><![CDATA[2012-03-26 15:05:59]]></c><c/><c/></r><r><c><![CDATA[NAT_MAXIMAL_NESTING]]></c><c/><c><![CDATA[2012-03-26 15:08:56]]></c><c/><c/></r><r><c><![CDATA[NAT_LINES_OF_CODE]]></c><c/><c><![CDATA[2012-03-26 15:28:39]]></c><c/><c/></r><r><c><![CDATA[NAT_LINES_WITH_COMMENT]]></c><c/><c><![CDATA[2012-03-26 15:30:45]]></c><c/><c/></r><r><c><![CDATA[NAT_AUTODOCUMENTATION_PCT]]></c><c/><c><![CDATA[2012-03-26 15:46:46]]></c><c/><c/></r><r><c><![CDATA[NAT_INT_SUBROUTINES_COUNT]]></c><c/><c><![CDATA[2012-03-26 15:51:39]]></c><c/><c/></r><r><c><![CDATA[NAT_MAPS_COUNT]]></c><c/><c><![CDATA[2012-03-26 15:53:52]]></c><c/><c/></r><r><c><![CDATA[NAT_INSTRUCTION_COUNT]]></c><c/><c><![CDATA[2012-03-26 15:55:21]]></c><c/><c/></r><r><c><![CDATA[NAT_FILES]]></c><c/><c><![CDATA[2012-03-26 15:57:43]]></c><c/><c/></r><r><c><![CDATA[COMP]]></c><c><![CDATA[2006-11-15 15:39:43]]></c><c/><c><![CDATA[2006-11-15 15:39:43]]></c><c/></r></e>