<?xml version="1.0"  encoding="UTF-8"?><e><r><c><![CDATA[type_element]]></c><c><![CDATA[compl]]></c><c><![CDATA[OBJECT]]></c><c><![CDATA[en]]></c><c><![CDATA[Object]]></c></r><r><c><![CDATA[type_element]]></c><c><![CDATA[compl]]></c><c><![CDATA[OBJECT]]></c><c><![CDATA[es]]></c><c><![CDATA[Object]]></c></r><r><c><![CDATA[type_element]]></c><c><![CDATA[compl]]></c><c><![CDATA[OBJECT]]></c><c><![CDATA[fr]]></c><c><![CDATA[Object]]></c></r><r><c><![CDATA[type_element]]></c><c><![CDATA[desc]]></c><c><![CDATA[OBJECT]]></c><c><![CDATA[en]]></c><c><![CDATA[Object]]></c></r><r><c><![CDATA[type_element]]></c><c><![CDATA[desc]]></c><c><![CDATA[OBJECT]]></c><c><![CDATA[es]]></c><c><![CDATA[Object]]></c></r><r><c><![CDATA[type_element]]></c><c><![CDATA[desc]]></c><c><![CDATA[OBJECT]]></c><c><![CDATA[fr]]></c><c><![CDATA[Object]]></c></r><r><c><![CDATA[type_element]]></c><c><![CDATA[lib]]></c><c><![CDATA[OBJECT]]></c><c><![CDATA[en]]></c><c><![CDATA[Object]]></c></r><r><c><![CDATA[type_element]]></c><c><![CDATA[lib]]></c><c><![CDATA[OBJECT]]></c><c><![CDATA[es]]></c><c><![CDATA[Object]]></c></r><r><c><![CDATA[type_element]]></c><c><![CDATA[lib]]></c><c><![CDATA[OBJECT]]></c><c><![CDATA[fr]]></c><c><![CDATA[Object]]></c></r><r><c><![CDATA[type_element]]></c><c><![CDATA[compl]]></c><c><![CDATA[UNIT]]></c><c><![CDATA[en]]></c><c><![CDATA[Unit]]></c></r><r><c><![CDATA[type_element]]></c><c><![CDATA[compl]]></c><c><![CDATA[UNIT]]></c><c><![CDATA[es]]></c><c><![CDATA[Unit]]></c></r><r><c><![CDATA[type_element]]></c><c><![CDATA[compl]]></c><c><![CDATA[UNIT]]></c><c><![CDATA[fr]]></c><c><![CDATA[Unit]]></c></r><r><c><![CDATA[type_element]]></c><c><![CDATA[desc]]></c><c><![CDATA[UNIT]]></c><c><![CDATA[en]]></c><c><![CDATA[Unit]]></c></r><r><c><![CDATA[type_element]]></c><c><![CDATA[desc]]></c><c><![CDATA[UNIT]]></c><c><![CDATA[es]]></c><c><![CDATA[Unit]]></c></r><r><c><![CDATA[type_element]]></c><c><![CDATA[desc]]></c><c><![CDATA[UNIT]]></c><c><![CDATA[fr]]></c><c><![CDATA[Unit]]></c></r><r><c><![CDATA[type_element]]></c><c><![CDATA[lib]]></c><c><![CDATA[UNIT]]></c><c><![CDATA[en]]></c><c><![CDATA[Unit]]></c></r><r><c><![CDATA[type_element]]></c><c><![CDATA[lib]]></c><c><![CDATA[UNIT]]></c><c><![CDATA[es]]></c><c><![CDATA[Unit]]></c></r><r><c><![CDATA[type_element]]></c><c><![CDATA[lib]]></c><c><![CDATA[UNIT]]></c><c><![CDATA[fr]]></c><c><![CDATA[Unit]]></c></r></e>