<?xml version="1.0"  encoding="UTF-8"?><e><r><c><![CDATA[critere]]></c><c><![CDATA[compl]]></c><c><![CDATA[COMP]]></c><c><![CDATA[fr]]></c><c><![CDATA[La compréhension d'une méthode est proportionnelle au taux de commentaire et à la complexité de celle-ci.]]></c></r><r><c><![CDATA[critere]]></c><c><![CDATA[desc]]></c><c><![CDATA[COMP]]></c><c><![CDATA[en]]></c><c><![CDATA[Comprehension depends on comment ratio and method complexity. The more the method is complex and the less it is documented, the worst the comprehension will be.]]></c></r><r><c><![CDATA[critere]]></c><c><![CDATA[desc]]></c><c><![CDATA[COMP]]></c><c><![CDATA[fr]]></c><c><![CDATA[Fonction du taux de commentaire de traitement (intra procédures) et de la complexité cyclomatique (v(G)) de la procédure.]]></c></r><r><c><![CDATA[critere]]></c><c><![CDATA[lib]]></c><c><![CDATA[COMP]]></c><c><![CDATA[en]]></c><c><![CDATA[Comprehension]]></c></r><r><c><![CDATA[critere]]></c><c><![CDATA[lib]]></c><c><![CDATA[COMP]]></c><c><![CDATA[fr]]></c><c><![CDATA[Compréhension]]></c></r><r><c><![CDATA[critere]]></c><c><![CDATA[desc]]></c><c><![CDATA[NAT_COMPLEX_LOGICAL_EXPRESSION]]></c><c><![CDATA[en]]></c><c><![CDATA[Les constructions complexes réduisent la lisibilité du code et compliquent les tests.]]></c></r><r><c><![CDATA[critere]]></c><c><![CDATA[desc]]></c><c><![CDATA[NAT_COMPLEX_LOGICAL_EXPRESSION]]></c><c><![CDATA[es]]></c><c><![CDATA[Les constructions complexes réduisent la lisibilité du code et compliquent les tests.]]></c></r><r><c><![CDATA[critere]]></c><c><![CDATA[desc]]></c><c><![CDATA[NAT_COMPLEX_LOGICAL_EXPRESSION]]></c><c><![CDATA[fr]]></c><c><![CDATA[Les constructions complexes réduisent la lisibilité du code et compliquent les tests.]]></c></r><r><c><![CDATA[critere]]></c><c><![CDATA[lib]]></c><c><![CDATA[NAT_COMPLEX_LOGICAL_EXPRESSION]]></c><c><![CDATA[en]]></c><c><![CDATA[Logical expression complexity]]></c></r><r><c><![CDATA[critere]]></c><c><![CDATA[lib]]></c><c><![CDATA[NAT_COMPLEX_LOGICAL_EXPRESSION]]></c><c><![CDATA[es]]></c><c><![CDATA[Logical expression complexity]]></c></r><r><c><![CDATA[critere]]></c><c><![CDATA[lib]]></c><c><![CDATA[NAT_COMPLEX_LOGICAL_EXPRESSION]]></c><c><![CDATA[fr]]></c><c><![CDATA[Logical expression complexity]]></c></r><r><c><![CDATA[critere]]></c><c><![CDATA[desc]]></c><c><![CDATA[NAT_DEAD_CODE]]></c><c><![CDATA[en]]></c><c><![CDATA[Dead code]]></c></r><r><c><![CDATA[critere]]></c><c><![CDATA[desc]]></c><c><![CDATA[NAT_DEAD_CODE]]></c><c><![CDATA[es]]></c><c><![CDATA[Dead code]]></c></r><r><c><![CDATA[critere]]></c><c><![CDATA[desc]]></c><c><![CDATA[NAT_DEAD_CODE]]></c><c><![CDATA[fr]]></c><c><![CDATA[Dead code]]></c></r><r><c><![CDATA[critere]]></c><c><![CDATA[lib]]></c><c><![CDATA[NAT_DEAD_CODE]]></c><c><![CDATA[en]]></c><c><![CDATA[Dead code]]></c></r><r><c><![CDATA[critere]]></c><c><![CDATA[lib]]></c><c><![CDATA[NAT_DEAD_CODE]]></c><c><![CDATA[es]]></c><c><![CDATA[Dead code]]></c></r><r><c><![CDATA[critere]]></c><c><![CDATA[lib]]></c><c><![CDATA[NAT_DEAD_CODE]]></c><c><![CDATA[fr]]></c><c><![CDATA[Dead code]]></c></r><r><c><![CDATA[critere]]></c><c><![CDATA[compl]]></c><c><![CDATA[NAT_ESCAPE_BOTTOM_AS_DEFAULT]]></c><c><![CDATA[en]]></c><c><![CDATA[Action : Conditionner l'exécution de l'instruction ESCAPE\nBOTTOM.]]></c></r><r><c><![CDATA[critere]]></c><c><![CDATA[compl]]></c><c><![CDATA[NAT_ESCAPE_BOTTOM_AS_DEFAULT]]></c><c><![CDATA[es]]></c><c><![CDATA[Action : Conditionner l'exécution de l'instruction ESCAPE\nBOTTOM.]]></c></r><r><c><![CDATA[critere]]></c><c><![CDATA[compl]]></c><c><![CDATA[NAT_ESCAPE_BOTTOM_AS_DEFAULT]]></c><c><![CDATA[fr]]></c><c><![CDATA[Action : Conditionner l'exécution de l'instruction ESCAPE\nBOTTOM.]]></c></r><r><c><![CDATA[critere]]></c><c><![CDATA[desc]]></c><c><![CDATA[NAT_ESCAPE_BOTTOM_AS_DEFAULT]]></c><c><![CDATA[en]]></c><c><![CDATA[Une instruction ESCAPE BOTTOM dans une boucle de lecture sans la conditionner déclenche cette anomalie.\nLa sortie de la boucle est alors systématique.]]></c></r><r><c><![CDATA[critere]]></c><c><![CDATA[desc]]></c><c><![CDATA[NAT_ESCAPE_BOTTOM_AS_DEFAULT]]></c><c><![CDATA[es]]></c><c><![CDATA[Une instruction ESCAPE BOTTOM dans une boucle de lecture sans la conditionner déclenche cette anomalie.\nLa sortie de la boucle est alors systématique.]]></c></r><r><c><![CDATA[critere]]></c><c><![CDATA[desc]]></c><c><![CDATA[NAT_ESCAPE_BOTTOM_AS_DEFAULT]]></c><c><![CDATA[fr]]></c><c><![CDATA[Une instruction ESCAPE BOTTOM dans une boucle de lecture sans la conditionner déclenche cette anomalie.\nLa sortie de la boucle est alors systématique.]]></c></r><r><c><![CDATA[critere]]></c><c><![CDATA[lib]]></c><c><![CDATA[NAT_ESCAPE_BOTTOM_AS_DEFAULT]]></c><c><![CDATA[en]]></c><c><![CDATA[ESCAPE BOTTOM as default]]></c></r><r><c><![CDATA[critere]]></c><c><![CDATA[lib]]></c><c><![CDATA[NAT_ESCAPE_BOTTOM_AS_DEFAULT]]></c><c><![CDATA[es]]></c><c><![CDATA[ESCAPE BOTTOM as default]]></c></r><r><c><![CDATA[critere]]></c><c><![CDATA[lib]]></c><c><![CDATA[NAT_ESCAPE_BOTTOM_AS_DEFAULT]]></c><c><![CDATA[fr]]></c><c><![CDATA[ESCAPE BOTTOM as default]]></c></r><r><c><![CDATA[critere]]></c><c><![CDATA[compl]]></c><c><![CDATA[NAT_FETCH_FROM_SUBPROG_OR_EXTER_SUBR]]></c><c><![CDATA[en]]></c><c><![CDATA[Un FETCH à ce niveau a pour effet d'arrêter l'exécution de la routine en cours, mais aussi du programme principal à l'origine de l'appel de cette routine.\nAction : Revoir le mode d'enchaînement des programmes pour remonter l'instruction FETCH dans le programme principal.]]></c></r><r><c><![CDATA[critere]]></c><c><![CDATA[compl]]></c><c><![CDATA[NAT_FETCH_FROM_SUBPROG_OR_EXTER_SUBR]]></c><c><![CDATA[es]]></c><c><![CDATA[Un FETCH à ce niveau a pour effet d'arrêter l'exécution de la routine en cours, mais aussi du programme principal à l'origine de l'appel de cette routine.\nAction : Revoir le mode d'enchaînement des programmes pour remonter l'instruction FETCH dans le programme principal.]]></c></r><r><c><![CDATA[critere]]></c><c><![CDATA[compl]]></c><c><![CDATA[NAT_FETCH_FROM_SUBPROG_OR_EXTER_SUBR]]></c><c><![CDATA[fr]]></c><c><![CDATA[Un FETCH à ce niveau a pour effet d'arrêter l'exécution de la routine en cours, mais aussi du programme principal à l'origine de l'appel de cette routine.\nAction : Revoir le mode d'enchaînement des programmes pour remonter l'instruction FETCH dans le programme principal.]]></c></r><r><c><![CDATA[critere]]></c><c><![CDATA[desc]]></c><c><![CDATA[NAT_FETCH_FROM_SUBPROG_OR_EXTER_SUBR]]></c><c><![CDATA[en]]></c><c><![CDATA[Un FETCH dans un sous-programme ou une subroutine externe déclenche cette anomalie.]]></c></r><r><c><![CDATA[critere]]></c><c><![CDATA[desc]]></c><c><![CDATA[NAT_FETCH_FROM_SUBPROG_OR_EXTER_SUBR]]></c><c><![CDATA[es]]></c><c><![CDATA[Un FETCH dans un sous-programme ou une subroutine externe déclenche cette anomalie.]]></c></r><r><c><![CDATA[critere]]></c><c><![CDATA[desc]]></c><c><![CDATA[NAT_FETCH_FROM_SUBPROG_OR_EXTER_SUBR]]></c><c><![CDATA[fr]]></c><c><![CDATA[Un FETCH dans un sous-programme ou une subroutine externe déclenche cette anomalie.]]></c></r><r><c><![CDATA[critere]]></c><c><![CDATA[lib]]></c><c><![CDATA[NAT_FETCH_FROM_SUBPROG_OR_EXTER_SUBR]]></c><c><![CDATA[en]]></c><c><![CDATA[FETCH from subprogram or external subroutine]]></c></r><r><c><![CDATA[critere]]></c><c><![CDATA[lib]]></c><c><![CDATA[NAT_FETCH_FROM_SUBPROG_OR_EXTER_SUBR]]></c><c><![CDATA[es]]></c><c><![CDATA[FETCH from subprogram or external subroutine]]></c></r><r><c><![CDATA[critere]]></c><c><![CDATA[lib]]></c><c><![CDATA[NAT_FETCH_FROM_SUBPROG_OR_EXTER_SUBR]]></c><c><![CDATA[fr]]></c><c><![CDATA[FETCH from subprogram or external subroutine]]></c></r><r><c><![CDATA[critere]]></c><c><![CDATA[compl]]></c><c><![CDATA[NAT_FIND_SORTED]]></c><c><![CDATA[en]]></c><c><![CDATA[Elle ne devrait pas apparaître car elle concerne surtout ADABAS.\nAction : Utiliser l'instruction READ BY.]]></c></r><r><c><![CDATA[critere]]></c><c><![CDATA[compl]]></c><c><![CDATA[NAT_FIND_SORTED]]></c><c><![CDATA[es]]></c><c><![CDATA[Elle ne devrait pas apparaître car elle concerne surtout ADABAS.\nAction : Utiliser l'instruction READ BY.]]></c></r><r><c><![CDATA[critere]]></c><c><![CDATA[compl]]></c><c><![CDATA[NAT_FIND_SORTED]]></c><c><![CDATA[fr]]></c><c><![CDATA[Elle ne devrait pas apparaître car elle concerne surtout ADABAS.\nAction : Utiliser l'instruction READ BY.]]></c></r><r><c><![CDATA[critere]]></c><c><![CDATA[desc]]></c><c><![CDATA[NAT_FIND_SORTED]]></c><c><![CDATA[en]]></c><c><![CDATA[Cette instruction n'est pas performante, elle risque de manipuler de très nombreuses lignes, même si on n'en utilise que 10-15 (notamment pour un affichage en TP).]]></c></r><r><c><![CDATA[critere]]></c><c><![CDATA[desc]]></c><c><![CDATA[NAT_FIND_SORTED]]></c><c><![CDATA[es]]></c><c><![CDATA[Cette instruction n'est pas performante, elle risque de manipuler de très nombreuses lignes, même si on n'en utilise que 10-15 (notamment pour un affichage en TP).]]></c></r><r><c><![CDATA[critere]]></c><c><![CDATA[desc]]></c><c><![CDATA[NAT_FIND_SORTED]]></c><c><![CDATA[fr]]></c><c><![CDATA[Cette instruction n'est pas performante, elle risque de manipuler de très nombreuses lignes, même si on n'en utilise que 10-15 (notamment pour un affichage en TP).]]></c></r><r><c><![CDATA[critere]]></c><c><![CDATA[lib]]></c><c><![CDATA[NAT_FIND_SORTED]]></c><c><![CDATA[en]]></c><c><![CDATA[FIND SORTED]]></c></r><r><c><![CDATA[critere]]></c><c><![CDATA[lib]]></c><c><![CDATA[NAT_FIND_SORTED]]></c><c><![CDATA[es]]></c><c><![CDATA[FIND SORTED]]></c></r><r><c><![CDATA[critere]]></c><c><![CDATA[lib]]></c><c><![CDATA[NAT_FIND_SORTED]]></c><c><![CDATA[fr]]></c><c><![CDATA[FIND SORTED]]></c></r><r><c><![CDATA[critere]]></c><c><![CDATA[desc]]></c><c><![CDATA[NAT_MISSING]]></c><c><![CDATA[en]]></c><c><![CDATA[Des références sont manquantes et peuvent provoquer un arrêt de l'application.]]></c></r><r><c><![CDATA[critere]]></c><c><![CDATA[desc]]></c><c><![CDATA[NAT_MISSING]]></c><c><![CDATA[es]]></c><c><![CDATA[Des références sont manquantes et peuvent provoquer un arrêt de l'application.]]></c></r><r><c><![CDATA[critere]]></c><c><![CDATA[desc]]></c><c><![CDATA[NAT_MISSING]]></c><c><![CDATA[fr]]></c><c><![CDATA[Des références sont manquantes et peuvent provoquer un arrêt de l'application.]]></c></r><r><c><![CDATA[critere]]></c><c><![CDATA[lib]]></c><c><![CDATA[NAT_MISSING]]></c><c><![CDATA[en]]></c><c><![CDATA[Missing parts]]></c></r><r><c><![CDATA[critere]]></c><c><![CDATA[lib]]></c><c><![CDATA[NAT_MISSING]]></c><c><![CDATA[es]]></c><c><![CDATA[Missing parts]]></c></r><r><c><![CDATA[critere]]></c><c><![CDATA[lib]]></c><c><![CDATA[NAT_MISSING]]></c><c><![CDATA[fr]]></c><c><![CDATA[Missing parts]]></c></r><r><c><![CDATA[critere]]></c><c><![CDATA[compl]]></c><c><![CDATA[NAT_MULTIPLE_STATEMENTS_ON_THE_SAME_LINE]]></c><c><![CDATA[en]]></c><c><![CDATA[Action : Ecrire chaque instruction sur une ligne différente.]]></c></r><r><c><![CDATA[critere]]></c><c><![CDATA[compl]]></c><c><![CDATA[NAT_MULTIPLE_STATEMENTS_ON_THE_SAME_LINE]]></c><c><![CDATA[es]]></c><c><![CDATA[Action : Ecrire chaque instruction sur une ligne différente.]]></c></r><r><c><![CDATA[critere]]></c><c><![CDATA[compl]]></c><c><![CDATA[NAT_MULTIPLE_STATEMENTS_ON_THE_SAME_LINE]]></c><c><![CDATA[fr]]></c><c><![CDATA[Action : Ecrire chaque instruction sur une ligne différente.]]></c></r><r><c><![CDATA[critere]]></c><c><![CDATA[desc]]></c><c><![CDATA[NAT_MULTIPLE_STATEMENTS_ON_THE_SAME_LINE]]></c><c><![CDATA[en]]></c><c><![CDATA[L'écriture d'au moins 2 instructions sur la même ligne de code déclenche cette anomalie.]]></c></r><r><c><![CDATA[critere]]></c><c><![CDATA[desc]]></c><c><![CDATA[NAT_MULTIPLE_STATEMENTS_ON_THE_SAME_LINE]]></c><c><![CDATA[es]]></c><c><![CDATA[L'écriture d'au moins 2 instructions sur la même ligne de code déclenche cette anomalie.]]></c></r><r><c><![CDATA[critere]]></c><c><![CDATA[desc]]></c><c><![CDATA[NAT_MULTIPLE_STATEMENTS_ON_THE_SAME_LINE]]></c><c><![CDATA[fr]]></c><c><![CDATA[L'écriture d'au moins 2 instructions sur la même ligne de code déclenche cette anomalie.]]></c></r><r><c><![CDATA[critere]]></c><c><![CDATA[lib]]></c><c><![CDATA[NAT_MULTIPLE_STATEMENTS_ON_THE_SAME_LINE]]></c><c><![CDATA[en]]></c><c><![CDATA[Multiple statements on the same line]]></c></r><r><c><![CDATA[critere]]></c><c><![CDATA[lib]]></c><c><![CDATA[NAT_MULTIPLE_STATEMENTS_ON_THE_SAME_LINE]]></c><c><![CDATA[es]]></c><c><![CDATA[Multiple statements on the same line]]></c></r><r><c><![CDATA[critere]]></c><c><![CDATA[lib]]></c><c><![CDATA[NAT_MULTIPLE_STATEMENTS_ON_THE_SAME_LINE]]></c><c><![CDATA[fr]]></c><c><![CDATA[Multiple statements on the same line]]></c></r><r><c><![CDATA[critere]]></c><c><![CDATA[compl]]></c><c><![CDATA[NAT_NON_STRUCTURAL_ESCAPE]]></c><c><![CDATA[en]]></c><c><![CDATA[L'effet d'une telle programmation est très difficile à analyser et à comprendre, voir provoquer un plantage si l'appel de cette subroutine se fait en dehors d'une boucle.\nAction : Remonter l'instruction ESCAPE BOTTOM dans la boucle de lecture de l'appelant et conditionner son exécution par un code retour retourné par la subroutine.]]></c></r><r><c><![CDATA[critere]]></c><c><![CDATA[compl]]></c><c><![CDATA[NAT_NON_STRUCTURAL_ESCAPE]]></c><c><![CDATA[es]]></c><c><![CDATA[L'effet d'une telle programmation est très difficile à analyser et à comprendre, voir provoquer un plantage si l'appel de cette subroutine se fait en dehors d'une boucle.\nAction : Remonter l'instruction ESCAPE BOTTOM dans la boucle de lecture de l'appelant et conditionner son exécution par un code retour retourné par la subroutine.]]></c></r><r><c><![CDATA[critere]]></c><c><![CDATA[compl]]></c><c><![CDATA[NAT_NON_STRUCTURAL_ESCAPE]]></c><c><![CDATA[fr]]></c><c><![CDATA[L'effet d'une telle programmation est très difficile à analyser et à comprendre, voir provoquer un plantage si l'appel de cette subroutine se fait en dehors d'une boucle.\nAction : Remonter l'instruction ESCAPE BOTTOM dans la boucle de lecture de l'appelant et conditionner son exécution par un code retour retourné par la subroutine.]]></c></r><r><c><![CDATA[critere]]></c><c><![CDATA[desc]]></c><c><![CDATA[NAT_NON_STRUCTURAL_ESCAPE]]></c><c><![CDATA[en]]></c><c><![CDATA[Un ESCAPE BOTTOM dans une subroutine sans instruction de boucle (FIND, READ, SELECT, REPEAT, FOR, ...) déclenche cette anomalie.]]></c></r><r><c><![CDATA[critere]]></c><c><![CDATA[desc]]></c><c><![CDATA[NAT_NON_STRUCTURAL_ESCAPE]]></c><c><![CDATA[es]]></c><c><![CDATA[Un ESCAPE BOTTOM dans une subroutine sans instruction de boucle (FIND, READ, SELECT, REPEAT, FOR, ...) déclenche cette anomalie.]]></c></r><r><c><![CDATA[critere]]></c><c><![CDATA[desc]]></c><c><![CDATA[NAT_NON_STRUCTURAL_ESCAPE]]></c><c><![CDATA[fr]]></c><c><![CDATA[Un ESCAPE BOTTOM dans une subroutine sans instruction de boucle (FIND, READ, SELECT, REPEAT, FOR, ...) déclenche cette anomalie.]]></c></r><r><c><![CDATA[critere]]></c><c><![CDATA[lib]]></c><c><![CDATA[NAT_NON_STRUCTURAL_ESCAPE]]></c><c><![CDATA[en]]></c><c><![CDATA[Non structural ESCAPE]]></c></r><r><c><![CDATA[critere]]></c><c><![CDATA[lib]]></c><c><![CDATA[NAT_NON_STRUCTURAL_ESCAPE]]></c><c><![CDATA[es]]></c><c><![CDATA[Non structural ESCAPE]]></c></r><r><c><![CDATA[critere]]></c><c><![CDATA[lib]]></c><c><![CDATA[NAT_NON_STRUCTURAL_ESCAPE]]></c><c><![CDATA[fr]]></c><c><![CDATA[Non structural ESCAPE]]></c></r><r><c><![CDATA[critere]]></c><c><![CDATA[compl]]></c><c><![CDATA[NAT_SHORT_DECIDE]]></c><c><![CDATA[en]]></c><c><![CDATA[SHORT DECIDE]]></c></r><r><c><![CDATA[critere]]></c><c><![CDATA[compl]]></c><c><![CDATA[NAT_SHORT_DECIDE]]></c><c><![CDATA[es]]></c><c><![CDATA[SHORT DECIDE]]></c></r><r><c><![CDATA[critere]]></c><c><![CDATA[compl]]></c><c><![CDATA[NAT_SHORT_DECIDE]]></c><c><![CDATA[fr]]></c><c><![CDATA[SHORT DECIDE]]></c></r><r><c><![CDATA[critere]]></c><c><![CDATA[desc]]></c><c><![CDATA[NAT_SHORT_DECIDE]]></c><c><![CDATA[en]]></c><c><![CDATA[SHORT DECIDE]]></c></r><r><c><![CDATA[critere]]></c><c><![CDATA[desc]]></c><c><![CDATA[NAT_SHORT_DECIDE]]></c><c><![CDATA[es]]></c><c><![CDATA[SHORT DECIDE]]></c></r><r><c><![CDATA[critere]]></c><c><![CDATA[desc]]></c><c><![CDATA[NAT_SHORT_DECIDE]]></c><c><![CDATA[fr]]></c><c><![CDATA[SHORT DECIDE]]></c></r><r><c><![CDATA[critere]]></c><c><![CDATA[lib]]></c><c><![CDATA[NAT_SHORT_DECIDE]]></c><c><![CDATA[en]]></c><c><![CDATA[SHORT DECIDE]]></c></r><r><c><![CDATA[critere]]></c><c><![CDATA[lib]]></c><c><![CDATA[NAT_SHORT_DECIDE]]></c><c><![CDATA[es]]></c><c><![CDATA[SHORT DECIDE]]></c></r><r><c><![CDATA[critere]]></c><c><![CDATA[lib]]></c><c><![CDATA[NAT_SHORT_DECIDE]]></c><c><![CDATA[fr]]></c><c><![CDATA[SHORT DECIDE]]></c></r><r><c><![CDATA[critere]]></c><c><![CDATA[compl]]></c><c><![CDATA[NAT_STATEMENT_NUMBER_REFERENCE]]></c><c><![CDATA[en]]></c><c><![CDATA[Action : Utiliser une référence par label.]]></c></r><r><c><![CDATA[critere]]></c><c><![CDATA[compl]]></c><c><![CDATA[NAT_STATEMENT_NUMBER_REFERENCE]]></c><c><![CDATA[es]]></c><c><![CDATA[Action : Utiliser une référence par label.]]></c></r><r><c><![CDATA[critere]]></c><c><![CDATA[compl]]></c><c><![CDATA[NAT_STATEMENT_NUMBER_REFERENCE]]></c><c><![CDATA[fr]]></c><c><![CDATA[Action : Utiliser une référence par label.]]></c></r><r><c><![CDATA[critere]]></c><c><![CDATA[desc]]></c><c><![CDATA[NAT_STATEMENT_NUMBER_REFERENCE]]></c><c><![CDATA[en]]></c><c><![CDATA[Une instruction UPDATE, DELETE ou ESCAPE BOTTOM faisant référence à une instruction de lecture ou de boucle par son numéro de ligne déclenche cette anomalie.]]></c></r><r><c><![CDATA[critere]]></c><c><![CDATA[desc]]></c><c><![CDATA[NAT_STATEMENT_NUMBER_REFERENCE]]></c><c><![CDATA[es]]></c><c><![CDATA[Une instruction UPDATE, DELETE ou ESCAPE BOTTOM faisant référence à une instruction de lecture ou de boucle par son numéro de ligne déclenche cette anomalie.]]></c></r><r><c><![CDATA[critere]]></c><c><![CDATA[desc]]></c><c><![CDATA[NAT_STATEMENT_NUMBER_REFERENCE]]></c><c><![CDATA[fr]]></c><c><![CDATA[Une instruction UPDATE, DELETE ou ESCAPE BOTTOM faisant référence à une instruction de lecture ou de boucle par son numéro de ligne déclenche cette anomalie.]]></c></r><r><c><![CDATA[critere]]></c><c><![CDATA[lib]]></c><c><![CDATA[NAT_STATEMENT_NUMBER_REFERENCE]]></c><c><![CDATA[en]]></c><c><![CDATA[Statement number reference]]></c></r><r><c><![CDATA[critere]]></c><c><![CDATA[lib]]></c><c><![CDATA[NAT_STATEMENT_NUMBER_REFERENCE]]></c><c><![CDATA[es]]></c><c><![CDATA[Statement number reference]]></c></r><r><c><![CDATA[critere]]></c><c><![CDATA[lib]]></c><c><![CDATA[NAT_STATEMENT_NUMBER_REFERENCE]]></c><c><![CDATA[fr]]></c><c><![CDATA[Statement number reference]]></c></r></e>