<?xml version="1.0" encoding="UTF-8"?>
<METHOD>
  <USAGE id="NATURAL2">
    <CRITDEF id="COMP">
      <AGGREG id="AVG" telt="ALL" />
      <COSTFORMULA>
        <VAL value="1" type="NUMERIC" />
      </COSTFORMULA>
      <FORMULA value="1">
        <OP id="gt" type="BOOLEAN">
          <VAR id="NAT_VG" type="NUMERIC" />
          <VAL value="15" type="NUMERIC" />
        </OP>
      </FORMULA>
      <FORMULA value="2">
        <OP id="AND" type="BOOLEAN">
          <OP id="gt" type="BOOLEAN">
            <VAR id="NAT_VG" type="NUMERIC" />
            <VAL value="10" type="NUMERIC" />
          </OP>
          <OP id="le" type="BOOLEAN">
            <VAR id="NAT_VG" type="NUMERIC" />
            <VAL value="15" type="NUMERIC" />
          </OP>
        </OP>
      </FORMULA>
      <FORMULA value="3">
        <OP id="AND" type="BOOLEAN">
          <OP id="gt" type="BOOLEAN">
            <VAR id="NAT_VG" type="NUMERIC" />
            <VAL value="5" type="NUMERIC" />
          </OP>
          <OP id="le" type="BOOLEAN">
            <VAR id="NAT_VG" type="NUMERIC" />
            <VAL value="10" type="NUMERIC" />
          </OP>
        </OP>
      </FORMULA>
      <FORMULA value="4">
        <VAL value="true" type="BOOLEAN" />
      </FORMULA>
    </CRITDEF>
    <IFPUG telt="OBJECT">
      <OP id="/" type="NUMERIC">
        <VAR id="NAT_LINES_OF_CODE" type="NUMERIC" />
        <VAL value="29" type="NUMERIC" />
      </OP>
    </IFPUG>
    <CRITDEF id="NAT_DEAD_CODE">
      <AGGREG id="AVG" telt="ALL" />
      <COSTFORMULA>
        <VAL value="1" type="NUMERIC" />
      </COSTFORMULA>
      <FORMULA value="1">
        <OP id="OR" type="BOOLEAN">
          <OP id="gt" type="BOOLEAN">
            <VAR id="NAT_DEAD_CODE" type="NUMERIC" />
            <VAL value="10" type="NUMERIC" />
          </OP>
          <OP id="gt" type="BOOLEAN">
            <VAR id="NAT_ESCAPE_FETCH_WITH_DEAD_CODE" type="NUMERIC" />
            <VAL value="10" type="NUMERIC" />
          </OP>
          <OP id="gt" type="BOOLEAN">
            <VAR id="NAT_REINPUT_WITH_DEAD_CODE" type="NUMERIC" />
            <VAL value="10" type="NUMERIC" />
          </OP>
        </OP>
      </FORMULA>
      <FORMULA value="2">
        <OP id="OR" type="BOOLEAN">
          <OP id="AND" type="BOOLEAN">
            <OP id="gt" type="BOOLEAN">
              <VAR id="NAT_DEAD_CODE" type="NUMERIC" />
              <VAL value="5" type="NUMERIC" />
            </OP>
            <OP id="le" type="BOOLEAN">
              <VAR id="NAT_DEAD_CODE" type="NUMERIC" />
              <VAL value="10" type="NUMERIC" />
            </OP>
          </OP>
          <OP id="AND" type="BOOLEAN">
            <OP id="gt" type="BOOLEAN">
              <VAR id="NAT_ESCAPE_FETCH_WITH_DEAD_CODE" type="NUMERIC" />
              <VAL value="5" type="NUMERIC" />
            </OP>
            <OP id="le" type="BOOLEAN">
              <VAR id="NAT_ESCAPE_FETCH_WITH_DEAD_CODE" type="NUMERIC" />
              <VAL value="10" type="NUMERIC" />
            </OP>
          </OP>
          <OP id="AND" type="BOOLEAN">
            <OP id="gt" type="BOOLEAN">
              <VAR id="NAT_REINPUT_WITH_DEAD_CODE" type="NUMERIC" />
              <VAL value="5" type="NUMERIC" />
            </OP>
            <OP id="le" type="BOOLEAN">
              <VAR id="NAT_REINPUT_WITH_DEAD_CODE" type="NUMERIC" />
              <VAL value="10" type="NUMERIC" />
            </OP>
          </OP>
        </OP>
      </FORMULA>
      <FORMULA value="3">
        <OP id="OR" type="BOOLEAN">
          <OP id="AND" type="BOOLEAN">
            <OP id="gt" type="BOOLEAN">
              <VAR id="NAT_DEAD_CODE" type="NUMERIC" />
              <VAL value="0" type="NUMERIC" />
            </OP>
            <OP id="le" type="BOOLEAN">
              <VAR id="NAT_DEAD_CODE" type="NUMERIC" />
              <VAL value="5" type="NUMERIC" />
            </OP>
          </OP>
          <OP id="AND" type="BOOLEAN">
            <OP id="gt" type="BOOLEAN">
              <VAR id="NAT_ESCAPE_FETCH_WITH_DEAD_CODE" type="NUMERIC" />
              <VAL value="0" type="NUMERIC" />
            </OP>
            <OP id="le" type="BOOLEAN">
              <VAR id="NAT_ESCAPE_FETCH_WITH_DEAD_CODE" type="NUMERIC" />
              <VAL value="5" type="NUMERIC" />
            </OP>
          </OP>
          <OP id="AND" type="BOOLEAN">
            <OP id="gt" type="BOOLEAN">
              <VAR id="NAT_REINPUT_WITH_DEAD_CODE" type="NUMERIC" />
              <VAL value="0" type="NUMERIC" />
            </OP>
            <OP id="le" type="BOOLEAN">
              <VAR id="NAT_REINPUT_WITH_DEAD_CODE" type="NUMERIC" />
              <VAL value="5" type="NUMERIC" />
            </OP>
          </OP>
        </OP>
      </FORMULA>
      <FORMULA value="4">
        <VAL value="true" type="BOOLEAN" />
      </FORMULA>
    </CRITDEF>
    <CRITDEF id="NAT_DIFF_EXT_SUBROUTINE_AND_MODULE_NAME">
      <AGGREG id="AVG" telt="ALL" />
      <COSTFORMULA>
        <VAL value="1" type="NUMERIC" />
      </COSTFORMULA>
      <FORMULA value="1">
        <OP id="gt" type="BOOLEAN">
          <VAR id="NAT_DIFFERENT_EXTERNAL_SUBROUTINE_NAME_AND_MODULE_NAME" type="NUMERIC" />
          <VAL value="10" type="NUMERIC" />
        </OP>
      </FORMULA>
      <FORMULA value="2">
        <OP id="AND" type="BOOLEAN">
          <OP id="gt" type="BOOLEAN">
            <VAR id="NAT_DIFFERENT_EXTERNAL_SUBROUTINE_NAME_AND_MODULE_NAME" type="NUMERIC" />
            <VAL value="5" type="NUMERIC" />
          </OP>
          <OP id="le" type="BOOLEAN">
            <VAR id="NAT_DIFFERENT_EXTERNAL_SUBROUTINE_NAME_AND_MODULE_NAME" type="NUMERIC" />
            <VAL value="10" type="NUMERIC" />
          </OP>
        </OP>
      </FORMULA>
      <FORMULA value="3">
        <OP id="AND" type="BOOLEAN">
          <OP id="gt" type="BOOLEAN">
            <VAR id="NAT_DIFFERENT_EXTERNAL_SUBROUTINE_NAME_AND_MODULE_NAME" type="NUMERIC" />
            <VAL value="0" type="NUMERIC" />
          </OP>
          <OP id="le" type="BOOLEAN">
            <VAR id="NAT_DIFFERENT_EXTERNAL_SUBROUTINE_NAME_AND_MODULE_NAME" type="NUMERIC" />
            <VAL value="5" type="NUMERIC" />
          </OP>
        </OP>
      </FORMULA>
      <FORMULA value="4">
        <VAL value="true" type="BOOLEAN" />
      </FORMULA>
    </CRITDEF>
    <CRITDEF id="NAT_ESCAPE_BOTTOM_AS_DEFAULT">
      <AGGREG id="AVG" telt="ALL" />
      <COSTFORMULA>
        <VAL value="1" type="NUMERIC" />
      </COSTFORMULA>
      <FORMULA value="1">
        <OP id="gt" type="BOOLEAN">
          <VAR id="NAT_ESCAPE_BOTTOM_AS_DEFAULT" type="NUMERIC" />
          <VAL value="10" type="NUMERIC" />
        </OP>
      </FORMULA>
      <FORMULA value="2">
        <OP id="AND" type="BOOLEAN">
          <OP id="gt" type="BOOLEAN">
            <VAR id="NAT_ESCAPE_BOTTOM_AS_DEFAULT" type="NUMERIC" />
            <VAL value="5" type="NUMERIC" />
          </OP>
          <OP id="le" type="BOOLEAN">
            <VAR id="NAT_ESCAPE_BOTTOM_AS_DEFAULT" type="NUMERIC" />
            <VAL value="10" type="NUMERIC" />
          </OP>
        </OP>
      </FORMULA>
      <FORMULA value="3">
        <OP id="AND" type="BOOLEAN">
          <OP id="gt" type="BOOLEAN">
            <VAR id="NAT_ESCAPE_BOTTOM_AS_DEFAULT" type="NUMERIC" />
            <VAL value="0" type="NUMERIC" />
          </OP>
          <OP id="le" type="BOOLEAN">
            <VAR id="NAT_ESCAPE_BOTTOM_AS_DEFAULT" type="NUMERIC" />
            <VAL value="5" type="NUMERIC" />
          </OP>
        </OP>
      </FORMULA>
      <FORMULA value="4">
        <VAL value="true" type="BOOLEAN" />
      </FORMULA>
    </CRITDEF>
    <CRITDEF id="NAT_FETCH_FROM_SUBPROG_OR_EXTER_SUBR">
      <AGGREG id="AVG" telt="ALL" />
      <COSTFORMULA>
        <VAL value="1" type="NUMERIC" />
      </COSTFORMULA>
      <FORMULA value="1">
        <OP id="gt" type="BOOLEAN">
          <VAR id="NAT_FETCH_FROM_SUBPROG_OR_EXTER_SUBR" type="NUMERIC" />
          <VAL value="10" type="NUMERIC" />
        </OP>
      </FORMULA>
      <FORMULA value="2">
        <OP id="AND" type="BOOLEAN">
          <OP id="gt" type="BOOLEAN">
            <VAR id="NAT_FETCH_FROM_SUBPROG_OR_EXTER_SUBR" type="NUMERIC" />
            <VAL value="5" type="NUMERIC" />
          </OP>
          <OP id="le" type="BOOLEAN">
            <VAR id="NAT_FETCH_FROM_SUBPROG_OR_EXTER_SUBR" type="NUMERIC" />
            <VAL value="10" type="NUMERIC" />
          </OP>
        </OP>
      </FORMULA>
      <FORMULA value="3">
        <OP id="AND" type="BOOLEAN">
          <OP id="gt" type="BOOLEAN">
            <VAR id="NAT_FETCH_FROM_SUBPROG_OR_EXTER_SUBR" type="NUMERIC" />
            <VAL value="0" type="NUMERIC" />
          </OP>
          <OP id="le" type="BOOLEAN">
            <VAR id="NAT_FETCH_FROM_SUBPROG_OR_EXTER_SUBR" type="NUMERIC" />
            <VAL value="5" type="NUMERIC" />
          </OP>
        </OP>
      </FORMULA>
      <FORMULA value="4">
        <VAL value="true" type="BOOLEAN" />
      </FORMULA>
    </CRITDEF>
    <CRITDEF id="NAT_FIND_SORTED">
      <AGGREG id="AVG" telt="ALL" />
      <COSTFORMULA>
        <VAL value="1" type="NUMERIC" />
      </COSTFORMULA>
      <FORMULA value="1">
        <OP id="gt" type="BOOLEAN">
          <VAR id="NAT_FIND_SORTED" type="NUMERIC" />
          <VAL value="10" type="NUMERIC" />
        </OP>
      </FORMULA>
      <FORMULA value="2">
        <OP id="AND" type="BOOLEAN">
          <OP id="gt" type="BOOLEAN">
            <VAR id="NAT_FIND_SORTED" type="NUMERIC" />
            <VAL value="5" type="NUMERIC" />
          </OP>
          <OP id="le" type="BOOLEAN">
            <VAR id="NAT_FIND_SORTED" type="NUMERIC" />
            <VAL value="10" type="NUMERIC" />
          </OP>
        </OP>
      </FORMULA>
      <FORMULA value="3">
        <OP id="AND" type="BOOLEAN">
          <OP id="gt" type="BOOLEAN">
            <VAR id="NAT_FIND_SORTED" type="NUMERIC" />
            <VAL value="0" type="NUMERIC" />
          </OP>
          <OP id="le" type="BOOLEAN">
            <VAR id="NAT_FIND_SORTED" type="NUMERIC" />
            <VAL value="5" type="NUMERIC" />
          </OP>
        </OP>
      </FORMULA>
      <FORMULA value="4">
        <VAL value="true" type="BOOLEAN" />
      </FORMULA>
    </CRITDEF>
    <CRITDEF id="NAT_COMPLEX_LOGICAL_EXPRESSION">
      <AGGREG id="AVG" telt="ALL" />
      <COSTFORMULA>
        <VAL value="1" type="NUMERIC" />
      </COSTFORMULA>
      <FORMULA value="1">
        <OP id="gt" type="BOOLEAN">
          <VAR id="NAT_COMPLEX_LOGICAL_EXPRESSION" type="NUMERIC" />
          <VAL value="10" type="NUMERIC" />
        </OP>
      </FORMULA>
      <FORMULA value="2">
        <OP id="AND" type="BOOLEAN">
          <OP id="gt" type="BOOLEAN">
            <VAR id="NAT_COMPLEX_LOGICAL_EXPRESSION" type="NUMERIC" />
            <VAL value="5" type="NUMERIC" />
          </OP>
          <OP id="le" type="BOOLEAN">
            <VAR id="NAT_COMPLEX_LOGICAL_EXPRESSION" type="NUMERIC" />
            <VAL value="10" type="NUMERIC" />
          </OP>
        </OP>
      </FORMULA>
      <FORMULA value="3">
        <OP id="AND" type="BOOLEAN">
          <OP id="gt" type="BOOLEAN">
            <VAR id="NAT_COMPLEX_LOGICAL_EXPRESSION" type="NUMERIC" />
            <VAL value="0" type="NUMERIC" />
          </OP>
          <OP id="le" type="BOOLEAN">
            <VAR id="NAT_COMPLEX_LOGICAL_EXPRESSION" type="NUMERIC" />
            <VAL value="5" type="NUMERIC" />
          </OP>
        </OP>
      </FORMULA>
      <FORMULA value="4">
        <VAL value="true" type="BOOLEAN" />
      </FORMULA>
    </CRITDEF>
    <CRITDEF id="NAT_MISSING">
      <AGGREG id="AVG" telt="ALL" />
      <COSTFORMULA>
        <VAL value="1" type="NUMERIC" />
      </COSTFORMULA>
      <FORMULA value="1">
        <OP id="OR" type="BOOLEAN">
          <OP id="gt" type="BOOLEAN">
            <VAR id="NAT_MISSING_INTERNAL_SUBROUTINES" type="NUMERIC" />
            <VAL value="10" type="NUMERIC" />
          </OP>
          <OP id="gt" type="BOOLEAN">
            <VAR id="NAT_MISSING_OBJECTS" type="NUMERIC" />
            <VAL value="10" type="NUMERIC" />
          </OP>
        </OP>
      </FORMULA>
      <FORMULA value="2">
        <OP id="OR" type="BOOLEAN">
          <OP id="AND" type="BOOLEAN">
            <OP id="gt" type="BOOLEAN">
              <VAR id="NAT_MISSING_INTERNAL_SUBROUTINES" type="NUMERIC" />
              <VAL value="5" type="NUMERIC" />
            </OP>
            <OP id="le" type="BOOLEAN">
              <VAR id="NAT_MISSING_INTERNAL_SUBROUTINES" type="NUMERIC" />
              <VAL value="10" type="NUMERIC" />
            </OP>
          </OP>
          <OP id="AND" type="BOOLEAN">
            <OP id="gt" type="BOOLEAN">
              <VAR id="NAT_MISSING_OBJECTS" type="NUMERIC" />
              <VAL value="5" type="NUMERIC" />
            </OP>
            <OP id="le" type="BOOLEAN">
              <VAR id="NAT_MISSING_OBJECTS" type="NUMERIC" />
              <VAL value="10" type="NUMERIC" />
            </OP>
          </OP>
        </OP>
      </FORMULA>
      <FORMULA value="3">
        <OP id="OR" type="BOOLEAN">
          <OP id="AND" type="BOOLEAN">
            <OP id="gt" type="BOOLEAN">
              <VAR id="NAT_MISSING_INTERNAL_SUBROUTINES" type="NUMERIC" />
              <VAL value="0" type="NUMERIC" />
            </OP>
            <OP id="le" type="BOOLEAN">
              <VAR id="NAT_MISSING_INTERNAL_SUBROUTINES" type="NUMERIC" />
              <VAL value="5" type="NUMERIC" />
            </OP>
          </OP>
          <OP id="AND" type="BOOLEAN">
            <OP id="gt" type="BOOLEAN">
              <VAR id="NAT_MISSING_OBJECTS" type="NUMERIC" />
              <VAL value="0" type="NUMERIC" />
            </OP>
            <OP id="le" type="BOOLEAN">
              <VAR id="NAT_MISSING_OBJECTS" type="NUMERIC" />
              <VAL value="5" type="NUMERIC" />
            </OP>
          </OP>
        </OP>
      </FORMULA>
      <FORMULA value="4">
        <VAL value="true" type="BOOLEAN" />
      </FORMULA>
    </CRITDEF>
    <CRITDEF id="NAT_MULTIPLE_STATEMENTS_ON_THE_SAME_LINE">
      <AGGREG id="AVG" telt="ALL" />
      <COSTFORMULA>
        <VAL value="1" type="NUMERIC" />
      </COSTFORMULA>
      <FORMULA value="1">
        <OP id="gt" type="BOOLEAN">
          <VAR id="NAT_MULTIPLE_STATEMENTS_ON_THE_SAME_LINE" type="NUMERIC" />
          <VAL value="10" type="NUMERIC" />
        </OP>
      </FORMULA>
      <FORMULA value="2">
        <OP id="AND" type="BOOLEAN">
          <OP id="gt" type="BOOLEAN">
            <VAR id="NAT_MULTIPLE_STATEMENTS_ON_THE_SAME_LINE" type="NUMERIC" />
            <VAL value="5" type="NUMERIC" />
          </OP>
          <OP id="le" type="BOOLEAN">
            <VAR id="NAT_MULTIPLE_STATEMENTS_ON_THE_SAME_LINE" type="NUMERIC" />
            <VAL value="10" type="NUMERIC" />
          </OP>
        </OP>
      </FORMULA>
      <FORMULA value="3">
        <OP id="AND" type="BOOLEAN">
          <OP id="gt" type="BOOLEAN">
            <VAR id="NAT_MULTIPLE_STATEMENTS_ON_THE_SAME_LINE" type="NUMERIC" />
            <VAL value="0" type="NUMERIC" />
          </OP>
          <OP id="le" type="BOOLEAN">
            <VAR id="NAT_MULTIPLE_STATEMENTS_ON_THE_SAME_LINE" type="NUMERIC" />
            <VAL value="5" type="NUMERIC" />
          </OP>
        </OP>
      </FORMULA>
      <FORMULA value="4">
        <VAL value="true" type="BOOLEAN" />
      </FORMULA>
    </CRITDEF>
    <CRITDEF id="NAT_NESTING_DEPTH">
      <AGGREG id="AVG" telt="ALL" />
      <COSTFORMULA>
        <VAL value="1" type="NUMERIC" />
      </COSTFORMULA>
      <FORMULA value="1">
        <OP id="gt" type="BOOLEAN">
          <VAR id="NAT_DEEP_NEST" type="NUMERIC" />
          <VAL value="5" type="NUMERIC" />
        </OP>
      </FORMULA>
      <FORMULA value="2">
        <OP id="AND" type="BOOLEAN">
          <OP id="gt" type="BOOLEAN">
            <VAR id="NAT_MAXIMAL_NESTING" type="NUMERIC" />
            <VAL value="5" type="NUMERIC" />
          </OP>
          <OP id="le" type="BOOLEAN">
            <VAR id="NAT_MAXIMAL_NESTING" type="NUMERIC" />
            <VAL value="7" type="NUMERIC" />
          </OP>
        </OP>
      </FORMULA>
      <FORMULA value="3">
        <OP id="AND" type="BOOLEAN">
          <OP id="gt" type="BOOLEAN">
            <VAR id="NAT_MAXIMAL_NESTING" type="NUMERIC" />
            <VAL value="3" type="NUMERIC" />
          </OP>
          <OP id="le" type="BOOLEAN">
            <VAR id="NAT_MAXIMAL_NESTING" type="NUMERIC" />
            <VAL value="5" type="NUMERIC" />
          </OP>
        </OP>
      </FORMULA>
      <FORMULA value="4">
        <VAL value="true" type="BOOLEAN" />
      </FORMULA>
    </CRITDEF>
    <CRITDEF id="NAT_NON_STRUCTURAL_ESCAPE">
      <AGGREG id="AVG" telt="ALL" />
      <COSTFORMULA>
        <VAL value="1" type="NUMERIC" />
      </COSTFORMULA>
      <FORMULA value="1">
        <OP id="gt" type="BOOLEAN">
          <VAR id="NAT_NON_STRUCTURAL_ESCAPE" type="NUMERIC" />
          <VAL value="6" type="NUMERIC" />
        </OP>
      </FORMULA>
      <FORMULA value="2">
        <OP id="AND" type="BOOLEAN">
          <OP id="gt" type="BOOLEAN">
            <VAR id="NAT_NON_STRUCTURAL_ESCAPE" type="NUMERIC" />
            <VAL value="3" type="NUMERIC" />
          </OP>
          <OP id="le" type="BOOLEAN">
            <VAR id="NAT_NON_STRUCTURAL_ESCAPE" type="NUMERIC" />
            <VAL value="6" type="NUMERIC" />
          </OP>
        </OP>
      </FORMULA>
      <FORMULA value="3">
        <OP id="AND" type="BOOLEAN">
          <OP id="gt" type="BOOLEAN">
            <VAR id="NAT_NON_STRUCTURAL_ESCAPE" type="NUMERIC" />
            <VAL value="0" type="NUMERIC" />
          </OP>
          <OP id="le" type="BOOLEAN">
            <VAR id="NAT_NON_STRUCTURAL_ESCAPE" type="NUMERIC" />
            <VAL value="3" type="NUMERIC" />
          </OP>
        </OP>
      </FORMULA>
      <FORMULA value="4">
        <VAL value="true" type="BOOLEAN" />
      </FORMULA>
    </CRITDEF>
    <CRITDEF id="NAT_SHORT_DECIDE">
      <AGGREG id="AVG" telt="ALL" />
      <COSTFORMULA>
        <VAL value="1" type="NUMERIC" />
      </COSTFORMULA>
      <FORMULA value="1">
        <OP id="gt" type="BOOLEAN">
          <VAR id="NAT_SHORT_DECIDE" type="NUMERIC" />
          <VAL value="20" type="NUMERIC" />
        </OP>
      </FORMULA>
      <FORMULA value="2">
        <OP id="AND" type="BOOLEAN">
          <OP id="gt" type="BOOLEAN">
            <VAR id="NAT_SHORT_DECIDE" type="NUMERIC" />
            <VAL value="10" type="NUMERIC" />
          </OP>
          <OP id="le" type="BOOLEAN">
            <VAR id="NAT_SHORT_DECIDE" type="NUMERIC" />
            <VAL value="20" type="NUMERIC" />
          </OP>
        </OP>
      </FORMULA>
      <FORMULA value="3">
        <OP id="AND" type="BOOLEAN">
          <OP id="gt" type="BOOLEAN">
            <VAR id="NAT_SHORT_DECIDE" type="NUMERIC" />
            <VAL value="0" type="NUMERIC" />
          </OP>
          <OP id="le" type="BOOLEAN">
            <VAR id="NAT_SHORT_DECIDE" type="NUMERIC" />
            <VAL value="10" type="NUMERIC" />
          </OP>
        </OP>
      </FORMULA>
      <FORMULA value="4">
        <VAL value="true" type="BOOLEAN" />
      </FORMULA>
    </CRITDEF>
    <CRITDEF id="NAT_STATEMENT_NUMBER_REFERENCE">
      <AGGREG id="AVG" telt="ALL" />
      <COSTFORMULA>
        <VAL value="1" type="NUMERIC" />
      </COSTFORMULA>
      <FORMULA value="1">
        <OP id="gt" type="BOOLEAN">
          <VAR id="NAT_STATEMENT_NUMBER_REFERENCE" type="NUMERIC" />
          <VAL value="10" type="NUMERIC" />
        </OP>
      </FORMULA>
      <FORMULA value="2">
        <OP id="AND" type="BOOLEAN">
          <OP id="gt" type="BOOLEAN">
            <VAR id="NAT_STATEMENT_NUMBER_REFERENCE" type="NUMERIC" />
            <VAL value="5" type="NUMERIC" />
          </OP>
          <OP id="le" type="BOOLEAN">
            <VAR id="NAT_STATEMENT_NUMBER_REFERENCE" type="NUMERIC" />
            <VAL value="10" type="NUMERIC" />
          </OP>
        </OP>
      </FORMULA>
      <FORMULA value="3">
        <OP id="AND" type="BOOLEAN">
          <OP id="gt" type="BOOLEAN">
            <VAR id="NAT_STATEMENT_NUMBER_REFERENCE" type="NUMERIC" />
            <VAL value="0" type="NUMERIC" />
          </OP>
          <OP id="le" type="BOOLEAN">
            <VAR id="NAT_STATEMENT_NUMBER_REFERENCE" type="NUMERIC" />
            <VAL value="5" type="NUMERIC" />
          </OP>
        </OP>
      </FORMULA>
      <FORMULA value="4">
        <VAL value="true" type="BOOLEAN" />
      </FORMULA>
    </CRITDEF>
    <CRITDEF id="NAT_HALSTEAD_BUG_PREDICTION">
      <AGGREG id="AVG" telt="ALL" />
      <COSTFORMULA>
        <VAL value="1" type="NUMERIC" />
      </COSTFORMULA>
      <FORMULA value="1">
        <OP id="gt" type="BOOLEAN">
          <VAR id="NAT_HALSTEAD_BUG_PREDICTION" type="NUMERIC" />
          <VAL value="10" type="NUMERIC" />
        </OP>
      </FORMULA>
      <FORMULA value="4">
        <VAL value="true" type="BOOLEAN" />
      </FORMULA>
    </CRITDEF>
    <CRITDEF id="NAT_HALSTEAD_LENGTH">
      <COSTFORMULA>
        <VAL value="1" type="NUMERIC" />
      </COSTFORMULA>
      <FORMULA value="1">
        <OP id="gt" type="BOOLEAN">
          <VAR id="NAT_HALSTEAD_LENGTH" type="NUMERIC" />
          <VAL value="200" type="NUMERIC" />
        </OP>
      </FORMULA>
      <FORMULA value="4">
        <VAL value="true" type="BOOLEAN" />
      </FORMULA>
      <AGGREG id="AVG" telt="ALL" />
    </CRITDEF>
    <CRITDEF id="NAT_HALSTEAD_LEVEL_OF_ABSTR">
      <AGGREG id="AVG" telt="ALL" />
      <COSTFORMULA>
        <VAL value="1" type="NUMERIC" />
      </COSTFORMULA>
      <FORMULA value="1">
        <OP id="gt" type="BOOLEAN">
          <VAR id="NAT_HALSTEAD_LEVEL_OF_ABSTR" type="NUMERIC" />
          <VAL value="5" type="NUMERIC" />
        </OP>
      </FORMULA>
      <FORMULA value="4">
        <VAL value="true" type="BOOLEAN" />
      </FORMULA>
    </CRITDEF>
    <CRITDEF id="NAT_TOKEN_COUNT">
      <AGGREG id="AVG" telt="ALL" />
      <COSTFORMULA>
        <VAL value="1" type="NUMERIC" />
      </COSTFORMULA>
      <FORMULA value="1">
        <OP id="gt" type="BOOLEAN">
          <VAR id="NAT_TOKEN_COUNT" type="NUMERIC" />
          <VAL value="200" type="NUMERIC" />
        </OP>
      </FORMULA>
      <FORMULA value="4">
        <VAL value="true" type="BOOLEAN" />
      </FORMULA>
    </CRITDEF>
    <CRITDEF id="NAT_MAXIMAL_NESTING">
      <AGGREG id="AVG" telt="ALL" />
      <COSTFORMULA>
        <VAL value="1" type="NUMERIC" />
      </COSTFORMULA>
      <FORMULA value="1">
        <OP id="gt" type="BOOLEAN">
          <VAR id="NAT_MAXIMAL_NESTING" type="NUMERIC" />
          <VAL value="7" type="NUMERIC" />
        </OP>
      </FORMULA>
      <FORMULA value="4">
        <VAL value="true" type="BOOLEAN" />
      </FORMULA>
    </CRITDEF>
    <CRITDEF id="NAT_LOCAL_SUBROUTINE_USAGE">
      <AGGREG id="AVG" telt="ALL" />
      <COSTFORMULA>
        <VAL value="1" type="NUMERIC" />
      </COSTFORMULA>
      <FORMULA value="1">
        <OP id="gt" type="BOOLEAN">
          <VAR id="NAT_LOCAL_SUBROUTINE_USAGE" type="NUMERIC" />
          <VAL value="20" type="NUMERIC" />
        </OP>
      </FORMULA>
      <FORMULA value="4">
        <VAL value="true" type="BOOLEAN" />
      </FORMULA>
    </CRITDEF>
    <CRITDEF id="NAT_LINES_OF_CODE">
      <AGGREG id="AVG" telt="ALL" />
      <COSTFORMULA>
        <VAL value="1" type="NUMERIC" />
      </COSTFORMULA>
      <FORMULA value="1">
        <OP id="gt" type="BOOLEAN">
          <VAR id="NAT_LINES_OF_CODE" type="NUMERIC" />
          <VAL value="3000" type="NUMERIC" />
        </OP>
      </FORMULA>
      <FORMULA value="4">
        <VAL value="true" type="BOOLEAN" />
      </FORMULA>
    </CRITDEF>
    <CRITDEF id="NAT_LINES_WITH_COMMENT">
      <AGGREG id="AVG" telt="ALL" />
      <COSTFORMULA>
        <VAL value="1" type="NUMERIC" />
      </COSTFORMULA>
      <FORMULA value="1">
        <OP id="gt" type="BOOLEAN">
          <VAR id="NAT_LINES_WITH_COMMENT" type="NUMERIC" />
          <VAL value="10" type="NUMERIC" />
        </OP>
      </FORMULA>
      <FORMULA value="4">
        <VAL value="true" type="BOOLEAN" />
      </FORMULA>
    </CRITDEF>
    <CRITDEF id="NAT_NET_COMMENT_LINES">
      <AGGREG id="AVG" telt="ALL" />
      <COSTFORMULA>
        <VAL value="1" type="NUMERIC" />
      </COSTFORMULA>
      <FORMULA value="1">
        <OP id="gt" type="BOOLEAN">
          <VAR id="NAT_NET_COMMENT_LINES" type="NUMERIC" />
          <VAL value="1000" type="NUMERIC" />
        </OP>
      </FORMULA>
      <FORMULA value="4">
        <VAL value="true" type="BOOLEAN" />
      </FORMULA>
    </CRITDEF>
    <CRITDEF id="NAT_AUTODOCUMENTATION_PCT">
      <AGGREG id="AVG" telt="ALL" />
      <COSTFORMULA>
        <VAL value="1" type="NUMERIC" />
      </COSTFORMULA>
      <FORMULA value="1">
        <OP id="lt" type="BOOLEAN">
          <VAR id="NAT_NET_COMMENT_LINES" type="NUMERIC" />
          <OP id="*" type="NUMERIC">
            <VAL value=".3" type="NUMERIC" />
            <VAR id="NAT_LINES_OF_CODE" type="NUMERIC" />
          </OP>
        </OP>
      </FORMULA>
      <FORMULA value="4">
        <VAL value="true" type="BOOLEAN" />
      </FORMULA>
    </CRITDEF>
    <CRITDEF id="NAT_TRIVIAL_COMMENT_LINES">
      <AGGREG id="AVG" telt="ALL" />
      <COSTFORMULA>
        <VAL value="1" type="NUMERIC" />
      </COSTFORMULA>
      <FORMULA value="1">
        <OP id="gt" type="BOOLEAN">
          <VAR id="NAT_TRIVIAL_COMMENT_LINES" type="NUMERIC" />
          <VAL value="10" type="NUMERIC" />
        </OP>
      </FORMULA>
      <FORMULA value="4">
        <VAL value="true" type="BOOLEAN" />
      </FORMULA>
    </CRITDEF>
    <CRITDEF id="NAT_INT_SUBROUTINES_COUNT">
      <AGGREG id="AVG" telt="ALL" />
      <COSTFORMULA>
        <VAL value="1" type="NUMERIC" />
      </COSTFORMULA>
      <FORMULA value="1">
        <OP id="gt" type="BOOLEAN">
          <VAR id="NAT_INT_SUBROUTINES_COUNT" type="NUMERIC" />
          <VAL value="10" type="NUMERIC" />
        </OP>
      </FORMULA>
      <FORMULA value="4">
        <VAL value="true" type="BOOLEAN" />
      </FORMULA>
    </CRITDEF>
    <CRITDEF id="NAT_MAPS_COUNT">
      <AGGREG id="AVG" telt="ALL" />
      <COSTFORMULA>
        <VAL value="1" type="NUMERIC" />
      </COSTFORMULA>
      <FORMULA value="1">
        <OP id="gt" type="BOOLEAN">
          <VAR id="NAT_MAPS_COUNT" type="NUMERIC" />
          <VAL value="2" type="NUMERIC" />
        </OP>
      </FORMULA>
      <FORMULA value="4">
        <VAL value="true" type="BOOLEAN" />
      </FORMULA>
    </CRITDEF>
    <CRITDEF id="NAT_INSTRUCTION_COUNT">
      <AGGREG id="AVG" telt="ALL" />
      <COSTFORMULA>
        <VAL value="1" type="NUMERIC" />
      </COSTFORMULA>
      <FORMULA value="1">
        <OP id="gt" type="BOOLEAN">
          <VAR id="NAT_INSTRUCTION_COUNT" type="NUMERIC" />
          <VAL value="200" type="NUMERIC" />
        </OP>
      </FORMULA>
      <FORMULA value="4">
        <VAL value="true" type="BOOLEAN" />
      </FORMULA>
    </CRITDEF>
    <CRITDEF id="NAT_FILES">
      <AGGREG id="AVG" telt="ALL" />
      <COSTFORMULA>
        <VAL value="1" type="NUMERIC" />
      </COSTFORMULA>
      <FORMULA value="1">
        <OP id="gt" type="BOOLEAN">
          <VAR id="NAT_FILES" type="NUMERIC" />
          <VAL value="8" type="NUMERIC" />
        </OP>
      </FORMULA>
      <FORMULA value="4">
        <VAL value="true" type="BOOLEAN" />
      </FORMULA>
    </CRITDEF>
    <CRITDEF id="NAT_FIELDS">
      <AGGREG id="AVG" telt="ALL" />
      <COSTFORMULA>
        <VAL value="1" type="NUMERIC" />
      </COSTFORMULA>
      <FORMULA value="1">
        <OP id="gt" type="BOOLEAN">
          <VAR id="NAT_FIELDS" type="NUMERIC" />
          <VAL value="100" type="NUMERIC" />
        </OP>
      </FORMULA>
      <FORMULA value="4">
        <VAL value="true" type="BOOLEAN" />
      </FORMULA>
    </CRITDEF>
    <CRITDEF id="NAT_CALL_OUT_COUNT">
      <AGGREG id="AVG" telt="ALL" />
      <COSTFORMULA>
        <VAL value="1" type="NUMERIC" />
      </COSTFORMULA>
      <FORMULA value="1">
        <OP id="gt" type="BOOLEAN">
          <VAR id="NAT_CALL_OUT_COUNT" type="NUMERIC" />
          <VAL value="7" type="NUMERIC" />
        </OP>
      </FORMULA>
      <FORMULA value="4">
        <VAL value="true" type="BOOLEAN" />
      </FORMULA>
    </CRITDEF>
    <CRITDEF id="NAT_CALL_IN_COUNT">
      <AGGREG id="AVG" telt="ALL" />
      <COSTFORMULA>
        <VAL value="1" type="NUMERIC" />
      </COSTFORMULA>
      <FORMULA value="1">
        <OP id="gt" type="BOOLEAN">
          <VAR id="NAT_CALL_IN_COUNT" type="NUMERIC" />
          <VAL value="7" type="NUMERIC" />
        </OP>
      </FORMULA>
      <FORMULA value="4">
        <VAL value="true" type="BOOLEAN" />
      </FORMULA>
    </CRITDEF>
  </USAGE>
</METHOD>

