<?xml version="1.0"  encoding="UTF-8"?><e><r><c><![CDATA[NAT_COMPLEX_LOGICAL_EXPRESSION]]></c><c/><c/><c><![CDATA[RESTNAT]]></c><c/><c/><c><![CDATA[2011-05-19 00:00:00]]></c><c/><c/><c/></r><r><c><![CDATA[NAT_DEAD_CODE]]></c><c/><c/><c><![CDATA[RESTNAT]]></c><c/><c/><c><![CDATA[2011-06-30 00:00:00]]></c><c/><c/><c/></r><r><c><![CDATA[NAT_DEEP_NEST]]></c><c/><c/><c><![CDATA[RESTNAT]]></c><c/><c/><c><![CDATA[2011-05-19 00:00:00]]></c><c/><c/><c/></r><r><c><![CDATA[NAT_DEFINE_REPORT]]></c><c/><c/><c><![CDATA[RESTNAT]]></c><c/><c/><c><![CDATA[2011-05-19 00:00:00]]></c><c/><c/><c/></r><r><c><![CDATA[NAT_DIFFERENT_DEFINITION_CONTRARY_DDM]]></c><c/><c/><c><![CDATA[RESTNAT]]></c><c/><c/><c><![CDATA[2011-05-19 00:00:00]]></c><c/><c/><c/></r><r><c><![CDATA[NAT_DIFFERENT_EXTERNAL_SUBROUTINE_NAME_AND_MODULE_NAME]]></c><c/><c/><c><![CDATA[RESTNAT]]></c><c/><c/><c><![CDATA[2011-05-19 00:00:00]]></c><c/><c/><c/></r><r><c><![CDATA[NAT_ESCAPE_BOTTOM_AS_DEFAULT]]></c><c/><c/><c><![CDATA[RESTNAT]]></c><c/><c/><c><![CDATA[2011-05-19 00:00:00]]></c><c/><c/><c/></r><r><c><![CDATA[NAT_ESCAPE_FETCH_WITH_DEAD_CODE]]></c><c/><c/><c><![CDATA[RESTNAT]]></c><c/><c/><c><![CDATA[2011-05-19 00:00:00]]></c><c/><c/><c/></r><r><c><![CDATA[NAT_FETCH_FROM_SUBPROG_OR_EXTER_SUBR]]></c><c/><c/><c><![CDATA[RESTNAT]]></c><c/><c/><c><![CDATA[2011-05-19 00:00:00]]></c><c/><c/><c/></r><r><c><![CDATA[NAT_FIND_SORTED]]></c><c/><c/><c><![CDATA[RESTNAT]]></c><c/><c/><c><![CDATA[2011-05-19 00:00:00]]></c><c/><c/><c/></r><r><c><![CDATA[NAT_FOUT]]></c><c/><c/><c><![CDATA[RESTNAT]]></c><c/><c/><c><![CDATA[2011-05-19 00:00:00]]></c><c/><c/><c/></r><r><c><![CDATA[NAT_INSTR]]></c><c/><c/><c><![CDATA[RESTNAT]]></c><c/><c/><c><![CDATA[2011-05-19 00:00:00]]></c><c/><c/><c/></r><r><c><![CDATA[NAT_LINES]]></c><c/><c/><c><![CDATA[RESTNAT]]></c><c/><c/><c><![CDATA[2011-05-19 00:00:00]]></c><c/><c/><c/></r><r><c><![CDATA[NAT_MISSING_INTERNAL_SUBROUTINES]]></c><c/><c/><c><![CDATA[RESTNAT]]></c><c/><c/><c><![CDATA[2011-05-19 00:00:00]]></c><c/><c/><c/></r><r><c><![CDATA[NAT_MISSING_OBJECTS]]></c><c/><c/><c><![CDATA[RESTNAT]]></c><c/><c/><c><![CDATA[2011-05-19 00:00:00]]></c><c/><c/><c/></r><r><c><![CDATA[NAT_MULTIPLE_STATEMENTS_ON_THE_SAME_LINE]]></c><c/><c/><c><![CDATA[RESTNAT]]></c><c/><c/><c><![CDATA[2011-05-19 00:00:00]]></c><c/><c/><c/></r><r><c><![CDATA[NAT_NEST]]></c><c/><c/><c><![CDATA[RESTNAT]]></c><c/><c/><c><![CDATA[2011-05-19 00:00:00]]></c><c/><c/><c/></r><r><c><![CDATA[NAT_NONE_BEFORE_ANY_IN_DECIDE]]></c><c/><c/><c><![CDATA[RESTNAT]]></c><c/><c/><c><![CDATA[2011-05-19 00:00:00]]></c><c/><c/><c/></r><r><c><![CDATA[NAT_NONE_MISSING]]></c><c/><c/><c><![CDATA[RESTNAT]]></c><c/><c/><c><![CDATA[2011-05-19 00:00:00]]></c><c/><c/><c/></r><r><c><![CDATA[NAT_NON_STRUCTURAL_ESCAPE]]></c><c/><c/><c><![CDATA[RESTNAT]]></c><c/><c/><c><![CDATA[2011-05-19 00:00:00]]></c><c/><c/><c/></r><r><c><![CDATA[NAT_REINPUT_WITH_DEAD_CODE]]></c><c/><c/><c><![CDATA[RESTNAT]]></c><c/><c/><c><![CDATA[2011-05-19 00:00:00]]></c><c/><c/><c/></r><r><c><![CDATA[NAT_SHORT_DECIDE]]></c><c/><c/><c><![CDATA[RESTNAT]]></c><c/><c/><c><![CDATA[2011-05-19 00:00:00]]></c><c/><c/><c/></r><r><c><![CDATA[NAT_STATEMENT_NUMBER_REFERENCE]]></c><c/><c/><c><![CDATA[RESTNAT]]></c><c/><c/><c><![CDATA[2011-05-19 00:00:00]]></c><c/><c/><c/></r><r><c><![CDATA[NAT_SUBR]]></c><c/><c/><c><![CDATA[RESTNAT]]></c><c/><c/><c><![CDATA[2011-05-19 00:00:00]]></c><c/><c/><c/></r><r><c><![CDATA[NAT_TRIVIAL_TEST]]></c><c/><c/><c><![CDATA[RESTNAT]]></c><c/><c/><c><![CDATA[2011-05-19 00:00:00]]></c><c/><c/><c/></r><r><c><![CDATA[NAT_UNUSED_DEFINED_DATA_AERA]]></c><c/><c/><c><![CDATA[RESTNAT]]></c><c/><c/><c><![CDATA[2011-05-19 00:00:00]]></c><c/><c/><c/></r><r><c><![CDATA[NAT_UNUSED_DEFINED_FIELD]]></c><c/><c/><c><![CDATA[RESTNAT]]></c><c/><c/><c><![CDATA[2011-05-19 00:00:00]]></c><c/><c/><c/></r><r><c><![CDATA[NAT_UNUSED_DEFINED_FILE]]></c><c/><c/><c><![CDATA[RESTNAT]]></c><c/><c/><c><![CDATA[2011-05-19 00:00:00]]></c><c/><c/><c/></r><r><c><![CDATA[NAT_UNUSED_INTERNAL_SUBROUTINES]]></c><c/><c/><c><![CDATA[RESTNAT]]></c><c/><c/><c><![CDATA[2011-05-19 00:00:00]]></c><c/><c/><c/></r><r><c><![CDATA[NAT_UNUSED_VARIABLES]]></c><c/><c/><c><![CDATA[RESTNAT]]></c><c/><c/><c><![CDATA[2011-05-19 00:00:00]]></c><c/><c/><c/></r><r><c><![CDATA[NAT_VG]]></c><c/><c/><c><![CDATA[RESTNAT]]></c><c/><c/><c><![CDATA[2011-05-19 00:00:00]]></c><c/><c/><c/></r><r><c><![CDATA[NAT_AUTODOCUMENTATION_PCT]]></c><c/><c/><c><![CDATA[RESTNAT]]></c><c/><c/><c><![CDATA[2012-03-22 14:23:49]]></c><c/><c/><c/></r><r><c><![CDATA[NAT_BACKFIRED_FUNCTION_POINTS]]></c><c/><c/><c><![CDATA[RESTNAT]]></c><c/><c/><c><![CDATA[2012-03-22 14:24:04]]></c><c/><c/><c/></r><r><c><![CDATA[NAT_CALL_IN_COUNT]]></c><c/><c/><c><![CDATA[RESTNAT]]></c><c/><c/><c><![CDATA[2012-03-22 14:24:19]]></c><c/><c/><c/></r><r><c><![CDATA[NAT_CALL_OUT_COUNT]]></c><c/><c/><c><![CDATA[RESTNAT]]></c><c/><c/><c><![CDATA[2012-03-22 14:24:34]]></c><c/><c/><c/></r><r><c><![CDATA[NAT_FIELDS]]></c><c/><c/><c><![CDATA[RESTNAT]]></c><c/><c/><c><![CDATA[2012-03-22 14:30:53]]></c><c/><c/><c/></r><r><c><![CDATA[NAT_FILES]]></c><c/><c/><c><![CDATA[RESTNAT]]></c><c/><c/><c><![CDATA[2012-03-22 14:31:05]]></c><c/><c/><c/></r><r><c><![CDATA[NAT_HALSTEAD_BUG_PREDICTION]]></c><c/><c/><c><![CDATA[RESTNAT]]></c><c/><c/><c><![CDATA[2012-03-22 14:31:26]]></c><c/><c/><c/></r><r><c><![CDATA[NAT_HALSTEAD_LENGTH]]></c><c/><c/><c><![CDATA[RESTNAT]]></c><c/><c/><c><![CDATA[2012-03-22 14:31:39]]></c><c/><c/><c/></r><r><c><![CDATA[NAT_HALSTEAD_LEVEL_OF_ABSTR]]></c><c/><c/><c><![CDATA[RESTNAT]]></c><c/><c/><c><![CDATA[2012-03-22 14:31:54]]></c><c/><c/><c/></r><r><c><![CDATA[NAT_INPUTOUTPUT_FIELDS]]></c><c/><c/><c><![CDATA[RESTNAT]]></c><c/><c/><c><![CDATA[2012-03-22 14:33:13]]></c><c/><c/><c/></r><r><c><![CDATA[NAT_INPUT_FIELDS]]></c><c/><c/><c><![CDATA[RESTNAT]]></c><c/><c/><c><![CDATA[2012-03-22 14:33:29]]></c><c/><c/><c/></r><r><c><![CDATA[NAT_INSTRUCTION_COUNT]]></c><c/><c/><c><![CDATA[RESTNAT]]></c><c/><c/><c><![CDATA[2012-03-22 14:33:43]]></c><c/><c/><c/></r><r><c><![CDATA[NAT_INT_SUBROUTINES_COUNT]]></c><c/><c/><c><![CDATA[RESTNAT]]></c><c/><c/><c><![CDATA[2012-03-22 14:34:01]]></c><c/><c/><c/></r><r><c><![CDATA[NAT_LINES_OF_CODE]]></c><c/><c/><c><![CDATA[RESTNAT]]></c><c/><c/><c><![CDATA[2012-03-22 14:34:14]]></c><c/><c/><c/></r><r><c><![CDATA[NAT_LINES_WITH_COMMENT]]></c><c/><c/><c><![CDATA[RESTNAT]]></c><c/><c/><c><![CDATA[2012-03-22 14:34:27]]></c><c/><c/><c/></r><r><c><![CDATA[NAT_LOCAL_SUBROUTINE_USAGE]]></c><c/><c/><c><![CDATA[RESTNAT]]></c><c/><c/><c><![CDATA[2012-03-22 14:34:40]]></c><c/><c/><c/></r><r><c><![CDATA[NAT_LOCAL_VARS_DEFINED]]></c><c/><c/><c><![CDATA[RESTNAT]]></c><c/><c/><c><![CDATA[2012-03-22 14:34:53]]></c><c/><c/><c/></r><r><c><![CDATA[NAT_LOCAL_VARS_NOT_USED]]></c><c/><c/><c><![CDATA[RESTNAT]]></c><c/><c/><c><![CDATA[2012-03-22 14:35:04]]></c><c/><c/><c/></r><r><c><![CDATA[NAT_LOCAL_VARS_USED]]></c><c/><c/><c><![CDATA[RESTNAT]]></c><c/><c/><c><![CDATA[2012-03-22 14:35:16]]></c><c/><c/><c/></r><r><c><![CDATA[NAT_MAPS_COUNT]]></c><c/><c/><c><![CDATA[RESTNAT]]></c><c/><c/><c><![CDATA[2012-03-22 14:35:28]]></c><c/><c/><c/></r><r><c><![CDATA[NAT_MAPS_IN_USING_CLAUSES]]></c><c/><c/><c><![CDATA[RESTNAT]]></c><c/><c/><c><![CDATA[2012-03-22 14:35:42]]></c><c/><c/><c/></r><r><c><![CDATA[NAT_MAXIMAL_NESTING]]></c><c/><c/><c><![CDATA[RESTNAT]]></c><c/><c/><c><![CDATA[2012-03-22 14:35:54]]></c><c/><c/><c/></r><r><c><![CDATA[NAT_NET_COMMENT_LINES]]></c><c/><c/><c><![CDATA[RESTNAT]]></c><c/><c/><c><![CDATA[2012-03-22 14:36:15]]></c><c/><c/><c/></r><r><c><![CDATA[NAT_OUTPUT_FIELDS]]></c><c/><c/><c><![CDATA[RESTNAT]]></c><c/><c/><c><![CDATA[2012-03-22 14:36:36]]></c><c/><c/><c/></r><r><c><![CDATA[NAT_TOKEN_COUNT]]></c><c/><c/><c><![CDATA[RESTNAT]]></c><c/><c/><c><![CDATA[2012-03-22 14:36:54]]></c><c/><c/><c/></r><r><c><![CDATA[NAT_TRIVIAL_COMMENT_LINES]]></c><c/><c/><c><![CDATA[RESTNAT]]></c><c/><c/><c><![CDATA[2012-03-22 14:37:05]]></c><c/><c/><c/></r><r><c><![CDATA[NAT_VARS_DEFINED]]></c><c/><c/><c><![CDATA[RESTNAT]]></c><c/><c/><c><![CDATA[2012-03-22 14:37:18]]></c><c/><c/><c/></r><r><c><![CDATA[NAT_VARS_NOT_USED]]></c><c/><c/><c><![CDATA[RESTNAT]]></c><c/><c/><c><![CDATA[2012-03-22 14:37:29]]></c><c/><c/><c/></r><r><c><![CDATA[NAT_VARS_USED]]></c><c/><c/><c><![CDATA[RESTNAT]]></c><c/><c/><c><![CDATA[2012-03-22 14:37:41]]></c><c/><c/><c/></r><r><c><![CDATA[NAT_VARS_USED_BUT_NOT_DEF]]></c><c/><c/><c><![CDATA[RESTNAT]]></c><c/><c/><c><![CDATA[2012-03-22 14:37:53]]></c><c/><c/><c/></r><r><c><![CDATA[NAT_VG_MAIN]]></c><c/><c/><c><![CDATA[RESTNAT]]></c><c/><c/><c><![CDATA[2012-03-22 14:38:11]]></c><c/><c/><c/></r></e>